影像号,reader,structural_state,habitat_present,extractable,status,failure_class,failure_reason,R_low__original_firstorder_10Percentile,R_low__original_firstorder_90Percentile,R_low__original_firstorder_Energy,R_low__original_firstorder_Entropy,R_low__original_firstorder_InterquartileRange,R_low__original_firstorder_Kurtosis,R_low__original_firstorder_Maximum,R_low__original_firstorder_Mean,R_low__original_firstorder_MeanAbsoluteDeviation,R_low__original_firstorder_Median,R_low__original_firstorder_Minimum,R_low__original_firstorder_Range,R_low__original_firstorder_RobustMeanAbsoluteDeviation,R_low__original_firstorder_RootMeanSquared,R_low__original_firstorder_Skewness,R_low__original_firstorder_TotalEnergy,R_low__original_firstorder_Uniformity,R_low__original_firstorder_Variance,R_low__original_glcm_Autocorrelation,R_low__original_glcm_ClusterProminence,R_low__original_glcm_ClusterShade,R_low__original_glcm_ClusterTendency,R_low__original_glcm_Contrast,R_low__original_glcm_Correlation,R_low__original_glcm_DifferenceAverage,R_low__original_glcm_DifferenceEntropy,R_low__original_glcm_DifferenceVariance,R_low__original_glcm_Id,R_low__original_glcm_Idm,R_low__original_glcm_Idmn,R_low__original_glcm_Idn,R_low__original_glcm_Imc1,R_low__original_glcm_Imc2,R_low__original_glcm_InverseVariance,R_low__original_glcm_JointAverage,R_low__original_glcm_JointEnergy,R_low__original_glcm_JointEntropy,R_low__original_glcm_MCC,R_low__original_glcm_MaximumProbability,R_low__original_glcm_SumAverage,R_low__original_glcm_SumEntropy,R_low__original_glcm_SumSquares,R_low__original_gldm_DependenceEntropy,R_low__original_gldm_DependenceNonUniformity,R_low__original_gldm_DependenceNonUniformityNormalized,R_low__original_gldm_DependenceVariance,R_low__original_gldm_GrayLevelNonUniformity,R_low__original_gldm_GrayLevelVariance,R_low__original_gldm_HighGrayLevelEmphasis,R_low__original_gldm_LargeDependenceEmphasis,R_low__original_gldm_LargeDependenceHighGrayLevelEmphasis,R_low__original_gldm_LargeDependenceLowGrayLevelEmphasis,R_low__original_gldm_LowGrayLevelEmphasis,R_low__original_gldm_SmallDependenceEmphasis,R_low__original_gldm_SmallDependenceHighGrayLevelEmphasis,R_low__original_gldm_SmallDependenceLowGrayLevelEmphasis,R_low__original_glrlm_GrayLevelNonUniformity,R_low__original_glrlm_GrayLevelNonUniformityNormalized,R_low__original_glrlm_GrayLevelVariance,R_low__original_glrlm_HighGrayLevelRunEmphasis,R_low__original_glrlm_LongRunEmphasis,R_low__original_glrlm_LongRunHighGrayLevelEmphasis,R_low__original_glrlm_LongRunLowGrayLevelEmphasis,R_low__original_glrlm_LowGrayLevelRunEmphasis,R_low__original_glrlm_RunEntropy,R_low__original_glrlm_RunLengthNonUniformity,R_low__original_glrlm_RunLengthNonUniformityNormalized,R_low__original_glrlm_RunPercentage,R_low__original_glrlm_RunVariance,R_low__original_glrlm_ShortRunEmphasis,R_low__original_glrlm_ShortRunHighGrayLevelEmphasis,R_low__original_glrlm_ShortRunLowGrayLevelEmphasis,R_low__original_glszm_GrayLevelNonUniformity,R_low__original_glszm_GrayLevelNonUniformityNormalized,R_low__original_glszm_GrayLevelVariance,R_low__original_glszm_HighGrayLevelZoneEmphasis,R_low__original_glszm_LargeAreaEmphasis,R_low__original_glszm_LargeAreaHighGrayLevelEmphasis,R_low__original_glszm_LargeAreaLowGrayLevelEmphasis,R_low__original_glszm_LowGrayLevelZoneEmphasis,R_low__original_glszm_SizeZoneNonUniformity,R_low__original_glszm_SizeZoneNonUniformityNormalized,R_low__original_glszm_SmallAreaEmphasis,R_low__original_glszm_SmallAreaHighGrayLevelEmphasis,R_low__original_glszm_SmallAreaLowGrayLevelEmphasis,R_low__original_glszm_ZoneEntropy,R_low__original_glszm_ZonePercentage,R_low__original_glszm_ZoneVariance,R_low__original_ngtdm_Busyness,R_low__original_ngtdm_Coarseness,R_low__original_ngtdm_Complexity,R_low__original_ngtdm_Contrast,R_low__original_ngtdm_Strength,R_low__original_shape_Elongation,R_low__original_shape_Flatness,R_low__original_shape_LeastAxisLength,R_low__original_shape_MajorAxisLength,R_low__original_shape_Maximum2DDiameterColumn,R_low__original_shape_Maximum2DDiameterRow,R_low__original_shape_Maximum2DDiameterSlice,R_low__original_shape_Maximum3DDiameter,R_low__original_shape_MeshVolume,R_low__original_shape_MinorAxisLength,R_low__original_shape_Sphericity,R_low__original_shape_SurfaceArea,R_low__original_shape_SurfaceVolumeRatio,R_low__original_shape_VoxelVolume
IMG-5B9E750116,R1,dual-habitat,1,1,extractable,none,,1.3961760997772217,2.901888561248779,22922.496940501682,3.315109747359711,0.8144627809524536,3.5130535703251478,5.68717622756958,2.1220789440980914,0.4821039258891486,2.076556921005249,0.29260846972465515,5.394567757844925,0.3391156270004663,2.2063104220835603,0.458546817612555,45844.99388100336,0.11723591423930745,0.36458663361006854,64.77941277213642,867.4618440974957,25.069254274597867,17.005951956693817,5.051996466706484,0.5411474331293527,1.6798898362245838,2.3815812378066235,2.210793504659664,0.49826746245921466,0.43559775089384617,0.990012388045294,0.93247997136599,-0.09837752284815998,0.6792131806178112,0.4168840983224157,7.86053312778933,0.019474078855117052,6.184493664424622,0.574630730607383,0.044114766079751226,15.721066255578657,4.059487891473159,5.514487105850074,6.483357870436166,507.23444468039924,0.10771595767262672,7.523750533322216,552.0639201528987,6.006761044273872,70.48332979401147,30.935867487789338,1845.5349331068167,0.669564163620688,0.022480328015692035,0.1668608653147433,14.980032151736937,0.004823456557210786,455.5001085736567,0.11348528091111729,6.35563360830739,71.99788527696579,1.5963417933702557,108.4960545848669,0.035476615288659245,0.022661505813477513,4.042422664419285,3006.3246788936112,0.7479959465923197,0.852361272195632,0.2165307073598921,0.888172076116117,65.00795985570855,0.020270455838044297,63.54891994917408,0.08074830997353759,12.047997235896533,94.6569250317662,1581.7598475222364,85136.19313850063,33.72799376322055,0.029296294178841754,304.0851334180432,0.386385175880614,0.6457348292549016,63.138885512999956,0.021559685970948213,5.744924179972469,0.16712677850923763,1545.957795756649,2.937543168669262,0.0017429958681931842,228.1224325639814,0.03893464319996869,0.33074864039305996,0.6686872872006823,0.4028557733760683,19.707889303262547,48.920458897991544,59.80802621722272,59.464274989274024,35.4400902933387,60.340699366182356,9205.66666666667,32.712488949110444,0.3404255982368094,6239.724458224094,0.6778134255955489,9417.999999999998
IMG-81E9925726,R1,dual-habitat,1,1,extractable,none,,1.7976449251174926,3.0464936256408692,14191.263121785787,3.101636164263643,0.6381239891052246,5.460439545759092,5.609753131866455,2.4013063157545225,0.40306314195924925,2.352593183517456,0.6896635293960571,4.920089602470398,0.265459211875,2.460022632532859,0.8358990486676704,28382.526243571574,0.14319902164474616,0.28543933049133813,64.48502317470232,489.24370600919724,18.29456104188754,10.757839090738248,5.727106147565144,0.30397768102871636,1.7887045765003173,2.4545863549929603,2.505884406129913,0.4843693024459761,0.41905715213283934,0.9876803315784778,0.9256369384878537,-0.04830935318371365,0.4898327546784944,0.4097900194232641,7.951392198475714,0.025063786492568383,5.894847087683524,0.3557551477250736,0.054848012695228356,15.902784396951432,3.7100039277275836,4.121236309575848,6.013514485353669,298.298933901919,0.1272063684016712,6.11200058192134,335.80170575692966,4.737231781997718,71.23795309168443,22.93773987206823,1415.805117270789,0.42937407765513214,0.01942460152741441,0.22112236440536234,20.004644706649255,0.004816025991349552,284.56549715043315,0.13776755310815503,5.050421649681093,72.39145595462013,1.4586671294627875,101.11038570249376,0.028094223672518816,0.01951824908803216,3.7210341005310363,1639.2633941975173,0.7924753147046648,0.880695423979006,0.1656142059958999,0.9104326406815091,66.74473645006671,0.017836644236853237,51.52823315118397,0.09385834818066296,9.956761921825075,92.63752276867031,331.4553734061931,19679.127504553733,5.9081279771622714,0.02159472567444798,220.70127504553733,0.40200596547456713,0.6592701181682918,65.5580044897772,0.01522315214685172,5.5108636333972445,0.23411513859275054,313.2104936612685,1.4230373907081262,0.00302124483936527,272.3530357415918,0.029769828717510206,0.6717884602989114,0.933334585111237,0.27311194013877804,13.08816448450053,47.922344507713426,45.34313619501854,40.496913462633174,41.43669871020132,48.394214530251446,4524.333333333333,44.72758152866448,0.31949274921554377,4140.564118752034,0.9151766268515511,4690.0
IMG-FE253BFCC1,R1,dual-habitat,1,1,extractable,none,,1.5562541484832764,2.8214478492736816,104695.9894237287,3.032659098628352,0.6503323018550873,3.5997528632343463,5.327457427978516,2.1612901692746402,0.39225231167931934,2.1206939220428467,0.5167561769485474,4.810701251029968,0.27121241293725884,2.217777605923579,0.5092915765756013,209391.97884745736,0.14396319829548052,0.2473623135329201,53.20481437673456,438.60160361468786,15.745554370764411,11.374862883806268,3.6997304155619974,0.5071899157238782,1.4390812924237864,2.194055825468951,1.6068615446291845,0.5318996646015989,0.4780890962786871,0.9910773112296399,0.9359786225567598,-0.08301438405294223,0.6053931470147419,0.44778950850542726,7.161409449915761,0.02759959717357209,5.7078952314532625,0.538283224925432,0.05801613517586291,14.322818899831521,3.7777651477870267,3.7686483248420664,6.4677648257839655,1982.98149018134,0.09315895378095179,9.89178257474971,3064.4006389175984,4.076486107966925,55.701446960443484,44.234708258949546,2171.762801841586,1.1025284884227209,0.025431599912864953,0.11066754172104172,7.8391335986773285,0.0031764621498808136,2381.2504411479313,0.1375841806780373,4.394130504949946,56.8670702257627,1.830602015922589,98.58273800324986,0.046219328613403395,0.025550913109588826,3.92314557223409,12025.927616797704,0.6930502829293839,0.8130660094392124,0.3101073674186065,0.8582023187382978,49.60237217580416,0.022011556285046117,187.9008145663632,0.09003393127281419,10.534257177420448,77.58265452803066,20141.669381887878,951023.6286535697,461.0079277731155,0.03037292504697281,752.5783421178726,0.360602943036834,0.6229014150665496,49.71749476843773,0.019561519749340197,5.841584882583712,0.09804566381659306,20037.643066152785,12.784899589980535,0.0004022690589876921,197.85842230489473,0.021225031407706804,0.09177730101186513,0.7019142301678233,0.6122351815307151,41.49724323266636,67.77990629175316,71.55417527999327,70.49113419430843,48.02082881417188,75.59100475585703,42338.83333333329,47.57568074562313,0.29690065984998454,19786.343884270227,0.46733323349966926,42571.99999999999
IMG-7F272E52C4,R1,dual-habitat,1,1,extractable,none,,1.801528811454773,2.9274160861968994,40281.17691330114,2.905174811204157,0.5762010216712952,3.465732294282936,4.647319793701172,2.3856813700018464,0.35188313943914545,2.4011272192001343,0.8741502165794373,3.7731695771217346,0.24109024939244605,2.4274486323469384,-0.02069046029123925,80562.35382660227,0.15930835137421717,0.2010312635091346,51.49403624317075,255.1238504742692,-5.136827265770453,8.712806129281091,3.6814653122456593,0.4044232333580024,1.4549342015198197,2.1941241538456273,1.550363852243146,0.5261414178415703,0.4709874138452125,0.9863025880981613,0.9210681329150214,-0.056476303215269495,0.5080928872784631,0.44837223374544793,7.087721250499715,0.031441022388062144,5.540602247677752,0.4301213066084013,0.06441400260142519,14.175442500999427,3.5872717165477157,3.0985678603816877,6.231809642077362,654.8461088355764,0.0957937549496162,9.099261096983888,1089.0318899941485,3.3356482614842227,53.60532475131656,39.68812170860152,2074.6889994148623,0.9117992959086199,0.027180743492853515,0.12896192787570188,7.613050114562092,0.005074210919083172,856.2225915627647,0.15168404815515724,3.605445525480675,53.88904710772792,1.7485389965779445,93.08475287987902,0.04543930702200229,0.02791564632728455,3.747378010499553,4019.540869689913,0.7108651266715307,0.825741549264077,0.2771432891995824,0.8683147883420379,47.01927733879371,0.02474135115775377,82.7372986369269,0.10252453362692304,8.880293098338731,61.339529120198264,6342.527881040892,334378.2899628253,128.34225385957308,0.04344228873780971,310.9876084262701,0.38536258788881056,0.644822318709537,40.13900118525951,0.030246280786434914,5.463954224923297,0.11805149210064365,6270.772076425454,6.667328021195961,0.001112157812289931,104.14883204598365,0.03308086113636536,0.10094077275372833,0.8034115578959243,0.6322818310520752,24.67999358191629,39.03321647065267,38.27531841800928,41.86884283091664,40.44749683231336,43.28972164382672,13586.75,31.35973725437591,0.40036209041604637,6877.673672935779,0.5062044766361182,13671.999999999996
IMG-8EEA8E66A1,R1,dual-habitat,1,1,extractable,none,,1.8461537837982178,2.7055659770965574,27655.010070242177,2.4947947102150807,0.4397674798965454,3.425764474578042,4.117706775665283,2.286477965792074,0.26489445295171543,2.2951457500457764,0.5083188414573669,3.6093879342079163,0.1846613250883361,2.310808492544234,-0.02190748766735101,55310.020140484354,0.2092845581736304,0.11185440116189384,60.74561436500592,88.8490026815032,-1.8479577313584283,5.301817357505898,1.8704764916824481,0.4776544356924136,1.006929070375437,1.7888413678424906,0.8482471466352739,0.6110403075750237,0.5782881712596143,0.9919507089354447,0.9400650946179636,-0.09097327040782269,0.5877522585619969,0.4972378478490217,7.738693390861315,0.05420013397014941,4.703056373686083,0.5204468265091579,0.11418286175160061,15.47738678172263,3.240381956460251,1.7930734622970863,6.24877118547031,375.55531955976056,0.07251502598180355,14.685944891367516,1083.8847267812318,1.8772951692975193,60.97625024135934,73.98397374010426,4498.266074531763,1.3247882324410658,0.01910429922120812,0.0708920436469059,4.551063456827347,0.0018053843287279933,758.4475054047155,0.19727334024000273,2.0802143885155866,61.06597187863534,2.3419134889862607,142.57880553050967,0.04364479955158809,0.019443872183976276,3.6499415901951595,2315.598989470941,0.6001485176593678,0.7422876409167198,0.512948238450218,0.8022904396058353,49.06041348898562,0.015834055938611827,37.92307692307692,0.12683303318754824,6.386393888211542,65.3010033444816,16574.4381270903,1003590.1806020067,287.269334232467,0.02813627837925656,108.63210702341136,0.363318083690339,0.6254761600403025,42.21746594913707,0.019194910352251557,5.175738957570411,0.05773315311836262,16274.418653035204,3.9423539325311454,0.0015408315378016083,75.71139559978151,0.013089546036697618,0.1633189766842616,0.7459034952475554,0.4835703605527518,19.085580241435594,39.468052218129245,40.496913462633174,40.85339643163099,34.40930106817051,45.617978911828175,10280.75,29.43935810011563,0.5321108497218789,4296.99857009109,0.4179654762630246,10358.0
IMG-2586B3625A,R1,dual-habitat,1,1,extractable,none,,1.8682456016540527,3.196303367614746,10703.465828600001,3.1146662214336884,0.6782324314117432,3.0906495759017525,4.206015110015869,2.532783847202144,0.41258515058370904,2.553349494934082,0.8773244619369507,3.3286906480789185,0.2858163967725918,2.585631008681313,-0.1140905084620858,21406.9316572,0.1358539576100353,0.2704936964062503,58.17055050317294,364.21837490645146,-7.623813337851505,10.823923410201802,6.620337803812025,0.2413608237069432,1.987335561092686,2.5443217328869783,2.618873968463767,0.45451595772855286,0.38131938856730013,0.9694677329601986,0.8841510216309507,-0.04193393433077703,0.45322340905415814,0.3829129732061602,7.557617339935454,0.02033145695869839,6.0744159409712015,0.3072539833121051,0.04179309065704106,15.115234679870907,3.7398468563099923,4.361065303503457,5.816023878648483,242.32542161149283,0.15135878926389307,4.22333090537964,217.50218613366647,4.43400498049119,63.2948157401624,17.198625858838227,1017.8732042473454,0.36609354250576936,0.025112355982081724,0.2470296014897242,17.625109340602783,0.007714774631370631,190.77261120731134,0.132412038718482,4.624726612960691,63.71762811916402,1.3615411243722493,85.25569535131241,0.03329955621662707,0.025478226128384258,3.6423304807975887,1179.7815307254064,0.8178607638326271,0.8999183202805938,0.12409974472180224,0.9229888822660886,59.13850075102921,0.02377527349678902,43.3,0.0984090909090909,7.983863636363636,71.18636363636364,108.57045454545455,6181.334090909091,2.131047033429108,0.03238557896746394,166.5,0.3784090909090909,0.6385517273389159,47.83484800888167,0.02191870670958106,5.448639121767702,0.27482823235477827,95.33077995867767,2.0217519543154423,0.004214633297037376,110.43832340974434,0.06933330440928491,0.25458658510674126,0.8177526401352073,0.5920988573814466,19.56930795747742,33.05074433688752,42.720018726587654,36.6196668472011,28.600699292150182,43.55456348076513,3063.5833333333317,27.027333439923524,0.35559205212765854,2868.700513573686,0.936387296000986,3201.9999999999995
IMG-9E2C4ABE0B,R1,dual-habitat,1,1,extractable,none,,1.640172791481018,2.6169766426086425,41300.23103101162,2.710069266649145,0.5128556191921234,3.384797548696636,4.10768985748291,2.1384885348013136,0.3065769279583495,2.1427239179611206,0.7846376895904541,3.323052167892456,0.21130036618020495,2.1735560276706534,0.09818247561284697,82600.46206202323,0.18069414682291998,0.15121259194676104,38.25422817371053,136.62670767737688,-1.570543199190061,6.50375699644731,2.7058110661291765,0.41105353330914957,1.2536423070859266,2.0038712966410333,1.1227552187588379,0.5566735922283225,0.5094877135687134,0.9867872857123445,0.9220651312354313,-0.05961234565586007,0.5021091391913951,0.47382019226748323,6.107750640751172,0.04000062245276111,5.130772830458003,0.43368508935793965,0.07807166301287324,12.215501281502345,3.3890812558532035,2.3023920156441213,6.1371752058105145,771.0205902539465,0.08819727639601309,10.050466404136872,1579.6282315259666,2.5264739351063907,39.68039350263098,48.20956302905513,1843.5092656142758,1.516389063871647,0.03595866514670996,0.10594466548810617,4.943339875224847,0.005148580778117837,1200.6195633307018,0.17148033514754038,2.7617461308783686,40.01398825432966,1.900506508133924,74.5448125961181,0.0657529711440247,0.03686072383823359,3.648973153108376,4739.166787850138,0.6754855416667559,0.8008728859792691,0.3347327963040013,0.8484519342812032,34.199900023575154,0.03190797312512284,90.26675427069645,0.11861597144638167,7.9983077802393625,48.532194480946124,15134.507227332457,585182.8699080158,424.8461611323396,0.057605311909281864,341.6097240473062,0.4488958266061842,0.6962092243398768,35.65394155968146,0.03886953974287094,5.039738062678364,0.08705101807366736,15002.544193700454,10.617555232534398,0.0008519693268772228,81.88060233650697,0.025371452294690053,0.0727244196763857,0.585538736673515,0.4777396828907261,27.601404800127884,57.77498874097336,57.8013840664737,52.49761899362675,39.560080889704956,62.20128616033594,17376.08333333337,33.829493918716096,0.3828100185818358,8474.916404379004,0.48773456260543874,17483.999999999996
IMG-56F78D7F71,R1,dual-habitat,1,1,extractable,none,,1.6011043787002563,2.875432014465332,256166.70749725425,3.0895661471408213,0.6595256924629211,4.233529158156999,6.378269672393799,2.248693105189013,0.4008217767975278,2.2439181804656982,0.5400537252426147,5.838215947151184,0.27391129779097007,2.307006938493695,0.3380895353350724,512333.41499450844,0.14029511459824257,0.26566033293344654,56.544680138134595,531.7286622365133,0.2658594954967664,12.482662655330774,3.6007343557231195,0.5507025622288894,1.402997992100715,2.166046421586066,1.6150047451332874,0.5379520951768784,0.4861975272096888,0.993933894794002,0.9470027704175027,-0.10339263246465472,0.6706424496637464,0.4561103458948433,7.370376107069271,0.02664646352469931,5.761966858380918,0.5949584567882654,0.05375325329447826,14.740752214138537,3.857566106614066,4.020849252763474,6.563349340670633,4278.69121771831,0.08889678622339678,10.174860433337868,6752.544160728013,4.359380879653733,61.18036192890237,47.552824582909146,2545.0650516299265,1.175950390722823,0.024359823612686345,0.10563489958162864,8.92843691055826,0.002663215540894272,5230.791237991541,0.1352833881075809,4.672072572588615,62.694454110450074,1.889590871433786,111.23634618844325,0.046167929980585734,0.024334873821507234,4.0108803869937155,26320.818421298136,0.6793035865494068,0.803317228781067,0.33328018839225265,0.8506329820317811,54.38856979693127,0.020692691255401744,425.33153638814014,0.09553718247712042,10.329058121409238,94.03593890386344,48417.062219227315,2663874.225516622,971.7687025267636,0.025967618306639656,1699.1127583108714,0.38165156296290914,0.641753135716845,63.51200968627033,0.01665198827023715,5.781522859038535,0.09249755874592258,48300.18241955321,20.853255049648702,0.0001811806753253421,304.62211379455533,0.015654115258642468,0.07737799147305223,0.6834709567157436,0.5644736682542918,48.296352568542616,85.559974334862,79.12016177940991,91.78779875342907,81.49233092751734,97.75479527879949,95778.24999999987,58.477757515222606,0.2743431126517261,36900.70479304762,0.3852722804295095,96261.99999999999
IMG-03F1BA49E0,R1,dual-habitat,1,1,extractable,none,,2.084703826904297,3.1154467105865478,15923.628795593457,2.8448308624201455,0.49054551124572754,4.907409077060767,4.938586235046387,2.6156510894824274,0.3278998624797487,2.633733034133911,0.8360210061073303,4.102565228939056,0.2093287859011619,2.652642634330475,0.00522128062713541,31847.257591186906,0.17552027671806966,0.19488232355711252,63.39824500382857,236.02712371648585,-6.199259394979484,7.37941959846621,4.718113549366759,0.21915853537467614,1.6030011370885677,2.3387335584737206,2.1328499056436114,0.5126196973635396,0.4547253595887737,0.9847117837556684,0.9190172527214509,-0.04300308384830176,0.4548932486073438,0.43193868851205164,7.9203439024850875,0.03659004015092057,5.463083038753327,0.32708713275158924,0.08340078588283427,15.840687804970173,3.422953953185571,3.0243832869582423,5.756018924836749,291.2704374723818,0.12870987073459203,7.0466973458599,397.2023862129916,3.232463525417732,67.5581087052585,23.64250994255413,1531.107379584622,0.40418922096732235,0.020277994045458325,0.2348194472565885,17.295868658404114,0.0063776180602811644,333.48355421198056,0.16706215901846663,3.4695621114338007,67.91455988268538,1.4560536769973322,97.53992400865043,0.028549499670231092,0.020670263945437736,3.4618666489048096,1587.6855217977927,0.7935759385452796,0.8817770828376219,0.1638685580678729,0.910653679325372,62.11802681576706,0.01910265431870188,71.0224358974359,0.11381800624589086,6.571373171433267,73.03044871794872,141.07532051282053,9522.47435897436,2.199138432935714,0.02646083824462327,218.8846153846154,0.35077662721893493,0.6141773054209143,46.832754405480465,0.018580162059419092,5.448149331525105,0.275740167918692,127.92307435486522,1.812313695252625,0.0029240080050229257,152.04513070709535,0.028580989105710726,0.3522420102506236,0.8771324483725328,0.5748539300831904,28.026289422513507,48.75375805199359,49.03060268852505,51.61395160225575,42.426406871192846,53.71219600798313,4175.083333333349,42.76350316750722,0.25371220183924387,4942.19111571566,1.1837347236300213,4525.999999999999
IMG-2F73457616,R1,single-H-low,1,1,extractable,none,,1.2965816259384155,2.15779185295105,21063.481854316226,2.512362574399999,0.44773292541503906,3.334951287885887,3.267072916030884,1.7223572473452062,0.2684113148618515,1.7110739350318909,0.6287227272987366,2.638350188732147,0.1866509960196628,1.755351337168209,0.29980101124458713,42126.963708632444,0.20665424433548207,0.11474382941566334,30.698717882370616,87.00808028738334,1.9991805524258872,5.263393260122408,1.8219238186790572,0.48367835183535646,0.9969411867004805,1.7795354874421652,0.8204579015015004,0.6130026708570804,0.5806774166306642,0.9878880391510679,0.9275828987664253,-0.09067604060526349,0.5847944330787711,0.49751390468869994,5.462393028612286,0.05503284860919952,4.677733973553577,0.4990447713431456,0.10698722593631492,10.924786057224573,3.2354970617093213,1.7713292697003666,6.184219403296254,523.3572264482153,0.07655898572969796,13.771487026484575,1412.6884142773552,1.9326503818801164,31.332650672908134,62.82884727911059,1858.633118782914,2.49207741047314,0.043453024859511545,0.08888955368847172,3.1323218433792737,0.0055740857505461126,1024.4277551542984,0.19479965061729632,2.1416618924911406,31.74961335990665,2.1426444796906834,65.87373445742085,0.09019203192899362,0.044399674845521604,3.572419799736302,3350.604677953956,0.633869409824509,0.7690732322095692,0.4325883709748423,0.8228653021640179,26.41974215787978,0.037187196195830934,63.97709923664122,0.12209370083328477,5.960823232911835,37.12022900763359,13717.507633587786,411342.2633587786,500.7187952385271,0.06940580596447986,198.74427480916032,0.37928296719305404,0.6388601071808617,23.43714820042033,0.04972177862268772,5.2169537096999195,0.07665301345816267,13547.31469611328,10.882160083184017,0.001114623739683149,48.63904824271361,0.021947270717519132,0.07031504103308227,0.4105755067663801,0.39243560682270456,25.775369013817045,65.68050545286502,42.720018726587654,58.13776741499453,39.293765408777,72.49827584156743,13540.999999999969,26.96680681098205,0.32363769517345126,8489.04528323673,0.6269142074615427,13671.999999999996
IMG-AD2B6907E7,R1,dual-habitat,1,1,extractable,none,,1.3812643885612488,2.32115638256073,28129.958485873212,2.664608800942787,0.4614415466785431,4.524570454791466,4.485525608062744,1.8527880004036208,0.2932734052759141,1.840727150440216,0.6434280872344971,3.842097520828247,0.19419152314664992,1.8922730678401218,0.5182617242518704,56259.91697174642,0.19114876716746654,0.14787398883341948,35.46266768757539,159.78692630103362,3.943928249342527,6.4279038822722745,2.3772469661396864,0.45728612148464004,1.1316771523451703,1.9230275883073402,1.0873355156205624,0.586082871783012,0.5472735435556967,0.9920612686481642,0.9405143307436075,-0.0818171799981031,0.5722672821552691,0.48834356688441355,5.869338032070717,0.04758493894962696,4.962074584960908,0.49649047835938254,0.1021871539635957,11.738676064141433,3.3665211642713144,2.2012877121029906,6.274782647988828,601.2217413441955,0.07653026239106359,13.504931433833443,1501.664714867617,2.4639323602596224,37.826756619144604,62.22021384928717,2110.549770875764,2.185772592825015,0.03650395656110221,0.09029021788150124,4.69936374350162,0.003741234284377796,1082.1468160205134,0.17889753706193248,2.7524652082399608,38.81882960943088,2.1299302864666996,77.63742418171645,0.07671774153094887,0.03680645724775095,3.7241542211303478,3870.046502817394,0.6379586336393946,0.7700140999530002,0.43440390021710584,0.8259387290042651,32.76784765256081,0.03058701056932846,68.84105960264901,0.11397526424279637,7.256071553879215,58.104304635761586,16501.70860927152,571700.6043046358,522.3336148754837,0.04290521557175389,235.23841059602648,0.3894675672119644,0.6482182908095201,39.08409082198488,0.029246331430723093,5.294809201255458,0.07688391038696538,16332.536379983334,7.633872034096394,0.0009884544115446863,107.14862654875955,0.01724361098547962,0.1530393934858811,0.7129800655742762,0.6398903279804761,27.85511512697083,43.53107698139911,49.51767361255978,44.72135954999579,39.35733730830886,50.00999900019995,15604.249999999993,31.036790120716798,0.4228504240474631,7141.552290795558,0.45766712855764047,15711.999999999998
IMG-FF74DF2CB0,R1,dual-habitat,1,1,extractable,none,,1.8541732430458069,2.8956927061080933,27469.053866824703,2.7714716875676473,0.5414948463439941,3.8238970603590072,5.059481143951416,2.401965317030877,0.322966199313539,2.415838599205017,0.8916745781898499,4.167806565761566,0.22377787518173867,2.436795232370103,0.02997660940142034,54938.1077336494,0.1732997892137319,0.1685336202824257,52.36995243781607,185.00662336776662,-3.3096045748839296,7.528875204700845,2.5750986163416743,0.4882972301390603,1.1883845435263256,1.971572748181626,1.14960456773354,0.5745088240491076,0.5320229860593237,0.9923080151304811,0.9408563787673464,-0.09011667031502633,0.6047212474650447,0.4781867128300592,7.15060952364421,0.039834777247707925,5.15708860090796,0.5125659243621421,0.08749943414498675,14.30121904728842,3.4833229255062292,2.52599345526063,6.319837984478332,397.8945092952875,0.08601264792375432,11.90114952067947,801.6848249027238,2.80129141869794,53.945741461305666,51.711629917855596,2749.201253782966,1.1248775978300973,0.024413732349089685,0.10267546695716039,6.135732823636029,0.003200783312908646,606.3898241573133,0.1647158659037142,3.0526700074447843,54.16439311241582,1.9506837978161755,104.65068391998483,0.04606346680620586,0.024931281439422418,3.7240275352934598,2480.9020755528672,0.6715016687070234,0.7957863580431673,0.360069082562403,0.8456426228500796,45.9622414053902,0.02143759108922137,45.67605633802817,0.10722078952588772,7.914941920694748,62.03755868544601,6310.305164319248,332592.46244131454,127.17256973370613,0.03394282265814612,150.47417840375587,0.35322577090083535,0.6168471470912509,39.8008233891691,0.021866871202046233,5.439878778121108,0.09208819714656291,6192.383918534682,3.278926509534575,0.0017871969811597691,119.25086054282148,0.017625970941879725,0.2699983559236745,0.8458683856758705,0.5377135426048593,20.017773776838784,37.22757972556573,40.792156108742276,42.94182110716777,33.83784863137726,43.231932642434565,9151.666666666666,31.489632765084053,0.38208155737128585,5537.684106311272,0.6051011589486002,9251.999999999998
IMG-CA8DB0E356,R1,dual-habitat,1,1,extractable,none,,1.7780481576919556,2.850316286087036,13448.073946302753,2.813171216626731,0.5524387359619141,3.244682059542854,3.860440731048584,2.299501282323041,0.33262469776806297,2.29015851020813,0.9174221754074097,2.9430185556411743,0.23013469457170838,2.3376217390069933,0.1488492706238662,26896.147892605506,0.16773738586888412,0.1767692472727677,45.7410192779047,175.5526279652317,1.6075158716413898,7.734066101189052,3.016735368016374,0.43686000617634824,1.2996704518956128,2.065362307600455,1.3120063070096095,0.5529546631132372,0.5052195861615203,0.9832512639789402,0.914593583165633,-0.07722301221100983,0.572377581892855,0.4692816060041251,6.675365739806347,0.03570084330249985,5.2941598084603925,0.5011901907087807,0.0726258801676978,13.350731479612696,3.5099357403444738,2.6877003673013564,6.103148212587568,244.28646891507518,0.09926309179808011,8.575785009248708,412.80170662332387,2.9141399823429985,48.38480292563998,36.604225924420966,1641.6062576188542,0.9708821937729718,0.02876263184555301,0.14188079546033922,8.289460748382602,0.004528841323421834,331.6410727046487,0.16143253703017985,3.1142651601801017,49.00376186819488,1.7033300097770285,80.8018583337737,0.048128575359582045,0.029089189609628932,3.6051695837455386,1493.4380696752612,0.7244595522466296,0.834838871003032,0.25936374408195423,0.8750842582885207,43.33422117143962,0.02568702243658337,38.265306122448976,0.1115606592491224,6.394886484373008,60.629737609329446,1530.9125364431486,67683.6472303207,38.50016058772609,0.03444971055443613,125.30903790087464,0.36533247201421176,0.6268940270644277,40.04066689531739,0.02083222069387576,5.2840358181596505,0.13937423811458757,1479.4329573562036,3.059456413042076,0.0031688908774275253,66.07714861546773,0.034946713634443856,0.19178346999534138,0.8278053946806325,0.6704494304737222,20.842038139375717,31.086666931239353,34.539832078341085,37.73592452822641,36.235341863986875,41.23105625617661,4775.166666666667,25.733710588319962,0.3402855970041098,4029.949276668123,0.8439389780464464,4922.0
IMG-D0FB6C7AE7,R1,dual-habitat,1,1,extractable,none,,1.1188196420669556,2.2950921535491946,12706.166547042349,2.7976405659503794,0.4998040795326233,4.488689258083461,3.7140445709228516,1.592958670377162,0.35466376624059087,1.4844403266906738,0.5118652582168579,3.2021793127059937,0.22405282659679476,1.6607266910606344,1.1968847543394783,25412.333094084697,0.18239875155298496,0.2204958168714286,26.68795894706553,534.4720950637357,42.73161386593688,11.345945732264344,2.759687130737211,0.6071259708712717,1.211237815419933,2.020407501320892,1.274331973358786,0.5766036437297621,0.5344576143846369,0.9846516216195517,0.9201834274965688,-0.11911237443441301,0.6820510238024309,0.47013867556913846,4.953908547147829,0.044692912704348955,5.226708470785758,0.6250753133886356,0.11266671462255134,9.907817094295655,3.5950712070929836,3.5264082157503887,6.334717183911743,367.49055784675494,0.0797678658230421,13.245415888063807,840.3110484046017,3.669875246231362,27.736705014108963,60.2007814195789,1281.076405469937,3.792448550469975,0.06434334994669214,0.08431044428433261,3.3313136845477413,0.007582199265988745,594.5002300500312,0.16645819188526328,4.055363705146091,29.13165245864713,2.097235822695476,53.72716532659525,0.13355696794380942,0.06481821261306545,3.8479238703766794,2302.592316743755,0.642350313161564,0.7749077490774906,0.4174807625064775,0.8283907057514773,25.05986309326544,0.054032395425132704,34.43620178041543,0.10218457501606952,10.12660144933917,44.26409495548961,9254.881305637982,178002.88130563797,549.025159421492,0.10206579144089704,107.89614243323442,0.3201665947573722,0.5830376363166315,25.618686549675473,0.06985707894975898,5.559315236650946,0.07314955502496201,9067.99536845442,8.089450876497843,0.0018310007071200799,61.8534395818256,0.03781632026049414,0.15486411889898016,0.8065777812645779,0.353989951404897,13.351698262369505,37.717732408448256,42.80186911806539,35.90264614203248,37.12142238654117,42.988370520409354,9140.083333333334,30.42228492033726,0.5285354237815861,3999.8477553817925,0.4376161145921491,9214.0
IMG-37A61CD40F,R1,dual-habitat,1,1,extractable,none,,1.710524559020996,2.9909982681274414,42416.24188928971,3.0771786852284353,0.6574244499206543,4.495032194217342,6.215146541595459,2.370080396309991,0.3989828655255155,2.382675051689148,0.7910094261169434,5.424137115478516,0.2741776451035033,2.424475675631916,0.21078380369960037,84832.48377857941,0.1404275375366886,0.2608012167579138,49.631227650213,516.1473655781145,-1.5444732558978096,11.739259790495735,4.83636904845117,0.41597600417164127,1.6614868297776175,2.3478943081268175,2.0499302337190652,0.49660038987931815,0.4338080503326424,0.9904193234561115,0.9329861050973071,-0.05989072660469711,0.5342111873948308,0.4232440250241929,6.921324247589524,0.023207661308156526,5.9203618312524275,0.4492347856846505,0.048580770562260726,13.842648495179048,3.8002635419542816,4.143907209736728,6.227458176951096,804.6820953436807,0.11151359414407992,6.4928850521875505,1013.325110864745,4.295878872737843,53.69830931263858,30.70648558758315,1535.9641075388026,0.8404376347515822,0.031435410041449806,0.14082916224863729,9.394664629110219,0.005882237117634894,833.2908238621656,0.13598372549988788,4.548736360840865,54.29909548803175,1.6099800904035546,84.99611258555436,0.0490750666887319,0.03201193289444097,3.8204815469150195,4553.712167791136,0.7418831030601916,0.849202626641651,0.21915620425048848,0.8849523052305036,48.50582397690811,0.028729289220023782,88.27234042553191,0.09390674513354459,10.044068583069262,71.33297872340425,4260.182978723405,215552.40106382978,93.2360073774385,0.04442811743837468,342.7574468085106,0.36463558171118154,0.626582676024773,47.60268823333157,0.030493540947659537,5.685082980859254,0.13026607538802662,4201.252856496152,5.272933347398061,0.0010548460847293857,215.40079322682854,0.029173078295860338,0.22628315475514363,0.8006493951214363,0.612860201138693,25.614228743033568,41.79457027139694,46.61544808322665,49.040799340956916,45.27692569068707,55.43464620614078,14276.333333333336,33.462797407154326,0.3569619522709021,7972.7225214581995,0.558457296793635,14431.999999999996
IMG-F9D06E12D1,R1,dual-habitat,1,1,extractable,none,,1.3702802777290344,2.514759230613709,57700.601980221174,2.8727583941625707,0.6155361831188202,3.1757342023346333,4.27125358581543,1.9028802617707306,0.3598557912028261,1.8504083156585693,0.6201770901679993,3.6510764956474304,0.2547412731362251,1.954926625144292,0.5260644395522294,115401.20396044233,0.15875752958096828,0.20078481906140758,39.547459851864545,337.0078158059602,17.586988550171558,10.718007831978664,2.0802441271808716,0.6745099484412803,1.0656203917078217,1.8538179659936513,0.9362430351543914,0.5985393348406185,0.5626037534461774,0.992118924860434,0.9404427016119545,-0.15932660317834318,0.7662348034966654,0.49236663143978215,6.114552068081679,0.03712785882252642,5.242729152478014,0.6877843049358721,0.07941627670210757,12.22910413616335,3.7084074287723507,3.199562989789884,6.637057204827814,1137.397668565373,0.07533432696816618,13.661152313298164,2396.921181613459,3.3169466001792216,41.059080672936815,67.0988210358988,2485.2457279109817,2.371716407836048,0.0356275841775958,0.08042815060776454,4.04866563274105,0.0035215446652618475,1743.474443034731,0.15248448728665148,3.551694037948506,41.9903011622127,2.2223017151638165,87.97175165926568,0.0788958322731667,0.03582804634494059,3.965178342974644,7098.643077587499,0.619034632823773,0.7573035654238462,0.4677730620619236,0.8144377349799334,34.78437455997921,0.029375978026748635,99.85291214215202,0.09857148286490822,8.146116282990423,54.69002961500494,28727.409674234947,987191.8321816387,980.8196000758685,0.048228013281629095,397.5705824284304,0.3924684920320142,0.6507952260502842,35.84609645671517,0.032752580118660835,5.4357232400742905,0.06709497946747914,28505.27316065872,13.194453242864004,0.000615608637292747,95.31879947626221,0.021233952137209283,0.08310267790519198,0.7249852204258921,0.5488972913732413,31.547619562490652,57.474540425521575,67.9411510058521,61.29437168288782,49.497474683058314,68.00735254367721,30083.08333333331,41.668192359273604,0.3440631800198014,13595.467832235323,0.45193066420724826,30195.999999999996
IMG-924E797A9E,R1,dual-habitat,1,1,extractable,none,,1.8374990940093994,2.927927780151367,40641.35907409448,2.8486643226206585,0.5688438415527344,3.5452215290682396,4.826609134674072,2.3885205964503693,0.33969773482632354,2.3854122161865234,0.8331307768821716,3.9934783577919006,0.23544208788290616,2.4271188257246004,0.19925616447571842,81282.71814818893,0.16383444132442418,0.185875154519135,49.627270283953486,188.92919070229496,0.373554647141686,7.912532563806308,3.581172146121122,0.3761467986779113,1.4306159258993536,2.1704708244916326,1.5211370961041335,0.52903967481103,0.474863049972041,0.9881616800083983,0.9262763368178285,-0.051663728463864564,0.48639254473858684,0.45391001731495684,6.967293497497911,0.031839095033225094,5.458958492409885,0.4001966449480991,0.06497711026668884,13.934586994995827,3.5328598357221805,2.873426177481858,6.152198593696756,671.7586606754602,0.09737043929199307,8.560116468118958,1130.2938106972024,3.078382663355842,53.45977677924337,38.6008117118423,1893.7586606754603,0.9262867811361759,0.025171094403895467,0.13199575827421037,8.809122966273046,0.0038098337053307386,897.9481044941814,0.1572589295393595,3.3121705185926937,54.24031563795893,1.7419539636033352,90.90016835065231,0.04332710812423298,0.025372957476430685,3.678962542677402,4083.607847305344,0.7137824436550931,0.8276561820553704,0.2763953138283809,0.869849421874158,47.72130569708705,0.022215066028002387,92.62846803377563,0.11173518460045312,7.850547333468171,70.90832328106151,6130.642943305187,297643.92400482506,136.7706244218751,0.030080491500979117,341.3329312424608,0.41174056844687673,0.6673275605679394,49.53156356489788,0.02091391613037131,5.311137573339593,0.1201623423684592,6061.386014513104,6.2846937562637475,0.0010663923409763914,123.46941600131663,0.026905413854173253,0.1214822399101364,0.7225999611884079,0.5430414272281064,25.408283086956096,46.788848535276216,58.30951894845299,54.23098745182499,38.078865529319536,59.042357676502036,13580.83333333333,33.809620135640884,0.3509508768780743,7843.7198225406455,0.5775580651069998,13797.999999999995
IMG-A6F90B5698,R1,dual-habitat,1,1,extractable,none,,1.930711352825165,3.1410542011260985,15088.380251844947,3.008568201470831,0.654664158821106,3.2492637411470326,4.542795181274414,2.5397656780095943,0.3834009858616864,2.560450792312622,0.9966349601745605,3.5461602210998535,0.2686246340873649,2.5849928217169467,-0.04630727383046675,30176.76050368989,0.1449768993779425,0.23177818913261003,44.94796830919069,274.0080564091002,-7.814262664351129,9.471481845531468,5.566441211023832,0.258872524572369,1.8231657816242448,2.436743043758026,2.2098666952444215,0.4715546678779574,0.4015743598811658,0.9771390953039033,0.8981804747247778,-0.040365631865579905,0.4405143353961041,0.398337814094283,6.6310517213167035,0.023199495167970194,5.858660851174998,0.3132430161458136,0.04547165142719128,13.262103442633405,3.6418983704840024,3.759480764138826,5.8296464581968,320.76085031000883,0.14205529243135911,4.545348062709422,327.3578387953942,3.861630843508094,48.819309123117804,18.869796279893713,880.0761736049601,0.5739596768236647,0.03629389595215123,0.226837164816844,12.31175509478442,0.010128868581952555,285.76655069396054,0.14173596637067812,4.016253865775775,49.08623982351676,1.3950221276170223,67.47194230199855,0.04973133031959171,0.036855833719153804,3.5667343832988174,1631.3094075669671,0.8079144232642341,0.892893643115078,0.13734313785404526,0.9180855179139301,45.26394278586071,0.0343135836246534,58.1511839708561,0.10592201087587633,7.023944844244048,54.85792349726776,329.40255009107466,14838.273224043716,8.236585395548802,0.04633689441408323,207.69581056466302,0.37831659483545177,0.6380665947154784,36.4699308700498,0.030867663711722122,5.348937034898933,0.24313551815766166,312.4863354799752,2.8480041474248727,0.0028721776701834765,131.60983215702862,0.04942796012106711,0.2392845701563172,0.4537979863982505,0.38941728748796023,19.936927046968663,51.19682070505167,50.63595560468864,52.69724850502158,33.54101966249684,55.90169943749474,4250.249999999978,23.233014145944704,0.30267624614214644,4192.265406212806,0.9863573686754491,4515.999999999999
IMG-38CE1E9C5E,R1,dual-habitat,1,1,extractable,none,,2.086544466018677,3.025117874145508,12809.237463861593,2.693150391509981,0.4998905658721924,3.5151313647366975,4.144885063171387,2.5615089298106413,0.303056857465543,2.566307783126831,1.336897850036621,2.8079872131347656,0.20859662214706165,2.5903513461136964,0.08434188225951883,25618.474927723182,0.18397346417578664,0.14859209881338278,34.0566921496107,116.94672663705957,0.7848501447385374,5.778255249386936,3.6782839204151623,0.22124128131319348,1.487752816750325,2.1816216127625214,1.4485573529590055,0.515004608278325,0.4559701549524863,0.9762913561434664,0.8964534172743085,-0.03232001631848644,0.37614643511053397,0.4406191335074533,5.790594364371547,0.036818911067968904,5.230825551717274,0.2665779282786221,0.07179306273592286,11.581188728743093,3.2910501828520173,2.3641347924505247,5.731220232587038,213.0859088528025,0.11162174376783789,6.777558591118523,351.2053431115767,2.4850410821778013,35.9539025667889,30.12938711367208,1027.661602933473,1.0396903596325648,0.04289528208619027,0.15245815038230365,6.119349088568899,0.011075856846780089,286.15543206189534,0.1757910225712428,2.68221338334836,36.22267335885984,1.595893551750478,56.710683240413125,0.06512000971813303,0.044205203685233466,3.4254113256604537,1221.0433722790885,0.7488308252237257,0.8526010396099448,0.21549735350026028,0.8884538015076467,32.38329264134092,0.04021322776908111,31.46323529411765,0.11567365916955018,6.809566933391005,40.9375,1306.0919117647059,46188.81617647059,40.6809051610103,0.07946608480111512,104.59558823529412,0.3845426038062284,0.6443008278683587,27.253841091940597,0.06048799200942584,5.1567830135910695,0.14248297537978,1256.83422091263,3.521909358939692,0.0034190922230255354,65.30832528803475,0.040550148024975675,0.17408288602403124,0.5964459062704187,0.397352901822364,14.151314972437916,35.61397162959248,39.698866482558415,34.0,29.73213749463701,41.47288270665544,3701.6666666666642,21.241807584501267,0.4291051361034616,2696.819938953061,0.7285420816622412,3817.9999999999995
IMG-7692AF5B6E,R1,dual-habitat,1,1,extractable,none,,1.452236580848694,2.7308997154235843,14781.365577636032,3.0388365604432916,0.6010308265686035,4.460934633757077,4.5961809158325195,2.01866288113573,0.39806199834532274,1.9326181411743164,0.46630358695983887,4.129877328872681,0.2597402708668332,2.085363159030458,0.8824720215521322,29562.731155272057,0.15255261290788588,0.2737396773662857,57.2319097297471,577.9317804131365,28.234567918092555,11.81557255646864,4.300007496829003,0.46276403303412916,1.5025284829116041,2.2760744888619078,2.0124831249794832,0.5322376286985449,0.4793439872014703,0.987461028115166,0.9274922166364813,-0.08271482347113629,0.5974733377667364,0.44101371763629893,7.4397030878612895,0.03258281433021695,5.667439823371,0.4895513715912617,0.08117091323167129,14.87940617572258,3.7452338496833004,4.0288950133244095,6.405271313765976,302.27861135628126,0.08893163029016807,11.793202940033675,518.5263312739041,4.496738696054886,62.568402471315096,44.305678140629595,2280.9261547513975,0.9959585283150738,0.022452302062968867,0.14368473468332574,12.699277652828474,0.003045036570637987,394.68179331542774,0.14173402721441847,4.927765070243283,64.60163609260886,1.808613280875137,107.39720192621333,0.04061637142712398,0.02242566275165679,3.909924377590538,1972.9044457861298,0.7066787968249932,0.8191549550772852,0.3102225814776292,0.865601446094829,57.32437087057677,0.019382654115531726,46.459119496855344,0.09739857336866949,9.498437561805309,94.85744234800839,2397.5199161425576,111423.24109014675,54.62773565280292,0.021619384112726268,189.55345911949686,0.3973867067494693,0.6552040360016537,65.54451254356867,0.013292620214966631,5.4482404174624355,0.14033539276257723,2346.7430876943163,2.5306475229643564,0.0022756968760245344,156.7272231193993,0.032140147403271625,0.3384599870599579,0.8460150283164516,0.589528303101211,19.56823827898147,33.19304293965675,35.44009029333869,35.735136770411266,33.83784863137726,41.92851058647325,6691.0833333333185,28.081813162502897,0.45281867985425694,3792.195769859594,0.5667536303079376,6797.999999999998
IMG-185ACED11B,R1,dual-habitat,1,1,extractable,none,,1.924459171295166,2.9448339462280275,11592.623037075753,2.717961458287236,0.5133371353149414,3.0894747516922036,3.8932878971099854,2.4158377111420153,0.3117390264401802,2.3833158016204834,1.150791049003601,2.7424968481063843,0.21593136405159238,2.44765595160012,0.2740844477312781,23185.246074151502,0.17830365429427986,0.1547478108275997,37.521110918391756,125.29629868580923,4.1321559356643265,6.392708398370887,2.7437085110160147,0.3961767892003688,1.2650436591865097,2.0073596636775375,1.127925088177199,0.55453857116568,0.5067976676919266,0.982013860829336,0.9102063988260716,-0.0639931015158228,0.5129495214333614,0.4725186018709237,6.050334238503796,0.04066620795093833,5.085178277391326,0.4103393838618451,0.0815540961899443,12.100668477007591,3.361875475016457,2.2841042273467265,5.963245162029581,193.18191214470284,0.09983561351147434,8.857532333126349,345.01757105943153,2.5939600317822777,41.11731266149871,38.47700258397933,1351.080103359173,1.3074864119227114,0.033475260099784694,0.12171411909936869,6.213286763742956,0.004719125593140947,274.4244692063642,0.17103824435441237,2.7692217274026545,42.0353200733228,1.7436668136294968,69.04628512583571,0.05836056883821081,0.03350829439624232,3.5288930043876854,1154.9065465955473,0.717458075941295,0.8291393361160803,0.2792114487781368,0.8712878726617382,37.25058989420736,0.029232616951955857,29.81896551724138,0.12853002378121284,5.990710463733651,54.62931034482759,1771.728448275862,61306.25862068965,54.89304105389074,0.04067997336834103,67.53448275862068,0.29109690844233055,0.5536699200575896,31.21861631126459,0.02425855666675078,5.293429203507971,0.11989664082687339,1702.1642204221166,3.0216922151062526,0.003887814212495311,55.389601908033335,0.03593621273900286,0.19800229906375666,0.8540292000744948,0.6055020867287657,19.383561849954816,32.01237828043634,40.49691346263317,38.27531841800927,29.410882339705484,44.31703961232067,3749.833333333334,27.339505815323175,0.3925058965921869,2973.805651914427,0.7930500871810551,3869.9999999999995
IMG-731AEA47FE,R1,dual-habitat,1,1,extractable,none,,1.3277015686035156,2.1787299156188964,42078.04838986226,2.526527783491798,0.43739280104637146,4.0318446082654065,4.516185760498047,1.744767700181406,0.2675437977321421,1.72943514585495,0.5932281017303467,3.9229576587677,0.18193960069114262,1.7784295924306879,0.3866869777968081,84156.09677972451,0.20773544928728951,0.1185974876368703,30.959595921874,96.99555016081098,3.2760738088147368,5.2949493942999535,2.190989806539724,0.41383064420860055,1.101031187242961,1.8834466877468254,0.969999676091795,0.5901048408584215,0.5520170184994244,0.9926287004469152,0.9418426884712756,-0.06280796752375678,0.500767660457948,0.48998900270377166,5.493953721414471,0.05143710283297176,4.810615705850493,0.42041394267441523,0.10234649037375142,10.987907442828943,3.2361104167450288,1.8714848002099198,6.192075416585117,995.2916416115454,0.07481145832919012,13.918477061140043,2763.7124173180996,1.9948580597247798,32.39303968731209,66.19798556825015,1966.22211365003,2.6143255408581454,0.042428012773694665,0.08270040490546383,3.3026702696182797,0.004736956045615672,1969.4712620261055,0.1946784502412398,2.232558914782204,33.02962929745451,2.2038127767043147,69.23717469886007,0.09110619193751252,0.043274949799543036,3.626096882557553,6334.184555472902,0.624497865921757,0.7603670382533882,0.46426591430159986,0.8179062398594238,27.430314165071515,0.03601594635575157,123.53846153846153,0.13198553583168968,6.605274992694864,43.75534188034188,31011.86752136752,928874.360042735,1114.3561682783152,0.06330986682262627,344.4166666666667,0.3679665242165242,0.6294090865326913,27.918830922349617,0.04247985617804048,5.234867341152229,0.0703547805171377,30809.838958287677,19.303415692524915,0.0005489429413926279,70.33189096046242,0.020849866043472214,0.05763492819255473,0.8083857008444365,0.6074561224143804,31.990426888561853,52.66294257009622,62.80127387243032,60.16643582596529,47.70744176750625,64.03905058634145,26451.249999999985,42.57196973805754,0.3952908217959086,10860.876133127067,0.4105997309437956,26607.999999999996
IMG-E26D72CC96,R1,dual-habitat,1,1,extractable,none,,1.7719773292541503,2.6533387184143065,21943.452320503897,2.552536560536553,0.43374717235565186,3.9262285804241066,3.961021900177002,2.185142819626352,0.27311274015317466,2.1585230827331543,0.9104374647140503,3.0505844354629517,0.1812647870756325,2.2139047418653837,0.5033267825357508,43886.904641007786,0.2077230511652913,0.12652506388942691,39.33600298590351,106.73327905845268,6.523072748602876,5.393651068145678,2.2912929839671285,0.4017209120637304,1.1225160345475318,1.908613566407324,1.0227426878703185,0.5865898387615016,0.5476208871286343,0.9870984660828527,0.9249783369574973,-0.06362775839994755,0.5044844234156861,0.48769537531209206,6.209631028473296,0.05383027560990599,4.808449731498525,0.42448233319574263,0.12242022669516134,12.41926205694659,3.2184256801601347,1.9212360130282014,6.0416458942675035,349.0366316729953,0.07796216923676465,13.066509694974373,929.9761000670092,2.1107975546621556,41.62340853249944,58.58454322090686,2196.653562653563,1.7257518135231746,0.030453482044518414,0.10234374383732978,5.273764335871857,0.0038615830873918074,668.2705238037629,0.1915843232850795,2.37169331445785,42.50533913725177,2.0699015158783265,83.36689134255386,0.06220210941175604,0.030767712191392824,3.5813353514913233,2275.030237276894,0.6504079420894191,0.7789728698819609,0.41185995119784835,0.8334892358597081,36.01792289558554,0.025881612870174788,53.12682926829268,0.12957763236168948,6.657941701368235,55.31707317073171,8418.90975609756,309207.4731707317,242.4407862371988,0.03941763092218836,167.0829268292683,0.40751933372992266,0.6636126588979927,37.43659504508771,0.02798992595432164,5.049118441979732,0.0915791824882734,8299.674009518143,5.6530837709692765,0.001667334331668964,61.54821671008445,0.022375181949529675,0.11674054173359179,0.8561768814894648,0.583633687129492,21.59053006062326,36.99328968965583,39.446165846632034,36.76955262170046,36.138621999185304,42.24926034855521,8856.83333333333,31.6727994025259,0.4398226003856801,4706.798041529006,0.531431253630418,8953.999999999998
IMG-A3393E0C00,R1,dual-habitat,1,1,extractable,none,,1.8966114401817322,2.860738492012024,20545.559534530308,2.7425992038798106,0.4833335280418396,5.47570133955207,5.175784587860107,2.377536177837815,0.30961153345950126,2.361512780189514,1.102019190788269,4.073765397071838,0.2050122997360412,2.412523952795727,0.6082217850394638,41091.11906906061,0.18250062194544533,0.16759354588547243,37.16352075416766,193.97527191321873,5.41199161561059,6.6704593484400005,3.124956641525533,0.3583474445900663,1.3050751260844717,2.088653426630841,1.4089777717885923,0.5553364755006857,0.5079598136895064,0.9896608264368012,0.9323657571482233,-0.05426907454247242,0.4795466995045378,0.46527448159309404,6.023013657974733,0.04225840616795822,5.168226641881839,0.38836401255357333,0.09399023545600427,12.046027315949463,3.3792987988749186,2.448853997491383,6.128315099591371,304.51388101983,0.08626455552969689,11.063518365447118,644.2271954674221,2.7912645956552096,39.546458923512745,48.443059490084984,1748.8172804532578,1.5763816877293337,0.03707456020736312,0.11439463113722992,5.801540832526446,0.005851339281521052,483.88718359107537,0.17064329116394383,3.108455892449859,40.267094268574546,1.8976938628410376,72.96215581852324,0.06785092673681288,0.03797368905568093,3.673976406195367,1935.838193520326,0.6808715100847306,0.803312268468076,0.34022264195306307,0.851254300346825,34.7754070665233,0.032973492326930816,43.06970509383378,0.11546837826765088,8.689288358286195,54.84182305630027,4774.868632707775,174721.01608579088,139.88077525198884,0.05524342859522856,139.72922252010724,0.374609175657124,0.6346723358064367,36.114230501133264,0.038239545589293523,5.324515799018119,0.1056657223796034,4685.304990332713,3.522017970791971,0.002150352338112941,118.60845792371211,0.022155406891938637,0.2977671793196052,0.8683040578274897,0.5314733947428788,17.437509284526136,32.80975013427006,34.0587727318528,35.60898762952971,33.60059523282288,42.23742416388575,6991.749999999997,28.488839177892718,0.48117439945780605,3674.8437003404592,0.5255971252319463,7059.999999999999
IMG-D06C7EE47C,R1,dual-habitat,1,1,extractable,none,,1.4610639572143556,2.6582972526550295,52127.927230803485,2.9594381332025383,0.632158637046814,3.7520530296996504,5.4960408210754395,2.0421968595695126,0.3736803112689853,2.013776421546936,0.6055070757865906,4.890533745288849,0.2614116475721015,2.095783705114907,0.4437075338316571,104255.85446160696,0.14994976479279037,0.22174132538958727,46.47241617070377,337.76049582131174,10.433413451774994,10.563961069759303,3.1153168989786977,0.5439702872807087,1.3128121263651553,2.0861467234476594,1.37899346154053,0.5519142364703111,0.5034567034538391,0.9931478640432704,0.9436367642372722,-0.09946731658175173,0.6529737084740569,0.4642535083757657,6.6790482261384385,0.030102577649705215,5.540510970384793,0.563925628894866,0.06245960305710188,13.358096452276877,3.7293669890746632,3.4198194921844993,6.505685110518902,1010.603302999663,0.08515363186717753,10.977187467944491,1779.603808560836,3.6503810764607745,48.59504550050556,52.104314122008766,2322.690259521402,1.4585339437710378,0.030052014634652534,0.09919761631226505,6.190806541366029,0.003781939951500427,1349.645826063251,0.1436108129687916,3.9590786035892425,49.46284942661575,1.96315535792306,92.84628793321704,0.057676101221569645,0.030502857400155417,3.929189411386654,6241.948920331328,0.6628301564941375,0.7918060200668897,0.36126328366216154,0.8410462959929187,42.21037558744429,0.02596767593431503,87.11282051282052,0.0893464825772518,10.218820249835634,67.86974358974359,16815.995897435896,731749.4769230769,438.066545202219,0.0419872018291472,413.9928205128205,0.42460802103879025,0.6777743215637737,48.12591181102669,0.029665428157726163,5.479834843515243,0.08215369059656219,16667.830822879685,8.959035715757048,0.0007001283968317069,159.78051115130322,0.02262158121743967,0.14447749328491336,0.9510304879003069,0.8257628670961451,32.37010177370371,39.20023903173985,46.14108798023731,47.70744176750625,42.201895692018375,49.122296363260546,23704.333333333332,37.2806224521642,0.45005076022898927,8866.95399615546,0.3740646856195967,23735.999999999996
IMG-2760B2A8FA,R1,dual-habitat,1,1,extractable,none,,1.6270135641098022,2.615070986747742,22612.51167094359,2.676102205970749,0.5023606419563293,3.104935577243941,3.6821134090423584,2.1317180826895368,0.3010610840063529,2.141282320022583,0.7798390984535217,2.9022743105888367,0.20794084540128888,2.1655130187492233,-0.00406438111927502,45225.02334188717,0.18463385275664332,0.14522465030681908,37.51956870837592,159.1474158185358,-2.266116666203941,7.325320987214504,2.0541116503193417,0.5616700200648659,1.07195166012491,1.8459793040032446,0.8954769190922077,0.5950353561941625,0.558066118293784,0.9863863516878902,0.9226099351703727,-0.1145168618442589,0.6651921688381722,0.4921388309719589,6.016723014401875,0.04373042500996371,5.010260579041079,0.582501610440615,0.09475509941775304,12.03344602880375,3.472254210561009,2.3448581593834623,6.385916235277657,368.3965159684778,0.07639911156542468,13.85171603054643,890.3044379925342,2.4051655355371246,39.16818747407714,64.85773537951057,2384.069473247615,2.2003460666143586,0.036111057151519695,0.08587257349601347,3.958117788791107,0.0037929888853653745,649.4205443023922,0.1763249546910249,2.6018989819092235,39.732636282130414,2.1829168130114343,83.63458069669777,0.07703012346629527,0.03668703554660993,3.7401550296501536,2324.7260448382967,0.6293458031549815,0.7637750055833838,0.45753551601817766,0.8208067539971722,32.990438306064114,0.030501282211901792,39.62573099415204,0.11586471050921651,6.056709756848261,48.53508771929825,10468.906432748538,400709.3538011696,304.94830128407807,0.050593751970758244,144.6783625730994,0.4230361478745597,0.6754658424233655,33.55606825445624,0.03303577379856703,4.994059256958618,0.07092492741600996,10270.11292363462,6.641450498037065,0.001719909925026904,47.19927264510017,0.02801745190518567,0.09395093369659921,0.8632457415770769,0.4841666542982098,17.92898115269241,37.030598851711744,39.81205847478876,39.81205847478876,33.83784863137726,45.749316934791494,9563.083333333336,31.96650676678916,0.4926892850863229,4422.246707285274,0.4624289628294856,9643.999999999998
IMG-02B7360D27,R1,dual-habitat,1,1,extractable,none,,1.7160219192504882,2.793036866188049,40048.988000817495,2.840762175588914,0.5657113194465637,3.5859163163358554,4.439768314361572,2.252192520929403,0.33821230698336663,2.24198579788208,0.526378333568573,3.9133899807929993,0.23397202447343596,2.2928481270203362,0.2862416757439669,80097.97600163498,0.16484713320436511,0.18478138225032337,57.91776382083395,199.23789023382176,3.414240560560839,7.910019001796195,3.243371321355747,0.41702579219414154,1.3617773720947168,2.1108830278962216,1.3766455195460212,0.5399508919643453,0.4883696837184894,0.9879020175258914,0.9255459226227981,-0.061337013279748824,0.5217430400818273,0.4604318723211959,7.533322217654913,0.03356250110020497,5.383784921546393,0.4317506003383914,0.06552335889865411,15.066644435309826,3.5302280776022474,2.7883475807879856,6.246080429831244,688.8235757416645,0.09042052713857501,9.789050624941371,1255.8054607508532,3.0543637200889604,60.00157521659228,45.22420582830139,2576.2809136256237,0.8998402201000055,0.02139441684395078,0.11364623159410984,7.942288109920408,0.003012544888061518,968.2107728684464,0.1570005608962789,3.3309309916074343,60.604994531092466,1.849483168156292,109.27555995826265,0.03872252347761026,0.021688635000733775,3.7460609736209043,4248.058517352216,0.6876846395837701,0.8095098652987863,0.31814743943566715,0.8554787760927257,52.27544309975019,0.018758171482485007,78.01449275362319,0.10278589295602528,8.873856280627203,74.14492753623189,9330.619235836628,529551.3807641633,176.04128519563457,0.028373572304951508,308.3675889328063,0.40628140834361837,0.6605041646766242,50.04266600138646,0.019706829879951874,5.304095713886115,0.099632449461801,9229.88006200517,6.483651079134132,0.0009733348045812643,114.8571868724953,0.025514724284067588,0.1056565813692664,0.7459318867345851,0.6344614291454023,26.266305306200007,41.39937291630134,50.0,45.65084884205331,33.54101966249684,52.507142371300304,15102.416666666672,30.881112349085342,0.4298852631106684,6873.256200113668,0.4551096921649625,15235.999999999998
IMG-C518AF9324,R1,dual-habitat,1,1,extractable,none,,1.8219398856163025,2.9898965120315553,49446.499168141134,2.9290357609042394,0.6262223124504089,2.8813944155508415,4.403994083404541,2.4216920513301092,0.36595647597767555,2.443176031112671,1.0422825813293457,3.3617115020751953,0.2589781189295446,2.464046457957346,-0.05327206773669409,98892.99833628227,0.15130554006276034,0.20693255549671083,38.029167939469126,261.5987310702451,-4.167124471530863,9.898722366561199,3.5853794017294396,0.4679043187866417,1.4508953596718472,2.176431556302524,1.4621243302133098,0.5249124778551694,0.46874887439033885,0.9827063366028255,0.9114049821633219,-0.07104944762890184,0.5655422940102921,0.44470896491848133,6.037200122427947,0.02694199113474747,5.625438042913905,0.4869150966156296,0.05326733530545123,12.074400244855894,3.685087576346277,3.3710254420726598,6.23222559326481,822.1112475442043,0.100946862419475,8.164387537102296,1232.2323182711198,3.4244980334335597,42.29690569744597,38.54960707269155,1448.242141453831,1.4828158378476664,0.0395517333158814,0.11860500519288072,6.423964554443738,0.006411543065328811,992.3138031650268,0.1474273114234293,3.59253914928925,43.07773446480761,1.736492611724427,71.32689906650646,0.06785623363183085,0.03987532470496699,3.7509020446820647,4777.443384773107,0.7086921431373342,0.8264508085235001,0.2676230064909067,0.8672737080159203,37.91284626398111,0.03482335929697102,100.2928821470245,0.11702786714938682,7.47839536850074,59.665110851808635,6796.527421236873,254277.0221703617,209.10420267489084,0.057182252675996824,320.09451575262545,0.37350585268684416,0.6344828200729472,39.14474883898465,0.042363952746541186,5.390827095691913,0.10523084479371317,6706.221986822775,9.994627316577876,0.0009548179116690845,87.20338513987676,0.038232108821357316,0.07199844652201072,0.9073042033786551,0.7699965346378638,31.06483163658584,40.34411875787974,47.885279575251516,53.81449618829484,44.27188724235731,54.63515351859094,16065.833333333334,36.60438853063194,0.35984038705487154,8556.767349987555,0.5326065055233707,16288.0
IMG-577B8F64F1,R1,dual-habitat,1,1,extractable,none,,1.9407381892204285,3.152276229858398,4258.292818846923,2.957706060746227,0.6740617752075195,2.6622820553796216,4.128958225250244,2.532280204452087,0.3836543076763119,2.5200835466384888,1.3377987146377563,2.791159510612488,0.2778471424098825,2.575432945742718,0.09071243291061956,8516.585637693845,0.14552944944245494,0.22041182415711202,30.789763717614115,227.4201834179383,3.225805650475969,9.16134266160583,4.721966446524262,0.3184363714875359,1.6803243663708227,2.331018144406092,1.8698379021034266,0.4909746411814172,0.4260629477629756,0.9701351694035741,0.8855038738682273,-0.07045126861702805,0.5689552232728761,0.415953009816349,5.447151639708218,0.02544179012180657,5.646498734712618,0.40737460065598863,0.055242147534278585,10.894303279416436,3.590049566758469,3.4708272770325226,5.783662997898782,86.26479750778816,0.13436884347007502,5.3197076891722705,93.42990654205607,3.593397288457992,35.79283489096573,20.8006230529595,655.2040498442368,0.9785333365046341,0.05524958819511067,0.22356395131645773,9.173069405455138,0.014276493143215122,80.98630121634862,0.14220011441844085,3.74496844286765,36.20943905935362,1.4220349807715296,49.89705671302285,0.07679797793923486,0.05606006421387409,3.516912354034585,455.77445938153676,0.7981750619367816,0.8871315600287561,0.14519316667487345,0.9130837057528722,33.36552112610484,0.05182876180058037,20.562130177514792,0.12166940933440706,5.708343545394069,42.20710059171598,110.60355029585799,2790.5384615384614,5.211828997483135,0.06430030432715247,55.603550295857985,0.32901509050803546,0.5928267910678716,25.6181804505091,0.039835450407641325,5.177272184169307,0.2632398753894081,96.17254297818704,1.3476815315025303,0.010710321329926184,71.14243949811697,0.06613510827003581,0.4983046163991604,0.5387315555283826,0.40792045937083676,14.631416791163984,35.86830828179348,37.53664875824692,36.05551275463989,29.068883707497267,43.56604182158393,1189.333333333332,19.323389514822168,0.4322552086880058,1255.8746182021814,1.0559483897439879,1283.9999999999998
IMG-6C8346139A,R1,dual-habitat,1,1,extractable,none,,1.1248993158340455,1.8792491197586059,13094.490105665645,2.3839672143833535,0.3846972584724426,5.60715564797121,3.90520977973938,1.4945814750161786,0.2431732614747039,1.4662777185440063,0.6183157563209534,3.2868940234184265,0.16070831706763994,1.5287412513606,0.8833165254426815,26188.980211331283,0.2342105681446182,0.1032760281500375,20.501412298820664,95.77790986287984,5.899930008146052,4.5752594464096425,1.5217415844984712,0.49959572633177246,0.8821441178482489,1.6747387996467116,0.7383695515681493,0.6440910630928263,0.6192591047082465,0.9924934950927222,0.9437002061988292,-0.10145611291923401,0.600286697216872,0.4997801158407767,4.442667441277448,0.07181724652315054,4.369696537811425,0.511735587161811,0.14919001125877157,8.885334882554892,3.102287790060034,1.5242502577270283,6.243045890115479,349.391932893093,0.06235801051099286,19.68164265535702,1312.281813314296,1.7436361649277086,22.123148313403533,91.57255041941816,1739.5320364090667,5.806983340064404,0.06618172851783402,0.07204075338277167,2.4599907400036463,0.005538150823227323,852.6192759748745,0.21357673707279462,2.0452401566809226,23.151086456510697,2.6467125975895964,55.037829039368795,0.17187250856645758,0.06709253646643733,3.6706131941750706,2279.778125766577,0.5692704793375436,0.7123518993945551,0.6595498292817499,0.7823328295683303,18.819869557011323,0.05306093976216952,44.62573099415204,0.13048459355015218,6.196231319038338,39.578947368421055,19623.301169590643,382096.2105263158,1134.1604895910234,0.0849083719678056,132.85380116959064,0.38846140692862763,0.6458773037563144,26.296277580988544,0.05409546261091509,4.97697919055856,0.06103872925218633,19354.897139290722,10.157571910354791,0.001388266364362815,49.397084571272195,0.017818053683887624,0.1297610443057933,0.5755917527437997,0.4351155102289725,19.82450035322843,45.561465604377354,47.29693436154187,47.80167361086848,31.320919526731643,48.641546028061235,11113.25,26.224803844799904,0.4439739296867487,5424.429198660642,0.4881046677309196,11205.999999999998
IMG-61AAFD85E8,R1,dual-habitat,1,1,extractable,none,,1.9513954162597655,2.991431331634522,19493.644109092682,2.783651742538481,0.5501415133476257,3.293187932636159,4.255296230316162,2.494857430125628,0.32905563910632313,2.5102148056030273,0.9769181609153748,3.2783780694007874,0.22989230963048193,2.528942966780762,-0.013561959644213256,38987.28821818536,0.17049022292489024,0.1712389325768285,56.69963406380303,175.05456747022075,-4.353511792970549,7.610349052380679,3.0722109855150235,0.4246092237678962,1.3148460141069198,2.0770890212354236,1.329748031519037,0.549691828085574,0.5006405279958508,0.9870196822600222,0.9237394275627437,-0.07472927323694696,0.568690385542776,0.4648319760846898,7.454037984288333,0.03532436279674219,5.284254351690858,0.48541556165242095,0.06703502868280796,14.908075968576668,3.487651064076263,2.670640009473926,6.1227510924354105,295.67847769028873,0.0970073745703047,9.335957574692928,519.6541994750656,2.8198323757758623,59.553149606299215,39.59317585301837,2195.517716535433,0.8367171157322578,0.021601373629236403,0.1327448174240807,9.161401416827431,0.0034816240067043983,416.6560767346954,0.16531005389986542,2.997290730220379,60.19823845204423,1.743542959047243,101.9844793111446,0.03729928165509802,0.021759356322560867,3.606621422730604,1799.8872371029238,0.7124319213420001,0.8268978396931151,0.27458137500372265,0.8689265304389653,52.74665843968847,0.019031186112192944,42.66304347826087,0.11593218336483932,6.941398865784499,71.98913043478261,2040.554347826087,121681.75543478261,37.036643196414914,0.027457837482949943,151.7336956521739,0.41231982514177695,0.6672668282260704,49.72538224651966,0.01950729409924959,5.112605068590974,0.12073490813648294,1971.9527410207938,2.687921946277314,0.002508409205831144,93.34918099882647,0.02533280340022945,0.2264771743463437,0.7508092332448837,0.4591840047842592,17.70181339543338,38.55058802353169,38.41874542459709,41.617304093369626,30.528675044947494,42.579337712087536,5979.083333333332,28.94413743508722,0.3689100680047821,4318.371698440765,0.7222464477733375,6095.999999999999
IMG-56DFF2D2FE,R1,dual-habitat,1,1,extractable,none,,1.4235082387924194,2.331956624984741,170511.6190020812,2.57577939359238,0.4845830202102661,3.070784503115905,3.8279635906219482,1.8726054055474926,0.2830123544372212,1.8628140687942505,0.617587685585022,3.2103759050369263,0.20028377899076663,1.90557838345473,0.1953807815547254,341023.2380041624,0.19391172097483395,0.1245779706042528,37.74494411726062,127.52860864489153,2.058734748473766,6.639636596742529,1.6252712227363306,0.6065545550578425,0.9397761032761305,1.7100547908074417,0.7310826198733598,0.6257336317658312,0.596698586780357,0.9919386491510365,0.9400813910079122,-0.1372470733668128,0.6984691792070546,0.5021972997450969,6.040805344815412,0.049784547611112825,4.780713044088306,0.6108707375795608,0.09790881217811828,12.081610689630828,3.406327109826444,2.066226954869715,6.517872983760101,3196.4503055987393,0.06807185947992289,16.46051189569756,9105.512681815278,2.098070469672303,38.385884958579126,92.8327831846157,3479.9453542602805,2.9817922400455816,0.033920244358302334,0.048266532496974206,2.113667443089261,0.0020107001668682118,6119.36577326968,0.1855573204393125,2.2901408826605296,38.71653972536676,2.749205807227722,104.49646780887655,0.09094728591914253,0.03448424814406364,3.8741247029329435,18353.820598604736,0.5536402148315425,0.7023414220211289,0.694385600611364,0.7709889956242585,30.092387420864192,0.026928558172076178,195.56714628297362,0.11724649057732231,6.453578144678501,47.58872901678657,224870.81115107914,8144100.232613909,6895.225925411931,0.04766752041337768,513.5395683453237,0.3078774390559495,0.5696767984007873,27.552198190180494,0.02812187413029056,5.622955461172008,0.03552186042549567,224078.29413986794,47.77660195371843,0.00018522886782587332,62.74539260298665,0.015560060588187376,0.01813623079865306,0.7225601900921967,0.6405241877815134,45.651339967781375,71.27184396563852,81.88406438373708,73.97972695272672,65.30696746902278,85.5219270129012,93709.33333333333,51.498197124033155,0.4535202583710527,21999.323796175093,0.23476128805570873,93914.0
IMG-38B5B96114,R1,dual-habitat,1,1,extractable,none,,1.8133563041687013,3.14504656791687,23756.051558999006,3.1750424185644963,0.699341893196106,4.331033887003759,5.372932434082031,2.4777810724327356,0.42826088800156475,2.4421887397766113,0.2785116732120514,5.09442076086998,0.2923291424717876,2.538344484126883,0.5239414095502108,47512.10311799801,0.13229182735373315,0.3037936771914535,85.80074678254131,461.9498803559511,10.620526854824874,11.345049082075057,6.8809423769633895,0.24370041096027073,1.9878944600347017,2.562886668352937,2.8858266973991156,0.4571481557140197,0.3842048066935829,0.9853424149567037,0.9181571624466588,-0.03756339422340465,0.42835829001743514,0.38094906542309115,9.201948791937422,0.02036262822990751,6.107425246967196,0.30252264112054134,0.045402060297263465,18.403897583874844,3.7748374370244404,4.556497864759613,5.923701270180997,533.680227827502,0.14474646808448657,4.506264505973201,487.759967453214,5.003694653121541,94.54651478166531,17.918904258204503,1489.8586927040956,0.24619144788723657,0.013713009454881981,0.24678274772622188,27.376372051605852,0.003639891505917493,426.00782969470845,0.12872308075310232,5.243341554148636,95.65964205874364,1.38073953679429,127.76075077779153,0.018926551975936397,0.01372732240063065,3.7176166150080006,2712.574102689846,0.8184077148635314,0.8976028040307943,0.13612481398159557,0.9229650650296631,89.06819152156393,0.012686728866045481,95.24824824824825,0.09534359184008834,9.215499784068351,112.8108108108108,257.7307307307307,19019.108108108107,3.7105738006437154,0.014520096360243012,388.3813813813814,0.3887701515329143,0.6476534940821995,76.23545942077575,0.009968543625921726,5.591802506429161,0.2709519934906428,244.10953295637978,2.216095445123365,0.0018349892084729487,266.841805314846,0.03855123532411136,0.32016571000897137,0.6219656100552663,0.5275258455648115,34.94955682884684,66.25183793872135,57.48912940721924,65.45991139621256,44.77722635447622,66.49060083951716,7023.249999999968,41.20636480083946,0.2567702456732299,6907.138743796366,0.983467588907756,7374.0
IMG-1815129EC4,R1,dual-habitat,1,1,extractable,none,,1.6377232074737549,2.595278739929199,231197.05562931029,2.6960060215439627,0.49200278520584106,4.216654903200899,5.809318542480469,2.1276473525801314,0.30087051751631283,2.133427858352661,0.5476946830749512,5.261623859405518,0.20459766291069742,2.162675952654313,0.1962468446552142,462394.11125862057,0.1852594479210354,0.15028401924799747,50.75447379963854,193.65884749604086,1.373164105783746,7.172762375801236,2.5789090118135456,0.47073856567945754,1.1895419306636037,1.9773576678770486,1.1518374841160581,0.5745267103538443,0.5321962307937647,0.9947872360244941,0.9506556467871169,-0.07669683805937406,0.5643859721909179,0.478862229979536,7.043141963410108,0.041861064938638975,5.143919763816342,0.4811558865371881,0.09103247508247819,14.086283926820222,3.4544779088921422,2.437917846903695,6.389722902085073,3728.772167263458,0.07543388091002524,13.423088720630645,9157.559770184702,2.512853338009264,52.205498573769496,70.19273330501103,3554.6554995852803,1.585087979132361,0.024482678425032618,0.07138230994595811,4.346901204658572,0.0022342271587796965,6429.240606178249,0.1737232559019365,2.8062604570627903,52.68001252203934,2.3052559682375082,118.92512563929232,0.0547736944938292,0.024974952127853868,3.839864585882104,22676.42537121882,0.6111847337280635,0.7486706411267922,0.5105932128556739,0.8095646429589917,42.98864546974425,0.020543683534758345,292.10615329255126,0.10511196592031352,8.92246311946601,65.82475710687298,140737.1115509176,7137379.786254048,2975.4354606881034,0.0352323689193243,1085.6117308384312,0.3906483378331886,0.6489898995186493,43.648395148372494,0.02328143238446919,5.531530056496036,0.05621978110902066,140420.72231527232,32.157174459860336,0.00015602212164527262,164.0168433603005,0.01253140947150543,0.04207416224420123,0.6360340550917336,0.5828032551095802,44.35267045615238,76.1023039375665,86.55634003352961,82.20097323024831,67.35725647619564,88.41379982785493,98778.75,48.403656975234036,0.5759325169781832,17942.71707671327,0.18164551663908757,98862.0
IMG-85B5930876,R1,dual-habitat,1,1,extractable,none,,1.8445073366165161,2.8217077255249023,128309.46919207227,2.718183767825103,0.5083892345428467,3.692860798077945,4.804573059082031,2.3288122989852926,0.30746097531705113,2.3167362213134766,0.6947273015975952,4.109845757484436,0.21158983856775834,2.361562032486119,0.20976836787028397,256618.9383841445,0.18080649612236346,0.15360850937480572,62.37757622585046,160.95371403361645,1.8383714947596952,6.9976086955985775,2.51957485457717,0.4694211362283426,1.181810834547334,1.9669276723368854,1.1128622495972917,0.575058523768556,0.5328456209276966,0.9924466368321253,0.9411053993577378,-0.07734452505518469,0.5668619241949739,0.479948822924988,7.826750708141042,0.041055187319706074,5.121710416545743,0.4829778937317116,0.08068757064487217,15.653501416282081,3.444483906584769,2.3792958875439365,6.364672567648011,1789.1476941800322,0.07776536246273014,12.998178921505685,4159.815056287217,2.5675475309739078,64.33620202547051,62.57552049376277,3805.4011822488806,1.1409256383836552,0.018808452462142966,0.083834721904961,6.357611334735132,0.0018521346540311438,3018.1738064568885,0.17088936531255164,2.8425419217113,65.16317411820728,2.148834524654658,135.55352374562725,0.039965595248889554,0.018966525175438682,3.787188956949495,11235.172648222406,0.6347607979883299,0.7676493107448904,0.44407120965401103,0.82432087669563,54.26441120973788,0.01574806021059807,177.14172266340867,0.10821119283042681,8.471133892510885,80.74709835064142,46155.26634086744,2855085.4166157604,783.6334746591436,0.023501741266892022,601.0024434941967,0.3671364957203401,0.6293171298384829,52.42009676454764,0.015529223530621009,5.55583417811843,0.07115225800843222,45957.74108813111,15.604198894174697,0.0003409184289886048,116.36642511290054,0.016188485718698534,0.0499843712588355,0.5484663936404266,0.4198502146242134,30.813362958215993,73.39132358380589,76.15773105863907,69.57010852370433,51.10772935672255,79.40403012442125,45868.833333333336,40.2526745705076,0.3863832921531841,16037.779887377605,0.3496443820759398,46013.99999999999
IMG-F07AE3A14A,R1,dual-habitat,1,1,extractable,none,,1.5382158875465393,2.4818836212158204,57282.33022348747,2.6314880017559004,0.5027540326118469,3.248707940767313,3.8569540977478027,1.9883592019948155,0.29534025661546415,1.9581262469291687,0.756661057472229,3.1002930402755737,0.2068257752622763,2.0226246774623546,0.3731151366806059,114564.66044697493,0.18815253421160213,0.13743826972223405,30.532998339019343,133.74165736331148,6.097690890199118,6.75668474546948,2.0358479859430436,0.5361352019010599,1.0632022778473191,1.8418543968867636,0.8971866543325794,0.5973407461784379,0.561091221811444,0.9884409727119992,0.9284122489938623,-0.10217260539057126,0.6314107698180896,0.49354322878033846,5.417733461525412,0.045687554849780154,4.932506992579335,0.5513011867426167,0.09764260540348839,10.835466923050822,3.400108863026416,2.1981331828531308,6.352010099693144,1060.772889587202,0.0757586694463078,13.715661347458658,2634.5117840308526,2.2980889735975643,32.4727181831167,65.01571204113698,1905.598985859163,2.769257454799338,0.04398937678402694,0.08437877168245696,3.441999003245077,0.004594407254011686,1918.4608333094495,0.17955585376599784,2.4925797483587564,33.20659133827644,2.1906362701705797,68.65472766270103,0.09517628223797273,0.04445089146416077,3.7063857819675325,6739.1671074575,0.6285145324201965,0.7629844088207179,0.4598519959728221,0.8200963815084346,27.70750510429859,0.03681108980799206,120.46418056918547,0.11821803785003482,6.000939942852245,43.98233562315996,27581.839057899902,757703.7948969578,1118.8195683461008,0.06009503623530728,378.72914622178604,0.3716674643982199,0.63365287851674,28.679941691893262,0.03930307426055797,5.364703485227307,0.07277531781174118,27393.026107490554,19.930825948948875,0.0005641251266773932,61.56478447810087,0.023214252141409993,0.04376051435652758,0.6157872601241877,0.4636611439358815,30.1792784011207,65.08908239525483,58.309518948453004,64.66065264130883,49.396356140913866,72.86288492778748,27868.50000000001,40.081027712171476,0.3480277798452055,12772.598952671116,0.4583166999541099,28003.999999999996
IMG-0CCEB31762,R1,dual-habitat,1,1,extractable,none,,1.7898303866386414,3.044452428817749,40325.228689461466,3.0594200210850717,0.6620377898216248,3.3454765296324025,4.947664737701416,2.4427426314872243,0.39546655375238704,2.4554686546325684,0.6325085163116455,4.3151562213897705,0.27393375882485554,2.4934458857280597,-0.038477339877157415,80650.45737892293,0.14204150803138788,0.2502808213690586,67.652736348182,400.3698690513842,-6.901771599030045,11.261619141898699,4.76129636644401,0.40522282566723217,1.6409728246825293,2.3475103775599964,2.043301226477026,0.5023580692178635,0.4411757490981221,0.9860876689883791,0.9210058676675129,-0.05887097044496852,0.529935845933829,0.4248605088198361,8.125505540365735,0.023857458076153783,5.9020089008458765,0.43561791505073266,0.04819096988607003,16.251011080731477,3.778819695554903,4.005728877085678,6.228348680848887,721.940795559667,0.11130755404866897,7.147024702461688,921.2812210915819,4.113413396666689,73.38066604995375,29.99383287079864,2031.3075855689176,0.5403731949856393,0.01876784076765446,0.1600211172624533,13.677826517113997,0.0034995657027042386,764.6473835078086,0.13793311000987812,4.330778497392791,74.17360605960621,1.586522031234599,114.35873428910797,0.029463219209213798,0.018885210827817887,3.77750383640811,4172.598659033668,0.7512959116196966,0.8546217889418629,0.2122072199042385,0.8897680270262541,66.5630336349846,0.0168843178597263,103.4412331406551,0.099654367187529,8.447303061690446,88.72061657032755,2045.5722543352601,139177.2668593449,32.68572084635489,0.022329333376362257,370.0597302504817,0.3565122642104833,0.6196829546577186,56.98765758280702,0.015000217126684482,5.679519852687307,0.16003700277520813,2006.5278158307997,4.322188717841636,0.0011731047823378823,166.95252817669842,0.03105968087341527,0.1557401613508313,0.7013792473862701,0.6247799432848071,29.92218769177094,47.892362764485945,54.405882034941776,50.47771785649585,46.51881339845203,57.697486947006624,12693.333333333334,33.59070935130538,0.30696672137585707,8572.548525807839,0.6753583397432645,12972.0
IMG-8605D71E24,R1,dual-habitat,1,1,extractable,none,,1.907773196697235,3.0326191186904907,13953.850065888135,2.8898061498640306,0.5678744316101074,3.5743197507820432,4.390117645263672,2.452613613404871,0.34658096007079436,2.4395647048950195,0.7938697934150696,3.5962478518486023,0.23487035315671642,2.4925400779167886,0.19789545100953237,27907.70013177627,0.1617637846723055,0.19744250336253388,53.39535511484307,209.65585623835855,0.36884941042170555,7.962399755124066,3.91732237278612,0.3393318429880913,1.5140606801697132,2.2235831066728795,1.6059632679394167,0.5145160912751903,0.4560338809956078,0.9835668655035502,0.9133855916517744,-0.05090058859931652,0.4810113020824821,0.4404936416488076,7.237635191451579,0.03112568716395913,5.50305828494147,0.37494048840081934,0.06485717405804763,14.475270382903156,3.5283195108368735,2.9699305319775466,5.922178169297967,262.8130008904719,0.11701380271169722,6.42805216595606,363.3214603739982,3.2669734816977485,57.39358860195904,27.14959928762244,1410.3205699020482,0.6062538530845728,0.023678950764306417,0.1740018283806721,12.067505333131766,0.0049781763374896985,302.1624911571966,0.155795693793682,3.4766404404264484,58.13220762957744,1.539519271680466,86.44361938978636,0.03596822819675942,0.02387377885925674,3.575496026799042,1481.408526265908,0.7624130968020791,0.8633810534968149,0.19304440123556965,0.8954464957488486,52.581537417313136,0.02152021140984056,43.2962962962963,0.10690443529949703,7.126633135192806,71.8,668.7358024691358,32879.328395061726,14.343416849888403,0.028592466502420748,144.56543209876543,0.35695168419448253,0.6190909198663387,46.821266622675296,0.019722308329220416,5.400297399907008,0.1803205699020481,637.9812467611645,2.3048901803308954,0.0031522537509124453,107.06783069480751,0.03447515157755384,0.26938946614534004,0.48346920564735135,0.3041407624902134,15.206175730341974,49.99716449001563,50.15974481593781,47.80167361086848,28.30194339616981,50.67543783727971,4309.833333333333,24.17208940060782,0.33519678717212187,3820.8318705682354,0.8865381965044825,4492.0
IMG-76EDC743AD,R1,dual-habitat,1,1,extractable,none,,1.488208031654358,2.730781388282776,32328.758288216173,2.9866415693011854,0.6515643894672394,2.7669236207453203,4.175862789154053,2.1253365176833947,0.38242171527896335,2.1384888887405396,0.719150722026825,3.456712067127228,0.2723729804703565,2.1775393590800256,-0.031104796520085274,64657.51657643235,0.14433765950586688,0.22462234694407016,51.20221655821341,326.88633584720924,-6.577912530936599,11.196412605962054,2.931430626319381,0.5845959570326197,1.3043996699465714,2.0524963243160856,1.2175944156147138,0.5481932858893843,0.4988412465556333,0.9875082661710471,0.924036246852397,-0.11272200925590721,0.6883708771701076,0.46810895560618787,7.009673042260015,0.02820027794925771,5.567305580161802,0.6092394886315119,0.056392668584104196,14.01934608452003,3.7678824560747612,3.5319608080703597,6.483765605723637,606.7084188911705,0.08898627440468912,10.058343826295912,984.0941625110003,3.713842647811373,53.224405984159574,46.125256673511295,2358.018480492813,1.1740039841247127,0.027866222109747412,0.11195187796182625,6.795266938881977,0.0036733696734033454,770.287077528985,0.13991797308099804,3.929864219313508,53.66619232934745,1.8617815552137538,97.96389124102978,0.05051953497939925,0.028309964471623303,3.883233836690865,3780.5075911556714,0.6853328708016423,0.8074779430015568,0.32196305476374054,0.8540056837627795,46.16308222025854,0.02446691396315908,67.47093889716841,0.10055281504794099,8.063783618106747,63.32339791356185,6342.128166915052,341076.041728763,136.25911671683122,0.03673089680140286,264.043219076006,0.3935070329001579,0.6482013706098225,42.07152107752785,0.02295664361090188,5.3023802509522495,0.09841595775887357,6238.88318478326,6.540856399358311,0.0011956375330142881,95.00069461659982,0.03398495240468307,0.10674240780745264,0.5278425227588579,0.34444161880562424,19.85060598314783,57.63126434018401,55.036351623268054,56.824290580701486,36.89173349139343,57.51521537819362,13520.833333333321,30.420231959105333,0.4088260928993589,6713.481930901978,0.49652870983558584,13636.0
IMG-13AB453ACC,R1,dual-habitat,1,1,extractable,none,,1.6646029591560363,2.823500204086304,77868.84633394545,2.8925437072654554,0.6200032830238342,2.9112691283938337,4.512079238891602,2.259742982685566,0.35893577353201545,2.2671515941619873,0.7887687683105469,3.7233104705810547,0.25593594256215135,2.303132068553743,0.08214737720727291,155737.69266789086,0.15413287276615018,0.19797897740398554,44.41401788192166,243.93640067952214,-3.3430403166856664,9.45050251292717,2.7902394553811094,0.5431711871556655,1.2441135451370888,2.028927894132526,1.2318561605256817,0.564288748163677,0.519089999616282,0.9895335787182403,0.9314973106118465,-0.1040046691702928,0.6592424470269427,0.4715868340365059,6.538259679912186,0.03203750894571088,5.396360864023597,0.5882763389610688,0.0629425431938027,13.076519359824374,3.650854406381625,3.0601854920770686,6.50045812160281,1207.4437329700272,0.08225093548842148,12.277270062885608,2262.6705722070847,3.2661983532433982,46.56403269754768,54.16144414168937,2245.9851498637604,1.7895716371105654,0.03125556499550986,0.1017076595669472,5.689391058064512,0.003950033916888495,1738.1500539451433,0.1499696252281965,3.4432833884972593,47.48432767057735,1.9861923921287723,89.46108742473952,0.06269671412784629,0.03120748366282314,3.852954054672561,7697.151524561879,0.6625713310862316,0.7895462167260532,0.3743975776973236,0.840922963260385,40.516545568091196,0.026297959576042914,136.6754716981132,0.10315129939480241,8.152752438590246,58.82566037735849,17121.35849056604,764442.6520754717,432.5106020602774,0.04229628386752371,494.90943396226413,0.37351655393378425,0.6347752076495732,38.841100742298124,0.028468933715494447,5.514831804582326,0.09025885558583106,16998.60881452474,14.39720137500883,0.0005635726063663601,94.63472528100957,0.02839975177476406,0.056269022687800076,0.8034290860599693,0.5890176049853247,35.72115588716872,60.64531108210034,62.76941930590086,66.03029607687671,83.35466393669883,97.05668446840743,29014.500000000084,48.72420685651441,0.34004283655148654,13428.491278535945,0.4628200133910943,29359.999999999996
IMG-F990629A43,R1,dual-habitat,1,1,extractable,none,,1.614188015460968,2.6245216131210327,33784.71162054949,2.7610747561144433,0.5034070014953613,4.393548131429611,4.475646495819092,2.0982306130995054,0.3163994221188477,2.0658674240112305,0.8239220380783081,3.6517244577407837,0.2099729450268909,2.138727513690341,0.6237183415947795,67569.42324109898,0.18059723062689348,0.17158367206814307,34.96240539735632,191.01192545760827,6.151876870589255,7.191967605851546,2.9146454631137666,0.42050855497059375,1.2427922915031435,2.0448359698034295,1.35784438325293,0.569019416454484,0.5254590520662901,0.9877470997440678,0.9278949108466966,-0.07087457074492853,0.5451096260137351,0.47247212702693275,5.821665612821785,0.042124114352124445,5.175274093646408,0.456667239439889,0.08875216742793832,11.643331225643575,3.4499085294569225,2.526653267241328,6.341336923656181,570.0796100731113,0.07718380856662758,13.91655050439393,1333.8911454102356,2.855043488353967,38.11156241538045,58.93690766314649,1917.3747630652585,2.170780087642705,0.03877438013575333,0.10353318856920216,5.67223452217266,0.004465149147173458,968.3968038874427,0.16797993910339745,3.19761317877938,39.393239724989044,2.069182844532266,74.95435893843235,0.07890969882805754,0.039213610186919705,3.7839874994995735,3781.2930131597977,0.6540961901462558,0.7803953425399404,0.41702757186758804,0.8357259549595822,33.80429475131644,0.03308074396009633,73.77586206896552,0.10599980182322631,8.256686401770379,59.679597701149426,10914.715517241379,352521.8591954023,370.499795831773,0.047811775734257364,265.97701149425285,0.3821508785836967,0.6416080106177457,40.80986241474777,0.028919044977790825,5.3756977892913955,0.09423233143785541,10802.099509512485,8.335105165564745,0.001041253349868316,96.25085067075806,0.02535944074164094,0.11225080848486702,0.7332720645968412,0.49800392287143846,23.21589301638129,46.61789184816232,48.08326112068523,48.25971404805462,37.33630940518894,51.730068625510256,14686.666666666659,34.18359780265424,0.4575629436406643,6338.435927704565,0.43157757111016126,14772.0
IMG-EE31B11EBE,R1,dual-habitat,1,1,extractable,none,,1.521582043170929,2.913746452331543,16276.925329133705,3.1410725788341365,0.7169795036315918,3.7823236092364363,4.838205814361572,2.1802619512335695,0.43007656129632393,2.1290183067321777,0.7620254755020142,4.076180338859558,0.29789987611489693,2.247622740909667,0.6586786497832385,32553.850658267405,0.1327074762620886,0.29826580945747233,39.24867280013824,655.4712504238734,30.594417931477537,13.632400220090217,5.1752895573372575,0.4490738711856744,1.7185442087442244,2.3980995824553633,2.1950952907004444,0.49102779328207435,0.4269101754140993,0.9832145810412355,0.9135053001341445,-0.06896575387526377,0.5750974297422718,0.4153922996330723,6.093471683255681,0.02201924135228383,5.995014064449408,0.46511127874834196,0.04489242253808074,12.18694336651136,3.874352678824315,4.70192244435687,6.225905409858026,366.17442582247054,0.11364817685365317,6.942258009702846,427.5834885164494,4.891535286001231,44.08410924891372,28.754810676598385,968.5763500931099,1.2254839856586672,0.040372394694103926,0.1678598183091673,10.186628575634945,0.007537594175914086,356.473348420856,0.1288208430144172,5.128094411656297,45.385965442990354,1.5658615881434221,65.53272169488554,0.06369911335130243,0.040282331270883986,3.83612244020793,2101.878998587985,0.758296344360796,0.8588311130210571,0.20561498521287896,0.8934278557575264,41.44804111718428,0.035972268408440256,53.89009009009009,0.09709926142358574,8.799558477396316,64.41621621621621,1090.8720720720721,31270.787387387387,44.41465319607103,0.045496976634348436,195.4108108108108,0.3520915510104699,0.6154622889886373,42.205046494267854,0.029754627717953508,5.607470983199397,0.17225325884543763,1057.169340150962,3.859436159780253,0.0023389899549772796,142.3878552329677,0.050010223465231166,0.26258769432686013,0.9532147485455025,0.6719590521981789,23.178193931009087,34.49346184888244,38.27531841800927,43.18564576337836,35.12833614050059,45.475268003608285,6349.083333333332,32.879676562746354,0.3963750215669302,4183.29537783137,0.6588817878430804,6443.999999999999
IMG-94E4BDAA75,R1,dual-habitat,1,1,extractable,none,,1.7488014459609986,2.8250349521636964,66797.60438807248,2.857762240968638,0.5500385761260986,3.85429621736473,4.867326736450195,2.294566450357262,0.3376741357934804,2.2938520908355713,0.5796065330505371,4.287720203399658,0.22995323423590458,2.33523250075098,0.18064262513193358,133595.20877614492,0.16517668080635117,0.188275637458552,60.7260864482358,219.85967782218117,0.20910761741525757,8.21103562303247,3.033584071827367,0.45836663242373715,1.2856444183077957,2.0745653469087504,1.3691563343669462,0.5587944198798086,0.5123756072293154,0.9909911503005685,0.9365734886036429,-0.07623059237477375,0.5735172151165726,0.46770618142184983,7.709194158898285,0.03591040805167897,5.351012627969954,0.4875296645513539,0.07791345015143937,15.418388317796568,3.55804810701157,2.8111549237149593,6.407658106884494,1010.4053392113642,0.08248880228682866,12.139643782644104,2023.2491631969956,3.1278038021847543,62.7687158135358,53.40052249163197,3180.418319862846,1.015641341070028,0.02056540777212625,0.10549290049422091,7.857588801495918,0.002787568547136972,1512.1571659631602,0.1559864028621061,3.454268453989803,63.47976048817419,1.9746909364288074,121.82104873983758,0.0396538635206844,0.020909221452880464,3.8368727048582802,6466.096122535182,0.6653621090386431,0.7914052638519943,0.36993680403360385,0.8424671725900346,53.97287173010712,0.017862654394136764,106.71558796718323,0.09727947854802482,9.98469015937225,79.49498632634457,17552.44576116682,1065999.35278031,308.39611604412846,0.028573280910812467,466.126709206928,0.4249104003709462,0.6778182363253378,55.65554743103691,0.020435522571232538,5.435637064428798,0.0895583312923504,17427.768281606666,7.974897458886994,0.0006479225712099728,142.7673300857371,0.019323834474070437,0.10323690423995287,0.5182639118105481,0.4294690208053677,28.547161325189904,66.47082779488133,64.25729530566937,64.28841264178172,41.97618372363071,65.42935121182236,24474.08333333334,34.44943123426051,0.37111862978179716,10984.382766025552,0.44881692263689343,24497.999999999996
IMG-38EF930E76,R1,dual-habitat,1,1,extractable,none,,1.9402008295059203,3.149624109268189,9913.145702534028,2.9999199722506815,0.5914027690887451,3.6353770301457766,4.405960559844971,2.5445838792548443,0.37484138507721665,2.5580894947052,0.7426063418388367,3.663354218006134,0.24889118042477487,2.5906902882482075,-0.08380156916551246,19826.291405068052,0.15341304195360228,0.23676905105994916,74.83900092088433,315.8230630047628,-9.816927763501134,9.124608261518109,4.896133487036583,0.2986882594497323,1.683620471674942,2.359174965013067,2.027871377023526,0.49417860782019535,0.43093241931583887,0.982044752211137,0.9103481201188981,-0.057699494203404145,0.5164063241659788,0.4202972168393269,8.58948545788523,0.028941777716244194,5.6911385561335015,0.40855464954403975,0.0673176324994133,17.17897091577046,3.593542242620113,3.505185437138673,5.828443367906245,204.71699390656735,0.13860324570519117,5.918471860791215,226.59106296547054,3.8392906993214395,79.90792146242383,20.54637779282329,1560.582261340555,0.30273956693730075,0.017017205276278386,0.25134176401017644,22.494922533732133,0.005085804950194121,193.99921045409772,0.14730550499932488,4.069855104917691,80.38158747114127,1.4177522627728447,112.13407809867597,0.023506810103475627,0.017257659346970256,3.5666538503781484,1069.8747387471662,0.810267933385459,0.8913598250091143,0.1523385124173708,0.9184984898166592,74.17088933296574,0.016018348207385655,47.19724770642202,0.10825056813399546,6.846919451224645,88.59174311926606,102.52064220183486,7836.8899082568805,1.4142593451456187,0.02008368619473505,159.72935779816513,0.3663517380691861,0.6274171399355477,58.93397262944811,0.013363313511765415,5.348657999671488,0.29519295870006773,91.04470898914235,1.1719343684233416,0.0048085796224503,132.71140170455305,0.03916966007231682,0.444864793089739,0.5603682935605009,0.4779205346212327,26.447902660921034,55.3395402477984,42.94182110716777,40.26164427839479,49.24428900898052,52.64978632435273,2729.9166666666692,31.01052373508145,0.3101968910652527,3045.179823902858,1.1154845351455862,2953.9999999999995
IMG-41EAFCF85F,R1,dual-habitat,1,1,extractable,none,,1.9550674319267274,3.0826486587524418,10955.72071573844,2.905473000764644,0.5786991715431213,3.267710561191831,4.170938968658447,2.521650457953265,0.35374532683684123,2.5144803524017334,1.2492295503616333,2.921709418296814,0.24258145608483167,2.5613105641119356,0.14598773854089114,21911.441431476876,0.15740256014916276,0.20159077373549147,31.880542130436968,196.22671312458084,-0.45776668793908676,8.02345752193993,4.27072879172687,0.30387119199860124,1.5886013471241656,2.277752198450493,1.7267517753094783,0.5035676730760947,0.442201675354185,0.9728782405049881,0.8908778112842247,-0.045964798687010276,0.4610204484199171,0.43044204941204,5.5623730858940315,0.028791307023831817,5.566172517438316,0.3442858271801802,0.05656017093596688,11.124746171788058,3.5328300765814022,3.0735465784167006,5.841922628703872,212.05508982035929,0.12697909570081395,5.584389544264764,262.8622754491018,3.3375581770590554,35.07425149700599,23.08383233532934,740.6215568862275,1.0592049101784873,0.05528475219513436,0.20241007597856164,8.771898895591033,0.013786199278897198,223.8483988209364,0.1527390330644603,3.5082187653494654,35.47440395965708,1.4672780462862387,50.45676438640403,0.07866755245563167,0.05628061357319907,3.5277016545059166,1152.141553946887,0.7848696590478182,0.8775679410409951,0.16479956408005486,0.9068447887423036,32.454251229491724,0.051752803005768205,38.656160458452725,0.11076263741676998,6.539026773179203,44.24355300859599,323.17478510028656,9694.756446991403,13.20485527472031,0.06970975808746681,139.17765042979943,0.3987898293117462,0.6559387321940688,31.21841408572079,0.04821154970717008,5.108244087253787,0.2089820359281437,300.27760034810876,3.253233538156871,0.00424230123438207,66.43390929175416,0.05820232685777848,0.19984566853246621,0.6479190512199461,0.4323809873698009,18.15128401949413,41.97983849824078,44.04543109109048,35.510561809129406,33.526109228480415,44.9221548904324,3176.250000000003,27.199537130146737,0.32892633549761524,3176.8394209143876,1.0001855713229073,3339.9999999999995
IMG-ABFF501689,R1,dual-habitat,1,1,extractable,none,,1.8006115674972534,2.75299711227417,5084.520209289332,2.676382024614375,0.48188045620918274,3.9305875227031133,3.859560012817383,2.246913271813305,0.299057161602968,2.2145309448242188,1.0638357400894165,2.7957242727279663,0.20103912167669497,2.2801087516868015,0.5768739790188021,10169.040418578663,0.18889808925188503,0.15027666846797408,30.73197639539256,135.2922324629357,7.7685688521123994,6.114730160148996,3.0555743685576364,0.33205161208329564,1.3082552695610405,2.0694411672526645,1.3266150017089549,0.5515237686219601,0.503630593717894,0.9802910964667776,0.9080297195958301,-0.05847151301593974,0.496778956268069,0.4696960793550111,5.474122694177349,0.04382792007816134,5.063535427667132,0.36815707418293386,0.0939100779673576,10.948245388354698,3.3022393150696376,2.292576132176658,5.893480605080622,90.7239263803681,0.09276475090017187,9.627724039293913,184.74233128834356,2.504553134187294,33.11554192229039,43.239263803680984,1246.741308793456,1.7679959531651932,0.0454353857140958,0.12344164221914815,5.275232899791281,0.00917980488429587,141.4688051353214,0.1773289356063731,2.756135236259669,33.898608766967754,1.810313798364861,57.728569325566255,0.07967032428621296,0.04642821387577936,3.548998513514047,554.6304015365549,0.6930279975831785,0.8154789995280792,0.29626845950096425,0.8579474337226445,29.62149111036213,0.04059228110253375,15.461538461538462,0.13214990138067062,7.10190664036818,46.888888888888886,1264.6666666666667,34991.0,50.05021381895811,0.07576829258737629,41.888888888888886,0.35802469135802467,0.6216640576283267,29.2414397937734,0.059835512980584614,4.963505072463623,0.1196319018404908,1194.794214332676,1.706884527109643,0.0075736079177743925,56.78414083743341,0.03548583895858621,0.4030006868048926,0.77849108424247,0.36783183886757215,8.383066976686965,22.79048763830654,21.540659228538015,23.3238075793812,19.313207915827967,25.690465157330255,1923.916666666666,17.742191431959867,0.6129163975930512,1220.5073207904165,0.6343867912455062,1955.9999999999995
IMG-7CBC99386C,R1,dual-habitat,1,1,extractable,none,,1.845635986328125,2.9424718379974366,40468.041342336874,2.8731225423893543,0.572348415851593,3.6745500292733766,4.967898368835449,2.3984750249148394,0.34413618609879393,2.39495849609375,0.8039847612380981,4.163913607597351,0.2376208216826074,2.438070832925021,0.23525817199724033,80936.08268467375,0.16159740182628857,0.19150694121946543,51.35945561586646,218.88126352174172,1.6168850548271487,8.314052086111317,3.8796227057014097,0.3632599806251304,1.4851387298199026,2.223315673630705,1.656186827229369,0.5227938861195772,0.4664012702641751,0.9872234581908329,0.9238604830373203,-0.048960096239201154,0.47453453532806955,0.4417719807605076,7.088722013813827,0.030299812189940857,5.5407129322728474,0.4226735021388832,0.06905614613703119,14.177444027627654,3.5647872678239882,3.0484186979531818,6.128858226520743,704.228848413631,0.10344137021351807,8.179584466191017,1100.1551116333726,3.1919698398648992,54.227967097532314,35.36398354876616,1776.183901292597,0.8360497966137419,0.025021571404277798,0.13850600157825496,9.059756485673693,0.0041373471340260684,886.6962546536034,0.1554059448364541,3.416586153192071,54.87587376108536,1.6795162291674341,89.43824254964781,0.041300813875723784,0.025269641926162306,3.6641075642239893,4161.265486195056,0.7275649270174119,0.8379282292325771,0.248239534264915,0.8770760577729959,48.604821763742656,0.022328185018553773,89.68597914252607,0.10392349842702905,8.479993125385187,68.30475086906141,4804.871378910776,257292.48667439166,94.88143420064685,0.032287585211446895,342.0521436848204,0.3963524260542531,0.6545465112478744,47.265478348402624,0.02155400449435936,5.411698010215048,0.1267626321974148,4742.638842379315,6.227104930206424,0.001077637635115486,125.1996359190505,0.028415110960520518,0.12078320075526416,0.86967492779901,0.6962046399560563,28.39613297703774,40.787049306120785,44.40720662234904,47.53945729601885,41.6293165929973,50.20956084253277,13501.5,35.47147416043526,0.3278314879932065,8364.143464999433,0.6194973495537113,13616.0
IMG-0E260E9467,R1,dual-habitat,1,1,extractable,none,,2.0114524364471436,3.006299376487732,48709.98375725983,2.7661525779315213,0.5125884413719177,4.193598467014791,4.786561965942383,2.5091735463739706,0.31559875602479626,2.493709921836853,1.004719853401184,3.7818421125411987,0.21292612884221215,2.542368783950642,0.3850787434958,97419.96751451965,0.17791279142493946,0.1676871477837377,42.789570825346416,160.4133137725897,3.89370777164771,6.446873422135052,3.740948887802319,0.2627382712420001,1.46960580134252,2.1993731486476586,1.565845331210993,0.5226714723720348,0.4665536051073348,0.986111862771797,0.9203201256576024,-0.03116202345795673,0.3671368876062072,0.447081829818393,6.489424883603336,0.03621355108923175,5.318471881616322,0.3126737744392257,0.075004782180531,12.97884976720667,3.369063495897407,2.546955577484343,5.854942372029387,839.8168789808917,0.11144066865457693,7.258512219900741,1340.750796178344,2.796464426520571,46.15246815286624,29.557059447983015,1241.2116507430999,0.8135124561027726,0.030011181906116253,0.1696419405294195,9.64639985236369,0.005736613033196876,1097.1527900254662,0.16989010725738657,3.0104945238966243,46.753937838966294,1.5769241631435382,71.27468225547872,0.04642874458682615,0.030343364012291933,3.4870421518196624,4884.00984634732,0.754346040293811,0.8568410093091621,0.20784440910772778,0.8911077205004081,42.10368917222242,0.027266261065225485,154.75688073394497,0.11831565805347473,6.746263291529893,57.92125382262997,2314.353211009174,97586.73165137615,57.30704158898399,0.036077632580653524,475.5611620795107,0.363578870091369,0.6265755716099108,39.2945430388054,0.022266590136647602,5.460748342184501,0.1735668789808917,2281.15869876273,7.735812016507726,0.0009082548319221922,128.4296272108755,0.025147879037110518,0.10905823885020542,0.589248158126572,0.4854287563433669,30.608355989750805,63.05427025031879,71.11258679024411,67.05221845696084,42.54409477236529,71.11258679024411,14636.666666666695,37.15461260701545,0.23909853044424204,12102.321129765382,0.8268495420017326,15071.999999999996
IMG-2D81B46B15,R1,dual-habitat,1,1,extractable,none,,1.546731412410736,2.4187096118927003,40628.37552065741,2.5873074971305408,0.4364602267742157,4.868444163437271,4.561801910400391,1.9916686396914334,0.27541953713043776,1.9880412817001343,0.5512661933898926,4.010535717010498,0.1826779094010745,2.024371766521134,0.38310105783426024,81256.75104131481,0.20364305917719094,0.13133707875757222,42.655569177804516,121.61939958827102,1.1061528175983069,5.369454150129368,2.5163854927060045,0.35933963568979854,1.162585680064454,1.9593981350334317,1.156004505999366,0.5812189820172662,0.5407247064517807,0.9916161297156857,0.9390766099310195,-0.054795016032893135,0.4717497290664491,0.4816278829971987,6.4762710794782254,0.05133466873529551,4.882289013739313,0.3999248977254171,0.10030966501861792,12.952542158956451,3.233718057198444,1.971459910708843,6.183787224095001,737.1170062537825,0.07435112025961091,14.219023362873505,2018.917288682671,2.205170528681012,44.54175912850514,64.97135364131532,2740.238349808352,1.7171782020729658,0.028848562780394188,0.0920400605962238,5.220904610995557,0.0033959956124785143,1423.399006843959,0.18779994655139015,2.516419351774116,45.24122078405847,2.1783000967413497,95.06029339131038,0.06094837213614757,0.0294167619403401,3.6775525102035043,4800.888219104329,0.6319532450172862,0.7644589624617866,0.4586332551816575,0.8225243006385395,37.730651826041296,0.024567351712119233,96.97506234413964,0.1209165365887028,7.694978576003881,61.0286783042394,21215.418952618453,901256.1733167082,529.8404529058279,0.0393787221259467,328.0423940149626,0.4090304164775095,0.6646056105840022,42.06682775519164,0.027841741476562053,5.165465639835159,0.0808957030461973,21062.60989670462,9.001975659324415,0.0007442003360318211,107.37115732850097,0.015890928693916038,0.1070428956135941,0.5975973579219489,0.46957139616623333,25.25177431275059,53.77621916265783,62.26556030423239,56.824290580701486,38.078865529319536,62.465990746965666,19748.333333333336,32.136526490636,0.4633400870978127,7625.550729232464,0.3861364197433942,19827.999999999996
IMG-9E4E3CF0DC,R1,dual-habitat,1,1,extractable,none,,1.947697937488556,2.9826329946517944,30402.404802902936,2.797286212552959,0.561051070690155,3.0266293281436956,3.966327667236328,2.4652130143220075,0.3300738049939668,2.4629454612731934,1.1753329038619995,2.7909947633743286,0.2317008407532937,2.499585037608219,0.0732053291052829,60804.809605805865,0.1680361260912893,0.17065015425228522,40.725472464247645,134.97113930781958,-0.16999314284907727,6.799604931409172,3.586517811662216,0.3074266453294483,1.449228996856282,2.17451954832588,1.4691188447207182,0.5246397644572022,0.4685806366641462,0.9769452722156697,0.8991013313249406,-0.03795630684376146,0.4070965787448243,0.44672172764226403,6.318344351670705,0.03326891105089275,5.359912984265468,0.3241172616363083,0.06359920067934009,12.63668870334141,3.419742236594308,2.5965306857678465,5.951547637648082,514.6276202219482,0.105759889071506,7.832177574787284,817.6637895602137,2.8441389113148117,43.88203863542951,33.14138923140156,1355.5363748458692,0.9634227040347114,0.03236550141069784,0.15181152756973212,8.2934725645339,0.00607573351622846,662.3685675488795,0.16107421749623418,3.0585807320834375,44.42429107241716,1.63777272210559,70.56406541171599,0.051655687573546924,0.03285203494289226,3.5593621106925677,3035.4528738264517,0.7365642859114464,0.8449682253628,0.23111407460842326,0.881961727117936,39.59088891994145,0.029305457715509447,85.04761904761905,0.11911431239162332,7.127525520011927,56.63865546218487,2839.5798319327732,117371.35574229692,72.66930191196795,0.04279089140684915,275.6218487394958,0.38602499823458797,0.6458028229004004,39.34454979072317,0.02850546839551696,5.2087494484581764,0.1467324290998767,2793.1338888496575,7.861014943613616,0.0014736366899963569,61.77823126886277,0.04527709669633509,0.0693325114863172,0.8727980811735007,0.7544189543754138,27.963224008375985,37.065908599190536,46.51881339845203,44.598206241955516,40.85339643163099,47.22287581247038,9588.166666666672,32.35105390232586,0.3148717599925434,6931.71655824507,0.7229449381958734,9731.999999999998
IMG-D9B504042D,R1,dual-habitat,1,1,extractable,none,,1.6070675373077392,2.829627847671509,55898.251133821395,2.980945939988957,0.6643977165222168,2.767946394293365,4.143375396728516,2.2220077345693423,0.3809184325826201,2.2211315631866455,0.9288809895515442,3.2144944071769714,0.2720823990575129,2.2714579144705196,0.11526250094920357,111796.50226764279,0.14462348531920904,0.22220268472478177,43.97566508995553,333.12576320336314,-0.32213427516983006,11.1297889649391,3.0273583127874693,0.571745790493454,1.3292710672229051,2.07315601213929,1.2436579818227134,0.5443850761791709,0.4933750865530879,0.9852737088954784,0.9179374426035912,-0.1051137337899957,0.6679120585001237,0.4601540159941201,6.476853267706266,0.02743648042575717,5.597073946432947,0.5834129827517323,0.05366771283859325,12.953706535412532,3.77458335619201,3.5392868194316427,6.481726166107232,1005.4716632822596,0.09280705771481074,9.351923086950064,1566.850839948311,3.681350016352637,45.02907513383792,47.32545689496031,2022.304688942219,1.5487172828420812,0.03524082182165083,0.09106174400437006,4.501085445175958,0.004441799985795195,1222.9129843701091,0.14085024562560616,3.870185691695831,45.445630553231815,1.8948854638423542,84.10970958759003,0.06510657007829425,0.035825139899204286,3.9003796423745887,5866.607941099356,0.6741487235040852,0.8014512716377217,0.3309448801077638,0.8476681998162575,38.811575936076814,0.03077917600337435,75.25,0.09598214285714286,9.035844439816742,52.420918367346935,15911.683673469388,689152.7461734693,427.70266598496215,0.05762956896618277,282.0561224489796,0.35976546230737194,0.6230832895859777,32.353792328211455,0.03759192269925409,5.6391161785395045,0.07236477755215064,15720.722296699287,12.096531560011965,0.0008068770019677063,77.27483669096051,0.03677252144071083,0.05992322310555553,0.7601727059653252,0.5105172948343929,26.427120973897175,51.76537845298638,53.85164807134504,55.362442142665635,41.19465984809196,56.789083458002736,21576.5,39.3506278139258,0.4154698169214509,9021.220766334127,0.4181039912096089,21668.0
IMG-6827311D79,R1,dual-habitat,1,1,extractable,none,,1.758477783203125,3.019990777969361,29857.361809375026,3.0322166145946667,0.6481802463531494,3.1755937310670252,4.330300331115723,2.3648373951477675,0.39094362301201613,2.3416261672973633,0.7952039241790771,3.5350964069366455,0.2724241185238826,2.4155609877527544,0.3046476445353489,59714.72361875004,0.14288548111001467,0.2424789800637849,50.242778430886446,309.5501506748231,5.680240862967593,10.31774911758873,4.99832943721249,0.3466639394078739,1.707986394844993,2.3746935653959826,2.044039563414193,0.48954795532442075,0.42481285299691945,0.9793479499826557,0.903983928481916,-0.04767146119113574,0.4717859062734948,0.41599657837623233,6.993733317404741,0.023722858334704316,5.862397694847415,0.3751420477660423,0.04863135348135657,13.987466634809484,3.7156724888392523,3.829019638700305,6.05101653930681,638.4574946257572,0.12477183791787322,5.896230893973726,731.1450068399453,3.989016979234667,53.0766073871409,24.584913034981433,1175.861051397303,0.6344374199926387,0.027869840726346226,0.1831464595672471,11.427774268111126,0.006009371074294932,618.2497981983596,0.1385117027612136,4.199337682780411,53.710208218870044,1.5056519389446068,78.2155709553835,0.041316907075767004,0.028138671714629866,3.6803639066379636,3484.4346020111707,0.7781503553111467,0.8721907367598202,0.18261305048874263,0.9029273386049655,48.927605466482426,0.025608933449344538,95.51446280991736,0.09867196571272455,7.929406290553923,64.45867768595042,597.9183884297521,27768.97623966942,14.09856828845633,0.03387074173974559,340.1322314049587,0.3513762721125606,0.6156983933344543,41.38583145100447,0.02190848462361509,5.685029224051896,0.1891733437561071,569.9749323389796,5.792368570864412,0.001424817148411767,115.31820073194498,0.0457198405609935,0.115181904631042,0.7261686386415898,0.34520889146006434,21.367515085907787,61.897348575043,51.19570294468082,56.03570290448759,46.173585522460776,59.782940710540494,9902.833333333332,44.947913350262915,0.2820460097931724,7906.855664806467,0.7984437785286839,10233.999999999998
IMG-BDD045A536,R1,dual-habitat,1,1,extractable,none,,1.8054174184799194,2.7352521419525146,118501.68493055309,2.6468805381445972,0.4866292476654053,3.7977554668692095,4.892025947570801,2.279469500874084,0.2924368503790194,2.2791781425476074,0.6799275279045105,4.21209841966629,0.20109926581390886,2.309820368187146,0.21565087096461727,237003.36986110616,0.18971187558807287,0.139288927877056,60.114712779025425,124.22941052919947,-0.024587415593959296,6.130567610729112,2.617234614022166,0.40079139362036187,1.211541432477582,1.9867838400324649,1.1393094033375024,0.5679436625871296,0.5239935241301077,0.9921602729054828,0.9397044463414432,-0.0586105665810244,0.496496756587785,0.47857799630139647,7.696502606117173,0.04298765638176601,5.0540570329715,0.4254601547264954,0.08741998810639137,15.39300521223435,3.3464677872881197,2.1869505561878197,6.243199741296977,1740.125568412048,0.07834521491207276,12.419195516165994,4213.6904686866865,2.3316250957239912,61.06775921840529,61.92854891720319,3695.095763360497,1.142321936265392,0.019555001688598896,0.08600277695958002,6.033556421535401,0.0019955951612029518,3048.2931573555566,0.17874163029085274,2.595241303851744,61.485730435066785,2.1431503736328925,129.77182054789753,0.04105259356280801,0.01981534573770914,3.7166494204147282,10841.517046675723,0.6343652254042819,0.7678350643998297,0.4392299648976508,0.8240484965837962,50.986097471353524,0.016499364336679773,179.3634069400631,0.1131630327697559,8.041757406283274,74.29211356466877,50030.81703470032,2999554.8529968453,879.6992367480153,0.024649442631985187,658.9470031545741,0.4157394341669237,0.6703852649377636,51.086553365946465,0.01710334884241477,5.276166996648715,0.07136103732384855,49834.44588124074,15.117004356552851,0.00032668621983987576,139.91216344367209,0.0136646677368429,0.05896281040194017,0.7243713976206596,0.6930137600745258,37.47888670338053,54.081013772872424,57.9396237474839,68.81860213634101,49.040799340956916,68.84765791223403,44358.24999999998,39.17473953139774,0.47802412891555357,12677.02193772537,0.28578724223172414,44421.99999999999
IMG-C67D2F1ADF,R1,dual-habitat,1,1,extractable,none,,1.5053964972496032,2.4635874509811404,65194.28916231805,2.6770248274216204,0.49793925881385803,3.577736029101032,4.266237735748291,1.9876045774724616,0.2992858108794808,1.9835044145584106,0.7092244029045105,3.5570133328437805,0.20681675239401576,2.0236399546299615,0.2184830836669818,130388.5783246361,0.1846801138228833,0.1445467095852699,43.559999839138676,147.29605049176575,1.941543244411247,6.8477996408326725,2.237279697576731,0.5068446752622384,1.1109847575052532,1.8946598984195246,0.9944488281040683,0.5882357989867726,0.5497720225459195,0.9915420095277672,0.93810534028431,-0.09093806384050983,0.6054310249459695,0.489767998515991,6.5120864082416,0.04368170811722106,5.023973623061287,0.519356906764899,0.08562184060277504,13.024172816483198,3.4302641649252683,2.271269834602351,6.399865201063778,1170.923743718593,0.07355048641448449,13.820608554708217,2940.1074120603016,2.4252707633645616,44.54145728643216,70.5748743718593,3054.727889447236,1.9021628409161235,0.02941740495258446,0.0767330709468226,3.946679562472824,0.0029676771045146935,2076.980850025095,0.17425578077845585,2.6934807620475305,44.928634167117465,2.294959226830131,100.9946148940741,0.06544314696595176,0.0300618399067718,3.814474369602025,7283.458022469707,0.6096812238299645,0.748709895632006,0.5018528009358685,0.8087300035192074,36.61010899690284,0.024749157495761655,104.65765765765765,0.1047624200777354,7.886302719135552,54.587587587587585,39858.54254254254,1708364.2602602602,1013.1696377411943,0.04278180302871854,400.02702702702703,0.4004274544815085,0.6578586735419739,36.81689548464798,0.029586395131354894,5.356356367687495,0.06275125628140704,39604.58848838829,13.842068086182431,0.0004997076605693445,100.74218005165352,0.016445888527816425,0.0684649419924802,0.7187774103949123,0.4719160954710797,26.72337352273716,56.62738308609955,59.22837157984339,62.39390995922599,43.56604182158393,62.77738446287803,31738.666666666668,40.70248377206729,0.5088984035608272,9526.034604687078,0.30013972246325443,31840.0
IMG-E025660C70,R1,dual-habitat,1,1,extractable,none,,1.8304892539978028,3.1675099372863773,5434.6096741553665,3.1014320716588917,0.6773021221160889,4.142721175074121,4.8914923667907715,2.4821042316664155,0.4172294768118463,2.419241428375244,0.7361821532249451,4.155310213565826,0.2850762330982175,2.539044961577144,0.668553862523034,10869.219348310731,0.1382581274299971,0.285907900053953,72.25230733894975,371.571054338368,13.722811823070703,10.221917980742855,5.712298918640792,0.2779740835505439,1.8054620110146116,2.448685485728245,2.418674371309253,0.48062106046975567,0.4142855845486212,0.9834446019160683,0.9140885317175914,-0.0664372692867872,0.565005856760428,0.4070498364860639,8.433311568405548,0.025495689782791205,5.781472025936277,0.37747888922375117,0.05618364523156546,16.866623136811086,3.6574907696292436,3.9835542248459124,5.766922718084788,128.90747330960855,0.15291515220594132,5.144407436019751,116.55160142348754,4.71921581540254,76.57651245551601,17.365361803084223,1188.8208778173191,0.28550052855068686,0.01805793988470908,0.2966057814637215,26.567597984314528,0.006189191064626732,102.0065729705067,0.13382365077196592,4.977566076961708,77.38383445909383,1.3527305284595932,101.63625779978004,0.02405544940642018,0.018219634888750443,3.6068517184987012,632.498851780747,0.8280455946714826,0.9040058399489006,0.12412836219527788,0.9271457667668174,72.32797040711324,0.017011237016982206,29.607508532423207,0.10104951717550582,8.166990879334644,87.33447098976109,54.24914675767918,3634.3412969283277,0.8723630230129141,0.02068059112279802,119.60068259385666,0.4081934559517292,0.6632693633420021,62.214977486379446,0.014617686071333527,5.1631452861551725,0.3475682087781732,45.97125184917705,0.7568709645546251,0.008546887522913067,151.10074160901112,0.05124511179293832,0.9229203323543715,0.47090837500433286,0.2600898720189216,13.439638789378888,51.67305702853801,42.80186911806539,39.395431207184416,30.265491900843113,43.73785545725807,1547.4999999999984,24.333275316815058,0.3313580984964314,1952.5716240791307,1.2617587231529128,1685.9999999999998
IMG-ECA2952C4C,R1,dual-habitat,1,1,extractable,none,,1.9642729759216309,2.9784529209136967,16529.079727476616,2.742086622717785,0.5432465076446533,4.144826920463011,4.885987758636475,2.4741037088730073,0.32039624840340497,2.456366539001465,1.2658742666244507,3.620113492012024,0.22336419247397443,2.507431307926461,0.509987230118538,33058.159454953224,0.17462321900110264,0.16602260171063357,28.876766784781605,145.9829914240662,5.5439591893606215,6.56943507946768,3.2217528826487363,0.34071088926015985,1.3528600375141546,2.099307963092614,1.3734018098852068,0.5419596376345741,0.49116004196477364,0.9864228801618017,0.9217206818495972,-0.050745306718882235,0.4614167831080964,0.4630226874138098,5.295129976642708,0.037101958017959846,5.198594122985058,0.3622316537536537,0.07747726754128738,10.590259953285415,3.379825923751563,2.4477969905291035,5.913381826063972,265.96766831494864,0.10116685748001089,7.971477974622814,459.0844427538988,2.741330170360411,32.30696082160517,36.63408139977177,1035.996576645112,1.6146429540663831,0.0485871886939221,0.1306472868001199,5.805387983861473,0.00790729417893752,365.4233717048422,0.16694583506040284,2.9649931739234274,33.03160344247215,1.706833420512391,53.20389880032755,0.08111295931750387,0.0492911598901647,3.54851735437961,1572.5737179458843,0.7167928130613732,0.8325482049331422,0.2571391648574132,0.8713684621867468,29.300013980501582,0.043479980202886744,42.04938271604938,0.1297820454199055,6.632373113854595,49.123456790123456,2261.66975308642,57750.398148148146,98.6884382761739,0.06398754755849628,118.25308641975309,0.3649786617893614,0.6248180719826395,31.991281755127115,0.04284228938782213,5.124514351635018,0.12324077596044124,2195.8295515165373,3.7852328808325173,0.0027665451125654305,93.06721951682468,0.029948283293076142,0.2629016276622938,0.8779745366881978,0.5143838163235807,19.830320528169256,38.551602711572684,42.426406871192846,45.34313619501853,31.400636936215164,45.442271070007045,5144.416666666654,33.847325529280496,0.37079757866299295,3886.613242141875,0.755501253878843,5257.999999999999
IMG-4285B9C1CD,R1,dual-habitat,1,1,extractable,none,,2.1911070346832275,3.00447735786438,5886.774818696167,2.486298202266353,0.4329562187194824,3.558914581115438,3.8791379928588867,2.6031534872556987,0.2581260412280176,2.605818271636963,1.5626959800720215,2.3164420127868652,0.17816275705090673,2.6239505991944783,0.07193276939154572,11773.549637392332,0.21275195786737802,0.1087086688015567,23.520966105339856,63.57780253556246,-0.8961650291926117,4.4478057981780825,2.8321808903097194,0.21985380375724692,1.29748744206629,2.012040927095488,1.1314469668328901,0.5461039726823179,0.49615561254939516,0.9738681949791356,0.8926948287634537,-0.04676283494906352,0.43993355003191836,0.47039582769156,4.807589836401017,0.047621903276138786,4.808958793569905,0.3170043113628489,0.0955814272190748,9.615179672802034,3.0916917299825815,1.8199966721219503,5.474232361448379,99.19649122807017,0.11601928798604699,6.224539516432406,181.90292397660818,1.890422352176738,26.44795321637427,27.341520467836258,665.3789473684211,1.4117504860402035,0.060828585831126915,0.174807842553248,5.415534114954274,0.015685467691194926,151.52193705236044,0.20561775723062284,2.008866635994064,26.7434852787568,1.550534982639049,40.26784953065164,0.09084084605441042,0.062276466627301304,3.1675302384265787,561.3265689350037,0.7584260653835624,0.8617183985605037,0.19188834005980437,0.892638295680607,24.087124320871624,0.05667820594047361,22.571428571428573,0.14656771799628943,4.206822398380839,32.214285714285715,358.92857142857144,9072.01948051948,16.249761778990095,0.09209511907215989,58.45454545454545,0.3795749704840614,0.64004301139657,21.065980129999677,0.06640137916980257,4.740350165816812,0.18011695906432748,328.1044442570417,2.20456643221276,0.007833394487611669,37.76331691725424,0.038776376155423474,0.26449173437587353,0.7159910738042412,0.47385671408691843,17.485404290389127,36.90019318198755,40.49691346263317,35.5105618091294,31.38470965295043,45.34313619501853,1593.5833333333348,26.4202089399552,0.40492183013140853,1629.4065310849255,1.0224796513632322,1709.9999999999998
IMG-AD73EFA971,R1,dual-habitat,1,1,extractable,none,,1.4075358629226684,2.780683517456055,55820.82733295973,3.0976500596118752,0.7406730353832245,2.670610396789624,4.34266996383667,2.140824465767606,0.4217591050791386,2.1755837202072144,0.7121425271034241,3.630527436733246,0.30409156887978095,2.2027930519947914,-0.053689012293791076,111641.65466591943,0.13294125729503772,0.2691678366873709,52.97398020454808,479.91653748367725,-11.586388600307165,13.769896612167608,3.1996231681684892,0.622344838667652,1.3389531992915,2.105227926277573,1.3843021033707927,0.547537177106876,0.4977237454043948,0.9880584755061774,0.9268239776294502,-0.13036294270341614,0.7299530354543049,0.4592837142630932,7.094450824131917,0.025695665989294052,5.726005518885565,0.693984486288956,0.05958796934290958,14.188901648263831,3.8871435752123844,4.242379945084024,6.607917036884996,1020.7449582753825,0.08872956869570432,10.47681180857937,1529.356223922114,4.427630904458944,54.91863699582754,47.73730876216968,2429.088838664812,1.3687532144664958,0.02890757870420836,0.10483476759363843,6.664853493020072,0.0036352874171296035,1196.6221146334442,0.12941913598954416,4.612256088650321,55.62893165075847,1.8971411452606273,101.99841669391648,0.054528528172607275,0.029076968828891842,4.002181003478039,6314.284258953992,0.6804047084601592,0.8036870118754682,0.33762082463175347,0.8507046170197067,47.80205498149246,0.024882546209107126,103.78715596330275,0.0952175742782594,8.837407625620738,66.17981651376147,10073.350458715597,569214.8366972477,214.47952516652487,0.03783779087137029,373.2550458715596,0.3424358219005134,0.606987417218791,41.77033665970967,0.0238219270706026,5.782157683246898,0.09474965229485396,9961.960831579836,9.20611540381819,0.0007880099714715249,108.00785810304494,0.03518759758605856,0.08056603793556043,0.5583923646792822,0.46238840422745586,30.63956911429448,66.26370565128276,66.64082832618453,67.08203932499369,50.119856344566664,70.77428911688197,22824.74999999996,37.00114729103169,0.3705986934541739,10499.878175314423,0.46002160704123557,23007.999999999996
IMG-2348AD09B4,R1,dual-habitat,1,1,extractable,none,,1.629054307937622,2.9534881114959717,48305.69374146726,3.1126180150250704,0.678752601146698,3.62405425316611,5.090547561645508,2.3262325789842566,0.41028712640140025,2.3415448665618896,0.7597328424453735,4.330814719200134,0.28169597817074415,2.384470258966915,0.17926091104870945,96611.3874829345,0.13698273542262937,0.2743404043700016,45.86717681810993,507.62272812140515,-4.8371883065737755,13.045190357115805,4.134325055728758,0.518409414233859,1.5072543046586053,2.2579176154039633,1.8466641324659219,0.5233015673557517,0.46767499592868444,0.9878997004415899,0.9268928908667659,-0.09457969814939551,0.655827606261987,0.44207647544761713,6.605587650772621,0.02435980460168667,5.865529754534538,0.5850804187444036,0.051167234749725635,13.211175301545241,3.8739983005995233,4.29487885321114,6.4769227783456,799.4444444444445,0.09409656831973216,9.63121179657825,1163.805320150659,4.512123338311858,51.39818738229755,40.67090395480226,1755.6926789077213,1.4389705249715754,0.03369790527603409,0.13416910072192315,9.729027039566482,0.004760534820735332,932.5805856606785,0.1331769277636242,4.753897757006076,52.83705799858077,1.759480904663159,86.41925013261097,0.059946398568647204,0.03348647106871675,3.9413442728665364,4969.646476672468,0.7085037930786797,0.8241797044763147,0.28220340808296185,0.8670581931749791,46.81711859381328,0.028897284710089108,106.28790786948177,0.10200375035458903,9.029663904863304,79.35124760076775,6258.884836852208,288223.86468330136,162.825687387777,0.035859705706165465,438.7581573896353,0.421073087705984,0.6746935025846033,56.43031683990904,0.02567686593937829,5.420865584936769,0.12264595103578155,6192.404445164879,6.427443410550807,0.000977077841425663,163.2948195256893,0.03200008851050137,0.15020920623938566,0.5825191975140459,0.500337654088435,28.31742420659996,56.596628247361195,54.91812087098392,59.99999999999999,47.01063709417264,61.99999999999999,16780.583333333347,32.96862246865363,0.3670425938958403,8635.86202502878,0.5146341967668252,16991.999999999996
IMG-FF80C5A277,R1,dual-habitat,1,1,extractable,none,,1.8861705780029296,2.953889036178589,54058.05245641236,2.8523069723248624,0.5509194135665894,4.375675089473071,5.244838714599609,2.41119772052749,0.33978608464526205,2.3836519718170166,0.925767719745636,4.319070994853973,0.22986352153449519,2.450942212794972,0.5475809504073399,108116.1049128247,0.1668391103351472,0.19324328298334995,50.721677260756934,209.51490714979548,6.331295895052662,7.494661533553001,3.8626924788728445,0.31724533799677634,1.4660270139172515,2.2229219350090825,1.6989595036524219,0.5285925547957637,0.47382713098583257,0.9897419183935188,0.9319095200166578,-0.039939759436816796,0.42286035082926926,0.44356858150197015,7.057801386688278,0.03379637609476694,5.437363379548288,0.3460475119309305,0.07019901187212703,14.115602773376558,3.480896459402392,2.8393385031064606,6.146185800550522,852.3399266585176,0.09471496017985527,9.801690476875228,1501.3851539059895,3.1947176509012176,54.92788087565285,40.693743749305476,1972.3329258806534,0.9541266876939124,0.024059891744449835,0.13404996494817942,9.71205997984657,0.003629695146285964,1172.8176297356158,0.15800407754370263,3.502706869218202,56.063561933469956,1.7590754937518942,93.3854928907906,0.04202735527820256,0.024193102435945156,3.7030988434814676,5278.619702581442,0.7097703543575687,0.8246899228119364,0.2827064317980657,0.8676085108878393,49.42585468485335,0.021094893826905943,121.70840787119857,0.10886261884722591,9.000092805642582,77.72093023255815,6892.81305903399,326711.2611806798,152.69978615258648,0.02790819364425011,449.4919499105546,0.40205004464271427,0.6591508830726737,54.13823997482961,0.019149857581636766,5.422151510338383,0.12423602622513613,6828.023519029956,6.866376671305427,0.0008175873987390172,166.43183548761257,0.022414514913848715,0.1367385387876213,0.6152092828267017,0.5376297028718727,32.0296896950343,59.57574427889744,56.71860364994893,63.52952069707436,48.33218389437828,64.00781202322104,17791.333333333285,36.65155091168747,0.3344709145522497,9853.671910814139,0.5538467368464514,17997.999999999996
IMG-922C9D652E,R1,dual-habitat,1,1,extractable,none,,1.4440491199493408,2.3880841255187994,44996.727729618426,2.658755328200285,0.4576852321624756,4.476057162182416,3.9987289905548096,1.8910402390137926,0.29590535097526305,1.8519573211669922,0.40231871604919434,3.5964102745056152,0.19467707824444638,1.9305580531431374,0.7456524774085952,89993.45545923685,0.19430411626162553,0.15102121098647928,51.339003074357464,232.4119474550547,14.199180579332808,7.326224636926036,2.2363404365757895,0.531709952484535,1.0921005336732437,1.8959566193515334,1.0338277507962277,0.5962125241469552,0.5594672787585646,0.9915699578667388,0.9392468611988007,-0.09837678152754467,0.6225482433778912,0.4865962270361309,7.075751764157573,0.04901117896340427,4.980270545575033,0.5382569928507139,0.10341890296909034,14.151503528315146,3.425024084073754,2.3906412683754565,6.415039762213017,865.871365857699,0.07171965260148257,15.786347223747496,2345.8335956266046,2.5231113833047805,52.943344653358736,71.65865981943179,3428.257848090781,1.6650558264286313,0.02318299923834149,0.08117910898891627,5.439396403848863,0.0020168248335404714,1634.7313370863214,0.1802471375448338,2.8360448808212126,54.2006051657216,2.2975063989851767,117.26121607062457,0.053284439776537997,0.023207278302885617,3.7981494487125724,5599.842365299384,0.6157193018279868,0.7509700603380717,0.5116803947487055,0.8123244488509136,44.84240198689493,0.0188801810551224,94.02794653705953,0.11425023880566165,7.735770947353502,72.61360874848117,28996.82746051033,1374864.4993924666,645.5317401829974,0.025891957255023423,319.359659781288,0.3880433290173608,0.6473863868937817,48.62531051223762,0.016989468469970695,5.33765038040723,0.06816864076865733,28781.633176787058,9.62390024996726,0.0006651310182226059,94.07797874908867,0.01672462068247472,0.08574166885795022,0.836136493593161,0.6968463593949369,32.40756678007031,46.50604303681719,55.97320787662612,48.83646178829912,45.27692569068709,59.033888572581766,24070.833333333332,38.885399755696966,0.4246940206848345,9492.968981779972,0.39437641606840806,24146.0
IMG-4C76CFDF5A,R1,dual-habitat,1,1,extractable,none,,1.9568920135498047,3.015953803062439,17727.47076369526,2.7922493155401655,0.5476438999176025,3.034599182846306,3.8474063873291016,2.486065460779947,0.3264583098212688,2.4869728088378906,1.1102615594863892,2.7371448278427124,0.22640494427829128,2.5197977391097597,0.06088171728436041,35454.941527390525,0.16887356220392283,0.1688591707396476,42.158210505072056,131.587973518088,1.0579826482944894,6.6619122063417455,3.633821074865245,0.29165773244708465,1.4679434211324878,2.177026243533396,1.4614966385386774,0.5194665359534618,0.46250213335669776,0.9766101807707029,0.8978225414142413,-0.03737228012694526,0.4044022161104064,0.44873833406320557,6.434334637406512,0.03341687059826155,5.349734379067398,0.3178515223923387,0.06534901335877795,12.868669274813024,3.402214582502324,2.573933320301748,5.925528002567709,299.08022922636104,0.10712042594067372,7.207510611571333,471.49498567335246,2.8151677736635987,45.009312320916905,31.355300859598852,1322.2893982808023,0.8738779136588363,0.031513048315001214,0.15775890723071678,7.893846678716017,0.00654242113602873,384.35272798049675,0.16204050075289478,3.016915047863021,45.40435549536404,1.621568625588901,71.85127907245366,0.04960520050334568,0.03210276143740604,3.5325639185034907,1772.2708932304736,0.745615798015105,0.8494599955918007,0.2298279220901268,0.8866984923661076,40.52457238405926,0.028895816700822755,48.61574074074074,0.11253643689986283,6.816850994513031,51.69444444444444,1858.986111111111,76260.53703703704,48.79101538534506,0.044623954013622034,167.8287037037037,0.3884923696844993,0.6468023359331354,33.862965647006945,0.030081199091252776,5.171070620734415,0.15472779369627507,1817.21622085048,4.4809911714689905,0.002532995780300096,63.126869337518045,0.045559712965178155,0.11855846542823448,0.7437271641130968,0.43128532446351203,15.617872509476543,36.21239032166015,36.235341863986875,38.4187454245971,33.24154027718933,39.30648801406709,5432.166666666667,26.93213835968486,0.3859692572327177,3871.804924384852,0.7127551789129295,5584.000000000001
IMG-3AA422094F,R1,dual-habitat,1,1,extractable,none,,1.4291277647018432,2.2842011928558357,14368.804238354121,2.54981985328436,0.4359736442565918,5.524270907598218,4.338160514831543,1.8502423479626033,0.2732666292293195,1.8179270029067993,0.7066421508789062,3.6315183639526367,0.18020999566314477,1.8852043939093888,0.8445426409137391,28737.60847670824,0.2085695885236674,0.13059886062109877,35.71843994490319,114.69874846832644,6.558398793544937,5.009284081156642,2.683118241070318,0.2977635836027635,1.2062210416835624,1.9928896347350649,1.2172968683158227,0.5719388502814488,0.5295203499137084,0.9899720512924742,0.9334848407797135,-0.04298868877151291,0.4106219355199218,0.48112283673597067,5.927633126722603,0.05137456551649306,4.842107930831751,0.34842325432411153,0.10432975424583425,11.85526625344521,3.1643207340274517,1.9231005805567398,5.966622365878446,339.9156566905763,0.08407510677481482,11.29134876995377,843.2468464011872,2.1826101538072447,37.43853574078654,52.054662379421224,1816.8691565669058,1.6702510760219782,0.03477273139130375,0.10460748872628804,4.998818212675583,0.004457999169820018,624.4725982135859,0.1947682886522954,2.458830830271853,38.05727161389388,1.958116369224559,71.62620737723181,0.06647286592795905,0.03531480076314771,3.527256093616673,2134.66190392666,0.6637443913002955,0.7928994082840236,0.35700198910290737,0.8413037927500716,32.48272700939695,0.030076474256498738,47.83819628647215,0.1268917673381224,7.633375313975332,51.854111405835546,7489.477453580902,257917.7931034483,231.96661439309312,0.04582062167044672,146.81432360742704,0.3894279140780558,0.6478580243176574,34.649593015810176,0.03070799914897165,5.085243471165585,0.0932475884244373,7374.470319217049,4.2735794098047215,0.0017335474205654735,113.82954277161613,0.016299308339321205,0.2649515020024297,0.5996657102769667,0.46297446791505514,18.848626109716776,40.71202067491777,32.55764119219941,37.73592452822641,42.20189569201838,45.79301256742124,8010.5833333333285,24.41360279483511,0.4686346727586756,4131.3545630478275,0.5157370432508448,8085.999999999999
IMG-3277CEE26B,R1,dual-habitat,1,1,extractable,none,,2.1589807987213137,3.1455646991729735,5048.990472397235,2.7191645487259617,0.5252524018287659,3.230850534697653,4.253913879394531,2.6339291098077644,0.3099977819221051,2.6072968244552612,1.5399342775344849,2.7139796018600464,0.21371749468684267,2.6629455032664304,0.2878685085925107,10097.980944794468,0.17938076000504988,0.15369619787418035,25.48950155559229,111.01362909395941,2.136397152261692,5.98124731476273,4.000079909379525,0.19968492783489872,1.5240957978822345,2.223626882767503,1.6473803944551988,0.5141583542425937,0.45596418244405396,0.9745706922008038,0.8948393833735244,-0.05134978771904297,0.47593552246416854,0.44131044142898934,4.999025897840808,0.036871194152128736,5.233842709498211,0.30475897650102163,0.08003670070942612,9.998051795681617,3.300833582752159,2.495331806035564,5.496699860540973,101.77808988764045,0.14294675546016916,5.051122017422043,127.71910112359551,2.602449185708875,28.452247191011235,19.410112359550563,491.3511235955056,0.9957248561357542,0.0625762072671349,0.22905414423918913,7.632789504455507,0.018317385672200624,110.43711453338811,0.17371593537385982,2.730845847547122,28.782858578401775,1.4078002881146892,39.157468427498344,0.08545451688792004,0.06373848202873805,3.2658915679498346,516.9361502944741,0.8106000695491333,0.8927182368193604,0.14533071143147622,0.9185564806168853,26.65622141882659,0.05944193626754926,25.387434554973822,0.13291850552342316,4.546202132616979,33.853403141361255,69.2565445026178,1703.8638743455497,3.382257327402553,0.08054127191888973,61.42931937172775,0.32161947315040706,0.5836219475097191,20.786278003536843,0.05142682407517718,5.068981569320608,0.26825842696629215,55.360434198623935,1.7603234804246486,0.009410682049686495,56.74934096035323,0.052615148021429844,0.40590797332551776,0.6091849887890325,0.486404292082727,16.438621102059614,33.79620897601733,25.612496949731394,27.784887978899608,27.51363298439521,30.870698080866262,1292.9166666666642,20.58814318616692,0.3223201296377007,1780.6437978188933,1.3772301368886084,1423.9999999999998
IMG-FCB482DFC1,R1,dual-habitat,1,1,extractable,none,,2.0313682556152344,3.015725612640381,19487.82791038534,2.7626658444442977,0.4760401248931885,5.648273482555308,5.653441905975342,2.5467455038657554,0.31154834020239675,2.5618677139282227,1.0368881225585938,4.616553783416748,0.19944219718501627,2.5811829203889847,0.07475601146022279,38975.65582077067,0.18570811600555193,0.176592607047367,45.56086937507428,240.18140168397127,-8.464297622099584,7.060511075300356,3.6930179761351463,0.31120087825295084,1.409605282294203,2.182628945512397,1.6920821336947713,0.5399049979248,0.48859365060457793,0.9902449424514473,0.9344423425049716,-0.05233526743277958,0.48162188473812956,0.45317782369767057,6.687133133863485,0.04180324847645049,5.257985091344301,0.44214252110732344,0.09730157867244003,13.37426626772697,3.3735126339470867,2.688382262858875,6.014670092185402,279.16615384615386,0.0954414201183432,10.205386982248521,543.1962393162394,2.9418540433925053,48.34871794871795,39.49846153846154,1870.3904273504274,0.9852903347101691,0.0326968959512903,0.14580948909245067,8.456304845066432,0.00710043121790559,421.3316375922772,0.1734615032864591,3.2464975762837134,48.6468911105497,1.7366555649518445,83.25399070492304,0.05318733186119143,0.033979771745098405,3.593069995656393,1754.8746563528084,0.7205513873036155,0.8302958579881655,0.27805294083961735,0.8731203778533453,42.70590321777259,0.030552439867370555,46.16705882352941,0.10862837370242215,8.178236678200692,59.37647058823529,1979.7105882352942,96047.16705882353,43.1310160500128,0.05331839327028178,154.10588235294117,0.36260207612456746,0.6256286019631201,40.532399220466274,0.03507827460771948,5.476740115708788,0.1452991452991453,1932.3438062283735,2.4747200883238216,0.0024742969432271084,144.72463476478086,0.022377147873285094,0.38997556275579515,0.7734522978570886,0.5933828489203757,24.045408735876627,40.52258803844061,44.27188724235731,41.761226035642196,42.04759208325728,45.23273151159456,5669.66666666666,31.34228883344806,0.37757766448011953,4072.391412528109,0.7182770437759035,5849.999999999999
IMG-0CBFC07908,R1,dual-habitat,1,1,extractable,none,,1.9163520693778993,2.9444796800613404,63097.81080352048,2.779488926045927,0.5337652564048767,3.5579071323674087,4.978939056396484,2.4322123416558314,0.3218026043396546,2.434327721595764,0.8080869913101196,4.170852065086365,0.22113692356647102,2.4664703082113375,0.14441557444444797,126195.62160704093,0.17266820070470662,0.16781890638518618,52.27074479401069,161.93876082634327,0.20040779348742854,6.98397657578423,3.4327615880554423,0.3398378858431048,1.4182551748542918,2.14824916956086,1.4065352360634518,0.5289686194073784,0.47426498409049866,0.9897641415903806,0.9302867838827067,-0.04116115974170835,0.42571696920311997,0.4524055261300818,7.168119255373986,0.03446427714011532,5.3507500015090494,0.35725709921810556,0.06583455612669901,14.336238510747972,3.4397513235756425,2.604184540959918,6.085426958515262,984.8291554184342,0.09495074772642058,8.793066421224548,1790.9145777092172,2.7908802478386363,55.695044350173546,41.065368299267256,2138.156864635557,0.9015391996538196,0.02314156259246968,0.11971476915093411,7.874436715004432,0.0033138627676333097,1399.5422249330045,0.16456256190426963,3.027989555854118,56.37239320012279,1.7837317802828865,97.45744550574196,0.04068717899734101,0.023361371805904495,3.643951681215046,5986.839875508448,0.7027016929965211,0.8199664777952476,0.29088216755332735,0.8638329805560214,49.171721242859356,0.020337187819316892,130.33815551537072,0.11784643355820136,7.832059390011413,70.26491862567812,12327.77938517179,637400.856238698,254.14259725777856,0.0289398230759755,433.13200723327304,0.39162025970458686,0.648082129681811,46.09589091083425,0.020064849368939416,5.259963357326934,0.10663324334747397,12239.833654339798,9.438058458080416,0.0006739813127130374,125.87849625932049,0.024192125957528555,0.08297944046583242,0.8231165681911481,0.6836853849104139,32.51794092899417,47.562726433380064,58.694122363316744,56.0446250768082,42.43819034784589,58.99999999999999,20547.666666666646,39.149668155658205,0.360123567308083,10074.130881093804,0.49028101557811016,20743.999999999996
IMG-B98B3A15DF,R1,dual-habitat,1,1,extractable,none,,2.1097195625305174,3.0638478994369507,45151.681302706595,2.700516082576049,0.4897509217262268,3.9772926941560454,4.766657829284668,2.596646596648311,0.301289920851712,2.603621244430542,0.9173718690872192,3.8492859601974487,0.20394932578760502,2.6255259393935697,-0.027067469489091348,90303.36260541317,0.18562307557834623,0.15081291054323223,62.75082045373877,124.35999694605324,-1.747184642585547,5.734363138462836,3.6866682153143384,0.2148063681536683,1.4484130691130253,2.1914594523255464,1.5742796110469166,0.5279116098581803,0.47323875523030245,0.9878214009141707,0.9255139113404588,-0.027064912532429652,0.33891044084528993,0.4492321815719092,7.889124328196985,0.03926183120715184,5.227758444717021,0.3209734529224626,0.08200094740925282,15.778248656393972,3.286469393138923,2.355257838444294,5.7861876196425195,737.8225954198473,0.11264467105646524,7.401538278655089,1215.831145038168,2.523083479983684,65.50366412213741,28.874503816793894,1837.3708396946565,0.4904732327869406,0.018861363060765256,0.18300881687494353,12.613875590899601,0.004490514580758871,998.0963904397693,0.17709098528122388,2.723600328868509,65.76839302823095,1.5645038291410225,101.81659088149104,0.028804567001824037,0.01914090616629135,3.4078882223778724,4299.784579391401,0.7607788250679609,0.8602348796241928,0.20506846790140382,0.8942553705090419,59.0035073186951,0.017320319532641397,150.3386709367494,0.12036723053382659,6.155785797573206,69.86148919135309,1371.1353082465973,86688.20576461169,22.211355988013285,0.02474378073900586,480.1753402722178,0.38444783048215997,0.6447599870012418,45.313146978387,0.01779494138207529,5.369134057751134,0.19068702290076336,1343.6337233117158,5.037161900929714,0.001027367877312174,140.9645642255642,0.019664200454754678,0.1354345586985495,0.7757617008611132,0.476617592808759,31.41632697728383,65.91516438187692,61.326992425847855,66.61080993352356,51.31276644266999,66.61831579978588,12525.083333333358,51.134460033424716,0.23719918791089328,10995.745414636074,0.8778979845485568,13099.999999999998
IMG-1EA2F09A23,R1,dual-habitat,1,1,extractable,none,,1.8693586111068725,2.991631317138672,54939.48856115822,2.8942587214163673,0.5766439437866211,3.4960676541808775,4.732630729675293,2.4436772168787058,0.3493575205332174,2.4440252780914307,0.9342224597930908,3.798408269882202,0.240154604808381,2.483849879893299,0.15424073504518276,109878.97712231647,0.1597789758449111,0.19795188555389784,53.04535763141574,205.5969213367162,-0.5389913404430272,8.072598170241795,3.9211021209009678,0.34439719148886927,1.4914752629104955,2.2299636691423697,1.6816779066242076,0.5218097656149423,0.46560954772815333,0.987093952767603,0.9235932176934244,-0.04468299620132877,0.45283095482067315,0.44421027607558955,7.211562425310564,0.030893787835643692,5.536855814389322,0.37036454947865494,0.06419560349985365,14.423124850621129,3.5440378954302925,2.9984250727856914,6.135878677990573,911.9053340819764,0.10240374329949202,8.367599652076427,1422.8317798989333,3.277348819862539,56.855474452554745,34.980685008422235,1858.3382369455362,0.7673685583119376,0.023854378819315628,0.14767529338412488,10.07674871400293,0.0042749208703683605,1142.9695855267225,0.1527797488777922,3.531692350218977,57.48286899776032,1.6661963438223033,93.11046658147986,0.03891692199599016,0.024160654370688834,3.681014970711728,5476.049579174093,0.7306860393091118,0.8400466462229517,0.24409662619647066,0.8789700930829288,50.976567285305514,0.02145264127747446,133.41237113402062,0.10579886687868408,8.224757738562035,71.26407613005551,3511.699444885012,195443.56542426645,66.18321604857024,0.030196644641986042,488.31007137192705,0.3872403420871745,0.6466608373530848,48.4505654180756,0.02059426149564791,5.518459750904343,0.1416058394160584,3461.8296393796445,7.162384243657918,0.0008349525144942502,143.7232425539588,0.026114167362905477,0.10605462098200942,0.6685371710321418,0.5260012525286596,30.52067574232837,58.02396020086553,62.60990336999413,59.90826320300065,41.48493702538308,64.65291950097847,17536.249999999996,38.79117420476823,0.27932621446237976,11685.938084470605,0.6663875164000631,17810.000000000004
IMG-0E703C00C4,R1,dual-habitat,1,1,extractable,none,,1.531796669960022,2.494265389442444,59387.6062347118,2.7182549604527346,0.49039411544799805,5.072787977763484,4.914056777954102,2.0030615393314295,0.3073017216673227,1.9769396781921387,0.4760388433933258,4.438017934560776,0.20583804745901285,2.0430358239042117,0.6525857326751,118775.2124694236,0.1849045968033035,0.16173984740716396,56.86974967317073,163.1108901851611,5.74457768688042,6.388772347342822,3.2162971595108827,0.3282015916236208,1.3341224314636002,2.1059207191615523,1.423538173083517,0.5482518785676068,0.49921597242164356,0.9914120345957826,0.9374272035296459,-0.041563973118863666,0.42060425469203583,0.46446791307424257,7.488419486643489,0.04060638948707536,5.192044160482928,0.3572332697703329,0.08509122032958574,14.976838973286972,3.3618100893439378,2.4012673767134256,6.156686943455748,1227.02881641833,0.08624042848034369,11.101936600362512,2630.8226033174024,2.6848722310160036,59.69862243463593,49.632977228001124,2749.299971886421,0.9822407844333901,0.020493780156937254,0.10739769933040332,8.082883717006126,0.002345878329691561,1971.8885984575265,0.17329860542503603,2.989505777948537,60.62473036411803,1.9173309586236837,111.8263286642376,0.03889842202943084,0.020625312354278343,3.672165934341111,7707.597848329096,0.6758641755170179,0.7997177829199195,0.34655877425032366,0.8485730812397834,52.10387535604851,0.017589668539318544,162.47800586510263,0.11911877262837436,8.5487284036085,81.13563049853373,20071.076246334313,1067938.6217008797,394.4042508529939,0.02277217439034095,525.3123167155425,0.3851263319028904,0.6429757701633326,54.603474826178115,0.014393369764818422,5.382290094909064,0.09586730390778746,19962.268711139393,9.442177801074875,0.000505178240494651,172.83039067602002,0.015472368369262638,0.10484282449338421,0.6892267074398372,0.5310354981555512,31.699153259390908,59.69309654343593,64.28841264178172,63.56099432828282,46.87216658103186,66.34003316248794,28302.166666666668,41.14207638752067,0.37001533747317206,12137.917674525434,0.42886885013015846,28456.0
IMG-2038F1FF32,R1,dual-habitat,1,1,extractable,none,,1.8643414974212646,3.0090787410736084,47205.18460426215,2.948137210730322,0.6012049913406372,3.7119475847681396,4.6917009353637695,2.4656771117567238,0.3631770266834494,2.4796268939971924,0.7376287579536438,3.9540721774101257,0.24961470259592758,2.5089567411759344,0.09009079606156788,94410.36920852428,0.15468905210831238,0.2153003096511861,69.12161294743242,277.31988384520355,-3.6446607331511993,9.509514735093262,4.042928325504343,0.40317030569045975,1.5145590894680514,2.246895887421474,1.7314978932692495,0.5184171538664499,0.4613358426970441,0.986719772354359,0.922553343756516,-0.05938604698149775,0.5264098182333269,0.4413502214331274,8.231179383615721,0.028124842439120452,5.65713452954031,0.44312893222918626,0.05733846120315973,16.46235876723144,3.653135994961273,3.3881107651494,6.189246451647858,777.4331244165888,0.103671572798585,7.920310519777531,1160.0132017602348,3.5685758412274233,74.33124416588879,33.75663421789572,2307.7156954260568,0.5777162049907005,0.017245158915227685,0.15468072246550127,13.532860389702693,0.0029932967907338177,947.5142396418253,0.1498733858105494,3.7827777559631763,75.22057244389954,1.651169069254255,120.31150366812314,0.028353371961562887,0.017299421415695043,3.7153174989889117,4654.159621097415,0.7349027676864667,0.8429636772082433,0.23874684623620768,0.8812259078491309,66.90740965381818,0.0152870837677598,113.38838475499092,0.1028932711025326,8.273856146718884,91.17967332123412,3810.1152450090744,260319.7441016334,59.47673695824962,0.019694888548421892,469.49546279491835,0.4260394399227934,0.6785809232501514,63.82902260639966,0.014036597784789632,5.351584653867826,0.14695292705694094,3763.808578529056,5.260170502794946,0.0010046476929368659,138.41300640762512,0.028643024595457634,0.11594145743706058,0.6227789582147145,0.560934733586284,31.80884795052791,56.70686096965507,59.135437767890075,60.166435825965294,38.078865529319536,64.07807737440318,14735.500000000031,35.31583979830844,0.2902667630856497,10013.749715890186,0.6795663340836867,14997.999999999998
IMG-D122DA15EE,R1,dual-habitat,1,1,extractable,none,,1.6517873525619506,2.732601356506348,28727.71514473066,2.8496981743884087,0.5751982927322388,3.3881702042152395,4.622129440307617,2.2047764637255405,0.34097867045774644,2.208195686340332,0.8671943545341492,3.754935085773468,0.23723232587010892,2.246363071295905,0.13479668592659674,57455.430289461314,0.16339828182128438,0.1851077930838718,41.032711243567505,239.36085493454564,-2.2681469927459244,8.895267046726149,2.738840553646313,0.5286522554448007,1.2548933991897895,2.0124465891785563,1.15111700154326,0.5579430618739777,0.5109820383453328,0.9896753735412338,0.9307218910453651,-0.09558385252220028,0.6331443140002583,0.47208526534335254,6.284319936952526,0.03382073420649662,5.354256220454927,0.5477495366895694,0.0667865104102159,12.568639873905047,3.6147885877010477,2.9085269000931153,6.343070566149909,503.7553135429475,0.08848679317459116,10.213373923785651,930.2264184085719,3.0745848327175764,43.572281749516954,50.38977691902336,2030.028631652907,1.6561176069172392,0.03464319282172074,0.09480451894867474,5.149688074688388,0.004045418806813476,711.8085000819799,0.157329730596268,3.296106286542961,44.25902770250122,1.9399598608792425,82.65296943412554,0.06588210307149302,0.03506507773129763,3.8000947698523153,3017.9053285934788,0.6654722251341819,0.7946736207758516,0.34871810261148123,0.8425594532187178,37.79726582603767,0.029824142858981693,46.6,0.10590909090909091,8.682623966942149,59.54545454545455,9794.28409090909,408684.6840909091,265.6192384823968,0.048235607668833176,176.8,0.4018181818181818,0.6583325685546632,40.5571416703925,0.03165121648412858,5.295249112354382,0.07728789741788161,9626.875779958678,5.152395589708678,0.001434782227568882,108.44438069848471,0.02284349632340089,0.18212486162042701,0.7139759841968781,0.6279530171636969,22.71686897126193,36.17606469010726,42.04759208325727,42.485291572495996,34.20526275297414,44.339598554790726,11335.750000000002,25.828841391489263,0.4818233404216897,5064.809671899246,0.44679969758500715,11385.999999999998
IMG-79A4F0ADA9,R1,dual-habitat,1,1,extractable,none,,1.9965333938598633,3.0757710933685303,7979.4727817499515,2.9126216115508106,0.5730888843536377,5.112856994936854,4.856136798858643,2.552501209369196,0.35247673374113525,2.5581024885177612,1.1580079793930054,3.698128819465637,0.23818249574100253,2.593849383069276,0.4786440393494867,15958.945563499901,0.16098154694027283,0.21279219821765324,45.32062443158097,373.7404210931162,8.46171670531311,7.972912131568463,4.674522991588445,0.25496947775994755,1.582270982068638,2.312328525064125,2.153187232012541,0.5151798541842854,0.4577427393290996,0.9832078428984351,0.9157258935231918,-0.06720570108683875,0.5553516621406609,0.4342778109888503,6.670278521563099,0.032737050288821005,5.460064958654229,0.7072201970524582,0.07532195268001668,13.340557043126198,3.451828208608115,3.1618587807892267,5.776890939097253,159.75548060708263,0.13470107976988419,6.388051722029638,190.92411467116358,3.567651976829168,49.3752107925801,21.747048903878582,990.526981450253,0.5684663978885196,0.031005459327284886,0.24382052675234397,13.661992033642688,0.010041811973747452,163.6550986461734,0.15540068409881752,3.7827567527204105,49.77462881964254,1.4327353978856396,69.70056748759728,0.04297869594640535,0.03161143252718224,3.4912985220576136,849.6047834953074,0.8041289970760641,0.8877286288753404,0.155669535918917,0.9154290077955837,45.84362736330164,0.02938008739716214,37.02985074626866,0.11053686789930943,6.704441969258188,55.788059701492536,80.97313432835821,3834.7014925373132,1.9226628481359624,0.0401769358916829,118.8089552238806,0.3546535976832257,0.6174207173231295,36.77193082191417,0.028006851770776102,5.344685334564725,0.2824620573355818,68.43942080641568,1.1845068983338207,0.006010616548820058,135.33889916980323,0.035221447390242314,0.6335342777141799,0.8632357955038887,0.5686441432733095,20.6301136696446,36.279479730311884,46.09772228646443,52.239831546435894,31.575306807693888,54.82700064749119,2169.9166666666583,31.317745545462987,0.3080045014595446,2631.6154723706613,1.2127725975823977,2371.9999999999995
IMG-455A5A01E4,R1,dual-habitat,1,1,extractable,none,,2.0377926349639894,3.0017317295074464,9528.558259149042,2.6934697511079646,0.4842102527618408,6.112879330321908,5.656771659851074,2.5302221971139036,0.302178739798133,2.52232027053833,1.4751678705215454,4.181603789329529,0.20348331238091755,2.560830240450428,0.5953659371372939,19057.11651829808,0.18554250195030433,0.15582715363748798,30.909025772393996,154.01947990385827,5.539239624548246,5.668346108795585,3.442376207597284,0.23638827083187738,1.3700233885908273,2.123927283389432,1.5412437668130936,0.5426842932993878,0.492480399831376,0.9898735529224414,0.9328415122747159,-0.05192842356319001,0.46619615802328634,0.4626536262213942,5.508971330141718,0.04322160594094334,5.06157991198848,0.4497717306626464,0.09505123631866626,11.017942660283438,3.2432469184773227,2.2776805790982175,5.706599396111103,173.12388162422573,0.11914926471041001,8.297506310365293,269.5932553337922,2.6099945576207757,34.82518926359257,27.644184445973845,818.4783207157604,1.090224784082743,0.042484876363646,0.2120551751970494,8.76290375150044,0.010976368501669938,224.45746311302415,0.17764383093057362,2.803329175810128,35.43106308057743,1.5289984114239528,51.64016950631066,0.06382565272511685,0.04295752309243868,3.3449503511240617,987.3249980265961,0.7779928194801049,0.8692890041823281,0.19415414836356978,0.902036052295471,32.374737923985954,0.03910482369889529,45.38655462184874,0.12713320622366595,5.183924550212242,41.554621848739494,250.33893557422968,7227.633053221289,9.475660280965622,0.05078430191439031,122.05882352941177,0.34190146646894054,0.6055488992607143,26.539619714524854,0.033923608038147895,5.1998726222848655,0.24569855471438404,233.77380756224062,2.163732183714224,0.0050461757364302666,83.17193426410668,0.033097912407700596,0.4689152211330443,0.6451174416788206,0.4131754944411595,19.21068788764469,46.495225748148755,42.720018726587654,49.040799340956916,37.64306044943742,50.27922035990614,2635.916666666663,29.994881084924952,0.3093625375849695,2982.8919387725678,1.1316336273045704,2905.9999999999995
IMG-24923A3FA1,R1,dual-habitat,1,1,extractable,none,,2.0698331356048585,3.075507974624634,6927.951992522892,2.7188395292141063,0.48823297023773193,3.7374210469380595,4.326436996459961,2.5774186694002013,0.3075564114334728,2.5814733505249023,1.3359193801879883,2.9905176162719727,0.20904744431926647,2.6074461188171716,0.15599963683203663,13855.903985045781,0.1806298580166242,0.15568826516202905,33.95576867038098,106.26493831428355,0.4184419208387553,5.653210461657508,3.8657107708063134,0.18469960341585148,1.476629525180202,2.199844859009587,1.6697428079617285,0.5230116169880783,0.4685284287644912,0.9789456448622528,0.9046063990326283,-0.04758434010137692,0.4669447815035791,0.45674631647157377,5.788493909354614,0.03927133814549682,5.17073761105507,0.30672963922243535,0.08740992117614953,11.57698781870923,3.26116485489864,2.3797303081159553,5.468427138497633,147.8223748773307,0.1450661186234845,5.51693678788013,184.06182531894015,2.6108973661375954,36.88910696761531,19.947988223748773,692.6732090284593,0.6720829586352856,0.04154207487001042,0.22735654773585426,9.505157499644449,0.013026088430343946,158.26828643545792,0.17396025867402232,2.7690348069348425,37.14458070355082,1.4110002839074944,51.45355519623403,0.056544745621425384,0.04238776006995562,3.2762741600245784,738.6359132533921,0.8087094720649042,0.8923529855816412,0.14439250443775517,0.9174568411136959,34.270963172435046,0.039491854409352115,34.43065693430657,0.12565933187703127,5.109489051094891,41.10948905109489,82.36861313868613,2802.3138686131388,2.6712859488288743,0.05656366051506267,83.89781021897811,0.306196387660504,0.5701857778954084,25.176378519312543,0.03793979403823665,5.242121124667713,0.2688910696761531,68.53781501411903,1.5906219531903916,0.0066378264962594245,80.06362540961341,0.03643283345513065,0.42014514363505584,0.6488529782749265,0.3138172157588766,14.70618642472882,46.862267862412004,38.94868418830089,40.49691346263317,26.832815729997474,44.732538492690075,1879.0833333333312,30.4067220712434,0.3199809297385954,2301.392652603282,1.2247421983786162,2037.9999999999995
IMG-76AA075229,R1,dual-habitat,1,1,extractable,none,,1.8780144333839417,3.1077097415924073,31237.859815962373,3.017968585846789,0.662971556186676,4.042060093790936,5.711251258850098,2.495709095447947,0.38561769559688874,2.4868584871292114,0.9115144610404968,4.799736797809601,0.2693566803288051,2.5431212712740003,0.35093735002972837,62475.71963192473,0.1448401767764447,0.23890191130467903,55.123727830707836,361.984544760905,6.522907614539337,10.150472714041332,5.065754345675671,0.333300971129233,1.7024146567424339,2.3767693831217667,2.1410432883032913,0.4909804995048023,0.4264479721092162,0.9879631015514829,0.9254784467677654,-0.045416350059122146,0.4655687050680403,0.41627165701766405,7.338142871784539,0.023987253467375107,5.844790812995227,0.4177219726437987,0.04690214764240028,14.676285743569078,3.702046289917806,3.8040567649292507,6.070475702741227,583.4364389233955,0.12079429377295972,6.091215445220308,699.5780538302278,3.947284441186683,60.636024844720495,26.46625258799172,1424.4186335403726,0.5970596466195265,0.02334282344736877,0.16649311971474837,12.074009381500797,0.004704925637362074,588.6836129867871,0.14092341354235602,4.155800790364356,61.46122985918119,1.53325184566415,90.87742325143898,0.03541992847790359,0.02349647881486143,3.6950013452577415,3205.1080172901306,0.7657907015894261,0.8648510909380474,0.1915241540491494,0.8971609800082513,55.73611396453794,0.02119423961554689,85.04156479217603,0.10396279314446949,8.108757121251069,76.40342298288509,1659.0195599022004,85587.01222493888,34.578598008440466,0.02812077649191371,278.1540342298288,0.3400416066379326,0.6048460492703392,47.991363478887514,0.0190981198532003,5.663982376488677,0.16935817805383022,1624.154721695829,3.4313527112772264,0.0015149515444147562,210.4647118095974,0.027721089309404198,0.2782152260156064,0.7976386849801668,0.3644876909663464,17.748174957767713,48.69348237992054,51.62363799656122,49.04079934095691,46.57252408878007,54.598534778874786,9378.250000000007,38.83980525262474,0.3150939657660269,6825.354956709463,0.7277855630538168,9659.999999999998
IMG-94B3FD2C28,R1,dual-habitat,1,1,extractable,none,,2.1807546615600586,3.0496766567230225,7739.064044110417,2.5050206554858727,0.4404796361923218,3.3984438911194683,4.256979942321777,2.617584958578637,0.26666205484415506,2.6208291053771973,1.5355486869812012,2.721431255340576,0.1849397165240876,2.6392904775946673,0.1440529326765117,15478.128088220832,0.204445196994947,0.11410320974476366,25.006756181497305,59.92361222482623,0.5582137686085947,4.464955722549089,2.798420936167607,0.22804242597944532,1.2866906725626337,2.0037355040595313,1.1270069841992292,0.5472103278117636,0.49810819058829214,0.9817052496189185,0.9086842958556572,-0.03859813325244003,0.39273503291225975,0.4762792299769434,4.958709143413625,0.046030167533457046,4.836631983155065,0.2894698495739171,0.09064481168680084,9.917418286827248,3.106353297441208,1.8158441646791739,5.61360446961579,124.63096309630963,0.11217908469514819,7.152048778235158,227.13861386138615,1.917501201065201,27.16111611161116,29.05040504050405,714.4572457245724,1.448439192133499,0.054391007553136264,0.1697724787907709,5.200573211158184,0.010991661559716837,188.44848876721557,0.19755628155535862,2.032811586301995,27.48695944894784,1.5768376226561496,41.96987285144395,0.08398669692390157,0.055071665964433386,3.1986540255575706,726.0037048569349,0.7584465389361049,0.8584781555078584,0.21026549155463967,0.8928229658380844,24.77053277686786,0.04964654870487538,31.407582938388625,0.1488511039734058,3.7732306102738034,31.19905213270142,446.0805687203791,10922.047393364928,20.114212206955806,0.06763928816216674,65.3696682464455,0.30980885424855686,0.570517879911673,18.29662919821839,0.03952784727945801,4.989696448562295,0.18991899189918993,418.3561016149682,3.037748239857057,0.0057843269983409865,43.991743259880465,0.04115156844443106,0.23829874819506197,0.8022154570741479,0.4852268747198619,17.361026794996686,35.77919463966171,40.70626487409524,42.485291572496,31.40063693621516,43.31281565541543,2071.4999999999977,28.702622981601117,0.37042676660174206,2121.4772984772535,1.024126139742822,2221.9999999999995
IMG-FC78791CB1,R1,dual-habitat,1,1,extractable,none,,2.1871415615081786,3.1818542003631594,6884.410687033174,2.7106182106641543,0.4690288305282593,3.7883040443073313,4.322757720947266,2.684352091544452,0.30393674591789016,2.691683053970337,1.236216425895691,3.0865412950515747,0.1985383041597055,2.713485965025141,-0.06560704581156994,13768.821374066347,0.18847436300723494,0.15725993100934665,52.94808108532812,124.05094121669597,-3.42067718648143,5.3983494909460585,4.493232342761151,0.08878956634712759,1.5806268645643082,2.2874231194069123,1.9675821311643449,0.5108311415700533,0.45224774648631766,0.978993710185923,0.905245979330177,-0.05852776287411553,0.5144917538009462,0.43617844548495327,7.260843889131478,0.04170809420712288,5.173741845941602,0.42299255680389286,0.08582115339587645,14.521687778262955,3.19722751045478,2.472895458426802,5.335269956431155,145.1818181818182,0.15527467185221197,5.179952529383168,176.2235294117647,2.623839400611971,55.79679144385027,17.26951871657754,956.8192513368984,0.34088609526371694,0.023982756949233214,0.2877065499519636,17.036452349338184,0.008655707630751245,152.82494021687455,0.18055912829169252,2.778452950607381,55.89447117537073,1.356088043011695,75.41693766344184,0.031554949361365096,0.024385280223027113,3.219422909349488,705.349004827481,0.8314998623611173,0.904730563554093,0.1280798999461275,0.9285939975431295,51.96725638767511,0.022933799675144247,41.95061728395062,0.12947721383935376,4.641632373113855,58.69135802469136,63.608024691358025,3502.685185185185,1.213403912561569,0.029273986328150658,120.34567901234568,0.3714372809023015,0.6299197300529836,38.45966684138824,0.02033883191630033,4.931657844287654,0.34652406417112297,55.280168800487736,1.2366608794531357,0.0067796648869259705,85.98378214685484,0.0398576908224064,0.4145582029612198,0.6160336995371439,0.41419324730792373,23.46583694262539,56.65432040513249,56.080299571239806,60.53924347066123,42.7551166528639,62.3698645180507,1617.1666666666697,34.90097059393647,0.2788200810122446,2389.6259699190346,1.4776621477392744,1869.9999999999998
IMG-833E2B96C5,R1,dual-habitat,1,1,extractable,none,,1.3593276023864747,2.2605711460113525,27584.395020862135,2.5986911990133152,0.4716483950614929,5.039473206973848,4.48190975189209,1.7923056516233504,0.28896627025100063,1.7535700798034668,0.7745885252952576,3.7073212265968323,0.1962295303498781,1.831095448360544,0.8684778008379519,55168.79004172426,0.19807393612705979,0.14055099216569905,22.46186428335958,141.52468770083658,8.830945498624418,5.9236494188652795,2.373823598119993,0.4251902644051175,1.1211059598810966,1.9188437332938726,1.106729399990975,0.5898735094946777,0.5518796082743219,0.9911100626768738,0.9378248556430614,-0.07075234350819783,0.5294606639817342,0.48729937844548965,4.644711468667509,0.04978431698280291,4.867974270817888,0.4943560661969174,0.10140666649916678,9.289422937335019,3.286410321352811,2.0743682542463184,6.202441705349184,627.3308617965237,0.07625268771077229,13.308788671465399,1629.5542725173211,2.343671175892734,24.48523155463717,62.42798103804546,1300.7589643855597,3.808469357192262,0.06553874835021681,0.09308404010068387,3.5061982448630973,0.008029196729065931,1172.5455906067132,0.1853385335408991,2.633259911246657,25.39099715636329,2.134517684912132,49.558533485262615,0.13621626441285575,0.06675199365529115,3.666389360797983,4025.910246752125,0.6342170237419584,0.76890351656366,0.4309540951410717,0.8235593640102162,21.548994476133604,0.05583079876049191,80.26315789473684,0.12069647803719825,7.388492283339929,42.634586466165416,17093.866165413532,340683.52781954885,992.3596138795286,0.09520084128964229,266.3624060150376,0.40054497145118434,0.6579222049097708,29.858463653425,0.06520194962428495,5.201904546285667,0.08083140877598152,16940.813920515575,11.345055310334162,0.0009270654703072125,100.15803098994918,0.018522216220894762,0.14634688829300802,0.5848515309117074,0.5082919858557479,25.72213205339618,50.60503169274061,52.839379254491625,52.839379254491625,36.76955262170046,53.422841556772326,16355.08333333333,29.596430257334813,0.39852754794501305,7818.57521191048,0.47805168904125517,16453.999999999996
IMG-23C5F88703,R1,dual-habitat,1,1,extractable,none,,1.9866348505020142,2.9175291538238524,28516.201013389396,2.645994335412147,0.47409623861312866,4.46379502122249,5.022956848144531,2.4433277210485875,0.2942126366876198,2.421221375465393,1.2137950658798218,3.8091617822647095,0.19990460809579214,2.4726722951148625,0.537600727948714,57032.402026778786,0.19203438475502294,0.14425792658411762,39.82876857590235,122.09701880031578,4.223914261096913,5.708787537542264,2.843543432059173,0.33155751304968323,1.2374386056681959,2.0340277162832114,1.3017559783686736,0.5685305328109748,0.5244859000951346,0.9905554410688697,0.9355763147086438,-0.04994969839035705,0.45387942762913114,0.4712062963659305,6.253976535429652,0.04540829778662357,5.00465991245775,0.35782721826334996,0.09628216888066342,12.507953070859303,3.2822249068973597,2.1380827424003597,6.081130895787174,400.38807890222984,0.08584650062226197,11.429653320642917,895.6483704974271,2.4001250684046846,42.398156089193826,48.13807890222984,1862.1417238421955,1.4163130404019426,0.03091504547887607,0.12114581707739092,6.791523516504362,0.004196090523463437,680.7556584690694,0.18118774661483045,2.6565196988159894,43.2108707428221,1.8763674518598437,77.3789648648731,0.05718522206499654,0.031189046391185346,3.569873429623629,2569.272965656269,0.6820473939221119,0.8054327747723975,0.3259407058841171,0.8520128600505326,37.40924934458257,0.026759497238729182,62.23163841807909,0.11719705916775724,6.995307861725559,59.29190207156309,3525.732580037665,144640.43502824858,92.0779850273458,0.03613694924693277,207.79472693032014,0.3913271693603016,0.6495406606500361,41.39873547208816,0.023814012797813103,5.262759164172374,0.1138507718696398,3448.583981472615,5.040438326186372,0.0015516486308466537,99.57914200716009,0.02108525081536126,0.18447160367769963,0.756751108454961,0.5631574635012279,23.71204595851056,42.105534411440615,44.59820624195551,42.720018726587654,36.87817782917155,48.373546489791295,9176.000000000005,31.863409837946186,0.3622280772367771,5851.55040677864,0.6377016572339403,9327.999999999998
IMG-BE4E03A7EC,R1,dual-habitat,1,1,extractable,none,,1.458341121673584,2.39697265625,45997.197090496295,2.6247354839481187,0.4796375036239624,3.457477268163208,3.7038309574127197,1.903264803061276,0.2924772983916224,1.8707844018936157,0.6472097039222717,3.056621253490448,0.2006928995450054,1.939254022526843,0.5204218475928448,91994.39418099257,0.19175689202164473,0.13828925331466474,39.38990303525298,178.51031041213338,10.321840266192005,7.21872110793889,1.8414081495045878,0.5933799605949067,1.0070542934970412,1.7852433295656183,0.8191056340672671,0.6099847974039881,0.5770027199785697,0.9894934536852017,0.9318347371088537,-0.12412879446856737,0.680859462418457,0.4979919320758446,6.1680887589944335,0.048190689753558225,4.887398567547999,0.5981247552910116,0.09599914544089085,12.336177517988865,3.436321088974583,2.2650323143608695,6.425214413837705,878.5275938189845,0.07182794487932177,14.995231419891157,2345.378546316736,2.318794861628608,40.12656364974246,75.56920938598643,2777.562913907285,2.4194596748678956,0.03248776765731039,0.067671035209642,3.1453165146351885,0.00268267225493692,1640.9489407639269,0.18149344317959334,2.540263180245291,40.936386996927766,2.371096811228115,92.24182966864136,0.07639917893541394,0.032735388405213034,3.793752864848993,5410.928600580724,0.5967408781684269,0.7391181298466066,0.5285496818964971,0.8002959156627782,33.27178332374886,0.02639468840952022,79.63893016344726,0.11833422015371063,6.44529716578095,49.07280832095097,30074.50074294205,1147335.0965824665,853.3981699475603,0.045132244231264336,235.2882615156018,0.34961108694740234,0.6115878117360531,30.648079109043103,0.02753673562714539,5.364434905501005,0.055024119041779083,29744.21197582844,14.552209103698049,0.0006908000926099853,54.37719776368053,0.021407595739199498,0.0503113221713266,0.8937651392271844,0.5018758815590115,25.785468753424436,51.378178750740645,59.665735560705194,53.85164807134504,44.99999999999999,59.87486951969081,24336.666666666668,45.92002508439489,0.4331032235239095,9377.061639759844,0.38530591589206314,24461.999999999996
IMG-CF55BF6E7E,R1,dual-habitat,1,1,extractable,none,,1.6787873029708862,3.0639814376831054,8273.128523536507,3.2234371626079685,0.7180951237678528,6.053538734411289,6.849440097808838,2.363092010465574,0.44901142329661,2.3386147022247314,0.8282216787338257,6.021218419075012,0.3004742860633936,2.435273717960299,0.8551005577120069,16546.25704707301,0.1298169345203684,0.3463542314619483,48.99000658128709,670.2256110045847,18.51241309565994,12.842948885172056,6.812847518674584,0.302301144188669,1.9588018761610448,2.5502844984540642,2.9366800483216133,0.4632578669216991,0.39195717958288534,0.9896185878187952,0.9308271960619462,-0.06026294761906477,0.5492344543700297,0.3844125767604455,6.890420023205356,0.02083453435774609,6.0926955427041545,0.3979209508230622,0.04334981920455842,13.78084004641071,3.8430140061331293,4.91394910096166,6.025559175594317,190.29749103942652,0.13641397207127348,5.518132603640756,181.09462365591398,5.632974910394266,54.63297491039427,21.283870967741937,983.2050179211469,0.5945397545711012,0.03423818553776253,0.21545210034477635,15.657826310351139,0.00862435911739499,154.36819880630998,0.12490843857088937,5.994369913840578,55.59540946353953,1.432173277414957,75.95837240535002,0.04735300049192158,0.0349129271825573,3.8132064782059105,988.770644031035,0.7985833107390298,0.8857457954232147,0.15255031881410902,0.9133656643053994,51.488559021196586,0.032361123085102694,27.590476190476192,0.08758881330309902,11.59167548500882,74.88253968253969,187.34920634920636,8470.384126984127,4.844965374864524,0.04337443010742565,119.6920634920635,0.3799748047367095,0.6405856691336543,52.75363613976352,0.026017389116763025,5.568431110050924,0.22580645161290322,167.73696145124717,1.2479507591753352,0.005335869125150775,216.85014468015834,0.05106451724403294,0.9317456823314302,0.6966738395170726,0.27485263901963297,10.729275664783053,39.03646587878187,32.7566787083184,36.87817782917155,34.40930106817051,39.0,2709.666666666668,27.195684564948163,0.39910858896058404,2355.0689664924557,0.8691360437295318,2789.9999999999995
IMG-2993B54556,R1,dual-habitat,1,1,extractable,none,,1.9193021297454833,2.952870225906372,27922.2324106867,2.7752772749625567,0.5525943636894226,3.1306528311693382,4.1539082527160645,2.4483985276424245,0.32568329950207114,2.460480809211731,1.1732004880905151,2.9807077646255493,0.22831826914493575,2.482161974859136,-0.01572698558805227,55844.4648213734,0.170178875101368,0.1664727192750154,40.51220418109553,139.30654104590522,-1.9474089743268013,6.795932167776654,3.10129840489409,0.3700328780503923,1.3440905617470575,2.088175683970946,1.2815602982669805,0.5417644804730204,0.49026958015595967,0.9826768552479664,0.9116784223604448,-0.051257883845811966,0.47034847604850943,0.4599764487148542,6.291907973327263,0.03544827755140846,5.252107786110902,0.3899917780016076,0.06919210203126154,12.583815946654527,3.4166008202927265,2.4743076431676867,6.14887774969444,425.06354810238304,0.09379160372956379,9.449540932422105,771.2506619593998,2.774745820444048,42.93711385701677,41.81288614298323,1690.9159311562223,1.2723506567129126,0.033561385936514344,0.12459414548538914,6.0140852925195585,0.005866389712020596,606.9021751358551,0.16338673136235046,2.9813089950945137,43.34232743847982,1.786799568001362,75.47506620827913,0.05826429424079226,0.03422919943970449,3.6329761158392513,2613.8813786468895,0.7019603630148054,0.8196584968429629,0.29111387355443374,0.8632230332595667,37.678023907423324,0.030043308126167692,57.58708414872798,0.1126948809172759,7.283136936516021,50.36399217221135,4567.084148727984,196542.1467710372,114.73142623227552,0.05155548227400707,204.8082191780822,0.40079886336219606,0.6579435308699344,33.78307041059801,0.036545027860506896,5.218425002316709,0.11275375110326567,4488.427035742051,6.166241272494233,0.001613658081818402,71.14330276735244,0.034799580725227104,0.10095204394294596,0.8573491348619109,0.5201087666017884,20.11327592055473,38.67128803070933,45.17742799230607,44.181444068749045,37.69615364994153,46.561786907291264,8925.416666666666,33.15479533712441,0.4023604057028669,5171.5558609051095,0.579418984462549,9064.0
IMG-4C2D1F3E83,R1,dual-habitat,1,1,extractable,none,,2.147703766822815,3.01946759223938,8034.303093792831,2.609256866365828,0.46099841594696045,4.3742707034379755,4.590017318725586,2.588123555795676,0.2818892882219984,2.582318663597107,1.4857958555221558,3.10422146320343,0.1893891844786147,2.6137885120794024,0.4201973419708287,16068.60618758566,0.19645460224906286,0.13350684581380348,35.36357119855117,100.4394423297247,3.2968505516092295,5.2892151252112285,3.131425535117269,0.25401387018821037,1.3362761995441859,2.0846758305926754,1.3337335441519031,0.5450831213371023,0.49425940855037503,0.9849102388780301,0.9177457443741113,-0.04469460873356595,0.4392131728284765,0.4588356581559926,5.901145551593559,0.04366370031952694,5.004368606759485,0.32522293733078783,0.08729109520911728,11.802291103187118,3.2184090420369955,2.105160165082125,5.707044984268333,123.04931972789116,0.10463377527881901,8.117786570410479,231.03061224489795,2.265750815632375,37.14200680272109,32.576530612244895,1144.3818027210884,1.0498683200385526,0.03674505999700717,0.16577206906941672,7.27469382821197,0.007948157636953312,186.68062547169964,0.18710943435095254,2.465165786679198,37.475695660670766,1.623396588352477,59.4628599516393,0.05783355198217217,0.037451370054368924,3.3544635658059008,742.5019735738194,0.7422626748004235,0.8482469911041339,0.2254357078914966,0.8848785746921143,33.40939810448728,0.033646631925054855,24.949494949494948,0.12600755024997448,5.98645546372819,44.388888888888886,786.5353535353536,26609.964646464647,24.583358858011273,0.050210681284727186,74.5050505050505,0.3762881338638914,0.6372950112582214,30.206618373362073,0.03444358608715776,5.007135143130891,0.1683673469387755,751.2589531680442,1.7689531998570045,0.005738355407490598,78.0896287351044,0.02874636990940169,0.4389164509316964,0.87024056641435,0.6319618121153582,15.12224678269163,23.929051554670867,25.999999999999996,31.62277660168379,22.20360331117452,31.685959035509715,2256.9999999999995,20.824031378694958,0.39878956082501416,2086.5464118971554,0.924477807663782,2351.9999999999995
IMG-64F9D9EAFD,R1,dual-habitat,1,1,extractable,none,,2.048139953613281,3.020336151123047,16206.714260032337,2.7126382564060094,0.5081944465637207,3.622179949820018,4.584907531738281,2.527958407679247,0.3070761748039863,2.5241620540618896,1.1731889247894287,3.4117186069488525,0.21234194675071155,2.5579054325502617,0.1718109755091921,32413.428520064674,0.1805951858429811,0.1523064909139455,44.88188814451344,108.26396335039824,0.7640604544451095,5.5937747987186075,3.4444787302374413,0.23265189072050443,1.4196494822159724,2.1460169043160002,1.4155199570745476,0.5283314681163019,0.47393421394747826,0.9854338100788443,0.9181061457784445,-0.032611605021114834,0.37244091939492185,0.4558709419567887,6.659138068772057,0.038788461595321524,5.160997463894228,0.2857904222428912,0.07526022480705795,13.318276137544114,3.2686363133215885,2.2595633822390115,5.822197808150365,265.86314089624545,0.10733271735819357,8.348055399950029,447.33427533306417,2.5549275376255247,46.997577714977794,33.0742834073476,1449.968106580541,0.845732652790332,0.02836948966895516,0.15423405978016294,8.310975060344912,0.0055487490494396255,360.80223220575385,0.17190532247769796,2.7723011901043204,47.43499921891613,1.6395137186144404,75.80142660873973,0.04535486558712838,0.0288269166821488,3.4641324622625436,1566.2045046567184,0.7444010691863495,0.8472097139840378,0.23879856608869954,0.885928688835448,42.320156087336564,0.025868938218972678,43.05509641873278,0.118609081043341,6.871085004819038,55.21763085399449,1504.0964187327825,66141.74931129477,35.922931215985045,0.03859787840043925,139.85399449035813,0.38527271209465047,0.6444983757233417,37.49934889753735,0.025882218278964583,5.201226775370542,0.1465482438433589,1457.5336535907536,3.0941032009248706,0.002693349578150974,94.56630827420588,0.030014020997633825,0.21802462129031383,0.7018947126579198,0.5773319440876878,19.14709848769642,33.16480004922138,30.610455730027933,34.132096331752024,32.28002478313795,39.81205847478876,4837.75,23.278197800905602,0.3886805237455387,3558.936940410923,0.7356595401603893,4954.0
IMG-99018A3BBF,R1,dual-habitat,1,1,extractable,none,,2.0068495750427244,3.161794424057007,21111.551990314474,2.97622652278259,0.5567610263824463,6.154004014919173,6.659363746643066,2.584377101043229,0.36264093039210593,2.5737810134887695,0.45809459686279297,6.201269149780273,0.23466453266477397,2.6296423078031044,0.4934213899701427,42223.10398062894,0.15840502685979294,0.2360136665914317,95.91224439629391,322.4519509404661,3.4794055653529297,8.298808532669982,4.981851061138746,0.24652028293510156,1.62633325526184,2.3542558825646003,2.319191912903612,0.5098102148237167,0.4517511139000672,0.9929184168716334,0.9437758174451146,-0.04579767992722661,0.4658127390581254,0.434027110586512,9.750930324488342,0.03186243742202288,5.612322082359191,0.3823247840496605,0.06856341699616852,19.501860648976688,3.5299113658928416,3.320164898452182,5.969462260169895,362.61742548313134,0.11877413215955825,7.211611138046063,483.6105470029479,3.8809328675225503,101.56239764166394,26.101211922698983,2489.776613167376,0.29255783575491734,0.012098702317278064,0.21000594347427362,24.31709367484987,0.0030076052373485722,401.10560312968795,0.15075019995965605,4.199369621467069,102.40175666640468,1.5042471430110318,150.71345241519433,0.017896306981770912,0.012220648468154537,3.640232652086401,2070.7310466608583,0.7768419535480521,0.8712993524654187,0.18208650076803692,0.902581560865014,93.04133810083661,0.011118422134706644,71.20689655172414,0.09821640903686088,8.802899405469677,115.84689655172414,391.04689655172416,36514.57655172414,4.299943094989686,0.014196406246916524,259.85241379310344,0.35841712247324614,0.6204798086213655,75.77400188790152,0.00954475577364797,5.585280075719047,0.2374713396659024,373.31408513674194,1.3498749497601104,0.0023312460382794316,286.86024421147107,0.02090905292734416,0.6007531411143678,0.7860867008403516,0.4440664612845136,23.57728840474502,53.094053391343685,63.06346010171024,54.08326913195984,39.924929555354254,64.16385275215322,5773.1666666667015,41.73652926464284,0.2704709373271545,5754.04051292907,0.9966870601799767,6105.999999999999
IMG-50E116010A,R1,dual-habitat,1,1,extractable,none,,1.845480453968048,3.1885122537612913,6553.705717110728,3.1351930550376057,0.7124543786048889,3.1341660487075234,4.32756233215332,2.5152689871047773,0.41979361862224274,2.5014034509658813,1.0890381336212158,3.2385241985321045,0.2914294150779867,2.5703225833679513,0.26568696852190476,13107.411434221454,0.1330624837408949,0.27998010508020627,39.9245397540126,422.5639196597322,8.007863166090308,11.921404259694496,5.824299529313979,0.345361550083226,1.8404725131870157,2.457380924918362,2.370794754868458,0.47478363129331486,0.40686444720091824,0.972955270425087,0.8917162551959087,-0.0721154652091096,0.5877932779961708,0.40185631926302323,6.194202094607229,0.021506014172105556,5.962935766966324,0.41189549833021216,0.04656438300733504,12.388404189214457,3.796780558905025,4.436425947252119,5.834004376349455,140.93145161290323,0.14206799557752342,5.339225904006243,131.99798387096774,4.634656892234651,48.35181451612903,19.235887096774192,673.8699596774194,0.7769933122578581,0.0376153025144434,0.2527339798877252,16.248358747340436,0.009773230763373903,116.28129415374612,0.13090718266812515,4.7815865120619385,49.61550021399022,1.3936551723308974,64.3767933177311,0.05264542581372203,0.03748959588160637,3.6563565789221206,724.9576686236785,0.8141453190634925,0.8950837468982631,0.13897817562047507,0.9205206349590233,46.59103441039185,0.034399576722559326,30.985559566787003,0.11186122587287727,6.780148314196718,65.46570397111914,83.47292418772564,2527.0649819494583,3.59231100582156,0.03935895114357296,107.45487364620939,0.3879237315747631,0.6475054997061117,45.566214101487624,0.02573352284507471,5.160379412138721,0.27923387096774194,70.64773423347106,1.4568798266076883,0.007151034731592887,102.13541123515729,0.06674471837755783,0.46680170984777597,0.5604860267098593,0.5013895082579667,22.460502104262265,44.7965139563835,50.44799302251775,31.827660925679094,36.76955262170047,53.113086899558,1868.9166666666615,25.107820117866144,0.4090400461531695,1793.8174884769765,0.9598167325867828,1983.9999999999998
IMG-B58B195A92,R1,dual-habitat,1,1,extractable,none,,1.7471036672592164,2.915831995010376,108452.03644517747,2.95701274972639,0.6088134050369263,3.258226054630028,4.32023286819458,2.32580232148261,0.3657196918275457,2.316603660583496,0.5796894431114197,3.7405434250831604,0.25284668307807767,2.37148452081412,0.15996075467228665,216904.0728903549,0.15224169641556007,0.21458239384708036,63.65695257909549,281.73584997429685,1.7074788173024351,9.482891688866372,3.426720301171275,0.46609238690887633,1.3981200840967303,2.1461515818432124,1.4502689621960463,0.5355788680026881,0.48274193416393757,0.9872266327295958,0.923837669252105,-0.07312495516634519,0.5623712135907879,0.4541647800170952,7.883059323985559,0.030009426365032472,5.56485580299145,0.47884252923172677,0.06269163066853105,15.766118647971116,3.663476634700682,3.227402997509411,6.321716991805767,1879.634619373574,0.0974711999260306,8.777836131086767,2935.8288736776603,3.5516460317534078,65.14939846504875,41.092615639908736,2564.346453018046,0.7656069706800586,0.02043282564664967,0.11080643433623258,8.01315889894813,0.0029444317951558847,2305.0979350761577,0.14580700695623874,3.8253965373668275,65.63747279473706,1.785883292347004,114.88500171227518,0.0356142617731653,0.020764528285293064,3.8219506549196915,11120.783283184337,0.7013148948764252,0.8198227306814736,0.28940056377759926,0.8626763444092153,56.9515036508416,0.0181529043528972,187.34015748031496,0.09834129001591337,9.916320223751558,76.23832020997375,19019.204199475065,1198591.1102362205,315.8199960273135,0.029243386235709858,646.324934383202,0.3392781807785838,0.6036425480488512,46.57320866644873,0.018778898342827137,5.822888852178161,0.09878655880522713,18916.732418211504,14.293885798577659,0.00044110158060946155,107.01898689614983,0.028354885615149632,0.04369434003477944,0.8571447876901549,0.772202413701627,43.4042131137004,56.20833649773005,59.20304046246273,56.462376853972415,58.694122363316744,60.14149981501957,38389.83333333331,48.17868265376361,0.2730231673267785,20157.13363382478,0.5250643694856223,38567.99999999999
IMG-1B12ABD1BD,R1,dual-habitat,1,1,extractable,none,,1.7593480825424195,3.0448534965515135,13527.538670408434,3.0441401855615013,0.684715986251831,2.994218900033193,4.219690799713135,2.396820861917182,0.402418852277017,2.3941028118133545,0.9617089629173279,3.257981836795807,0.2871316132583634,2.4481815039534354,0.265135075055883,27055.077340816868,0.13890973565428996,0.24884243217828048,50.026772564429045,302.601444640064,3.9241333822517848,10.51059751253207,5.051992375693762,0.34998303168159073,1.7146250738259097,2.389993052884522,2.083239813026672,0.4910368688395519,0.4254813296139328,0.9762681276606716,0.8979514307378256,-0.052399520283637334,0.502571668462746,0.4051087820127768,6.975757738079252,0.022737216315944837,5.852391197387154,0.3826528187047878,0.0456521493401405,13.951515476158509,3.718305593181663,3.8906474720564583,6.134920528725006,254.87416925121843,0.1129260829646515,7.22582487918746,313.51927337173237,4.094157319648869,55.010633584404076,29.062915374390784,1409.934869295525,0.7628834234373914,0.02662133789798475,0.17281358783078882,12.606050947905782,0.0045458775575587885,261.93224019606066,0.13513154082074502,4.30522578428675,55.984726768160485,1.5637423764502831,83.49029824211105,0.04159542322877274,0.026653114598114945,3.7370457954169303,1469.0875774583592,0.7561502477196729,0.858730104631744,0.20148568113531512,0.8921152756033701,50.634069975365826,0.023811937363117316,41.43589743589744,0.10624589086127548,7.303938198553583,75.85384615384615,689.274358974359,31146.3,17.966375144121,0.02643105985106612,147.7128205128205,0.3787508218277449,0.6394069697377159,53.09916051967819,0.016534609721942813,5.2706842586220874,0.17279574656623836,655.782912557528,2.896669579205084,0.0031869224835778245,99.5543358970296,0.05541260325663496,0.20625597903358664,0.9065038540575601,0.6370039927332908,16.875448666213355,26.491904067670408,29.068883707497267,29.274562336608895,31.240998703626616,32.0624390837628,4419.583333333333,24.015013138666376,0.448521131254668,2903.724665810578,0.65701321749273,4514.0
IMG-E32C034F3E,R1,dual-habitat,1,1,extractable,none,,1.8431432962417602,2.8807177543640137,152694.60155770252,2.7917210652701017,0.5348490476608276,3.540092980940151,5.154665946960449,2.3721504314549806,0.324021120595061,2.3757567405700684,0.7453312873840332,4.409334659576416,0.22261080335089725,2.407754484321735,0.10769342821935914,305389.203115405,0.17143235253279074,0.17018398731937326,64.85421588288804,175.16740857056158,-0.7962968613392096,7.3227071437130515,3.2427384023393255,0.385276786764007,1.363931288716586,2.1142241196117832,1.3689834933386598,0.5397713257552326,0.48808258193055004,0.991300225501405,0.935970081313505,-0.050515699832300164,0.47218121502205235,0.459445764517104,7.98961502612485,0.03498349269031129,5.347229540536239,0.4027962696812464,0.0737870565330439,15.979230052249706,3.4772243774442066,2.6413613865130947,6.243569076086905,2319.4150499259654,0.08806010288644084,10.089325382824342,4515.356733361175,2.8315919752642777,67.4136451649645,48.96423554424997,3169.192300391055,0.8460678736185592,0.018175327089172907,0.10127295837648585,7.83897151822701,0.002159186376836218,3421.54477133781,0.16266472849958513,3.0921480429774633,68.00207434973711,1.9201132500826892,127.78297426022007,0.03436685850750327,0.018356213497391072,3.741502318943311,14198.790700008229,0.6737808404754557,0.7986548172204425,0.34652031699579394,0.8474922510084173,58.050589005029046,0.015681645146127778,251.0499108734403,0.1118760743642782,8.6441775016602,82.4861853832442,42546.46479500891,2775705.975935829,686.6241197392462,0.022519128807731638,915.7557932263815,0.4080908169458028,0.6631377085050791,55.580954720194605,0.015547764771720578,5.3340370407725635,0.08519685637267929,42408.69536569691,16.23557710466154,0.000278320531511901,172.531238941627,0.016463552390822655,0.05323731131831529,0.7893052655838517,0.7796896433829196,45.596371821803565,58.48015580144159,68.96375859826665,71.56116265125937,55.90169943749474,71.67286794875729,52581.749999999935,46.15869490624188,0.36663928990695377,18512.64523665821,0.3520735851632597,52677.999999999985
IMG-3764EDD622,R1,dual-habitat,1,1,extractable,none,,1.730789303779602,3.192356204986573,58979.331424895056,3.2735270057145085,0.742854118347168,3.6123372185314975,5.63033390045166,2.473900238790417,0.4561345447297857,2.481123685836792,0.6394435167312622,4.990890383720398,0.31119011152066234,2.5417821123796016,0.14536290814740266,117958.66284979008,0.12339681660995647,0.34047391532562704,68.95548904458803,731.2227309608884,-6.768535252024305,14.582892860206629,7.0490542054071135,0.3482385887523816,2.0161706803208874,2.593855471621297,2.9487039578542142,0.4554150311793105,0.38228122619436206,0.9849367334859662,0.9171412427678391,-0.04692737576006951,0.496027545780686,0.3775622051861279,8.18954568346059,0.01746511689896187,6.356147088354882,0.4288094020853721,0.03638656657375817,16.37909136692118,3.962961896734277,5.407986766403438,6.058373821094765,1353.7775221820573,0.1482941748474156,4.374734140433127,1126.4895388322927,5.561114513494407,76.7951582867784,17.898017307481652,1211.1145799101764,0.3685102988855919,0.020273279696041712,0.23064535561602745,21.472110827568684,0.004844863012809243,989.0693729622063,0.12077252531279477,5.760868431712229,77.71904159412644,1.377453412257047,103.60061655714986,0.027943582383473848,0.020266332646611762,3.8172728618330662,6683.472878382661,0.8150715579962239,0.8970230120410865,0.13179635112032834,0.9215402469389306,72.30050001451731,0.018670533212835492,221.02939941201177,0.09283049114322207,9.318333347738758,93.75598488030239,120.66736665266694,7313.107517849643,2.5953736887599104,0.0210573880689084,797.2057958840824,0.33481973787655706,0.5999768588343967,60.741254508095274,0.01297404771007754,5.935504986278858,0.26081717603242416,105.96701840007718,5.419017987386299,0.0007904038805460313,293.60670289867994,0.03824896067767396,0.155382420396268,0.8328492991896314,0.6914381926653432,42.2690239471907,61.13203522104101,63.5609943282828,64.03124237432847,65.14598989960932,68.6804193347711,17375.91666666667,50.91377269187986,0.19370190371244636,16748.736581872523,0.9639052087538318,18257.999999999996
IMG-64AB7DEE94,R1,dual-habitat,1,1,extractable,none,,1.8250125646591187,2.947798824310303,139792.50593555102,2.9001753837550908,0.5568490028381348,3.627180297670071,5.308704853057861,2.4170495192632444,0.34753446871515625,2.4395530223846436,0.6439248323440552,4.664780020713806,0.2335912051089362,2.4582495376972027,-0.14020226930887358,279585.011871102,0.16188926057592842,0.2008624110178304,67.34825250131001,318.07724982534336,-12.125753731658945,9.58957177461295,3.427391734819395,0.47315161178748727,1.402120018474201,2.1475629402265586,1.4471764618966318,0.5337890735141997,0.48046644086661855,0.9916930574617052,0.9373107972061138,-0.07588422989458694,0.5831229385051176,0.45429112211311434,8.11214905119427,0.03162549745342598,5.54436825970025,0.542798994981479,0.06548046455376053,16.224298102388552,3.6389711313904676,3.254240877358085,6.294835802977566,2146.1652617472873,0.09277505130105422,9.333379228235327,3744.9842649029524,3.3351092193740794,70.81736048069857,44.237452989236154,2942.95180045822,0.7920278322567743,0.018362712900444098,0.10774485239957114,9.091235379934659,0.002150260204248703,2907.9120213112838,0.15495319957613332,3.563817490672278,71.63764243610014,1.8376413448956535,127.81280974015029,0.033471406249496925,0.018461195488285204,3.7937901939358047,12975.235705649206,0.6902836876111416,0.8112320394774032,0.31314797669255345,0.8569410232291518,61.96110693350345,0.015891513841848507,242.1592836946277,0.11411841832923078,8.65217158603242,90.3407163053723,30224.968426013194,2119054.7181903864,457.3439111415345,0.021187298344469675,809.8727615457116,0.3816554012939263,0.641533506018098,60.05220025385303,0.013405541005931339,5.470797316886902,0.09173042839233994,30106.125549092532,13.51956213182623,0.00033185626553352827,171.5573631980463,0.01951499766233981,0.06190916923071546,0.7357402437658769,0.5671574745794025,36.07204319189702,63.60145957460518,65.73431371817917,68.87670143089025,53.45091205957107,70.43436661176132,45978.16666666666,46.794153371285574,0.31594253238238107,19644.627423044498,0.42725991154594034,46265.99999999999
IMG-D41184EA72,R1,dual-habitat,1,1,extractable,none,,1.5492038249969482,2.5838286161422728,18571.8124415903,2.7554520050858695,0.5251517295837402,3.1455484030954923,4.049105167388916,2.1070566908315556,0.32047956242215353,2.14098584651947,0.874552845954895,3.174552321434021,0.2210487150656419,2.1456515642107585,-0.1601564926782723,37143.62488318059,0.17526753876138104,0.16413273662204897,38.29770603893355,200.7824100959438,-10.218932067301981,7.999678373799879,2.0721236142190667,0.5861292833334741,1.0675718927879254,1.852690319907976,0.9233994522217455,0.5977608817156916,0.5616289217001347,0.9898134264491701,0.9327667764467643,-0.12922918806679093,0.6979106461713069,0.4923471591438543,6.067424440339391,0.044788876755478754,5.026903901687969,0.6417319965918644,0.0938744516100437,12.13484888067878,3.4948679160444263,2.5179504970047355,6.383101277297502,318.32077342588,0.0789094629216361,13.5927469754484,707.029251363411,2.743696490096943,38.32548339117501,62.10808130887457,2400.0299950421418,2.144573374848532,0.04153158839398046,0.0802208384250265,3.4878701266627434,0.004363754131339473,514.1960350277193,0.16542543590378012,2.9793402249345258,38.42276563766081,2.122521076352634,81.37622235926027,0.08336940399196559,0.04289349993283414,3.7963432804338932,1984.4781675563222,0.6358008831526303,0.7705655772091071,0.42455343824244784,0.8243014669181761,31.794869769943645,0.036179585216707374,30.115942028985508,0.10911573198907792,7.460971959672337,45.981884057971016,7840.195652173913,322350.34420289856,210.60203382475603,0.06342398086287875,85.67391304347827,0.3104127284183995,0.5760975434321884,27.600368628889434,0.03703860241162127,5.477229003051915,0.06841844323252355,7626.569890779248,4.663436467527676,0.0022016475714681585,58.31955125184319,0.026978615501850864,0.15944806176436976,0.7253237554673193,0.4673706768403107,17.79248073532526,38.06931332451677,41.677331968349414,39.698866482558415,29.27456233660889,43.965895873961216,8010.833333333331,27.61257730860056,0.4502107173388725,4300.511296092821,0.5368369453148223,8067.999999999999
IMG-7A55781B9B,R1,dual-habitat,1,1,extractable,none,,2.0092613697052,3.033617615699768,26408.373559634965,2.7996829584470246,0.5250406861305237,4.070732159686853,4.9438862800598145,2.5203716275984265,0.3216559489460032,2.511098027229309,0.9737748503684998,3.9701114296913147,0.21536300959419322,2.554805768737621,0.27206952201198886,52816.74711926992,0.17430823336865786,0.17475937477188777,59.12234963492797,166.8018259127772,2.13449499506661,6.732446207230792,3.6359828745070475,0.2952674465104649,1.4311418880994002,2.179198561691736,1.5723140768762132,0.5310602952165091,0.47802811287192226,0.9879912331273945,0.9263757057547866,-0.04040783051799955,0.4188154739018213,0.4569666409031833,7.6385147307058,0.0369498887000759,5.323290854105163,0.3343935788156968,0.07234381831940488,15.2770294614116,3.4028325081851096,2.5921072704344605,5.976491112537481,423.4957983193277,0.1046702417991418,8.096463091648221,705.2511122095897,2.915090400092461,61.083044982698965,32.72219476025705,1934.6065249629264,0.6104489615757989,0.020893296293141444,0.16238411970248096,11.093116992810575,0.004290512182067253,569.3753121341969,0.1659946184823674,3.166884768138435,61.41876480240296,1.628986321899388,98.61322663439472,0.03314065237861505,0.02123998593424266,3.558865047267434,2551.1384616188975,0.7420767277622452,0.8475987680139931,0.23047528498864087,0.884749464985153,54.57551304911239,0.019042661590462383,70.40588235294118,0.10353806228373702,7.531572231833911,68.71617647058824,1123.1235294117646,66424.73529411765,19.780542851905146,0.027268445443983137,245.45,0.3609558823529412,0.6239119279273896,45.34018380065517,0.018196414467384583,5.546334265314172,0.16806722689075632,1087.721029411765,3.1339006638974825,0.0017830408687104329,137.91705319119725,0.0223833950114525,0.23176327152655907,0.5512732624866383,0.45679356177575936,24.89203827466248,54.492970912059434,49.72926703662542,49.47726750741192,38.01315561749642,52.354560450833695,7812.916666666664,30.040517857280484,0.3011418886411591,6322.979145615085,0.8092981680697674,8091.999999999999
IMG-1956F93A94,R1,dual-habitat,1,1,extractable,none,,1.0563122034072876,1.8418476939201356,39886.01051009307,2.4132802543486234,0.41167381405830383,4.81445946063621,3.75984525680542,1.4410876326085285,0.25019378265499154,1.416243314743042,0.5430583357810974,3.2167869210243225,0.17029848771799638,1.476980268199283,0.7476235838711319,79772.02102018612,0.2243176655008957,0.10473714779277223,18.936745396950606,98.9875053180249,6.46106877314681,4.821907665123697,1.8028765022232327,0.4549966603308019,0.981785565495085,1.7696894649443835,0.8319209254932812,0.6174919566669426,0.5866382425962702,0.9911274529604016,0.9377658891856575,-0.07711914443305266,0.5387972145320682,0.5003812208458611,4.264015582123839,0.06144979462812545,4.5548340684277075,0.46144553203751115,0.12744791076448242,8.528031164247675,3.1423637394366346,1.6561960418367323,6.203737128534413,1247.3645810544738,0.06822164630575771,16.34497198268157,4101.424196018376,1.7705458071753568,20.188087945744915,81.81470137825421,1440.1295668343907,5.860330503573603,0.07681426538095867,0.06895689917836714,1.9834833335320154,0.00782698200360473,2766.7074444103882,0.20803768373019052,2.021974507808067,20.935143554561613,2.500396755607982,47.90010276393729,0.18615774161613777,0.07859237076694187,3.6398820608961633,7816.2804873244295,0.5859170685332818,0.7272562812379045,0.5959205630861008,0.7931957467574876,17.1045044280211,0.06357393412636254,129.62937062937064,0.12949987075861202,6.575771880467186,32.666333666333664,65541.40859140859,1163142.8961038962,4283.432639343307,0.13444462342797522,411.9150849150849,0.41150358133375114,0.6669804875375527,22.442700067205667,0.0942259894944615,5.112363021833655,0.054747320061255746,65207.771543142175,29.055448005395643,0.0004121402094722517,77.92425869929198,0.014089622390922471,0.059877484580162274,0.6804055303114056,0.5371986715739228,32.78564853558952,61.03076993755738,63.28506932918695,68.41052550594827,46.52956049652736,68.67313885355757,36479.83333333333,41.52567338467712,0.4031023048777977,13195.851111129381,0.3617300273976777,36567.99999999999
IMG-A22BE3ED59,R1,dual-habitat,1,1,extractable,none,,1.9957841157913208,3.0016019344329834,72855.30887105342,2.7783320926741815,0.5175905227661133,5.081468553644957,5.747973918914795,2.5011539871386614,0.3181955219238688,2.4959287643432617,0.6534609198570251,5.09451299905777,0.21471716164232788,2.5352444440167528,0.3810954934684365,145710.6177421068,0.1766059157210268,0.1716931235381904,71.96075709042803,187.547727645017,2.7721149867080515,6.675518283158348,3.7533546852846604,0.2792277465553243,1.4380136455728947,2.1958555666302146,1.6711977639356599,0.5323309451702504,0.4789068410233305,0.9925120470264269,0.941330385051186,-0.03481752767847558,0.3923948087511346,0.4503355934392706,8.439722684693965,0.03661598983428222,5.3335057979951666,0.3646781458736337,0.07157264981511198,16.87944536938793,3.396604660197293,2.607218242110752,6.065470560116339,1107.1093956771062,0.09767175965391321,9.350107487631071,2001.8280546978385,2.862005697675301,75.9731804146449,37.38729598588443,2658.727481252757,0.5697122654769358,0.015830105913144866,0.14994935428517986,13.168933947204177,0.0027329148400498503,1589.5915281422656,0.16795731102870443,3.1228810096778776,76.77155990016617,1.702675882542969,127.1468431363364,0.026659881193286952,0.015944021888613387,3.59080960993419,6874.901639574334,0.7249666545121591,0.8348070985036139,0.2618790712670025,0.8757479377066927,67.78809064970511,0.014045742084922642,181.44071856287425,0.10864713686399656,7.8639538886299265,90.12994011976048,6677.494011976048,466690.2215568862,98.52363750874721,0.018718991175420634,648.5580838323353,0.3883581340313385,0.6477310298527073,60.78825065032518,0.01274626268955259,5.501056462758339,0.14733127481252756,6631.42487181326,5.572045012429633,0.0006247296264584125,256.23055072402934,0.013185879443458674,0.1889760818467627,0.5640731672307294,0.4853102097288636,35.83898500172073,73.84758095598997,73.7563556583431,76.00657866263946,47.4236228055175,78.6956161421969,22126.000000000025,41.65543888217296,0.2503611380495183,15223.662459336034,0.6880440413692496,22669.999999999996
IMG-18C4D92767,R1,dual-habitat,1,1,extractable,none,,1.3828003644943236,2.300093650817871,36005.57227786865,2.6138491132377393,0.4841037392616272,3.5720932598851323,3.9202511310577393,1.8295649495471047,0.28829867897804357,1.810293436050415,0.554389476776123,3.365861654281616,0.19919915911327557,1.8657849976189913,0.36089729692372274,72011.14455573728,0.19327853241568246,0.13384575272880042,36.02454821032997,140.80438648272118,4.80346987240986,6.723612639865757,1.6489917598126738,0.6049410524413978,0.9405909353175529,1.7168972566592193,0.7589070829707409,0.6258375128919572,0.5969866375871626,0.9918597061194657,0.9400876659054881,-0.13964857104368103,0.7086957666412117,0.5032374489539294,5.895339768581769,0.05145781043801755,4.781820557793889,0.622284265146668,0.10120965463512974,11.790679537163536,3.406972756394524,2.0931510999196075,6.462352116373536,721.1693899255536,0.06972535917292405,15.953044939321858,1999.0798607754036,2.235957008178409,36.532534081020984,76.92826065938316,2766.968191047085,2.5482950644739475,0.037151048781676584,0.07476224738574597,3.0453101205553073,0.0037724375469141724,1399.6646917515777,0.18331412173840828,2.467501511785067,36.71526413122813,2.388333910198351,86.59501859496973,0.08509889647974624,0.03826500919881838,3.785011603084175,4575.7813252079995,0.5972934152416354,0.7381283513933616,0.5389567359064199,0.8005968350606393,29.515000542046963,0.03139482781494362,75.07582938388626,0.11860320597770341,6.539450796003884,43.30173775671406,25790.206951026856,883431.317535545,820.080970642743,0.05642984280014115,256.44391785150077,0.4051246727511861,0.6615300702251653,29.156481968803618,0.03818542546639185,5.18147211267646,0.06120081214347868,25523.22270888395,11.461050043453413,0.0008069992135910029,66.19650188521044,0.017549255264423375,0.08030765434652509,0.5973205995657149,0.4679649269725137,28.939573121695407,61.8413292400334,57.72347875864724,64.38167441127948,49.73932046178355,67.34983296193094,20504.833333333354,36.939099859597526,0.36384124628594905,9957.33280734366,0.48560905838511165,20685.999999999996
IMG-6816D8B955,R1,dual-habitat,1,1,extractable,none,,1.6448403596878052,3.1868040561676025,31057.963569100706,3.3549548944863163,0.8048698902130127,3.928624397241052,5.460997581481934,2.4123306507898366,0.48620826676043183,2.3762266635894775,0.6302282810211182,4.830769300460815,0.3308149174236862,2.4920575121155215,0.5363557403136274,62115.92713820141,0.11661331001146302,0.3910114749512871,68.40283446732609,1029.2223595794728,17.79772362790928,16.89611396970666,7.267536267546737,0.3965547724892573,2.025529138509042,2.6079211814332557,3.1168807118494892,0.45777374052126013,0.3861574313922785,0.98306005708024,0.913444806621148,-0.06330936189873701,0.5670726843154398,0.38170721692539644,8.123515453040252,0.01682516095200863,6.423111728044732,0.4617618378323993,0.036842022423172485,16.247030906080504,4.059228444458986,6.040912559313351,6.143954055869519,742.3389322135573,0.14843809882294687,4.427412617856353,583.1831633673265,6.411890987129508,73.51029794041192,17.731453709258147,1113.1819636072785,0.3939551729598261,0.021707571903782894,0.23811467170523984,21.28545749600608,0.00562988556612686,512.8337959996943,0.11416614325092957,6.661505016118123,74.5232628073289,1.3749465077481118,98.64962335964115,0.02985469450933364,0.021710261729038345,3.89259718462857,3676.829109377657,0.8170074022528506,0.8981742113115838,0.1310635393953077,0.922293399952824,69.46699816983265,0.02002960895648133,117.82608695652173,0.08538122243226214,10.93965763495064,89.42898550724638,79.02971014492753,4748.886231884058,1.6480477244388276,0.023517972465394638,458.704347826087,0.3323944549464398,0.5975375922031296,57.81563570066396,0.014935437277293982,6.018273335925636,0.27594481103779245,65.89696439823565,3.2770798774396006,0.001546714754702976,247.57462564582804,0.04728997155570465,0.2568023728263908,0.6454158909926283,0.49123056269337445,28.296892124306726,57.604095252456055,55.46169849544819,55.90169943749474,41.23105625617661,58.008620049092706,9514.75,37.17859846218815,0.22565798412080873,9622.730912960877,1.01134879139871,10002.0
IMG-492B7B6733,R1,dual-habitat,1,1,extractable,none,,2.223526406288147,3.04002685546875,5733.845990298104,2.547082944384454,0.40374326705932617,4.9751950994717395,4.275401592254639,2.6366739278958167,0.2661899819931521,2.6277480125427246,1.4808567762374878,2.794544816017151,0.17190519177959998,2.6606056096769723,0.6020659002387049,11467.691980596208,0.21318091754305746,0.1267728081990181,37.60601193566986,105.71047868130466,5.4213650851820505,4.770834811930424,3.1868154857023248,0.19591189108547405,1.326530850000761,2.076655812395043,1.4082521630221618,0.548341855054706,0.49968470106358553,0.9825149401383075,0.9131663132069552,-0.057404314287443296,0.486392785069284,0.46886676963522506,6.099737016910977,0.051792518941599267,4.853984750674486,0.4023248701181598,0.11110882971143235,12.19947403382195,3.0992549974139814,1.989412574408187,5.565227791724693,88.04197530864198,0.10869379667733577,7.764054260021339,172.67654320987654,2.1491068434689833,39.50987654320988,30.614814814814814,1118.6037037037038,0.9227543525808569,0.033608267489298495,0.18054903886371726,8.897648172279778,0.0073749885347837215,139.31981055469015,0.201182178124526,2.353819969803149,39.96913646115411,1.5957728421389292,61.87315352971638,0.05226668406802851,0.034136722834568006,3.2692287771952446,522.5862666708,0.7527212877302684,0.8546058879392213,0.2189626255505622,0.8900203619221861,35.904864051432206,0.03076643461242708,18.82894736842105,0.12387465373961219,5.61547783933518,50.11842105263158,558.5657894736842,20759.427631578947,15.934837580589484,0.04195337458008587,61.671052631578945,0.40573060941828254,0.6595655285393996,36.03686131457788,0.028681842381795303,4.873488876075376,0.18765432098765433,530.1681094182826,1.1741322761423438,0.00816570195507434,72.25410269442777,0.02716773027694436,0.5513607085116616,0.6863718337292832,0.35861634849952706,9.992443462202989,27.863881565946418,26.30589287593181,29.068883707497267,25.495097567963924,33.301651610693426,1527.0833333333333,19.124983485234214,0.3940142368726341,1627.5988271975343,1.065821878655957,1620.0
IMG-1C08E2D087,R1,dual-habitat,1,1,extractable,none,,1.7536955118179323,2.9364726543426514,69573.3156759977,2.9522879647150373,0.6350430250167847,3.393044508679083,5.596985340118408,2.3391008332353445,0.3702070401304735,2.3282716274261475,0.8721092939376831,4.724876046180725,0.2609054982361898,2.384620997319701,0.2604274625643169,139146.63135199537,0.1497926002649717,0.21502459281572375,47.77567713998022,276.90261485369325,2.3705762071936736,9.779823961799094,3.4682045836887974,0.47573314162479813,1.4097625238976357,2.1519580795801234,1.4651973364615547,0.5324025476681739,0.4788052861315031,0.991605329965673,0.9370048703952032,-0.0768110173700852,0.5858231256200194,0.4541436752479661,6.796840535419341,0.02842293204639614,5.5807581907824035,0.5043501551927714,0.053880033283018665,13.593681070838686,3.6824458913276406,3.3120071363719723,6.306813372467216,1180.4322844299143,0.09647995786104734,8.808565069460297,1832.712464241929,3.558570381921,51.143195749897835,39.7934613812832,1794.3861871679608,1.1124268867696703,0.028018756648347437,0.1251673509853586,7.9798127578484666,0.0038792889876674112,1462.5011608372063,0.14500247475071493,3.781106563245355,52.148335442835865,1.7564004289991482,87.04091416525173,0.04903767832399483,0.02807585575384399,3.7897468324692554,7154.859992699523,0.7079788937767838,0.8243689289868285,0.27904088366009255,0.8667038131514057,45.90147291522407,0.024366860522005523,143.59097525473072,0.10450580440664535,8.157121018541472,68.88136826783115,11503.447598253275,532001.7954876274,282.0467258973039,0.03230547540092983,546.4454148471616,0.3977040864972064,0.6537572276051219,45.662538583799,0.021831165832408506,5.363682743178777,0.11230077646097263,11424.154665348784,9.51388009742662,0.0006324665730783766,165.16294691891494,0.023871094620630622,0.11448648735995343,0.5310850617266026,0.5103283725396293,31.9221125452423,62.552102259929526,68.70953354520753,68.87670143089025,44.28317965096906,72.91090453423274,24287.5,33.22048708984344,0.29772306198921195,13622.605813405095,0.5608895857294943,24469.999999999996
IMG-DE81D2274C,R1,dual-habitat,1,1,extractable,none,,2.110739231109619,3.1462888717651367,6771.2297190391555,2.826472764190166,0.48830485343933105,3.90090199324602,4.198759078979492,2.6282254472452933,0.3232141709876019,2.6131975650787354,1.242838740348816,2.9559203386306763,0.20888341798082188,2.662760390932207,0.24130462953063633,13542.459438078311,0.17514541816287932,0.1827238979697191,48.90166304344627,201.2022239486522,3.153804676067,6.9769728873308505,4.460733370389549,0.21520266845767752,1.5917813386514346,2.304420630015015,1.8958710226265425,0.5110756723198674,0.4507714065659076,0.9757950688958564,0.8983577721474035,-0.058222144800680886,0.5120254003576388,0.41966903333834094,6.947599898316738,0.037139194433691874,5.374803321657259,0.3385000110902733,0.09861633570019836,13.895199796633475,3.3852159360558707,2.8594265644301,5.562389199306672,129.86910994764398,0.1359885968038157,6.19161316849867,167.26387434554974,3.0697360269729455,52.908900523560206,22.16649214659686,1051.386387434555,0.5183620957034862,0.026338041871191313,0.21683938004960612,13.30269916766274,0.007136521338650618,140.24008207489757,0.1659364175972563,3.2822261660191137,53.541702689656304,1.447139678337878,74.96099306334963,0.03725459624548332,0.026676809424862905,3.4161149950967955,677.4172821269983,0.7996278122340749,0.8847362062021749,0.16333021187919577,0.9135868358972133,49.35669681937849,0.02461303574272922,29.170731707317074,0.11858021019234583,5.884146341463414,62.13414634146341,126.35365853658537,5916.227642276423,2.8508385899098316,0.032073135336465,74.1951219512195,0.30160618679357526,0.5630311467923786,36.55440816987115,0.020708718781535594,5.383310603179482,0.25759162303664923,111.28285081631306,1.244201475057018,0.007433856732198519,77.649591512818,0.04472507283017651,0.4090183383044332,0.39901965589164856,0.2722428423094351,13.326250290672345,48.94986467826229,38.05259518088089,41.7612260356422,24.041630560342615,48.05205510693585,1763.8333333333333,19.531958159862977,0.3270348737172338,2158.71390212196,1.2238763500644203,1910.0
IMG-E93A5C05AD,R1,dual-habitat,1,1,extractable,none,,1.743603563308716,3.0910086631774902,765.199530814401,3.0661220310449675,0.7609838247299194,3.1748811022674626,4.003030300140381,2.4377859743630013,0.41758688172721065,2.4320929050445557,1.1536240577697754,2.8494062423706055,0.2860556152044542,2.4942201981511274,0.1351731182975882,1530.3990616288017,0.13821138211382114,0.2783339400640804,37.479536119763964,621.435339280927,32.93070559033681,12.234469340989632,11.960555943952905,0.018602333220796602,2.64217893450808,2.525374523933378,4.525052446805865,0.38828611570591876,0.3060068767523747,0.9429647932002376,0.8458077573734297,-0.39689986423127005,0.9327770392406898,0.3581430272127879,6.114305499810636,0.03800568656234881,4.948808104029036,0.7755269649384673,0.06692939537509156,12.228610999621273,3.243758062883887,6.048756321235634,4.483792982347546,45.390243902439025,0.3690263731905612,0.786172251966422,17.0,4.733822460175822,44.53658536585366,4.073170731707317,170.8617886178862,0.15574016162209303,0.04799165542958166,0.5363888888888888,24.03297199638663,0.030781291218427154,16.417685049279324,0.137714895870454,4.775842611182053,44.60849627535227,1.1088659615849878,49.19311151778628,0.05222215454400029,0.0484076106551989,3.203425809054837,112.73566682716712,0.9442456331765874,0.9687304565353346,0.03927432963107568,0.9773550064955464,43.639180092628365,0.047583230525102604,10.316455696202532,0.13058804678737382,5.203653260695402,45.10126582278481,3.3797468354430378,144.126582278481,0.1376952679257995,0.05444098075624251,38.24050632911393,0.48405704214068257,0.7163115330520394,32.096627988748246,0.04347065216830802,4.2243132674829775,0.6422764227642277,0.9556160871655184,0.35911467018296767,0.04574104990729818,76.59714664052123,0.1411025574809472,1.843683526420318,0.7922276489763843,0.4545041941189896,10.949072609087093,24.09014647336921,21.540659228538015,21.189620100417088,17.0,22.383029285599388,180.7499999999997,19.084880104094026,0.37624710504983344,410.89402695724806,2.2732726249363693,245.99999999999997
IMG-5162797D54,R1,dual-habitat,1,1,extractable,none,,1.741319465637207,2.9996247291564937,17809.173796426912,3.0126655994038396,0.6572223901748657,3.043417087952885,4.34917688369751,2.422463006977356,0.39279193051327715,2.467844247817993,0.48838645219802856,3.860790431499481,0.27588903145468646,2.4717389796820983,-0.184279608273558,35618.34759285382,0.14559776868330543,0.24116656350612808,84.22534703679356,337.8262899558056,-12.248769809624715,10.89877382718707,4.5791462764381885,0.4095313065621978,1.6102071818245365,2.311160793755417,1.9521111528049337,0.5048014081113582,0.4441846668143382,0.98510162938734,0.9182996207056274,-0.06959819196408275,0.5668389767570654,0.42965185006800327,9.090677551036663,0.02498255523460119,5.78917013823607,0.5163080799095809,0.056082786923571604,18.181355102073322,3.73238811472362,3.8694800259063156,6.049142331570631,349.2984562607204,0.11982794382872056,6.19230937158896,424.41749571183533,3.9434980243550104,89.29193825042881,26.6885077186964,2340.7293310463124,0.35812834211698397,0.014313076339899766,0.17307775593651648,17.26376124048068,0.002925804322149803,356.9239683866484,0.1416270393788628,4.11073456831043,89.63954382928338,1.5442603628657225,137.1105250601358,0.021788599841490883,0.014434381916546533,3.6848995884954316,1940.3926186071196,0.7675726139208218,0.8643356643356643,0.1972468874226116,0.8974721903986189,80.72872276134726,0.013038626463453327,51.558232931726906,0.1035305882163191,7.864699762907049,102.9859437751004,654.2951807228916,55393.787148594376,8.531589795111994,0.01699979435686415,194.20481927710844,0.3899695166206997,0.6493297456636286,68.99886750478939,0.012024692493970705,5.425380529890642,0.17084048027444254,620.0327293108176,2.03456597244335,0.002631194462528006,125.35666048284257,0.03682738374347317,0.25693683670915035,0.6512316939395456,0.5641359221320402,23.10065259764521,40.948735386927424,42.720018726587654,45.48626166217664,34.53983207834109,46.62617290749906,5652.333333333318,26.66711431071096,0.33324952473899233,4604.683268105152,0.8146517546921916,5830.0
IMG-91927D1621,R1,dual-habitat,1,1,extractable,none,,1.3482843399047852,3.127052879333496,305070.33011237415,3.5402774247004793,0.8848307132720947,5.171471494186761,7.796275615692139,2.171068663770499,0.565606629664268,2.0675277709960938,0.027733994647860527,7.768541621044278,0.37187080695578545,2.295630373574509,1.0254966796105223,610140.6602247483,0.10575020263402767,0.5563796692716212,82.48105292591474,2561.605980183636,91.44827519274119,22.833569746575908,8.838359226816156,0.43638811975876557,2.0617652263088453,2.682466733544693,4.540052774711343,0.47482293566109846,0.409849715123631,0.9918179272522759,0.942788347240431,-0.07217434501461241,0.6035731368704993,0.39120214877463666,8.886592667414188,0.01675627425897779,6.639784720961486,0.49397258801849936,0.0397749244602108,17.773185334828373,4.232546770328006,7.917982243348018,6.716107188219656,6406.847052116983,0.11067468866480648,8.929908442241494,6121.773480281227,9.073264740518445,94.19236815284424,30.42714505346439,2193.1588730155986,0.5310967967154466,0.016603499115158314,0.19869099224961467,27.14029679307873,0.0029543872419534683,5032.270372084817,0.10104852517767242,9.696951604388598,97.32955812689767,1.575551745587094,140.03021840129216,0.02649473381989079,0.01647177463927079,4.248194266912196,38203.19479890941,0.7657620261197583,0.8601341825270379,0.21874860495708698,0.8969587447152304,89.48516575578904,0.014679319965317685,907.7698521689958,0.07333143647863284,15.759102620189513,142.14581145488327,4093.626383391227,255530.65401082477,69.9246718835357,0.014687310776492367,4700.291542127797,0.37969880783001836,0.6396654337389049,98.70079966852657,0.009127217180270803,6.15848771789306,0.21384028053688955,4071.75778399272,16.862572269845646,0.00014971329388504151,737.0739874793123,0.028631459331411965,0.09955629577405602,0.8728266811058404,0.7644940676784677,77.33608631656818,101.15982528342437,103.32473082471591,103.07764064044152,100.90094152187085,106.66770832824712,113773.91666666667,88.29499456337797,0.15480106441819536,73350.87876585142,0.644707336399026,115778.0
IMG-114C90DEA1,R1,dual-habitat,1,1,extractable,none,,1.4808045625686646,2.419718599319458,41293.39852883513,2.696958706191813,0.47104763984680176,5.34815043790184,4.722762107849121,1.9474245414732518,0.30064719115485516,1.9195337295532227,0.6801926493644714,4.04256945848465,0.19703816361173979,1.987938520811469,0.79644114443016,82586.79705767025,0.18971640652164462,0.1594372177937865,39.6306040868778,205.7912063375639,8.259186118278297,6.8302178736091905,2.6369623088229153,0.44056320960069534,1.1823755609986506,1.9836595451732877,1.2283471434174158,0.5788725198221037,0.5378393480553962,0.9912476261781584,0.9382211002332087,-0.07372293033667483,0.5492616703706493,0.47941632119076416,6.2113511102828625,0.04561593636270644,5.053485168517456,0.47197097872062616,0.09850953236027359,12.422702220565728,3.3977028561842433,2.3667950456080264,6.335152743025691,771.36041726481,0.07382145825101062,14.472302233413853,1982.3467317446646,2.6707714425253757,42.69949277442817,66.2739975117236,2489.7918461096756,2.049801909947147,0.03120986365887177,0.08631761651148145,5.3828019566678025,0.002748647521996205,1402.347188254636,0.17620546715638785,3.025205583730308,44.052376779713214,2.201278302899729,89.84492539933885,0.06846896551581289,0.031257132388269146,3.795096675695509,5016.605197789359,0.6288777683634801,0.7616407900645628,0.4690954819814991,0.820685317879001,37.105280603502855,0.0256642636766517,91.78080415045396,0.11904125051939553,8.337924201056119,70.40207522697796,22831.19195849546,851018.6835278858,660.0064070382599,0.03263558537642187,288.77950713359274,0.37455188992683885,0.6354712167357335,47.22944339492468,0.02074806425673312,5.4385239069256635,0.07378696525983347,22647.52091124266,8.982665846754328,0.0007382578563197877,123.10587389385438,0.017103209250373407,0.12634404023197504,0.8131205122194075,0.5933740352077742,26.174823093868724,44.111844369299746,50.24937810560445,48.82622246293481,43.04648650006177,54.53439281774392,20820.166666666668,35.868245488507796,0.5137417462995875,7124.079129771295,0.3421720509652322,20897.999999999996
IMG-FD6A3F9B5F,R1,dual-habitat,1,1,extractable,none,,1.8541314125061035,3.103713774681091,28890.539209695595,3.017475833197844,0.6543146371841431,3.4188178432973775,4.854120254516602,2.460640247779734,0.38738224186332626,2.4332518577575684,0.938685953617096,3.9154343008995056,0.2701035988338565,2.5088314255720805,0.39997242505439673,57781.07841939118,0.1450004509186875,0.23948469294452787,54.43557521528267,313.00404940798626,9.092578087506617,9.99191738615028,4.495889730348311,0.3780968175049922,1.6171870952476826,2.31538620841323,1.8516437496732605,0.5028310614091844,0.4405539823054804,0.9852380966052876,0.9177781056909957,-0.052902924536272836,0.4962429376359908,0.4201809395064143,7.284214636573759,0.02529675293783789,5.757160698868644,0.393870680613353,0.05232020360425593,14.568429273147514,3.6870951170546697,3.6219517791246494,6.028584677216765,577.2797385620916,0.1257690062226779,5.833695682097579,665.5520697167756,3.940476834645744,58.423529411764704,24.603921568627452,1277.2627450980392,0.5809932677596873,0.023918756680306855,0.1775901492338757,12.516162170148142,0.004828369401047028,564.8455391010245,0.1411413835277557,4.131937428374505,59.21385929068867,1.5001425579406735,85.65042370719299,0.03571190033371967,0.0239962140726255,3.6670652635429564,3117.373793658206,0.7769492519836562,0.8718283894754483,0.17801695701570355,0.9025309464516548,54.00709387901674,0.021717528880144214,87.635103926097,0.10119527012251385,7.831542117137539,72.90762124711317,528.2609699769054,27632.71362586605,10.982195888697493,0.027430496159565387,277.73441108545035,0.3207094816229219,0.5859052622536706,45.10218487584698,0.017483767901394897,5.777061368932837,0.1886710239651416,500.16852188661744,3.8957489204129434,0.001626720108375835,149.17696251046195,0.03326695526297433,0.1971639650842424,0.7758046597798663,0.592322904130548,30.001579501886013,50.650716514034485,49.4064773081425,52.83937925449162,44.418464629025614,54.4609952167604,8848.583333333341,39.29506189277698,0.2536286923246776,8157.083452882764,0.9218519107069217,9179.999999999998
IMG-54236152F7,R1,dual-habitat,1,1,extractable,none,,1.8637446165084839,3.1156262159347534,15394.931990855684,3.057103908860085,0.6229147911071777,4.072506172355333,4.83583402633667,2.468873595608157,0.3948472481731924,2.4362365007400513,0.4748217761516571,4.361012250185013,0.266460527762792,2.5211681843077263,0.5612653818010124,30789.863981711365,0.1450831593956036,0.26095218247436963,85.93229487708194,409.60238302033326,16.639928824868637,10.40622593805489,5.61156454829669,0.298346208606441,1.7353986054036374,2.4415845594018624,2.575063428454671,0.4980113869539306,0.43568681755503386,0.9854887889885192,0.9213228382336989,-0.05186730460870804,0.5031227676771954,0.40983072958528527,9.204837864127025,0.025715434031584685,5.845168789908338,0.40778164972757275,0.055479563273319044,18.409675728254054,3.693911898382318,4.004447621587895,6.0775963657785965,307.01816680429397,0.12676224888699172,8.01993016124556,351.3914120561519,4.292996997656358,93.01197357555739,25.162675474814204,2017.9616019818332,0.3460128842417018,0.013488688280750548,0.2420014363537365,26.72703761954494,0.003442036340094141,298.58252852440717,0.1401834732906489,4.545301643060328,94.46903842949065,1.4758522128847236,133.4896782245858,0.01993863059442621,0.013478720505884483,3.6736663247411516,1692.330100505652,0.7929952448006994,0.8792161595629804,0.1768108661297353,0.9104201164319599,87.02299212273361,0.012265122950319366,69.6955223880597,0.10402316774337268,7.519768322566273,110.40597014925373,170.87761194029852,12843.583582089552,2.3859069247450004,0.014033767180686501,252.71940298507462,0.3771931387836935,0.6384113729558086,74.31345135222959,0.009430643488847385,5.496341180496243,0.27663088356729976,157.80992648696815,1.6736056574727818,0.00301829285844558,164.83356594118308,0.04040581042075592,0.3568398015696325,0.5668614864707774,0.38003124780721054,23.46777447091742,61.75222328776132,63.78871373526824,70.26378868236468,41.340053217188775,70.59745037889115,4464.499999999972,35.004957085775736,0.26887829372114336,4876.522876308378,1.0922886944357506,4843.999999999999
IMG-CFAF88B4CD,R1,dual-habitat,1,1,extractable,none,,2.0136926651000975,2.9561148166656497,3825.378677415455,2.709963533995566,0.49894773960113525,4.66700031379346,4.514961242675781,2.5303060347997097,0.3073259187885474,2.5246176719665527,1.212675929069519,3.302285313606262,0.2071785286338719,2.5615505988942444,0.2916046602046751,7650.757354830909,0.18526930850954285,0.1590928409516326,42.00705696317123,143.72693513816634,2.1043272452193307,6.223354735040768,3.466998001729328,0.2824567022844225,1.3741005878287835,2.132144791734733,1.55497838340271,0.5451928649652306,0.4949735328666662,0.985504607899061,0.9210464778915575,-0.07779906947479728,0.5656642574277895,0.4550370629513528,6.4270916201570465,0.04193769041920829,5.065265744291867,0.45836643979240455,0.09514189590741297,12.854183240314093,3.3127278108046077,2.422588184192524,5.729700442050613,65.39794168096054,0.11217485708569562,10.157939797992874,108.01200686106347,2.6910255995339663,47.5557461406518,32.00514579759863,1331.0445969125215,0.8722572491441962,0.02959241356701351,0.2016008206092159,11.379454967479672,0.007530932684657051,89.2613576036502,0.17822480496099416,2.888798930806023,48.335548340149494,1.5826713177007365,73.1962592558996,0.0457820819560621,0.029985584708936697,3.390579818179129,382.7415471087582,0.762113760209413,0.8586884813299908,0.21811090063502014,0.894654062715664,43.7934871205055,0.02709924849249124,17.155038759689923,0.1329847965867436,5.449792680728321,57.75968992248062,205.71317829457365,8499.434108527132,5.415400155785009,0.03744981853703074,49.093023255813954,0.3805660717504958,0.6294436527309603,37.771855999079115,0.026134148282066047,4.729505195128491,0.22126929674099485,185.28838411153177,0.7001644128306052,0.011734569337881222,88.86931952785906,0.03051882744497432,0.9632502059510162,0.4283406875121969,0.4079580244960036,13.735892367302066,33.66986685522747,24.16609194718914,28.844410203711913,25.612496949731394,36.89173349139343,1087.2499999999975,14.422173917212264,0.4295763501109568,1190.3190157913161,1.0947978990952576,1165.9999999999998
IMG-2598452A2C,R1,dual-habitat,1,1,extractable,none,,1.3152403831481934,2.145949125289917,11959.464466799862,2.511378145491557,0.42818212509155273,4.495499001272287,3.629988193511963,1.7259348401039012,0.26565753211097026,1.7080355882644653,0.6525349020957947,2.977453291416168,0.17981412759341564,1.7599728391101832,0.6283503128080159,23918.92893359972,0.21042043704566368,0.11865332212107942,30.16229984716818,98.16339274176026,3.999547251822597,5.280701593048325,2.1406989134598087,0.4222748597168945,1.0691765237978292,1.8602669239083425,0.9895916837668614,0.5989427822639126,0.5632240293060994,0.988006926190875,0.9283152163371226,-0.07453411203267965,0.5421203732074963,0.4924825578898119,5.420071075881718,0.053125790182872695,4.7488935722728876,0.45576883730518297,0.10225804904646627,10.840142151763436,3.2260244933282816,1.8553501266270336,6.198131049718456,285.23413623413626,0.07387571516035644,14.21268784646148,812.4333074333074,2.008278348604689,31.616420616420616,67.82724682724682,1970.87826987827,2.782529962980623,0.04267097946399532,0.08985813923845413,3.9006144181342672,0.004715854992764384,579.559987272956,0.19832716181503532,2.2501304004398426,32.300993199958434,2.228808311700871,68.38577747932612,0.09343745620265771,0.04319422034987687,3.6179037654509605,1812.2526800362834,0.6180703286534954,0.7568386029924492,0.47019511443614503,0.8135921738938794,26.76470968525331,0.035509042382834984,35.108108108108105,0.11860847333820307,6.899379108838569,47.067567567567565,9020.66554054054,262589.90202702704,343.26964089089137,0.056905184911215344,133.04054054054055,0.44946128560993426,0.6965687231915144,35.089050244915946,0.040635118664643456,4.883085815928683,0.07666407666407667,8850.521719777209,5.603630824316985,0.0019217527759280387,62.452292661543,0.02067677834391836,0.15460622201813717,0.7873541092590616,0.4585058094861608,16.077839803548798,35.06572756748043,38.99999999999999,37.947331922020545,30.52867504494749,40.1621712560464,7649.999999999997,27.609144694414475,0.5308192136892637,3537.081881377524,0.4623636446245131,7721.999999999998
IMG-A7D59529BB,R1,dual-habitat,1,1,extractable,none,,2.054887533187866,3.112908124923706,29371.86147790279,2.8295778505488327,0.5573110580444336,4.423404119324912,5.523653507232666,2.583906449382758,0.3343811563067389,2.5780787467956543,0.8260133266448975,4.6976401805877686,0.22992079051569214,2.619347518831901,0.35941516856383426,58743.722955805555,0.16731726553027532,0.18440888524902468,60.83608805836884,185.35872112861097,3.0895369597915088,7.073457515610982,4.23975501005417,0.2496097279144733,1.5569148378758393,2.274295639169653,1.7986754675115728,0.5114298117776203,0.4521542980191379,0.9898169303582516,0.9311716555803037,-0.032779926643511814,0.3859277464066696,0.4338694216854515,7.754120804660939,0.03188499455693765,5.467037233803789,0.3421737008173233,0.06426288770995438,15.508241609321878,3.440021878310902,2.8283031314162885,5.875192536418921,504.4127540294324,0.11782591778309563,6.667621107503858,716.2852137351086,3.0559597960622056,65.13828544732539,26.973370707778557,1611.309273534221,0.5037652648660567,0.019484675641211244,0.1801680599806421,13.774308608271017,0.004141841003097664,597.2714612497956,0.16125002304411476,3.2613257871119483,65.85375103184309,1.530696467418129,97.84113986751046,0.029540556434117776,0.019611012598358138,3.511889766538266,2844.1983966667694,0.7667030358575908,0.8651465329811511,0.19065350241753592,0.8977313533661798,59.620929222387915,0.017704019410043178,91.99630086313194,0.11343563608277674,6.943220605697554,78.03452527743526,870.7016029593095,53820.030826140566,14.601016381529151,0.022875893141661583,288.08754623921084,0.3552250878411971,0.6189768729567516,50.845084927221144,0.015638982607131393,5.473595396989012,0.18944171922448025,842.8372638246308,3.1641543445785065,0.0015957334463582204,177.7613958566466,0.023024382363706773,0.2558415330265577,0.7738917447136897,0.5217576430219166,30.094599456533533,57.67926902274318,60.53924347066124,56.08029957123981,39.99999999999999,60.868711174132805,8222.916666666664,44.637510137820996,0.260680552027772,7557.754000394953,0.9191086699238862,8561.999999999996
IMG-70906056DC,R1,dual-habitat,1,1,extractable,none,,1.9939368963241577,2.890354633331299,10577.722486421524,2.6162989785550566,0.4830918312072754,3.4512258742966564,3.838069200515747,2.451979190890419,0.2886938002141484,2.461402177810669,0.9478421807289124,2.8902270197868347,0.19905129611837594,2.47916623986173,-0.0809845103591997,21155.444972843045,0.19358804203196595,0.13406329231051312,54.89238548747872,92.31646031282027,-1.2316609564076215,5.428363861122524,2.828595275577684,0.31387653279782973,1.282827890798709,2.0269408274305403,1.1679504842724546,0.5517151389219963,0.503067891519018,0.984112895817685,0.9151841362546589,-0.045610735918136795,0.4307627671643684,0.4691470470366139,7.36491637661219,0.042911817713844544,5.008384738343889,0.33254066961852186,0.08292238789627149,14.72983275322438,3.253770690709058,2.0642397841750526,5.941739566671979,158.47472399767577,0.09208293085280404,9.438019799172205,333.16502033701335,2.2288819690185937,56.20569436374201,45.31958163858222,2537.0261475886114,0.8868195925705545,0.02214026572237386,0.10856462609202978,6.204094469736863,0.003752894484395335,255.30440806826448,0.1835555490786255,2.44510602161041,56.27862829403192,1.8616778445612232,104.47190598006335,0.03972519036499121,0.022676638173958007,3.5204804843309105,955.8603078465057,0.6854812284344981,0.8080722299199928,0.3209038604734261,0.8538208527707087,48.1042426916185,0.019747361849697442,19.980645161290322,0.12890738813735692,7.609989594172737,57.9741935483871,3210.3161290322582,180870.94193548386,60.64397683982171,0.03866110074677447,67.72258064516129,0.43691987513007285,0.686113658013716,39.100598621910635,0.030296312602543923,4.776759786772494,0.09006391632771645,3087.0345057232043,1.985874084728274,0.004069942078930051,68.71787657023366,0.026654248271683476,0.2647984431991835,0.6074550603995004,0.3649705133478606,11.509014376837735,31.534093730657812,32.31098884280702,53.740115370177605,19.697715603592208,54.07402333838309,3392.7500000000005,19.155544811800247,0.5511826771892716,1981.024305575623,0.5838992868839799,3441.9999999999995
IMG-D085D2AAE2,R1,dual-habitat,1,1,extractable,none,,1.737276840209961,2.8049328327178955,21847.760963875004,2.8561673006838255,0.5670980215072632,4.54200526165984,5.2047905921936035,2.2647490364480105,0.34212567203646815,2.2374675273895264,0.9171331524848938,4.28765743970871,0.23480785837182702,2.306996241847062,0.5468834327657701,43695.52192775,0.1643412789429723,0.19314346180427633,43.14174531022415,231.47813975752388,6.627907627163609,8.032954019631877,3.506529136038993,0.39159464535839866,1.3872682531628737,2.155470809039938,1.562498416052102,0.5413211798140638,0.4905546127512542,0.9896483912215963,0.932074029057474,-0.06212545491148381,0.5226035180596472,0.4578230202310044,6.481417850246826,0.0337705522211436,5.396929085760004,0.4551483906289605,0.07107716097529225,12.962835700493649,3.5301598833571672,2.8848707889177185,6.195530768602415,380.879658952497,0.09278432617600413,9.777969945448422,674.6209500609014,3.203207282643044,46.663580998781974,42.31936662606577,1718.3922046285018,1.2643737808940427,0.030146826556979867,0.13094872013059639,8.139819039021758,0.004483825915288575,529.3515042021284,0.15740013735993857,3.4724332852347293,47.70310701531233,1.7934655596272895,80.60511164981686,0.05383059487427626,0.030329390607047233,3.716778723429172,2365.3665684557836,0.7014631311331214,0.8190574346481777,0.29408402879387807,0.8628655131933226,41.85575228763635,0.02635101622592266,55.496062992125985,0.10924421848843698,8.39224378448757,66.24803149606299,3593.982283464567,139772.10236220472,100.07418454479571,0.0358388879458104,207.5511811023622,0.40856531713063426,0.6644182522059395,46.581807596706035,0.024019940067349664,5.271767731427772,0.12375152253349574,3528.6844309938615,3.5960284907387727,0.001858273023150403,140.2886610482498,0.023766657106478316,0.28139702038942505,0.6114072243918786,0.5690164147167482,22.088994839459826,38.819609185537374,35.77708763999663,43.26661530556787,28.653097563788805,48.67237409455183,8133.999999999993,23.734589504106882,0.39393029369524984,4965.1707699354665,0.6104217814034265,8209.999999999998
IMG-EC1E7A94F3,R1,dual-habitat,1,1,extractable,none,,1.5914275527000428,2.5927970647811893,30582.510798532243,2.737743075932494,0.5169267356395721,3.6788779675050938,3.98817777633667,2.0807250673969118,0.31575191924000784,2.0539183616638184,0.9613211154937744,3.0268566608428955,0.21630299625187147,2.1194676653049567,0.522389177895104,61165.021597064486,0.1779508554945381,0.1627263781793598,35.40871877994591,184.498475079607,8.31281820285931,7.363931630838481,2.5690963766392447,0.48189584406235003,1.2076220740698926,1.9733919607857673,1.0980716184276966,0.5674194985851592,0.52320249416024,0.9874659555581354,0.9247679019373847,-0.08058864776221107,0.5762392989503579,0.4787503427517726,5.848923565358078,0.040205062243679285,5.13902815059177,0.4896824525761985,0.07891975338233606,11.697847130716156,3.4632490744241897,2.483257001869432,6.270284527267336,546.5117508813161,0.0802749340307456,11.758654278991607,1211.4894242068156,2.710315575372031,37.120740305522915,59.62602820211516,1936.265276145711,2.2294677424022837,0.03828825459920248,0.08271411674252642,3.8971489820719314,0.0041130230121473165,881.7364416262535,0.1676882521812872,2.991056485981386,38.12186783728422,2.1118583926042596,75.11673123532489,0.08004229268632533,0.03864696526474996,3.7839811206738583,3366.185588457079,0.6386682015087863,0.7723605712736148,0.4262251283728847,0.8266365540888871,32.17573042973338,0.032238629331469086,50.04424778761062,0.1107173623619704,8.678924543817056,51.825221238938056,15985.561946902655,522618.15486725664,549.9891976026148,0.05644872237186357,175.46902654867256,0.38820581094839063,0.6457592114451436,33.57715814693305,0.03833963326027111,5.2127019642398995,0.06639247943595769,15758.699702404261,8.70870579947938,0.001121291464013239,79.09592645903321,0.02619613147251523,0.1011437711074298,0.7036562405175578,0.5223456450653398,21.540398468901344,41.237825321979805,47.07440918375928,47.80167361086848,32.3882694814033,47.968739820845826,13548.166666666657,29.01725313318406,0.5874197148965368,4678.672289170308,0.3453361922895087,13616.0
IMG-63FD509047,R1,dual-habitat,1,1,extractable,none,,1.6049997806549072,2.5968761444091797,63598.10417559719,2.735462263449973,0.5161513090133667,5.107333371836105,6.920342445373535,2.1100767370313136,0.31146960437725124,2.1032660007476807,0.6585168242454529,6.261825621128082,0.2135753659015231,2.1474556611296576,0.3529986363091662,127196.20835119438,0.17872001983094093,0.1591419803570995,49.20776476134033,188.111699628816,1.5410802531934773,7.235737052982277,2.6492369226262156,0.46276111554778027,1.2002643882222492,1.990767056792406,1.1976741410777791,0.5732286876836639,0.5305338733815013,0.9961529079201382,0.9573581959743866,-0.078404630490769,0.5718446997693918,0.47727191829405036,6.932579960679802,0.040050348723750254,5.165001994649065,0.501084874704749,0.08472840109192076,13.865159921359602,3.4655878621196567,2.4712434939021226,6.374759968976708,1088.5897324341963,0.07893479315743573,12.830721171237766,2464.727793488507,2.658487234255004,51.42629250960771,59.7359872380538,2861.4687839895582,1.451456605249691,0.02500351411858815,0.0910522985257029,5.7518889117615295,0.002615346605619944,1813.5765707567743,0.16966661678634598,2.9199383021222736,52.243023324581365,2.090382563243639,105.05419096081154,0.051711391305538604,0.02518841810629579,3.7717870230329353,6890.4059151137,0.6430061132334525,0.7750483871867383,0.4167079796795387,0.8292626581545649,43.89542555649665,0.021015361546890314,116.94117647058823,0.11094988279941957,8.300638392101652,68.38519924098672,26794.234345351044,1310897.3814041745,590.736077097919,0.030503064682661018,425.7096774193548,0.4038991246862949,0.6605989659176281,46.40697309492082,0.020846757686431027,5.3094694746486395,0.0764266550648974,26623.031769278685,9.72566307510466,0.0005685293957071257,154.74279806124795,0.01529831293517521,0.14603949548835063,0.7350609363509734,0.48409515061738656,27.562585176984996,56.93629680411649,56.356011214421486,58.83026432033091,46.06517122512408,60.96720429870473,27487.5,41.851647641190795,0.4020934821196226,10954.197985966313,0.398515615678629,27582.0
IMG-83994CA207,R1,dual-habitat,1,1,extractable,none,,1.3522826910018921,2.9417538166046144,33428.8507699483,3.303155242990882,0.846544623374939,2.823279901122948,4.903228282928467,2.0877838312434127,0.4893393495969922,2.0261070728302,0.3293040990829468,4.57392418384552,0.3503008009214633,2.173382297997041,0.3737949070764071,66857.70153989659,0.11592666781394088,0.3647492872454768,64.27081590504977,815.6251410318698,21.600081694932705,17.2339786845838,5.875975493983581,0.49149311846823507,1.8196050108232293,2.476881916254327,2.506391739511943,0.48296899301152024,0.4170188651637897,0.984649259663554,0.9176003802008578,-0.07712701136639147,0.6037995105266302,0.40126094834940584,7.837773193160289,0.017208433730000736,6.320182214570173,0.5146444095514807,0.037232793418661675,15.67554638632058,4.0715987724426626,5.7774885446418445,6.561003497526981,773.397060901512,0.10928317944065451,7.281824155608878,820.4130281192596,5.9420275513927825,68.25985587113183,31.443973435071356,1886.608873816589,0.7252667916531186,0.022993535859599783,0.14730361441068188,12.341605339324037,0.003619498978139185,681.5305314482725,0.11338218039260961,6.15712890330516,69.3917789388174,1.6138127551818036,107.06359157119249,0.03710262473477451,0.023018075057410655,4.035863908729333,4473.176988376304,0.7427589162024195,0.8494038108281432,0.22276841767071612,0.8854158175665652,62.22512850202208,0.02040889982302229,85.83049147442327,0.08608875774766626,10.402764964904744,89.25075225677031,2069.890672016048,113052.48044132398,43.45417525844683,0.025762721671353572,345.6359077231695,0.3466759355297588,0.6105485841299704,56.68390213445721,0.015900826637426466,5.8737170590123915,0.14087890349017945,2019.5048817465438,5.3049319285173135,0.0011884748468422857,179.88838058679937,0.04790222897422494,0.15541321501329358,0.7222105579600524,0.4524048368079931,21.636925677101747,47.826468500567245,50.566787519082126,48.703182647543684,38.626415831655926,51.90375708944392,14095.083333333327,34.54078050105354,0.3758449420945193,7507.935153318779,0.5326634100533011,14153.999999999998
IMG-BB361E6F33,R1,dual-habitat,1,1,extractable,none,,1.8009010791778564,3.075358819961548,15684.17777779031,3.0710219757930988,0.6659212112426758,3.4140255378053275,4.404815673828125,2.426374154865065,0.39863303582088555,2.403972625732422,0.7249521017074585,3.6798635721206665,0.27525614123995795,2.4785944377637814,0.3027219575620304,31368.35555558061,0.14037953551569246,0.2561388475163993,64.31667342404725,325.06655862489595,7.014538573365958,10.441023583614776,4.968723249755867,0.3537449715083089,1.6593354926575243,2.3602135977179435,2.1951890468024113,0.5005040020513005,0.43938352194038993,0.9820813861472412,0.9118578864693391,-0.05985819417711884,0.5339570416267949,0.42700268882208736,7.933525946553819,0.024651541718551453,5.823383977456107,0.4171068495445756,0.05192896661381124,15.86705189310764,3.71622015040036,3.8524367083426614,6.11892619924128,286.4242068155112,0.11219122867822608,6.99339394572624,358.3889541715629,4.215837254512982,72.33490011750881,28.599686643164905,1796.391304347826,0.5333538858535752,0.018623970350996343,0.1768026850765979,16.339877601964602,0.0035752221312192758,298.1174855377102,0.13582309737221304,4.468187160350182,73.67788450420622,1.555590828277475,109.0660353422946,0.02898307946552799,0.01863577804959566,3.7639847599677525,1664.7503976309688,0.7573310256588027,0.8596824248998162,0.19850885067466878,0.8930317565575867,66.7532097980115,0.016660105939416393,49.87012987012987,0.10794400404790015,8.524001611663948,96.72943722943722,933.2445887445888,54920.183982683986,17.09879732011936,0.020098923632245018,176.32900432900433,0.3816645115346414,0.6415172779236814,65.26718122321464,0.013775465280727902,5.347113848326552,0.1809635722679201,902.708199808849,2.1433199142569777,0.002967988340830105,131.4714302644352,0.04304664338461993,0.2611295597070516,0.8386313256340693,0.5876067172168217,19.719694031852068,33.55934071899943,41.48493702538308,42.941821107167776,33.120990323358384,45.39823785126466,4935.250000000008,28.14391439457989,0.37288035604319336,3759.4189364765184,0.7617484294567676,5105.999999999998
IMG-29CE8C38A1,R1,dual-habitat,1,1,extractable,none,,1.5643524408340455,2.8940222740173343,51738.20632715134,3.139917746468333,0.6821668446063995,4.321812519598934,5.249680995941162,2.2046756588716074,0.4219606569767703,2.1519615650177,0.7308387756347656,4.5188422203063965,0.2846126100795722,2.2714256281988865,0.7584330470982509,103476.41265430267,0.13604683113846844,0.298779623617749,53.570988065090575,649.4000405605168,26.161323535273254,12.843367688400296,4.597479632918321,0.46928810596439013,1.5909628566516243,2.3222014608615527,2.042106613999698,0.511778902281563,0.45318829124013127,0.9890377523472499,0.9301077972127609,-0.07377718215465068,0.5825050395943518,0.4316327792938771,7.1767425727288785,0.02479246971284806,5.893839413010917,0.4867314679663437,0.05266801276030835,14.353485145457764,3.847700131236569,4.360211830329655,6.425289870531456,1001.3603909054647,0.09985644105559081,9.154634753046476,1364.2776226565616,4.9165986215859245,59.050857598723574,36.6888711607499,1749.2321499800557,0.9632238301250067,0.024938585477812497,0.145083472169657,12.216209886032951,0.0034146714908531413,1094.4523776708156,0.13044583326517517,5.273238332895672,60.869825680381034,1.694509510416478,95.01627190472468,0.04278743955019496,0.024742228194184902,3.934906020721771,6124.866787574686,0.7284588093239065,0.8366420177349576,0.2599823938146622,0.877596214701621,54.67207491402882,0.021576582243605185,126.49929078014185,0.08971580906393038,10.460170514561643,91.65177304964539,4239.156028368794,200075.59148936172,99.19316708664903,0.023283446733118055,521.1943262411347,0.3696413661284644,0.6308025726096823,61.418347209066994,0.014721993354173792,5.743894003633387,0.14060630235341046,4188.574677330115,6.443603132319893,0.0008153349069999122,214.78056814549134,0.02914350384623264,0.17014910359710111,0.8152838817906913,0.7739643985521912,35.516812671050786,45.889465636261775,49.24428900898052,46.09772228646443,45.18849411078001,51.62363799656123,19874.999999999996,37.412941677232034,0.32349926599334644,10968.542350363095,0.5518763446723571,20055.999999999996
IMG-36EEC399FC,R1,dual-habitat,1,1,extractable,none,,1.647347331047058,2.8843084573745728,26204.615336605177,3.0305992693825186,0.6420416533946991,3.3746183273651713,4.590092658996582,2.274394071456668,0.3850792615723883,2.285393476486206,0.7887840270996094,3.8013086318969727,0.2652597699248074,2.3263577505271336,0.13481780544557595,52409.23067321034,0.1452142131674845,0.23907199116042613,44.10393772852315,364.06548487948527,3.2081783257244925,10.716097344648812,4.397266232814501,0.4175883579612108,1.5721537868157578,2.29763197448666,1.906171936156961,0.5117056899211287,0.4526742058649425,0.983910874169492,0.9157540259910397,-0.06259679236666206,0.5438490343894837,0.4320927471075595,6.52096761546071,0.02587822691266204,5.801711614799288,0.44053475747834303,0.05765836332332614,13.04193523092142,3.747866645312385,3.778340894365829,6.243171191480755,503.02602230483274,0.10388806739050654,7.848248519383524,703.1272201569599,3.9603795510199973,48.06402313093763,33.86204047914085,1463.085501858736,1.0158605896486057,0.03595054575638184,0.14518532845293808,8.84043511105724,0.0073619756519066855,569.172478231794,0.13954263078706455,4.2403370479129645,48.8377461992577,1.652584492445724,77.40623533767824,0.05683881277260256,0.03690952703854595,3.802581870085767,2997.02250237322,0.7333883604347421,0.842293394338004,0.2378248243280936,0.8803486775478456,43.551323104500014,0.03316289579933111,66.03519061583577,0.09682579269184131,9.519751722121413,64.15395894428153,2710.3812316715544,113628.26686217009,72.15016003313399,0.05747913510999163,250.3108504398827,0.3670247073898573,0.6274125055843566,43.02172137709275,0.03692332291043363,5.5188594654987035,0.14085088806278398,2659.9753958084293,4.7376014409565315,0.0015964226454512822,127.90240367360722,0.036954015919258974,0.16919476632319455,0.7841392398310121,0.6585826577483388,25.097702872734835,38.108660435339466,39.395431207184416,43.82921400162225,33.28663395418648,45.65084884205331,9577.333333333341,29.882496024745258,0.3728678256421523,5849.143590775044,0.6107277868691743,9683.999999999998
IMG-E740D52D51,R1,dual-habitat,1,1,extractable,none,,1.994731843471527,3.130758023262024,50571.784864393776,2.9050429559162554,0.5767493844032288,3.5509385313690127,5.019543647766113,2.549282085338028,0.3522313702459725,2.5260175466537476,0.6296755075454712,4.389868140220642,0.24181580754132423,2.5884405521159017,0.2774949722613633,101143.56972878752,0.15862661969928407,0.20118534121266843,74.57215522270963,205.6113186182677,3.9570120108447133,7.917812210291256,4.212730212413268,0.30233393538927444,1.5536841313269119,2.2720357596580003,1.7816517264210283,0.5114562074869453,0.4525522115631318,0.988819203997761,0.9280934617444351,-0.03783604903514051,0.4162048198588821,0.43698059373180226,8.581546672120028,0.030244763773764206,5.563663061132993,0.33587747329087086,0.06430683309400176,17.16309334424006,3.5261194666011497,3.03263560567613,5.960087667544023,907.7448330683625,0.12026296145579789,6.847538481153931,1197.313725490196,3.3424941880531986,79.84009009009009,26.18282988871224,1902.482644409115,0.39629374416418933,0.01529037826843485,0.19146260586010125,17.691304508386168,0.003114457764646408,1002.4653744256217,0.15275049479594502,3.5501091166392076,80.71845644582488,1.517623501668356,118.89061653267996,0.02313233233078437,0.01532265983584321,3.5701280091864,5093.394711881503,0.774187197564944,0.8693387958093842,0.1877756642831521,0.9011734412479426,73.36065003649534,0.013833255042969879,174.38220551378447,0.10926203352994014,6.7242196971124555,93.41478696741855,550.4749373433584,38429.66102756892,8.219551303864193,0.016311112589081838,538.2719298245614,0.3372631139251638,0.6023033980286209,59.22386639653111,0.010162477538710487,5.6513970096265025,0.21144674085850557,528.1084383892061,4.888910624274155,0.0009578519844512423,167.44245252251602,0.02471888448800333,0.13451204469877748,0.557546898127251,0.48632237869432093,45.18810250055909,92.91799941816409,80.3990049689671,69.40461079784254,82.85529554590943,83.62415918859811,14489.833333333327,51.8061423557871,0.22369837310649912,12848.82928542954,0.8867479003965686,15095.999999999996
IMG-D032350B9E,R1,dual-habitat,1,1,extractable,none,,1.49909108877182,2.879850959777832,11267.490930476624,3.1773842667170205,0.7044346630573273,4.364746901804516,5.279937744140625,2.164098648868415,0.43477729335804755,2.10870099067688,0.7412932515144348,4.53864449262619,0.29454978323407643,2.235819052818486,0.7136140459408105,22534.98186095325,0.13242591894209174,0.3155638749120503,54.66840028045889,806.1952462035208,34.04709738468519,14.326495404954754,6.332303665085707,0.38740399634607264,1.9271848938929361,2.517190589184751,2.579362219547611,0.46212209338705323,0.38991914838548347,0.9850472109884763,0.9167136753892744,-0.05696133535966071,0.5314378430786002,0.3850208992901185,7.257321631966291,0.0196153104323382,6.173135076817415,0.4082782478741195,0.04255999423107492,14.51464326393258,3.910943123067808,5.164699767510115,6.111075530226336,293.4968944099379,0.1302115769343114,5.27153068704045,298.4880212954747,5.170838749449858,57.10159716060337,23.73025732031943,1201.5958296362023,0.6060192515215839,0.02760648678329698,0.17461835755286842,12.453659427578367,0.00579186458937963,252.76851854317644,0.12841981233786073,5.455213844441748,57.92193057508636,1.48834603589185,82.94075733835949,0.040499067229716065,0.027843604846766526,3.8201321484607664,1531.7756025991218,0.7770869958926662,0.8732168452665346,0.17314117498168466,0.9030377854139826,52.8959806996601,0.025319308354969837,33.46875,0.087158203125,11.45669894748264,74.41927083333333,564.671875,29641.263020833332,12.374815677660093,0.03432001236969064,142.921875,0.3721923828125,0.6343414076564736,50.234555388632934,0.02366842187592109,5.635370301641551,0.17036379769299023,530.2174207899305,2.0368628632899104,0.003150760238292583,205.1787473473214,0.04477144895039986,0.510804648960235,0.5020602483439294,0.28224404674883524,11.738227798250099,41.58892962832188,41.2310562561766,39.05124837953326,24.73863375370596,41.34005321718877,4444.666666666665,20.880148337553482,0.4759173558842066,2746.9159987475855,0.6180251984582841,4508.0
IMG-1D343A7BA2,R1,dual-habitat,1,1,extractable,none,,1.9735961198806764,3.0105245113372803,26623.21235642173,2.7746647316094677,0.5347403287887573,3.161588852990174,4.241858959197998,2.496180561867122,0.32142156484577383,2.5101327896118164,0.958360493183136,3.283498466014862,0.22283028862130438,2.5288730178545533,-0.03437549507895349,53246.42471284346,0.1720859251649499,0.16428134298953462,56.24967795365209,124.39642817120509,-1.5247859052245916,6.427626330603595,3.880422371812003,0.24608944562736573,1.5123505197126097,2.2249260078808137,1.5754202197727039,0.5152722953114378,0.45626844820211027,0.9836600699459219,0.9134201630707662,-0.028889182715810015,0.3531956742762461,0.4349956465278382,7.457363021807063,0.03324374191024027,5.3721878044631435,0.27218581052574725,0.06880441718254655,14.914726043614127,3.3793207856504988,2.5770121756038997,5.897633542647805,455.5899591640644,0.10943789554745721,7.148918653507568,716.3937064616863,2.759157301759682,59.3682440547682,30.756425654576027,1760.1273120345904,0.6017810535708705,0.021506534486158198,0.15843003096200942,10.515968729620955,0.004172688486120116,584.9505072472049,0.16497050785142725,2.959341762156844,59.7196360399281,1.6017939236954417,94.22562274881966,0.03370192671829226,0.021795543684899436,3.5116046061534383,2649.694236733883,0.7457374742657533,0.8515863190376763,0.21699299954737075,0.8867915365966049,53.21923641013616,0.019536217012170273,76.57585139318886,0.11853846964889915,6.797335831839661,67.88390092879257,2393.2368421052633,138394.866873065,43.04042741005166,0.027533039344438407,247.56656346749227,0.38322997440788276,0.643121631092111,45.237528867219844,0.018608446306386715,5.265005306358386,0.1551765553687245,2351.7081947493034,4.211047903595982,0.0016000952303040488,111.96392620418172,0.029531893979377537,0.1388412885651662,0.8128401250574583,0.5984387668252988,24.745296038564813,41.34975441152973,47.50789408087881,43.08131845707603,39.05124837953327,47.70744176750625,8143.666666666667,33.61073954696301,0.3351054785041317,5841.3862289590315,0.7172919113780482,8326.0
IMG-A83F2A8C19,R1,dual-habitat,1,1,extractable,none,,1.3043707609176636,2.4122679233551025,27151.481329516217,2.8683394086648555,0.5939453840255737,3.966524278713205,4.575705051422119,1.8352091335805834,0.35137072050795953,1.7964913845062256,0.5208057165145874,4.054899334907532,0.24588443069194685,1.8880121578095805,0.5688960595060658,54302.962659032426,0.16007740195577325,0.19659734405919266,36.4145283802358,274.22259030621274,11.234969513960035,9.107595832231507,3.3693400596004732,0.4598713011089049,1.3669740693509786,2.137838660516178,1.48864408385338,0.5434926048947736,0.49308228664813786,0.9888599983722647,0.9294115243607047,-0.07198438971200968,0.5684922017296049,0.45912416322194544,5.914325057411174,0.0313279001786153,5.477560296185189,0.47888345173856206,0.06211325843805594,11.828650114822354,3.612204666835012,3.119233972957996,6.34644204348392,676.1836681108048,0.0887729641736648,10.43657273951847,1219.3095706971249,3.2712974262482906,37.814887751083106,46.111198634633055,1639.5231718524353,1.6736680713808771,0.04103546434096484,0.11831967832334396,5.68780821912918,0.0067862176234033495,949.1523101791529,0.15407241447217704,3.5279043240739165,38.346196089413986,1.8583210432632613,68.88893447239471,0.07362699964361309,0.04194001587712818,3.7702647289368545,4245.46670498105,0.6879687127400617,0.8087375405217075,0.32388512396203595,0.8556453188488562,33.209518222654495,0.036512070048103855,81.08080808080808,0.10237475767778798,8.775238177226814,52.16540404040404,8174.890151515152,264687.2474747475,288.50478005762466,0.062365407335628543,339.4570707070707,0.42860741250892764,0.6809204535317538,36.71196309613404,0.04644834418104337,5.299426523976396,0.10397794407246948,8082.395302456383,8.42495388162276,0.000992238462688366,127.19513684378633,0.02738769862953595,0.13685445996881054,0.6639554855301905,0.48967416920700374,24.617758020699686,50.27375256605139,52.15361924162118,52.83937925449162,38.28837943815329,56.54201977290871,15121.333333333321,33.379533794417306,0.3939428512279353,7506.617587318556,0.4964256406391783,15233.999999999998
IMG-AD61D63F8E,R1,dual-habitat,1,1,extractable,none,,1.4154269695281982,2.4065248250961306,94807.18158426053,2.7088799519836537,0.5162447094917297,3.3441657448530853,4.700624942779541,1.9038168183198159,0.30848089166462533,1.8947907090187073,0.5548084378242493,4.145816504955292,0.21514318299392524,1.9431094401669637,0.21934365909006295,189614.36316852103,0.17905149480874355,0.15115581874858322,38.30000689849335,145.1583544776356,3.012674888146618,6.8044662586800095,2.9493154917428823,0.3946743256074398,1.3040962338584758,2.056682993655594,1.232032075248835,0.549466251040118,0.5003722200469456,0.9901315750229854,0.9320494123985623,-0.053115432427350735,0.4727697823855561,0.46686150777190955,6.1103078286131325,0.036866094980303875,5.228220974105614,0.41999748478629384,0.07423226902759747,12.220615657226269,3.4229220044946618,2.4384454376057243,6.213396874382188,2183.5557945041814,0.08695960949837442,10.267820084658169,4495.983034647551,2.524809404926567,40.33922739944245,53.92775786539227,2061.814575866189,1.6901023894614726,0.0343025022316638,0.08234424620827405,3.999903184991541,0.0037584753878661947,3360.5363884170542,0.17064872006558643,2.7491772680956506,40.82769545549924,2.014569484464571,79.90197437543915,0.06711973952843651,0.03495451576605911,3.709459210585427,12894.862841498301,0.6532419266551985,0.7843243574426371,0.38131481085892527,0.8353614459012435,34.46129578803686,0.029644539831098084,208.02436125965536,0.12360330437293843,7.843176090004233,52.987522281639926,55599.43909685086,2053376.521687463,1655.728535389362,0.05239606010465767,589.1687462863933,0.35007055631990097,0.6133934449843882,33.30230809704307,0.03375156520954955,5.477504800283983,0.06702508960573476,55376.83907969281,25.260858048577635,0.00029386819936353975,119.7202199446963,0.019597638696140732,0.0418587644330411,0.6808296986738833,0.6403721211769705,39.652275205126,61.92067689056668,67.80117993073571,65.05382386916237,53.823786563191554,70.94363960215178,50028.33333333347,42.1574357890874,0.5005469643964817,13117.467065497725,0.2622007608787892,50219.99999999999
IMG-1DA75142BB,R1,dual-habitat,1,1,extractable,none,,1.7268772721290588,2.9388543367385864,10417.722776479362,2.9897715064858197,0.6599075198173523,4.365594968436823,4.967161655426025,2.3050382373048297,0.38488147792095206,2.275732636451721,1.0980359315872192,3.869125723838806,0.268903221850925,2.356513766206234,0.679016319284706,20835.44555295873,0.14771254904278486,0.2399558548821324,31.770694198730737,396.5001075072904,19.288849096324892,10.06029185232231,4.031076454443568,0.4247767345613399,1.4681909576039407,2.2329832450842058,1.8577597707647087,0.5324399855053368,0.4795188751098816,0.985295131467739,0.921062444522508,-0.08119634378061338,0.5985606540520324,0.4477036756716299,5.500661166315747,0.030245696912436285,5.550024959830994,0.4927994438993401,0.05897192890014631,11.001322332631496,3.647782914694374,3.52284207669147,6.16745221861095,194.3454157782516,0.10359563740844968,9.424490023231392,277.1087420042644,3.951669557330618,37.18603411513859,33.4637526652452,918.8374200426439,1.7057321038285873,0.04800691811192521,0.18410047308186372,9.024881678174282,0.011081077668211356,228.25871966543355,0.1431547060902483,4.1749239087286085,38.47830688006901,1.62107756258847,56.73413508621442,0.0781952925634135,0.04801805505231164,3.712236415422393,1194.269642023604,0.7466597982881713,0.8498851894374282,0.2278987432679089,0.8868574250218478,35.010360323370776,0.04267326930018564,39.86021505376344,0.10715111573592323,7.461903110186149,52.193548387096776,617.5967741935484,15527.65322580645,28.83878869049143,0.05992004990868149,137.73655913978496,0.37025956758006706,0.6299213977346587,33.40060148678192,0.04274424902152613,5.343593472694325,0.19829424307036247,592.1648167418199,2.098326091529445,0.00428055834345283,127.17201546328084,0.03482545142106816,0.5271478188537742,0.572688100339312,0.5475406779673792,20.20051125148083,36.893169885515455,37.64306044943743,39.00000000000001,29.068883707497267,39.56008088970497,3566.5833333333335,21.128279377231358,0.36766206263236634,3070.4607893357293,0.8608969712383174,3752.000000000001
IMG-AC72589A50,R1,dual-habitat,1,1,extractable,none,,1.5855506181716919,2.681494855880737,56766.02558966025,2.8708076595531513,0.5643882751464844,3.718437387324353,4.8323445320129395,2.1157144742626666,0.3449233333750938,2.0836949348449707,0.8181829452514648,4.014161586761475,0.23358938558136785,2.161593263840289,0.5180412940767772,113532.0511793205,0.16359248850194316,0.19623770167516308,37.042569500181536,255.24962171009204,11.923026524212691,8.377862770606885,3.87183615112226,0.3666400672690333,1.4934377918055863,2.224358380511455,1.623743424603514,0.5203769543448352,0.4633611230942184,0.9872063039050937,0.9233900821609444,-0.04425275364320099,0.44730411679828236,0.44108440074721095,5.992992871051688,0.03155357406989531,5.524715791284032,0.377062204104388,0.0661746884191023,11.985985742103376,3.5489057891407745,3.062424730432286,6.200900516308024,1166.7384146843362,0.09603575723798964,8.974087373869821,1987.4851428101078,3.2633961575182076,39.264383899909454,40.81957362745905,1426.4241501358135,1.4455434616193765,0.03940769787027579,0.11845703481605736,5.754848650733142,0.0068202157541445265,1550.4204733041324,0.1553511434256304,3.539437477209956,40.001231799437036,1.7784261752723713,67.80485983649098,0.06789210801901989,0.04020652605144326,3.7330880913694324,7052.487133012046,0.7053576630815515,0.8214161342813906,0.2904190999956857,0.8652166458425654,35.12940927459131,0.0353558473098357,132.24170616113744,0.1044563239819411,9.111575935451185,53.06240126382306,13916.267772511848,473703.44312796206,442.60023908213265,0.06380869156404011,482.09004739336496,0.380797825745154,0.6400208195228181,34.202049097991406,0.04569203059139007,5.443600787209335,0.10420610749855955,13824.177522342765,15.191632329345238,0.0005911617810588363,115.97475816383613,0.033433581883506036,0.06564314017325883,0.6544035496637337,0.5594751136222945,31.095677229129684,55.5800901094639,61.326992425847855,58.240879114244144,46.17358552246078,61.53048025166064,24183.75,36.37180825826336,0.379689176972125,10651.358521818413,0.4404345282190898,24298.0
IMG-B1528A6D99,R1,dual-habitat,1,1,extractable,none,,2.112311291694641,2.99939649105072,15296.073123492793,2.576287585016387,0.4365772604942322,7.398943815416392,5.814240455627441,2.562881812361852,0.2748167790744479,2.5596201419830322,1.3186960220336914,4.49554443359375,0.18103847678257143,2.5890006263853356,0.47397277846263597,30592.146246985583,0.20611676489633074,0.13456105928849052,33.87327460199106,154.49439806982352,0.9010284237351436,5.250588533527724,2.6614532182286537,0.3226253495203386,1.1931734126717355,1.9765853839894638,1.2261626097128455,0.5750616111804306,0.5326584149329958,0.9929075187557139,0.9435596528251134,-0.058729600846712623,0.48591756458421576,0.47693822530980895,5.764075957021588,0.052590284392809966,4.846160657794974,0.4953696976887736,0.12415455390174787,11.528151914043177,3.1898107304012155,1.9780104379390953,5.86502459026253,218.87817703768624,0.09591506443369248,10.29353450891441,470.35845749342684,2.244828828441309,36.07011393514461,39.12883435582822,1348.8238387379492,1.3497918081434415,0.04117435461419964,0.1534493702778327,6.581977900784757,0.008254217873428716,368.12626919180457,0.19384638513905422,2.4576273861790403,36.409981884352526,1.727587280561707,61.42095277315941,0.06820426053429356,0.042205674440502466,3.3897080325449727,1371.115407886231,0.7191862778814907,0.8319288073889302,0.2700552107854994,0.8721287210245692,31.99941526238996,0.03752868365235305,50.74123989218329,0.13676884067973932,5.733044659658095,43.83288409703504,1083.256064690027,37114.722371967655,33.303965906618664,0.05644078184189195,131.31266846361186,0.35394250259733656,0.6177682144802372,28.782755956391746,0.037008542854528564,5.177991092904476,0.16257668711656442,1045.4219600264455,2.7970107328553837,0.0032114331717730377,97.00784539998682,0.022040443515810682,0.4580378784577947,0.49471491991007854,0.4050645372678458,24.683115191920024,60.93625316698238,53.85164807134503,50.803543183522144,31.906112267087632,54.15717865620401,4329.999999999999,30.14607360512396,0.2976165962660673,4316.703736323139,0.9969292693586929,4563.999999999999
IMG-ECE007F92E,R1,dual-habitat,1,1,extractable,none,,1.4253216981887817,2.5381722450256348,70950.68017697004,2.8549821136635636,0.5913499593734741,3.033831723835431,3.970086097717285,1.982002720770043,0.3458846627968083,1.973195195198059,0.6300614476203918,3.3400246500968933,0.24359412621693158,2.0286029639443837,0.1787730457738664,141901.3603539401,0.16026886957269107,0.1868952001840861,43.046483909491485,236.2258640637171,3.0568283425881315,8.94368046604461,3.2637772966590095,0.4651261561114048,1.3811609933013793,2.1174705729877488,1.3411332960150768,0.535148445842779,0.4820259084771817,0.9842057376261799,0.915130923207217,-0.06826075633020436,0.5518082342477657,0.4565740461814356,6.451851095639025,0.030018156293791343,5.500245831220742,0.46893230682241127,0.05910445802339408,12.903702191278049,3.6217534557325095,3.051864440675905,6.359969617909049,1553.3797923554318,0.09009801011283752,9.666523767751183,2763.1955803027668,3.0859368550560293,44.89861376950293,48.65999651992344,2079.295110492431,1.435937505016421,0.03201836615197726,0.09254001483213284,4.7243986999978285,0.004032870504600035,2129.701449077912,0.15474068033117985,3.2935952315945274,45.344269579762255,1.920924990128524,84.93805668124787,0.05997115200789649,0.03255096653187155,3.795945831624119,9272.915204160647,0.6725798659448711,0.7982894085208336,0.34592296050462407,0.8468407622856264,38.70525339168417,0.02793919969976039,129.24358974358975,0.10356056870479947,8.21600137142505,55.31650641025641,30630.165865384617,1298585.3549679487,808.3573165311452,0.04900801174941915,483.2852564102564,0.38724780161078237,0.646043801128654,35.46266128577055,0.03474903658195128,5.4071520580377905,0.07238559248303462,30439.31429710614,21.178538440062667,0.00043215405262219823,85.5891592870256,0.03356940877410105,0.0334752726837062,0.7928504774015133,0.648534937902003,32.94275851411115,50.79565739461977,58.30951894845301,58.309518948453004,48.507731342539614,61.237243569579455,34390.91666666668,40.273361215247995,0.49865091796545263,10256.125728188885,0.29822193539056235,34482.00000000001
IMG-E4848F18F3,R1,dual-habitat,1,1,extractable,none,,1.622321653366089,2.914936208724976,96095.48866696557,3.0751714815702127,0.6402897834777832,4.4623076521861895,5.101827621459961,2.2222030265631476,0.4056552028372662,2.1554484367370605,0.5920582413673401,4.509769380092621,0.2701125496503472,2.284241701123986,0.8563429390028099,192190.97733393114,0.1443770999565374,0.2795738578873892,55.35099656466174,570.0022232706626,29.46619205988928,11.639451410133253,4.732090982860668,0.4184542687535694,1.620379764032143,2.34288400152648,2.0825623940097286,0.5071767219306289,0.4475148207798707,0.9875551647644648,0.9256341740103812,-0.055413745640174726,0.5068846215966818,0.42881070742180677,7.322775876612236,0.026650451010821627,5.829695248939022,0.42540604946408556,0.05692366805306185,14.645551753224472,3.755157759332837,4.09288559824848,6.400435889178809,1746.0129771406853,0.09480441858829805,9.678487067013567,2658.9930498995495,4.602314083885723,59.871531736982135,40.53564641363957,2004.515176195906,0.9726712321688934,0.023542653977239574,0.1299916733153867,10.573503781690972,0.003381267084758117,2073.545887717335,0.1364967856807751,5.003486077872783,61.62435549932763,1.7604331250460763,100.44892736205922,0.04155789633028214,0.023513217422995784,3.927957438197417,10817.566662398904,0.7109631787711084,0.8248106891208374,0.28582432466919383,0.8683857934453307,54.72020603447348,0.020405034393273038,192.98744394618834,0.0865414546843894,11.724313981781254,89.66233183856502,15240.04798206278,729533.5085201794,341.9176730116262,0.02642655692559448,832.1192825112107,0.3731476603189286,0.6340748416656222,58.377884989067624,0.01805734882071769,5.823499631072544,0.12108378128902644,15171.841123087132,12.97318100433002,0.0004254280245256295,191.02765181231695,0.030579001602471297,0.07479292835311208,0.9106373831988293,0.6975215884404258,35.07306239860599,50.28240412891755,57.0701322935211,61.29437168288782,60.440052945046304,61.497967446087195,36691.583333333336,45.789036916903484,0.3774134098793452,14148.522816459888,0.38560676675967615,36834.0
IMG-3308024D3D,R1,dual-habitat,1,1,extractable,none,,1.8906990528106689,3.146484422683716,33816.931997910826,3.0948797358194633,0.6203032732009888,4.848339283349474,5.743577003479004,2.5161846686901117,0.3991992150360222,2.4771604537963867,0.895781397819519,4.847795605659485,0.26112999568592543,2.571249871909551,0.7072280018866874,67633.86399582168,0.14471813012348442,0.28014061684371516,56.73214313107121,525.0240271974915,17.18518387838362,10.920239535856958,6.118117764715612,0.2800005539905705,1.8424298886325046,2.4922372262507904,2.6957425238257806,0.478000133328928,0.41084472587555393,0.986940817358531,0.9237113105763035,-0.03877771049731708,0.437596124052785,0.4019455794049604,7.451741308216919,0.024322390926604095,5.964493696528624,0.3370504881452003,0.05633295733226643,14.90348261643383,3.7310124880370648,4.259589325143142,6.004166008895716,656.3955034213099,0.12832756665128248,5.6808180184208945,740.2332355816227,4.614174055377347,62.59726295210166,22.851026392961877,1256.5429130009775,0.49375321240608944,0.023069616053748025,0.20259352025111035,16.14148754510199,0.0053545584567719845,624.689124033335,0.13890688048766428,4.920460983593849,63.556227944899234,1.4630931093544923,89.29588962334218,0.03331278171291436,0.023238944071188282,3.725746367938882,3549.400716390529,0.7880457306104701,0.8790886532822015,0.16523257320073353,0.9083220548886735,58.434724126503276,0.021226399003037497,102.809009009009,0.09262072883694505,10.006727538349159,82.34864864864865,815.0711711711712,41546.28918918919,16.636330203186336,0.026184392082667617,402.7243243243243,0.36281470659849036,0.6248829127340841,55.113683155903544,0.017700118494889863,5.728685867114807,0.21700879765395895,793.8365108351594,3.4899896777952417,0.0014066345667192153,249.06343727315033,0.03201615916485859,0.2816286298106243,0.9528868191101455,0.6197501830984421,30.603712194530996,49.38072311899559,63.97655820689325,62.0966987850401,47.127486671792724,64.53681120105021,9876.333333333328,47.054240178218535,0.2650497415994635,8398.864320334984,0.8504030834994419,10230.000000000004
IMG-A8EB341591,R1,dual-habitat,1,1,extractable,none,,1.88682359457016,3.044648861885071,100077.84950950723,2.9670640685157528,0.572039008140564,4.294283518403149,5.618622779846191,2.472059685268168,0.362358658988226,2.4674675464630127,0.24433352053165436,5.374289259314537,0.24232537979486016,2.5167520951012756,0.25005156727161393,200155.69901901443,0.1560928777439513,0.22296202066850498,107.21401002386895,328.6112881929069,2.502088931489874,9.174604883620571,4.000491871615221,0.38927446063161686,1.4632009365868266,2.235962776877586,1.8424022269617273,0.5333747980762904,0.48052313170223443,0.9926961465029519,0.9429023910307278,-0.05812165158410716,0.5120214815821538,0.44684834887774677,10.29168119158037,0.0317133990568561,5.606296736024732,0.4117331006703905,0.0691811344211481,20.58336238316074,3.626719483952274,3.2937741888089485,6.338816936760564,1522.8474683544305,0.0963827511616728,10.478469732414677,2466.2674683544305,3.6893071262618173,112.5970253164557,39.28139240506329,4156.099050632912,0.39829191116547713,0.010367454047460119,0.14708747396407973,18.932032088316557,0.0016336531514738314,1948.6495820181021,0.14821747197705376,4.012350140111368,113.73420339678576,1.727800399135745,191.38296226817934,0.01779698258799157,0.010406610298807363,3.7898180303210434,9529.999470204153,0.723303960469421,0.8320447906523855,0.2770995878997794,0.8748080351663996,100.288464793525,0.009129856761660542,235.37457912457913,0.09906337505243229,8.92998004030201,132.30260942760944,6327.029461279461,672056.9566498316,60.91187958266252,0.011148925469387711,817.0858585858585,0.34389135462367787,0.6074831218626069,83.40562225579042,0.007037747121037108,5.838040831708877,0.15037974683544303,6282.8092003083575,5.952256023902753,0.0004994161393359285,246.08292613367897,0.017037070044855124,0.1279493090755081,0.7158198671750371,0.5987055912703155,41.48242707936071,69.28685431406203,80.1311425102625,75.92759709091285,61.465437442517235,80.92589202474075,30854.91666666653,49.596906852068024,0.22779544598241264,20884.400134359945,0.6768580955826069,31599.999999999996
IMG-5510E43A20,R1,dual-habitat,1,1,extractable,none,,1.4117536544799805,2.3390135765075684,24585.400448199085,2.6586552857269297,0.4769480228424072,4.424868064606322,4.393296241760254,1.8728407493779606,0.294066939754156,1.8576823472976685,0.6156131625175476,3.7776830792427063,0.1985714951678821,1.9111679245591626,0.48519470314258684,49170.80089639817,0.19071244764063044,0.14503036333317576,37.23718750404108,127.74002252749922,4.032815409223514,5.736434670345476,3.2451750995765116,0.2767058963757326,1.3550829783962353,2.113052265263863,1.3946757394206726,0.542754875409801,0.49205070902085196,0.9878982646346774,0.9259586816380755,-0.033152652727019276,0.3712426166838902,0.46119056917520784,6.050967090521728,0.04161703272810619,5.128161195291408,0.31506502840830913,0.08491535674853547,12.10193418104345,3.2879307456356464,2.2454024424804975,6.000703776273509,590.9465161194473,0.08779475800318635,10.11101672897543,1283.6854850690834,2.4230118591956655,38.74104887832417,49.74431733769128,1790.4905660377358,1.5805623829549718,0.035314029223735194,0.09632685334642084,4.7448773009088185,0.004464607528942731,956.6280261271302,0.1784820831617792,2.7086536871435056,39.3247396317595,1.9352705804625006,73.29668478011864,0.06616408232282722,0.03606754382650431,3.6219501514152177,3600.259170254307,0.6703585692995324,0.7963269830748659,0.3517316637286616,0.8454271039730827,33.6612510456592,0.031014974812513647,69.40287769784173,0.12482531960043476,9.040344702655142,53.42086330935252,13155.638489208633,470968.1402877698,394.17834908116805,0.05321796513409429,201.5935251798561,0.36257828269758297,0.624748827894364,35.535854494164425,0.033088924643872995,5.266763453751521,0.08260288218689645,13009.080466202578,7.2546692066456435,0.001026963408280112,124.61049386940232,0.01996078250584945,0.14327133314225052,0.8231464755134105,0.4426186878903809,18.724134307935905,42.303081230436284,48.38388161361178,47.07440918375928,38.07886552931954,48.744230427815765,13380.75,34.821632218191134,0.5512634701122356,4944.3804547199015,0.3695144483470584,13462.0
IMG-467A11749B,R1,single-H-high,0,0,structurally_undefined,structural_absence,structural_absence,,,,,,,,,,,,,,,,,,,,,,,,,,,,,,,,,,,,,,,,,,,,,,,,,,,,,,,,,,,,,,,,,,,,,,,,,,,,,,,,,,,,,,,,,,,,,,,,,,,,,,,,,,,
IMG-528C6CF610,R1,dual-habitat,1,1,extractable,none,,1.667202353477478,2.7204756259918215,26965.110225862554,2.8232700134727797,0.5510625839233398,3.7660550861270363,4.286787986755371,2.1867919092719865,0.3337761983333178,2.1694207191467285,0.9119448065757751,3.374843180179596,0.22973951224717923,2.22782589397216,0.3901479198427996,53930.2204517251,0.167696344360457,0.18114935939543317,39.358476428749924,194.85533853275223,3.2768034902747876,7.688470236284106,3.3663187893097115,0.3897385053816315,1.3843074283548806,2.137178805174979,1.4338826543683905,0.5378639744824735,0.4856437711493704,0.9857972780644906,0.9201395070472119,-0.05792740176217074,0.5047937318000557,0.45596008281136136,6.186733555549268,0.03391527473599666,5.37455514323026,0.4414700724178725,0.06886466820970649,12.373467111098538,3.5063135674495745,2.7636972563984545,6.164192602787909,513.3832136940916,0.09449350518941499,9.35962120626182,911.0942389103626,2.999617413256256,42.532302595251245,41.30406773421682,1546.4630958954538,1.3400700402229861,0.03400707722754801,0.1255278363686144,6.811841563669496,0.005103943326638861,714.9785164239618,0.16027898126932102,3.2440365567206673,43.434191213466534,1.7744195981942577,72.9753700047242,0.05961131875511464,0.03429472602197202,3.6787376817732227,3139.3814683892915,0.7020571168129393,0.8210791601183648,0.28395164329753525,0.8632990403572415,38.1408023177123,0.029813755526830854,70.33755942947703,0.1114699832479826,7.666853358314852,58.277337559429476,5656.454833597464,214534.58003169572,162.93598727054706,0.0432580167917648,246.37876386687796,0.39045762894909347,0.6487164041366014,38.66634023311108,0.029701959815297378,5.302147467967418,0.11614209460703111,5582.320277475695,6.217269556294638,0.001338086730497664,104.10911763030477,0.02909307263884106,0.13337817948119296,0.6680153047575998,0.5681230420028378,25.04690109547572,44.08710656616989,45.31004303683677,45.31004303683677,33.541019662496836,48.052055106935846,10775.58333333333,29.450861928680762,0.38612350205818075,6110.148254164751,0.5670364253286909,10865.999999999998
IMG-316818AB3A,R1,dual-habitat,1,1,extractable,none,,1.8860357284545899,2.8993901968002325,35238.82788275741,2.736847298607752,0.5282244086265564,3.220831107202014,4.050890922546387,2.390003150977599,0.3154906257524178,2.374822974205017,1.1011648178100586,2.949726104736328,0.21831474775820975,2.4230519846162712,0.25069970219052934,70477.6557655148,0.1766635935305803,0.1590658584699996,37.02772054185445,134.01539037834115,3.768440450968151,6.491329509880492,3.3434705824152906,0.31929488282346835,1.4008926110532292,2.1301828437052057,1.3658683923302872,0.5313056456106396,0.47753376715594364,0.9813881860657917,0.9083872484498439,-0.037916504900280305,0.4044028790352257,0.456972107433965,6.019944907374666,0.036036986981408,5.270439746521403,0.3257847847574849,0.07153977047227553,12.03988981474933,3.3842614078890323,2.4587000230739458,6.017140824028146,574.9070309896701,0.0957859098616578,8.607080989664558,1060.3348883705432,2.632081653111076,40.03298900366544,41.76641119626791,1514.5581472842387,1.3666020206356273,0.03511621214091495,0.1123629874508255,5.562888643313882,0.005171673264056771,823.8773196900803,0.16801774735528197,2.8609799734290506,40.71380042190268,1.801190000691217,70.20176752109431,0.06190970372461132,0.03560516329015393,3.611031677629455,3427.5892895671973,0.6977599135584461,0.8169840822290004,0.2972767487465314,0.8610818073325822,35.537022962213435,0.031006305310312003,74.5704467353952,0.1281279153529127,7.6958113390252825,53.618556701030926,8991.092783505155,327045.4879725086,270.8983659413582,0.050870221707700024,224.94501718213058,0.38650346594867796,0.6448964943421217,35.170483463396906,0.035115797815656866,5.114661465473452,0.09696767744085305,8884.740697440986,8.929534633824035,0.0011623689845007268,75.08197295213338,0.03452087300387116,0.07374010505227026,0.7730217887344183,0.6489555805564973,24.026248363855526,37.02294746160031,41.62931659299729,41.67733196834941,30.26549190084311,42.201895692018375,11909.5,28.61954507098666,0.45846010411863725,5501.041588684383,0.46190365579448195,12003.999999999998
IMG-455B78B730,R1,dual-habitat,1,1,extractable,none,,1.5068225860595703,2.665695571899414,26441.05500030927,2.925603802866816,0.6233265995979309,3.163899274428822,4.112089157104492,2.0818831099076673,0.362176406559874,2.068831443786621,0.7549446225166321,3.35714453458786,0.2536768501107357,2.1309143533952675,0.25180574127921135,52882.11000061853,0.1529043765139979,0.20655869818714986,35.53331988375456,280.1444058525907,5.2867205436808735,9.739510655028642,3.6948028669481223,0.44978159480457036,1.47530542439049,2.1916843341067613,1.5002091299758633,0.5199876026125231,0.4625726546066016,0.9822296046755945,0.9100672313029725,-0.0662666934765094,0.5490870035906547,0.4427988698496886,5.832818637990058,0.027317791310789465,5.629623387497721,0.48112121762522003,0.05522737266833858,11.665637275980117,3.6777562029958566,3.35857838049419,6.2476991311643415,577.0587326120557,0.09909990256088883,7.884680034808993,890.3621844410098,3.4236483209868878,37.82208483599519,39.85969431564486,1351.9735531512965,1.639359155958793,0.045174204922672226,0.11492532841147268,5.163701543856466,0.007958079158230652,707.8195635742529,0.14806539573525265,3.633794191884348,38.45693158850231,1.768190774717397,65.0780116563747,0.07766447442360547,0.04605684425387457,3.7759087642499414,3353.2371497792747,0.7003064845863065,0.8209751780076354,0.27930825912176993,0.8626679789555802,33.61723728520688,0.04039436091320925,54.613019891500905,0.09875772132278644,8.889731826074446,48.059674502712475,7319.101265822785,248321.5623869801,254.79866035694533,0.08136381810748093,244.2115732368897,0.4416122481679741,0.6909487611224876,33.00154473691357,0.06075184121362075,5.18846591592013,0.09496822943499914,7208.223793282737,8.225918407233737,0.001262537334992858,92.45840185586252,0.03977666798479801,0.1016356846631378,0.9750164442160975,0.6532450860421939,23.61762560356749,36.154310393146986,38.27531841800928,41.86884283091664,36.359317925395686,43.04648650006177,11579.083333333334,35.25104716261127,0.4991536970273043,4958.6785079195315,0.4282444788737909,11645.999999999998
IMG-E968058CF3,R1,dual-habitat,1,1,extractable,none,,2.0224002599716187,3.1424095153808596,9374.228537789899,2.891474773159862,0.5634177923202515,3.418379988078972,4.162113666534424,2.5753234198246338,0.3501583679616697,2.5724750757217407,1.0258134603500366,3.136300206184387,0.23783892204674298,2.613910497466994,0.0692587097573782,18748.457075579798,0.16090978248858895,0.2002373720709019,45.01457391613577,177.23516562324104,0.2667678262959639,7.516480818503589,4.989447873377014,0.20186332226555403,1.7046185291182638,2.374179444348062,2.0580403601790667,0.49085342096494994,0.42601670624157006,0.9731382491835254,0.8919285652477014,-0.03967857789021144,0.4344223558576642,0.4128399142973488,6.661755507163159,0.028873774091345204,5.605171094877632,0.2735481557190132,0.06030629695281874,13.323511014326312,3.4796160268421845,3.1264821729701504,5.756089493145563,178.7201166180758,0.13026247566915145,5.922230533196201,220.768221574344,3.2677004266929597,50.29810495626822,22.70116618075802,1030.1508746355685,0.5862901877842783,0.029952182813147772,0.20672568453020776,12.220104480567676,0.007449935955595565,187.23957138416094,0.15491117229289178,3.4700074237574023,50.83615285121361,1.451577263027393,71.69114892432637,0.04227888887522128,0.030441152852663987,3.5011066730238065,955.6718919586838,0.7892458319812317,0.8809150033639829,0.15854353309594477,0.9088885592454872,46.58943166161713,0.02802217966329035,36.20123839009288,0.11207813743062811,6.499899356842297,59.749226006191954,224.34055727554178,10002.133126934985,5.358988132928081,0.03770846364087616,106.03405572755418,0.3282788103020253,0.5897455472657315,37.597459058461176,0.022694408195508803,5.384638801440233,0.23542274052478135,206.29778872604936,1.9681169709930155,0.004966182982357346,83.76845014477631,0.05164360845508178,0.26576179760536955,0.9732694243318821,0.7913046185764712,21.854240057797885,27.617986227747394,39.96248240537617,38.47076812334269,40.26164427839479,40.50925820105819,2579.0,26.879741557085556,0.3624507501554603,2509.2042606863342,0.9729368982886135,2744.0
IMG-0A611FB1F6,R1,dual-habitat,1,1,extractable,none,,1.8093120217323304,2.992423486709595,14953.592730103952,2.9513807936239265,0.6383735537528992,2.817164848031396,3.8736908435821533,2.4177757501360664,0.3723433218914336,2.4318567514419556,0.9724308848381042,2.901259958744049,0.26446806434078063,2.461502019519884,-0.09742946462652155,29907.185460207904,0.14889286267793395,0.21335261415444884,49.89537964446163,259.9875337102205,-1.6271101231383425,9.709096603671403,3.9824516755343353,0.4169905937505324,1.5195086100193353,2.2294910070388747,1.6482239519013027,0.5146805148389285,0.4570376619603488,0.9781863349448264,0.9019408424364539,-0.0667930553831725,0.5483139277010072,0.4449183716791494,6.9611158194160545,0.026361326121144217,5.662470887216708,0.43481883548662165,0.05208197449176171,13.922231638832105,3.6717094826132732,3.422887069801434,6.065723693407097,288.2722852512156,0.11680400536921214,6.488908925658478,367.467585089141,3.5435952969484275,55.54943273905997,27.326580226904376,1384.7463533225284,0.684538898144209,0.02597836061394198,0.1719221073651303,11.11603129556466,0.005005938847542208,311.43215872934,0.14622399291807206,3.680526321774275,56.19154944879476,1.5473142109150677,84.34004368594046,0.039814994696306484,0.026104285412718222,3.6222251035961994,1629.6458533892162,0.7635505963501329,0.8628911607031544,0.19851434921711408,0.8959647409743577,50.80794993154881,0.023468868610153126,52.54794520547945,0.11997247763808094,6.013948833427159,67.19634703196347,684.8310502283105,30510.899543378997,17.390281612394226,0.029036602102465555,151.9497716894977,0.34691728696232355,0.6112180332705596,42.2327472920878,0.019123758106882743,5.313627942772798,0.1774716369529984,653.081170117387,3.213886130923962,0.00297232379265011,75.90664821002225,0.049644473123013094,0.16956312883151486,0.9076704338784183,0.5540951079452477,20.571764210452237,37.12677465559759,42.04759208325728,45.34313619501854,34.23448553724738,48.744230427815765,4736.25,33.69887566015253,0.3300920865009318,4131.794918214902,0.8723768631754875,4936.0
IMG-6EF7AC9635,R1,dual-habitat,1,1,extractable,none,,1.8963518142700195,3.13189697265625,19531.1282501301,3.0458397106812933,0.6281369924545288,3.688168353773243,5.226212978363037,2.5327298773998534,0.3886979226673677,2.5463807582855225,0.9632866978645325,4.262926280498505,0.26359660559566694,2.581402680471976,-0.00924304184369373,39062.25650026019,0.14485387266622826,0.24891916687402574,56.83587168545809,377.45079271393695,-8.917411550177194,10.904459444003642,5.291028349310611,0.3458458050829695,1.743985586882095,2.40704655959064,2.2248632049801196,0.4859562817907506,0.420325631475711,0.986131722402008,0.920359935536677,-0.05189501355041415,0.5047161956997221,0.4117011503263698,7.444850137077225,0.023471924585003325,5.915412258760185,0.3954399135972934,0.04960925709604374,14.88970027415445,3.7417994988853183,4.048871948328562,6.024317190455242,364.7884680996247,0.12445870627759287,5.8173528515110595,424.5667007847151,4.10738024256524,63.105083589218694,24.606960081883315,1423.4066871374957,0.5529335582647731,0.023464490869622,0.18021361809305186,13.61833067620657,0.004775092860222721,359.3850059028385,0.1406335797788109,4.300921946934215,63.79324594770483,1.4966743914110034,92.9198630928385,0.03468181211388545,0.023605571901475532,3.6909745555366937,1984.2727671394746,0.7751413827415978,0.8717423824895677,0.17620174744317937,0.9019480568637709,58.07298670346342,0.02137704712737298,58.27797833935018,0.10519490674972956,7.891830337942629,77.82851985559567,558.1389891696751,30816.37003610108,11.161456583991587,0.027071976101625345,189.1119133574007,0.34135724432743814,0.6036523819460403,49.83419474593229,0.017027714137068415,5.532897293503126,0.18901398839986353,530.1483956522305,2.406549733270427,0.002458768142563742,164.45423697459427,0.03785129550574774,0.29872849316061706,0.71586747314501,0.45374570601054626,19.443681283660407,42.85149374660635,51.41984052872976,50.60632371551998,39.05124837953327,51.884487084291386,5646.5833333333285,30.675990548872285,0.34090875411021304,4498.1762230177155,0.7966191159286978,5861.999999999999
IMG-D40E6756F5,R1,dual-habitat,1,1,extractable,none,,1.7309041619300842,2.699340581893921,14072.681357497768,2.6730170401906497,0.5076608955860138,3.1351457604427524,3.7623848915100098,2.227256384768749,0.30331843426272936,2.230751395225525,0.8755311369895935,2.8868537545204163,0.2120732011280565,2.259689775185748,0.09810615890228665,28145.362714995532,0.18303382407772145,0.1455268765858579,42.629978524062345,105.44951239347667,0.1370024687625661,6.004063836538905,2.7150987432805738,0.37499259599125073,1.2515453113061883,2.007353018821762,1.1375574479790183,0.5582740564984497,0.511514838815282,0.9847307759954536,0.9170679033503665,-0.05502426782192159,0.4790538363573449,0.4733321820458015,6.46586930039493,0.04094473391320759,5.064110828207063,0.3893874020709307,0.08191595986856245,12.931738600789863,3.3295883405551376,2.1797906449548696,6.0114683144164935,251.65529753265602,0.0913117915575675,9.628002553078545,504.4412191582003,2.396948286467209,43.993831640058055,45.107402031930334,1982.4190856313498,1.1776017996195278,0.030047560103504095,0.10957676259460408,5.530453007635396,0.004337062185429351,387.96202278952086,0.1739065162095816,2.6158042847188763,44.11811110466776,1.8420384446978275,80.90663582418303,0.053231712184797525,0.03076222493996461,3.5714887148511827,1531.1849381897603,0.6847006906933236,0.8093669755498492,0.30803561164528126,0.8535117185708058,37.78196115810693,0.026741320487840763,34.10861423220974,0.1277476188472275,7.312656931644432,53.57303370786517,4135.715355805243,178987.95131086142,102.97404110441295,0.04348351357678719,100.82022471910112,0.37760383789925517,0.6368561152279393,35.65303166220745,0.028720475893814674,5.044236281645114,0.09687953555878084,4029.1696615186074,3.51249181259879,0.002698950740361862,67.33030144842043,0.02797185218687744,0.17308186083060104,0.5979581596921094,0.473677945252614,18.19892557438233,38.42046216586416,36.87817782917155,31.04834939252005,34.40930106817051,38.3275357934736,5437.833333333333,22.97382885122045,0.4855743280863976,3079.7278117325677,0.5663520050999298,5511.999999999999
IMG-D1AAD39E93,R1,dual-habitat,1,1,extractable,none,,2.0452269315719604,2.970980644226074,46037.36136739778,2.6460037251378323,0.4815409779548645,4.168371683612575,5.003551959991455,2.5049811168641285,0.29302484994952854,2.5000258684158325,0.8092698454856873,4.194282114505768,0.2015151268081769,2.532876397268582,0.30523412138017103,92074.72273479555,0.19066516314135193,0.14053244799441425,56.68763154462574,105.7569608682664,1.462814495257009,5.592148948961175,3.1015339989456474,0.28556389524133013,1.3204078514573945,2.0841912116671875,1.3449349744691912,0.5488621279739836,0.4997326052149861,0.9907790161038531,0.9348416670204049,-0.03615118574883104,0.38863884876195703,0.46504513299914724,7.487637891238601,0.0417362909312121,5.097704965650698,0.3543565360121458,0.08054863039468964,14.975275782477196,3.279212657771121,2.173420736976705,5.972777711659923,664.2447045707916,0.09256475816203895,9.442646676833096,1368.213210702341,2.343147416944131,59.59253065774805,42.46989966555184,2387.883221850613,0.8239635415461911,0.020226768309022446,0.12267051505180801,8.714385766175186,0.0028539271334721106,1060.477601486554,0.18076633624934907,2.5677872062381883,60.23543539735671,1.8032129225555151,105.6590756807784,0.03604583130777195,0.02038616161431864,3.523912034777669,4109.178750776635,0.698842105235276,0.8174256067232655,0.2994551590276068,0.8614912246732481,52.34308866781013,0.01767985316597117,100.63054187192118,0.12392923875852363,6.971929675556311,74.60837438423646,8053.975369458128,448704.55911330046,150.24890687213684,0.023973488919561928,309.5270935960591,0.38119100196559,0.641877587801851,50.2282743887145,0.016226278922204525,5.300559424274977,0.11315496098104794,7975.875051566405,5.049255570963752,0.0009897539685198827,149.96486754425476,0.014745898756572699,0.17193182490332318,0.555074568280248,0.42174863325642037,24.327483516804612,57.68242407560729,60.16643582596529,55.317266743757315,36.71511950137163,60.19966777316964,14095.083333333308,32.0180466411259,0.32192112689657554,8765.5615527684,0.6218878842694615,14351.999999999996
IMG-C43C8E321C,R1,dual-habitat,1,1,extractable,none,,1.655337631702423,2.9635965824127197,65930.47305239318,3.1042928806241887,0.6932387948036194,3.4254183241147884,5.489015579223633,2.3353235164326596,0.4099735668685975,2.3553683757781982,0.38652920722961426,5.1024863719940186,0.28720385044983254,2.3916839455644046,0.05653987802898794,131860.94610478633,0.13613922655879535,0.2664161690671151,79.6517989533435,500.72111995299593,-8.515875431831121,12.811151497456022,4.148119590362552,0.5101793362917785,1.5478514031319341,2.2645406835295434,1.7357649611829957,0.511589920603668,0.45254553047055884,0.9916919216402758,0.9370597394689284,-0.0862557208225364,0.6320322701019438,0.43663402929172174,8.80258657289647,0.023380358215879242,5.894306443271025,0.576487061106684,0.04791064186954314,17.60517314579294,3.8625811400236576,4.239817771954644,6.377808955698009,1206.7357279194864,0.10469683566887787,7.898757079069421,1569.1407253166753,4.39156183987863,83.31858407079646,33.814506333506856,2606.83185840708,0.528395166457295,0.015807291144226073,0.14380522468094628,13.741620949131576,0.0024539460543072213,1287.8197901328667,0.13259954315024725,4.611506318382158,84.24354859600015,1.648337614397053,134.96476268916902,0.025932542058083003,0.015848594760866506,3.8690798636911503,7133.617570951944,0.7332621057191443,0.8426634098159346,0.2355381507069194,0.8804408087832652,74.84188182786599,0.013980390331435645,150.08045977011494,0.09583681977657403,9.261314425801148,99.25670498084291,5578.933588761175,450037.13282247767,75.40411326035927,0.017840896900663324,577.9463601532567,0.36905897838649854,0.630522208655338,64.28077656069185,0.011332517162665954,5.7023238081101555,0.13586673607496097,5524.76173279899,5.661232284354585,0.0006813115808407329,235.1880420716958,0.02321811691618435,0.15702280801444282,0.7932007939925525,0.6093234675446464,33.205610203685815,54.49586627196953,60.92618484691126,60.53924347066123,47.01063709417264,62.29767250869008,22815.99999999999,43.2261643962382,0.2892611409178801,13448.908383496506,0.589450753133613,23051.999999999996
IMG-0030A52322,R1,dual-habitat,1,1,extractable,none,,2.01942925453186,3.1394219398498535,3535.5070827042737,2.9066072102115807,0.5935399532318115,4.402183476425197,4.85284423828125,2.547369621284094,0.3619482363466916,2.499589443206787,1.2527772188186646,3.6000670194625854,0.24233777277642127,2.5901239530991518,0.7238328999477849,7071.014165408547,0.16176560604042073,0.21965010497690823,32.34535230734845,294.3695468366545,17.589132022894226,8.409422602949013,5.60887794665452,0.19778230102738312,1.7887824348369699,2.423051889186531,2.3656454856500595,0.4830808894095036,0.4167726987642863,0.9771833761253725,0.9004231248173034,-0.08027927553886273,0.5988787105668808,0.40484035336346325,5.62490430834066,0.030868260585105285,5.484871104084534,0.3936888506017799,0.06726161496878696,11.24980861668132,3.4672541216357593,3.5045751374008822,5.3848759683110154,90.07400379506642,0.17091841327337082,3.92986688462494,85.25047438330171,3.6360480900446115,36.45351043643264,14.225806451612904,426.70398481973433,0.5858329531396241,0.047082909514049684,0.2977816897170709,12.957453553209549,0.01869001467680255,75.66650062886801,0.15685008118790128,3.810534667258931,36.975114043862895,1.305170456322429,46.302369903067756,0.060135418072918445,0.04769557064789283,3.3601960170298812,408.4905666713726,0.8453185023547677,0.915048897971099,0.10626932312479356,0.9353270837124789,34.94789187718303,0.045084597109492655,21.90625,0.11409505208333333,6.176649305555556,43.4375,30.630208333333332,821.1302083333334,1.3910598837118997,0.05823499604078183,69.0,0.359375,0.6184374347148944,28.350213865071808,0.04328059812895312,5.090685645138613,0.36432637571157495,23.096327039930554,0.9047594923588711,0.012029144547678002,111.30934584697977,0.05112608110218571,1.00805451595702,0.8534177723549247,0.27073592852371586,11.838949235484604,43.72877031888857,43.9089968002003,38.118237105091836,31.064449134018133,44.01136216933077,908.5,37.318909753366036,0.32714156078833867,1386.6441513923905,1.5263006619619048,1054.0
IMG-D7D236D533,R1,dual-habitat,1,1,extractable,none,,1.7518914699554444,2.9345591068267827,61329.29672549799,3.0002487863891516,0.6016501188278198,4.983867304033455,5.305596351623535,2.3187307384947204,0.37895006779600293,2.2686426639556885,0.6609828472137451,4.64461350440979,0.25086105447941237,2.371706731623652,0.8650701089627971,122658.59345099598,0.1528456991470793,0.24848058318867372,61.05970635987492,435.92398431595404,19.224995470591782,10.078862517673867,4.896176481699518,0.3429194893108597,1.6393125269297568,2.3603045511378844,2.1869623722264,0.5054944099395434,0.4454167799241926,0.9883812369101194,0.9282496124289068,-0.044222028367299014,0.45391764716327043,0.4265390270628192,7.73068764641639,0.02779973414661235,5.758549904823192,0.3630797907678733,0.05799315984160977,15.46137529283278,3.6700097567831724,3.7437597498433464,6.221053515931335,1133.6190956617445,0.1039731354362785,8.162281182982092,1666.4766578006054,4.114826910921502,65.28808584793177,34.43648537099881,1953.6507383289004,0.6979366234818154,0.020270560280772947,0.14552304999358354,12.634447217941384,0.0030755551164536317,1338.1214716805132,0.1458648816788916,4.453162904686401,66.65069199666135,1.6609361549330732,104.80070630153897,0.033654895112359515,0.020279678222161195,3.787495182857875,6733.097790545047,0.7327518442992089,0.8413139643993538,0.2433668910080272,0.8801094480185241,59.62729001857387,0.017856917392190055,136.30099667774087,0.09056544629750224,10.540724274566506,93.2358803986711,6721.128903654485,371735.7395348837,128.77090669246127,0.021404563958558605,576.6651162790698,0.383166190218651,0.6433338380150057,63.55065834004962,0.014064321701364598,5.7349420089752865,0.1380354031000642,6668.6458586549825,7.006320747515725,0.0006692808264487207,221.46065610447786,0.025400566042691457,0.1393219532832021,0.7103570234382757,0.39160279984919366,24.19399928522207,61.781987499934075,61.29437168288782,61.773780845922005,47.38143096192854,65.06150935845248,21578.0,43.88726874255392,0.30610236418319825,12244.984313579485,0.5674754061349284,21806.0
IMG-7CA9BEBE72,R1,dual-habitat,1,1,extractable,none,,1.6624772787094118,2.8028988599777223,48222.448405083196,2.9111087178106962,0.6122440993785858,3.4434225263811253,5.2421369552612305,2.252413430303159,0.35841851071429115,2.2684314250946045,0.6387089490890503,4.60342800617218,0.2503228563056388,2.297201291054432,-0.03885762064763372,96444.89681016636,0.15542968709020955,0.2037675106121054,58.50842385905259,260.0164457599034,-4.565701283409914,9.150552193547892,3.471271390907421,0.44923716264449437,1.4214513566613183,2.1524706467479415,1.4361311636874976,0.5289273890134266,0.4740909384323272,0.9915831829975138,0.9364470820084075,-0.06681588710971786,0.5490164330470212,0.4511293324705712,7.555697724407185,0.029615096856562703,5.539939583463715,0.47012020896782747,0.06064520342478511,15.111395448814372,3.6288267100425884,3.155455896113828,6.283393593280201,862.5219960604071,0.09438848720293358,9.00082358674254,1420.3164806303348,3.3623486707861807,60.37327642810243,43.09630115999124,2562.5766031954477,0.8555778160623158,0.022702531050951567,0.10944875688954026,7.271579017475098,0.0035596235361711197,1107.9940613425101,0.14897984844271853,3.624712627141671,60.58362325088042,1.8153358402193416,109.07538116616153,0.03967322448247071,0.02325044329540414,3.79643972279564,5163.828332665181,0.6934040463941014,0.8138794888630739,0.3015949879526415,0.8588287104813505,52.19588963457805,0.020348476440129177,83.49457177322074,0.10071721564924095,10.026631123579646,68.18335343787696,12243.375150784077,735024.375150784,220.25128548877979,0.037601414219524884,336.29794933655006,0.4056670076436068,0.661887239449884,47.329793701922554,0.026144585014519245,5.421898940473472,0.09072007003720726,12121.870403541117,6.370792591941347,0.0008368671070752439,162.82325219018654,0.02235642514476032,0.14610913142552784,0.7340988789570109,0.7084460320233691,31.015608899009436,43.7797764360777,50.47771785649584,48.87739763939974,37.215588131856784,52.430906915673305,18150.249999999975,32.1386848027132,0.45612819738146176,7322.380250562083,0.40343137149968145,18275.999999999993
IMG-ABBB6E83CB,R1,dual-habitat,1,1,extractable,none,,1.987068200111389,2.9936333179473875,23264.789869615008,2.7556523558943327,0.5125405788421631,3.572212617563697,4.384009838104248,2.494136015443318,0.3134942020717155,2.488093137741089,1.1184080839157104,3.2656017541885376,0.21239587524924186,2.5263923686638767,0.21335352605495522,46529.579739230016,0.1772981008239861,0.1619439369116046,41.51707088377241,154.39684378624648,-1.6133748526689358,6.910969661618744,3.269644679463803,0.3565827668276811,1.3661835647755298,2.1237108911575127,1.3929812462114035,0.5409422267784305,0.4889921514693732,0.9842399209569603,0.9161607932603602,-0.05277073538495813,0.48709671445051544,0.4542849067681256,6.372091663800632,0.03634072990903446,5.283963442035875,0.40564934027476457,0.07453237035534699,12.744183327601267,3.4289619677020275,2.545153585270637,6.076272855594008,350.91824417009605,0.09627386671333224,9.672580324062315,646.2515775034293,2.7142339413029855,45.258984910836766,38.590123456790124,1585.563511659808,1.123451145805035,0.03043421289230989,0.1530758020317194,8.651342294125428,0.005310367186191081,513.7587751289973,0.16945164234606555,2.926157661165164,46.01192802161579,1.719252993782784,75.77714496770515,0.051778209071851426,0.03064931429256192,3.568328499893456,2187.3367193211407,0.7197570488007247,0.8316344834863353,0.2664226142617313,0.8728645770604829,40.69852353848497,0.026909373591336556,59.894837476099426,0.11452167777456869,6.5001663443364315,59.263862332695986,2449.0038240917784,101878.47609942639,63.936889229978995,0.035703253125031066,237.13001912045888,0.4534034782417952,0.6997259022568012,43.085780727822915,0.026064840538470982,5.033687168691056,0.14348422496570645,2400.4311864555493,4.438566344583155,0.0019389313620188666,87.93874631160989,0.030649897402797163,0.14890707324687794,0.6185256704084987,0.5047495147964837,21.411240591832243,42.419536748767975,41.23105625617661,45.65084884205331,34.828149534535996,47.16990566028302,7118.416666666667,26.23757240594966,0.3602419762220609,4967.586195635533,0.6978498770516195,7290.0
IMG-DCBE1524E9,R1,dual-habitat,1,1,extractable,none,,1.8257445812225341,3.0773497581481934,7710.06869269559,3.037103002778252,0.6566421985626221,3.296819008792379,4.164024829864502,2.4380804646446044,0.39431532664032987,2.403681516647339,0.836317241191864,3.327707588672638,0.2730487697823644,2.4885389808466423,0.3794631887601886,15420.13738539118,0.1436383284140578,0.24858990711159432,53.066875766477274,271.2928526666323,6.520383872166469,9.200170877904943,5.627149005703795,0.2402374252938851,1.8389280495841407,2.4439779259012386,2.2242693990709173,0.46842355269820835,0.3982479068228241,0.9736910696590784,0.8912436060257609,-0.04514707501983398,0.4750831540705882,0.4009643713592347,7.222965391325868,0.024199415277912088,5.813870458036141,0.3282730921040924,0.047857572185002854,14.44593078265174,3.612941346128285,3.7068299709021844,5.661012442542975,193.5124497991968,0.15543168658570022,3.878740020322253,178.829718875502,4.045143788003419,57.13012048192771,16.03614457831325,810.437751004016,0.3808029545927152,0.025560014403982183,0.25048045423459536,17.309453379773693,0.007239059326131734,157.57099694004762,0.1399221102119027,4.227310506881209,57.76645223001645,1.3449291465534212,75.377298775182,0.033935787938833874,0.025743200456519233,3.5449730399502966,932.5465236551016,0.8271056283268001,0.9043558850787766,0.11930073031577594,0.9271520739538437,54.02810632670742,0.023998061634248224,37.86813186813187,0.10403332930805459,7.103731433401762,67.97802197802197,66.26098901098901,3246.217032967033,1.5121826239970417,0.029311904586238776,122.04395604395604,0.33528559352735177,0.5983632709874839,44.84266512533241,0.01831242441230417,5.481231928957647,0.2923694779116466,54.56233395725155,1.7203199929779156,0.0052342839675278054,108.13892984774752,0.06059358472823329,0.3356032308001681,0.6815371027182809,0.6491818569992727,21.46936227780977,33.07141449862457,31.622776601683793,30.528675044947494,29.832867780352597,34.713109915419565,2321.75,22.53939602018794,0.3396079454088187,2496.7971021158146,1.075394466293018,2490.0
IMG-6427C96710,R1,dual-habitat,1,1,extractable,none,,1.8246045589447022,3.2271326541900636,5827.206827673569,3.229994115204322,0.7474472522735596,4.0648342570842,5.235312461853027,2.5043402111003785,0.44945693400976633,2.4687397480010986,0.867361307144165,4.367951154708862,0.3109646615357977,2.5689157694756934,0.5038126397073728,11654.413655347138,0.1261772322041224,0.32760833772660586,55.19216375610188,664.8593214369022,24.230502216521703,12.38514005518532,7.187117383941665,0.2621200649943329,2.071944208139884,2.590675831487298,2.8488163963247857,0.44606513504746226,0.36961392742798477,0.9813563169164656,0.9071376181543251,-0.07133690588856338,0.5974525300304677,0.363450565654695,7.340533236600349,0.02016825043707294,6.038341989681973,0.5174178548231066,0.04725678156526873,14.681066473200694,3.778495588267989,4.893064359781746,5.664751134943815,162.6013590033975,0.18414649943759628,3.630065320916416,111.4144960362401,5.428931279009965,62.55719139297848,12.467723669309173,633.9864099660249,0.3061341006328181,0.025887476509684534,0.3606395698458067,26.17037985194288,0.010707566475951696,100.7931781333419,0.1235066878425503,5.62339010270415,63.37018005612723,1.2668803812309362,77.32881367845279,0.0324963322511034,0.026046108795496545,3.6414912264165977,704.3927115669778,0.8617398976745293,0.9241223103057759,0.09244426388017708,0.9427303718155364,60.31031378563979,0.024688144342705907,37.79132791327913,0.10241552280021445,7.977585358509411,72.41192411924119,33.41192411924119,1453.3224932249323,0.882285724091946,0.02857716958733866,166.18157181571814,0.4503565631862281,0.6975189826115765,52.66844389175211,0.02155195881840633,5.080204559647229,0.4178935447338618,27.68569561034364,0.8546458001537185,0.00724954777602886,232.1783879475087,0.05630993472107172,0.9874582348535436,0.7220469806044497,0.5264904846884088,26.86335142068219,51.02343195543342,53.14132102234569,53.150729063673246,44.598206241955516,58.89821729050889,1523.9166666666667,36.8413149834973,0.2940706408836813,2177.742879170412,1.4290432848496168,1766.0
IMG-D5E58F8859,R1,dual-habitat,1,1,extractable,none,,1.0836720228195191,1.9875431299209596,15559.408727016707,2.615288832574607,0.4562719464302063,4.45365882824171,3.7873833179473877,1.5248341658289057,0.28516659864683397,1.499360203742981,0.2135559320449829,3.573827385902405,0.18995478610719516,1.5696754548547636,0.6560826049198012,31118.817454033415,0.19738971858154214,0.1387618002943739,43.970711650166095,144.39855455938522,6.886893928430719,6.176143311929923,2.1108775888929086,0.4879427193994473,1.0504008712435764,1.8635569415486322,1.0009774082710436,0.6065489266222682,0.5721223978350247,0.992045656664282,0.9414396251902688,-0.09294075860839288,0.602177374164116,0.48696615698198426,6.553862583205041,0.051494518477526584,4.844279976760454,0.5062209252216161,0.10431806811451326,13.107725166410082,3.330498008284759,2.071755225205708,6.387120482956708,439.46365795724466,0.0695904446488115,16.580502153690297,1246.5160728424387,2.323996266226337,46.23167062549486,71.6596991290578,2992.3450514647666,1.9341067839986452,0.027090283753231758,0.09244110951937183,5.519115912175903,0.0027974229950047122,876.3688201210122,0.18425800205662884,2.6146451396607793,47.40452106889287,2.2773474040040154,101.53779850010793,0.061492285063225675,0.027147566058519992,3.7401849159271823,2947.5038895957437,0.6177811371908118,0.7530178451793653,0.5008443589217175,0.8136282102441564,39.370693633953444,0.022127200093590572,60.8639705882353,0.11188229887543252,6.811634948096886,63.50367647058823,9890.207720588236,405573.2555147059,257.90755709191626,0.030803103545563006,205.9191176470588,0.37852778979238755,0.6389254233445065,42.22212391328419,0.02098565738553916,5.330353021964099,0.08614410134600159,9755.451472615701,5.444906183995435,0.0012363573150479497,97.11009684854459,0.015491490329451817,0.17157863389031364,0.7408590863537046,0.5576110497793373,23.21183068145766,41.62727889026455,50.11985634456667,46.647615158762406,33.54101966249684,50.27922035990614,12480.75,30.839947806032246,0.42462431189076594,6127.8255212200975,0.49098215421509905,12630.0
IMG-B4DE82A20A,R1,dual-habitat,1,1,extractable,none,,1.4728043794631958,2.6165603160858155,33372.857303546196,2.914233565577933,0.571864664554596,3.4340970973539298,3.913499116897583,2.0307933432980407,0.35351574652555867,2.014817476272583,0.35650956630706787,3.556989550590515,0.23982254241713175,2.0807784567151084,0.3420910622913836,66745.71460709238,0.15846232585370165,0.2055173827460752,59.961600174362665,285.49155770441126,5.755683171313409,9.252301319085221,3.107978107799141,0.4947772045337625,1.3213887542890552,2.0933285303004334,1.3481155854331324,0.5502130740346605,0.5012295447155298,0.9868442862930116,0.9234451810000878,-0.08409076792437162,0.6010884282228746,0.46227220972996874,7.643646928451019,0.03364475725088292,5.446952855676029,0.5137051864325021,0.07574496565289152,15.287293856902036,3.6370864214059133,3.0900698567210894,6.428196124054237,653.219512195122,0.08474565544825143,11.64578529131138,1221.4276076803321,3.4048596791450474,62.24299429164505,50.19590036325895,2860.2336533471716,1.026479112393887,0.02088932878921403,0.11196223630327294,8.541217969086128,0.002584450564737012,923.3618878702289,0.14980654611231142,3.7061849224469876,63.35261070874686,1.9124079025666387,115.91580101112396,0.039703765547882935,0.020967060679994154,3.8540295822187045,4167.219593772949,0.6744724145225139,0.7996586962596304,0.34099710574474423,0.8477853142062679,54.50260838912704,0.017823319464751783,79.71959026888604,0.10207373914069916,8.456740676862948,81.6786171574904,8633.464788732394,504002.4827144686,157.95129578553002,0.023787743706577543,303.3098591549296,0.3883608952047754,0.6466154798447307,53.73145762771277,0.016127368958948635,5.405236226100622,0.10132330046704723,8536.059767755643,6.752614382989686,0.0010480867082393133,92.51308841822446,0.030924198260475398,0.09052179075417839,0.663487100548036,0.5675786557007804,25.652967036332964,45.197201795158506,52.20153254455274,50.566787519082126,63.65532185135819,71.9166183854608,15279.083333333272,29.987760371954202,0.44590746957965355,6677.864102921673,0.43705921076777293,15415.999999999996
IMG-83E16F4943,R1,dual-habitat,1,1,extractable,none,,2.0297499895095825,3.0498993396759033,28936.161688291388,2.7655468862397203,0.5178534984588623,3.3505365859679404,4.484856605529785,2.5347469102435207,0.31969257936011,2.5291073322296143,1.1023842096328735,3.3824723958969116,0.22125087907535082,2.5667838348944487,0.19954327772938352,57872.32337658277,0.17374423940199274,0.16343735608637755,43.61906906122947,128.0421174640133,0.9925659213557088,6.375506140725296,3.7840815568197,0.2539011119879715,1.483076025418281,2.207251886289788,1.5697372117216681,0.5202461715428485,0.4629660819399056,0.9841039900922302,0.9149948899071559,-0.030577245758689878,0.3674818529891621,0.4418060531509926,6.555134681727898,0.03406237112961793,5.342972328504407,0.32805983662022903,0.06700074868902067,13.110269363455794,3.374441120504209,2.539896924386249,5.899185121555376,486.78551912568304,0.11083458996486409,7.453872084034227,763.0846994535519,2.7333002793620453,47.46357012750455,30.612932604735885,1330.0951730418944,0.8171860427953068,0.02846564489650187,0.16167119280019188,9.347365733974097,0.0055259612347299,625.6985486514031,0.16692855338318477,2.9235795532851894,48.071681550955276,1.592495483991954,74.05743722456046,0.04465014016433755,0.02872754835887359,3.494987101871534,2811.8701456810295,0.7488262202139142,0.8533697632058288,0.21460655286642216,0.8884810119423185,43.15730588772207,0.02571152606219698,82.90557939914163,0.1186059791117906,6.427146076246262,60.03719599427754,2158.3834048640915,90302.16309012876,54.12326153850874,0.035005225779956836,263.964234620887,0.3776312369397525,0.6387467804226364,40.47026435575301,0.02431337096873799,5.327070940323444,0.15915300546448088,2118.9040259843923,4.93857405086626,0.001546642341602081,111.62117934230231,0.028630137082543746,0.1435960803478366,0.9302286598861573,0.617620217737301,25.445805033991515,41.19976047289089,43.86342439892261,49.20365840057018,42.80186911806539,50.63595560468865,8576.666666666664,38.32519797232796,0.30217074971428254,6705.699022202272,0.7818537530744976,8783.999999999998
IMG-7328CD0240,R1,single-H-low,1,1,extractable,none,,1.6420789957046509,2.655088424682617,10317.986788213027,2.7681317613435383,0.5176386833190918,3.738707612815456,4.229475975036621,2.152400752407404,0.314747162622761,2.1576895713806152,0.5973360538482666,3.6321399211883545,0.21368069392442626,2.1901672396242917,-0.02252283407590192,20635.97357642605,0.17594813349439492,0.16400353855953118,52.098795027447686,188.55579244633176,-4.067141991082791,7.301340785307388,2.69474873622756,0.45919880153550047,1.2434212081294214,1.9953996494448702,1.1348341898907535,0.5594899475461829,0.5133731374464591,0.9884929067742139,0.9272615511601274,-0.08345711827239125,0.589290739698783,0.4767890956071481,7.1376584101616,0.040265993988993526,5.165291035101965,0.5049121920285495,0.0834687497474028,14.275316820323203,3.4565876791818484,2.499022380383737,6.0512305202782715,214.12412831241284,0.09954631720707245,9.064323276492765,378.4644351464435,2.756565497413872,53.92794049279405,38.554625755462574,1969.7215248721525,0.8713191590623092,0.025552027917806412,0.12852830075229613,7.86983583830404,0.0039922260381645685,300.2016305130624,0.1681401240328467,2.9783097581939506,54.385368967332575,1.7378647676814472,92.54061315922316,0.042942274667016764,0.02605950194838449,3.5865614585141645,1284.214870781237,0.7157184188510237,0.8295962521903945,0.2691311373551636,0.8697708481774011,47.635101733733435,0.02300548704034476,28.95571955719557,0.10684767364278809,7.083808771667052,62.04059040590406,1073.420664206642,60269.50922509225,20.367770985561524,0.035666943759452424,86.98523985239852,0.320978744842799,0.5872726243941648,38.72771385172497,0.019992885389145728,5.472638725348005,0.12598791259879125,1010.4204191119403,2.140248132400406,0.003668639002389912,75.73266434724327,0.026523331424340074,0.29995477837155743,0.599903485844687,0.3764083864394561,13.759496714182857,36.554702843731725,34.48187929913333,25.079872407968907,38.18376618407357,39.35733730830886,4236.083333333333,21.92929365997135,0.4220236472543115,3000.0166708562783,0.7082053006959129,4301.999999999999
IMG-CEA9165C97,R1,dual-habitat,1,1,extractable,none,,1.5693365573883056,2.605830001831055,41881.871150247694,2.773026564779213,0.5451037287712097,4.328284643393258,5.381516456604004,2.0841775396442155,0.32581882288995007,2.0614702701568604,0.785755455493927,4.595761001110077,0.22609933244419173,2.1249860288171813,0.5042145464885165,83763.74230049537,0.17194861414840054,0.171769605910798,35.45910418087145,181.28785120704168,5.632650637133311,7.435202684504735,3.0685183073899585,0.4146271602746685,1.3224751115576656,2.0790955146960597,1.3081733088025034,0.5468873752839296,0.49731625986912376,0.991767264987572,0.9377521901308239,-0.059146632654228225,0.5093929184600154,0.4660941736873332,5.862369846984139,0.03520418915822883,5.293937337904588,0.43053924424015366,0.06538519959575698,11.724739693968278,3.479837389494775,2.625930247973673,6.226075170558369,834.3500808625337,0.08995688203369635,9.935801733495108,1594.823396226415,2.835339772306216,37.449056603773585,46.92711590296496,1624.1037196765499,1.6914399819720711,0.03930001160242153,0.10652110160801634,5.066021920569665,0.005692332731719666,1231.3887848867432,0.16501594183707752,3.0715968865558927,38.01955327610999,1.8745731074330108,68.52700811320834,0.07176872772465173,0.040017759273615,3.6959923088437017,5079.988888037763,0.6794416411529564,0.8045365954799917,0.32359174166075483,0.8507492174215631,32.74170949348432,0.03456953142696493,91.40473372781065,0.10817128251811911,8.523628724484436,51.52307692307692,13496.266272189348,455440.5562130177,446.7543292623208,0.058981541488324254,337.2153846153846,0.3990714610832954,0.656551677916956,35.57291577580248,0.04163065579832315,5.347974288920124,0.09110512129380054,13375.786422044046,8.528279491875162,0.0007870430803333015,170.31008514805424,0.017948851376600575,0.18243734374993711,0.8729948408224746,0.5293084719621245,25.059008515938004,47.34291975914404,46.097722286464425,48.82622246293481,49.9799959983992,54.91812087098393,18407.83333333331,41.330124699205136,0.41972760562374445,8032.51797959179,0.4363641192386466,18549.999999999996
IMG-289CB955B6,R1,dual-habitat,1,0,technical_failure,technical_failure,ValueError: mask only contains 1 segmented voxel! Cannot extract features for a single voxel.,,,,,,,,,,,,,,,,,,,,,,,,,,,,,,,,,,,,,,,,,,,,,,,,,,,,,,,,,,,,,,,,,,,,,,,,,,,,,,,,,,,,,,,,,,,,,,,,,,,,,,,,,,,
IMG-B586C22379,R1,dual-habitat,1,1,extractable,none,,1.572665548324585,2.678250575065613,35986.02605674644,2.865689569825241,0.5702208280563354,3.6031706661147034,4.4774041175842285,2.118123329012935,0.3460880046026106,2.0970523357391357,0.8253304958343506,3.652073621749878,0.23830828899451875,2.1635167293030815,0.44412893639759415,71972.05211349289,0.1614003972297327,0.19435820106546514,36.82526271896763,215.14336620852407,5.778403148804501,8.241241333006492,3.5483098418060357,0.3963999245191959,1.4108496544094642,2.1708662364070355,1.5435997447042635,0.535799314246163,0.4831639723232176,0.9851143228907179,0.9189402704779361,-0.05648694721336496,0.504539373886058,0.4525483044777862,5.970887292926302,0.032068232122146774,5.461453031384907,0.43700038215822296,0.07028991986596202,11.941774585852603,3.553362009108393,2.947387793703132,6.292345095324535,703.5970343392299,0.09151886502851586,10.148831753690494,1240.8462539021853,3.2067537581711734,39.422476586888656,44.184703433923,1572.0387617065558,1.5662891192141082,0.03850265604008202,0.11816597639522092,6.0637040519558045,0.005476714403751389,964.2313648528232,0.15405993052046843,3.474283676544693,40.180253471629506,1.823381521139859,69.83881987085029,0.06856787929463447,0.03904480861421976,3.7502795074293167,4359.592487781025,0.6950843269395173,0.8140758824941968,0.3083338103283388,0.8594621532901882,35.081236682175174,0.03391452652580956,82.42469135802469,0.10175887821978356,8.275147081237614,55.8,8617.930864197531,295258.4641975309,285.96340450185016,0.050469199445761725,312.1456790123457,0.3853650358177107,0.6447311674679082,37.60225517644635,0.032971339116654966,5.436108559365337,0.10535900104058273,8527.844987044657,9.051980740277056,0.000982928282917853,106.37255048653508,0.031385814958458935,0.09797227326549726,0.7161927129351158,0.6598668759981781,28.298984470237112,42.88589941331628,48.82622246293481,42.01190307520002,39.82461550347975,52.04805471869242,15240.749999999995,30.714568647485475,0.4196016965574606,7084.6399182109235,0.4648485093063613,15376.0
IMG-564DB6E048,R1,dual-habitat,1,1,extractable,none,,1.5558959364891052,2.7970728874206543,56453.11405459864,3.050992950112136,0.6524641215801239,3.6451482928147074,4.777052879333496,2.1870644114552973,0.39084519637585874,2.181120276451111,0.6173871159553528,4.159665763378143,0.2690691932776435,2.243094255904847,0.2732292082572352,112906.22810919727,0.1428272342805215,0.24822110101901373,54.45456079606333,398.33502337007116,1.7879935123022934,11.137065101860161,4.179359249312683,0.4535393648304332,1.552850991298619,2.272498586521057,1.75198924959909,0.5117721144870422,0.45213005558748837,0.9876750460204904,0.9245744220900232,-0.06544735715117554,0.5568649772042007,0.4309782550206386,7.260459396510299,0.025149023026432023,5.809553068300218,0.47404374582300995,0.05271645770730093,14.520918793020606,3.7762810510280547,3.829106087793209,6.388985584685029,1096.979679144385,0.0977700248791787,8.657482341502474,1602.521568627451,4.105210138503628,57.29376114081997,38.467914438502675,2080.171479500891,0.8911788623700924,0.025690656307333012,0.1287203095409316,9.233049708347957,0.003961977382239281,1275.8523914759912,0.13725154322740976,4.407758637990549,57.94102002987052,1.734075597402818,97.67680545361837,0.04342650031470792,0.026086961739573963,3.8808744811446254,6654.591902854533,0.7148713722831,0.8284656519950637,0.2727794238586566,0.8706222948522674,50.92219693523329,0.022980467596898972,110.83814102564102,0.08881261300131492,10.775624974317884,77.40464743589743,10257.246794871795,553841.5753205129,210.53983153955386,0.03323524470801045,520.3012820512821,0.4169080785667324,0.6711958247112236,54.903837209101425,0.02251499025548313,5.521898172725137,0.11122994652406418,10176.41977933925,8.732573168183373,0.0006675946538342707,170.7116391343754,0.03038951564357342,0.10167956941059145,0.6247351452630735,0.4892031950127825,27.179042790207223,55.55777858216371,59.665735560705194,58.54912467321779,37.10795063055894,60.315835400000886,22344.75000000001,34.70889687302172,0.37716265009885513,10171.986595934639,0.4552293758459877,22439.999999999996
IMG-FC390CC9D2,R1,dual-habitat,1,1,extractable,none,,1.3993189930915833,2.2537869215011597,59525.9696294878,2.544557410893653,0.44139525294303894,4.043877153784944,4.335031986236572,1.8217806582896954,0.2704802382341716,1.807816982269287,0.6585537791252136,3.6764782071113586,0.184290314454929,1.854619789371312,0.40015616187123565,119051.93925897559,0.20523421426939076,0.1207297962092537,34.42983487173053,108.65514855155486,3.461596026733476,5.465705776766909,2.2983893155147674,0.4073776662367448,1.1275978984897868,1.9120656222084322,1.0184075199288203,0.5850717320564749,0.5455165890611544,0.9913168936238802,0.9372615273278403,-0.06033623717715424,0.4953238882217874,0.48614397218573546,5.799817091404628,0.04974624406854416,4.864999483298768,0.4167555941451995,0.10046215067438771,11.599634182809252,3.25888690691792,1.9410237730704192,6.198245341780974,1298.9797758003006,0.0750595039755172,13.638078331943829,3551.7833121460767,2.046436790572864,35.93638044608806,67.66474055240957,2234.884837628568,2.370749321425092,0.03674107247510409,0.08034493802316404,3.5750352570801898,0.0037565990129666774,2508.5325340758545,0.1917899045134647,2.297865785076525,36.670789730704726,2.241553067334509,78.1988217233125,0.08084388286228637,0.03722560139169363,3.6615422945363068,8120.492875744278,0.6194843933300971,0.7557583408155465,0.48197157565167104,0.8149628952459901,30.38758947368378,0.030669323547109918,150.33391153512576,0.13038500566793215,7.079818174843108,48.908065915004336,47183.4431916739,1576381.091934085,1535.5946696951507,0.05058486829579128,462.755420641804,0.40134902050460014,0.6580314703575895,32.18351221880542,0.035605694607528056,5.1126243546784345,0.06662429215301052,46958.15689076875,19.200942330404388,0.00042706961856414974,92.55752207787988,0.016044652980860295,0.05632709111345019,0.59799035874861,0.45994225567108205,29.32419383579272,63.75625086459396,63.52952069707436,70.29224708315988,48.010415536631214,72.78049189171504,34571.16666666668,38.125623326984915,0.4564481710842,11243.512587798728,0.32522803457019744,34611.99999999999
IMG-8E0304AACB,R1,dual-habitat,1,1,extractable,none,,2.010602426528931,2.9866628885269164,91280.59605971712,2.7187831337494424,0.5030112266540527,3.5053909349353454,4.798348903656006,2.50054698591065,0.30567411600130173,2.504135489463806,1.011824607849121,3.7865242958068848,0.20838599126201368,2.5309397195191745,0.01919570439928305,182561.1921194342,0.18111521329639893,0.15292063509296283,42.625562182114486,136.53605116763353,-2.7507462956861612,6.388639167625713,3.224755431809275,0.3276063753176764,1.3662657880487463,2.1104122625356987,1.3435379937108114,0.538419933123256,0.4864031763078659,0.9879223664308439,0.9252491424586952,-0.040149566993594545,0.41396830154213116,0.4597460248887138,6.467951238139037,0.03787502937955065,5.241806963660337,0.35254673109957946,0.07378477135830366,12.935902476278077,3.3737922164813723,2.403348649858746,6.014384271449347,1412.9400701754387,0.0991536891351185,8.675420641428133,2580.891789473684,2.5573459452139122,45.501684210526314,38.128701754385965,1630.39150877193,1.043544697741727,0.030359033476613607,0.1289210498517948,6.949874377295882,0.004660580119328209,2041.655252790886,0.1726683778891425,2.7630861949395675,45.984639428051096,1.7275408695800867,77.38376357898325,0.0510506610976097,0.03082844459736913,3.5464977090941505,8483.9235632848,0.7156028576784805,0.8297273954116059,0.2675410842414676,0.8705880626193984,40.39204938100093,0.027145952729924015,213.27246376811595,0.12363621088006721,6.594764461247637,56.426086956521736,12279.590724637681,518159.29217391304,303.24673528329936,0.039456509890519985,622.7947826086956,0.36104045368620036,0.6240296070340738,36.88880237415383,0.02458186114650446,5.432707437154178,0.12105263157894737,12211.348758664146,15.146655067062339,0.0004994138357871459,103.94409167447344,0.02404546504729872,0.05226605589795059,0.8463943002446249,0.589728773730473,36.25568534307716,61.47857618296796,70.68238818828915,62.96824596572466,61.392181912683306,71.05631569396206,28036.25000000001,52.035116468419034,0.25836289927426376,17274.305305015456,0.6161417916096286,28499.999999999996
IMG-ADAF997FAE,R1,dual-habitat,1,1,extractable,none,,1.5769172787666321,2.8753082752227783,116303.60560080332,3.1236043781852887,0.6802136600017548,4.406489287771907,7.510256290435791,2.222026935153502,0.411256887063146,2.2085235118865967,0.26767441630363464,7.242581874132156,0.28283493073673643,2.2833173225318477,0.31662466446428233,232607.2112016066,0.13628923822576325,0.2761342948263422,70.23152098427191,507.0481794912991,6.2775831360877,11.571697354607638,5.184588398414612,0.3802469235206749,1.7282142384337236,2.397633528485041,2.175035312654552,0.48743263617535987,0.4221038293107521,0.9943739809047105,0.9474831800914139,-0.04612886954925832,0.47537117195126644,0.4134681850023243,8.284509999750146,0.022375441058591,5.9971707811156,0.4703550935858226,0.04674808473818688,16.569019999500288,3.8032765752477267,4.189071438255562,6.34991620833316,2335.640577371347,0.10469968519685076,7.480274775729321,3040.3403263403266,4.543565462918299,75.62022592791824,34.561502599964136,2399.9363457055765,0.5908012260301148,0.01814911120581783,0.132097738859086,12.187006960105592,0.002785027302166321,2448.0909445803054,0.13090828844590166,4.871506879575856,76.60452186653022,1.6743422291320442,123.95319767814846,0.029929914901172618,0.01831591705116778,3.9174590897978114,13631.929538260625,0.7280648455385326,0.8383091267706653,0.2480280642931768,0.8777564780400889,67.93675553883119,0.016191542435274587,234.43167701863354,0.09100608579915899,12.08999444827553,98.24961180124224,17847.32453416149,1220013.5465838509,279.98463304691074,0.02270565418557661,1019.7336956521739,0.3958593539022414,0.6538640366812289,67.36373488063309,0.015100660340907113,5.719313146380601,0.11547426932042316,17772.330009934027,10.38270999805852,0.00032878502531236164,397.1781581918764,0.020586253381305906,0.1452504170621758,0.6499967161021861,0.5809227786910465,38.236496676957074,65.82027436264895,73.2393336944022,72.53275122315435,51.92301994298868,76.16429609731844,44493.333333333365,42.78296218866672,0.3936358856295738,15425.979013353013,0.34670315433067883,44615.99999999999
IMG-9118ABC68F,R1,dual-habitat,1,1,extractable,none,,1.7184239983558656,3.2040679931640628,22922.355413991587,3.3189020974507124,0.7309238910675049,4.530294905640076,6.138118743896484,2.4785581401925096,0.4685117824242838,2.4724515676498413,0.5581607818603516,5.579957962036133,0.30900984826725475,2.554046161840141,0.5467451921655264,45844.71082798317,0.12271476740408073,0.3799013424958026,68.98901950699609,1041.0527988346073,15.515738137728862,16.26341127833233,7.970491255388656,0.3424483100795249,2.105805781838385,2.6592302604539446,3.4877749937430442,0.45059710478860426,0.37692984665516527,0.9858694772219072,0.9207903881389619,-0.05874313045560349,0.5570181697563072,0.37032279895445963,8.179527852659987,0.0172255652636722,6.398255391835307,0.4318763458912799,0.039470086302544644,16.35905570531998,4.01668686624895,6.058475633430245,5.937118913844115,597.6431417188389,0.17007488381298774,3.8649927487383584,431.2196926579397,6.248205648825141,77.90438247011951,13.875355719977234,939.7734775184974,0.2773057065510612,0.019746536905467103,0.3202381214792107,29.38460878026061,0.00665946672713828,387.61166829029963,0.12029642492940681,6.457904805693281,78.77639558111969,1.2969779923262474,99.05441738315636,0.02558780899596258,0.01975273105100447,3.775396954123042,2738.71804930161,0.8486031288045182,0.916772470557331,0.10338896954667438,0.9368800363340747,74.44798850207084,0.018506763342778766,120.52721617418351,0.09372256312144908,9.57971116147336,91.64696734059098,51.3592534992224,3247.6189735614307,1.0137859993458727,0.020493746512951987,551.3141524105754,0.42870462862408665,0.680763326936585,65.91966662496597,0.014521141343395653,5.48564579698811,0.3659647125782584,43.892676001151294,2.204755968793693,0.002000365458066617,308.2769090322478,0.04548500328855995,0.4059227369515767,0.7453050562862605,0.5294681693292189,40.86901321298194,77.1888011034898,81.39410298049853,75.92759709091287,64.00781202322102,81.44937077718893,6258.333333333331,57.52920375110543,0.20396924233076646,8051.78004420133,1.2865693812305725,7027.999999999999
IMG-9ECB620A02,R1,dual-habitat,1,1,extractable,none,,2.034349727630615,3.121036434173584,27600.779851058698,2.8792403366551,0.5632533431053162,3.9526222118470886,5.099638938903809,2.56244887968654,0.3444249577322521,2.5528976917266846,0.5097577571868896,4.589881181716919,0.23472963037597347,2.6003043131684573,0.11600401757772263,55201.55970211739,0.163083178956814,0.1954382600756817,75.78620567574308,215.08321181547532,0.2422074134874713,7.102963829767005,4.837008686584135,0.1891939959906364,1.6746982100829357,2.3521094256917783,2.01019914807959,0.49344485088071544,0.42939549365283775,0.9872477011313369,0.9230674739863863,-0.02886515235135368,0.3652246933631257,0.41892260100765255,8.672850362924885,0.030737049623169362,5.5516342090289275,0.40876267775029085,0.06169881902395317,17.34570072584977,3.4269916909581477,2.9849931290877856,5.831234123516479,484.7481626653601,0.11875261211792261,6.637595869678931,665.7055365017148,3.2460735711639948,80.66193042626163,25.965703086722193,1907.2106810387065,0.3894535948251395,0.015839202809977772,0.19503553869084836,17.940767579944993,0.00345911279625756,554.9993916718835,0.15638221182366163,3.472928126241643,81.52001355178217,1.510737317021572,119.61372437220399,0.023628452708961536,0.015959544234651693,3.54430180859229,2748.6939732962733,0.7735718557345941,0.8693702182188219,0.18449919353578847,0.9012822620957412,74.07214401925543,0.014470240268873362,92.25837320574162,0.11035690574849477,7.280423696801813,93.81937799043062,985.311004784689,70218.86842105263,14.31444751658228,0.01848124677331428,319.50717703349284,0.3821856184611158,0.642320824608646,62.406391472257745,0.011938722194751408,5.35736608312008,0.2048015678588927,961.469511915936,3.1252513329131775,0.0015967029560343218,164.9248240458966,0.03000076132592465,0.19516537227657976,0.7461745336662566,0.562523525658904,27.258914691829048,48.4582660963374,51.22499389946279,43.08131845707603,41.48493702538308,52.09606511052442,7887.5833333333385,36.158324106709934,0.30070010306083955,6372.549064990573,0.807921614984383,8163.999999999999
IMG-8DA78E815D,R1,dual-habitat,1,1,extractable,none,,1.6405642867088317,2.8169397354125985,25531.770583374804,2.9573812398052435,0.6079266965389252,3.3605302454165646,4.426637172698975,2.218275189915206,0.366164178323604,2.2083048820495605,0.6178802251815796,3.808756947517395,0.25428010769704285,2.266078272434791,0.15137210059294037,51063.5411667496,0.1517730991055947,0.21436591860770438,54.99685665789306,297.30987196144497,0.7697866535811095,9.725128604849877,3.693883732544163,0.4487927889585579,1.4479323639582147,2.195399882190567,1.5814251522020728,0.5288287530545964,0.47420419899889044,0.9862960242803506,0.9215073837962577,-0.0695478828237571,0.5629509378462061,0.4473993031387249,7.313563504669393,0.028803453227065606,5.622736840435026,0.46761828825173113,0.05848341763323183,14.627127009338786,3.680399745048279,3.35475308434851,6.381793962756161,448.2039420756235,0.09014560379638445,10.082499487071285,754.6158487530168,3.5675018640185523,58.632139983909894,44.59694288012872,2375.4656074014483,1.0037041132416482,0.023940341613035536,0.12017173973082927,8.498670916048983,0.0036216066948875,587.5366980095648,0.14543587035019997,3.847046963334956,59.60023391638457,1.831705483718356,104.66768515575434,0.04295456337325617,0.024253364615879125,3.843540464979059,2803.667948677809,0.6928140236924977,0.8125038678136024,0.3115402342512692,0.8583711722383386,51.84551937142616,0.021032518033571222,47.887573964497044,0.09445280860847542,9.449770277262312,75.19723865877712,5429.668639053254,295053.42998027615,108.88700308236801,0.033770652495680134,221.44181459566076,0.43676886508019874,0.6871898075184799,52.905139133223,0.023475878346416974,5.348829963217991,0.10197103781174578,5333.497154239076,4.294909429989135,0.0015502837117862783,117.30210137776007,0.030965543939780026,0.16054893874665077,0.6664976421907441,0.5308387839299249,19.64028529026183,36.99858767827806,42.190046219457976,36.40054944640259,30.4138126514911,44.955533585978046,9893.5,24.659471451959845,0.5341998819135552,4172.025704725227,0.4216936073912394,9943.999999999998
IMG-39AC997E19,R1,dual-habitat,1,1,extractable,none,,1.7934001088142395,3.165670156478882,21403.623730136213,3.173310391223667,0.7149873375892639,3.4073597885644067,4.641402244567871,2.4860979585406353,0.4268721683663785,2.4802252054214478,0.18417154252529144,4.45723070204258,0.294975610699861,2.544440087124867,0.11220402585478564,42807.247460272425,0.13103345802184083,0.2934922975080866,110.18982074799447,426.1742841954881,-2.934597390564365,11.213410015563811,7.013253208537666,0.22977561889010037,2.0526208390563,2.5883492728542192,2.7548030967904618,0.4468807924829588,0.37126920782712786,0.9817260177924774,0.9078339514905972,-0.03690909550123103,0.4418722633354577,0.37083120219490695,10.446946482460621,0.01932394360461436,6.14751779069264,0.4137579263151791,0.03858761555156433,20.893892964921253,3.76654237725332,4.556665806025368,5.702067104893401,611.8233514821536,0.18506453462860062,3.231471203615564,433.1966122202057,4.825148431292681,114.80217785843921,12.322444041137325,1350.907441016334,0.12673118743912282,0.010960168731402289,0.3118906883880086,38.067501146534354,0.0038877400001747263,392.2922649392997,0.1286116928950618,4.982885605432112,115.20079507215624,1.2763197899155767,145.62951221011403,0.013845377816432193,0.011021204503008761,3.604101119679002,2624.5540593284886,0.8586033128787032,0.9224952301177347,0.09653154549811488,0.9411786414198561,108.7217068841829,0.010416715385299587,125.10551948051948,0.10154668789003204,7.533130982248271,120.68262987012987,29.95292207792208,3324.6347402597403,0.3004924159445243,0.01221494051405668,446.9577922077922,0.3627904157530781,0.6241698033225929,78.11112369842121,0.0082537023698225,5.548150615013202,0.37265577737447064,22.75206348035082,1.97768108215942,0.00198657449844408,234.12657772359896,0.041678712663425224,0.27284849036410436,0.8240689326355998,0.462629110028829,28.07108305276919,60.67729514690488,53.71219600798314,54.147945482723536,55.362442142665635,56.789083458002736,6059.416666666667,50.00227384692516,0.2055223404557582,7820.7000989014405,1.2906688100727144,6612.0
IMG-9C5230ED53,R1,dual-habitat,1,1,extractable,none,,1.9618318796157836,3.122054100036621,6335.933375629682,2.9513430668171576,0.6240756511688232,3.57724689984139,4.370230674743652,2.549764057927521,0.36451481803547625,2.549945116043091,0.9370172619819641,3.4332134127616882,0.2502944642224841,2.5920862873219037,0.11656300349219208,12671.866751259362,0.15217222622684984,0.21761456982323116,57.90079621369245,216.65280944559512,0.7474558065665449,8.11044653708448,5.342220445885631,0.20422178859720855,1.7967801906251386,2.3994098821261063,2.092244101022834,0.4709753845529977,0.401351643840796,0.9779655292018238,0.8992513344645586,-0.04770552624521008,0.487266955128069,0.40762306057845527,7.563423260780525,0.02627714226913103,5.663586695500846,0.3188050881694363,0.054834065227466,15.126846521561053,3.5230883769773715,3.363166745742527,5.522857125236019,153.64899257688228,0.1629363654049653,3.5069862322026792,143.49840933191942,3.6367001818388327,63.612937433722166,14.488865323435842,844.5991516436903,0.2977381935353899,0.022709765358770208,0.27476184264208803,19.782562615606317,0.006683211281157791,127.98375493323344,0.14894642695243762,3.783115325835339,64.09482978137054,1.3213132645219838,82.9619460202729,0.02956510283357325,0.02289052926922097,3.4235806522768146,721.9377834763632,0.8384590543655155,0.9110041602088261,0.11152417417581408,0.9320831994924199,60.104071996492245,0.021461130685582357,34.93288590604027,0.11722444934912842,6.252837710013063,72.03691275167785,75.30536912751678,4468.1308724832215,1.3916082270707721,0.025504363820883006,110.35570469798658,0.37032115670465293,0.630828981878241,47.720567742076994,0.015615022557943305,5.175854713912957,0.31601272534464475,65.29175487590649,1.2107402557654918,0.006524993292076365,113.3016619697219,0.05397606192693929,0.4693554732939074,0.6791750757513585,0.3916004105444394,15.325009379353977,39.13430365930342,38.327535793473594,43.416586692184815,35.35533905932738,46.01086828130936,1734.5833333333328,26.579043652284064,0.3480729072850962,2005.7525355767752,1.1563310318002071,1885.9999999999998
IMG-9FBE24A0F3,R1,dual-habitat,1,1,extractable,none,,1.9408470869064331,2.902904057502747,11368.036750455547,2.6851209426568046,0.4747384786605835,3.643827633611499,4.234203338623047,2.4355473438367485,0.2983638804772076,2.442853808403015,0.7347573637962341,3.4994459748268127,0.20157378707602552,2.4655960816153084,0.05937623618652859,22736.073500911094,0.18606594412193658,0.147273173606522,69.36583384818361,107.35902113344898,-0.014055425139713414,5.666353776614451,3.3020822659369986,0.2625660937504098,1.3842761298174595,2.1226451142919824,1.3703768987610156,0.535730827609263,0.48263494568862303,0.9876409730853999,0.9243640950100651,-0.03716945240694092,0.3958500657886125,0.4547915948048598,8.29302114345464,0.040169707823954286,5.143941625783961,0.2988007670085647,0.08068641291381615,16.586042286909283,3.282921756640095,2.242109010637862,5.946672753322876,180.71336898395722,0.09663816523206269,9.631102976922419,347.9433155080214,2.4640350024307245,71.20320855614973,40.3475935828877,2858.1807486631014,0.6108234284127483,0.016952196685507962,0.12669029668895046,9.709153644903216,0.0029150247055708244,270.76432978910054,0.1754273364907338,2.6957179502119266,71.33369720808224,1.7641659311348261,125.29603421741037,0.029002435378459854,0.01727146398397534,3.5223612302084826,1103.8626938813434,0.713765182380564,0.8252982311805841,0.28977517491627314,0.8695883597103506,62.136095174079465,0.015238569569399958,25.38095238095238,0.12086167800453515,7.32562358276644,79.17142857142858,2420.0285714285715,169717.2761904762,35.88383022817335,0.024337081258934454,83.08571428571429,0.39564625850340135,0.6507845918216776,52.98362299369497,0.017750966302530483,4.987725773751463,0.11229946524064172,2340.7337868480727,1.8413334070068368,0.0035808371579517544,93.33049766176815,0.028124342377599903,0.29924016813884696,0.7613758620195962,0.6466684004927448,16.22589251664674,25.09151909121124,30.083217912982647,32.2490309931942,22.561028345356956,33.71943060017473,3692.25,19.104076977452113,0.5273776871201005,2190.566487785318,0.5932876938954074,3740.0
IMG-AC10C242FF,R1,dual-habitat,1,1,extractable,none,,1.529664444923401,2.6569299936294555,66659.93940482999,2.9092218013736573,0.591940701007843,4.5479717940564734,4.812326908111572,2.0724358359452504,0.35689987316536603,2.0308514833450317,0.023240050300955772,4.7890868578106165,0.243323952806373,2.1229920617949136,0.6724170439399586,133319.87880965992,0.15917472516973033,0.21210500033412874,77.57543957327461,319.3015625133531,14.325443393015139,8.92814096398483,4.042653201887742,0.37578941777938996,1.5053389183717063,2.245060675147268,1.7610905068004614,0.5208385546760489,0.4642158356326729,0.990302243061893,0.9333287001875108,-0.047902336445916016,0.4701506858837714,0.44110317900158924,8.7380405798343,0.030305881396531512,5.57349046469133,0.3940213262864231,0.0629656029012864,17.476081159668592,3.5923838494962985,3.242698541468142,6.263007705978558,1378.7503718728872,0.09322179661074287,9.40467514323815,2354.194185260311,3.512992505855015,81.45598377281948,42.98039215686274,3139.815010141988,0.6496739170497167,0.014863313452667054,0.11650010881435971,11.997103737700654,0.0018393133250204307,1828.2742868799885,0.151565463280542,3.8225232463707597,82.94039755863467,1.8110033419223204,143.18003098450765,0.027019063856313755,0.01484535769296796,3.794105683702002,8416.990720227403,0.6967680125731761,0.8155978571800073,0.30340707869803074,0.8606281313318914,72.40134739436839,0.012770872396537345,154.4413702239789,0.10174003308562511,10.06438504307554,110.32806324110672,17149.632411067192,1242730.0079051384,247.66471988644474,0.016144523891654626,600.901185770751,0.39585058351169367,0.6538727462918242,75.51031760710272,0.010957966442562929,5.553369987273601,0.1026369168356998,17054.704744645285,8.074111268010531,0.0004991347347202147,201.53310238557114,0.020019255770332568,0.0988072038911889,0.7658002091465091,0.513931893790153,28.56128058067839,55.57405743014742,60.827625302982185,63.568860301251256,47.296934361541865,67.29041536504288,29503.833333333354,42.55862480312701,0.40385697805409987,11433.402622878244,0.3875226142211431,29579.99999999999
IMG-4AAC0B5985,R1,dual-habitat,1,1,extractable,none,,1.7748593449592591,2.9091449975967407,50471.38955107236,2.9348164276406905,0.6022656559944153,3.3270441953154597,4.174158573150635,2.3442888815851908,0.3609683367099763,2.351330876350403,0.3919318914413452,3.7822266817092896,0.2496158223671613,2.388361566212718,-0.09208457337613413,100942.77910214469,0.15487337480257285,0.20858061063812253,80.56164650971952,275.712941333076,-5.458804583286551,9.201429185395371,3.768002394156134,0.41790337407201,1.4793115116226265,2.2089843610280706,1.5656580678760028,0.5214142315704386,0.46459510224889705,0.9859832556275203,0.9198218680234029,-0.05809562253665254,0.5191002380623786,0.4428289416214327,8.899615801195852,0.029118152584393413,5.610673743255395,0.43940298582943466,0.05708659892881264,17.799231602391707,3.637564819650648,3.242357894887877,6.249541266993548,871.2271699819169,0.09846600022399603,8.826701828183605,1370.3196202531647,3.448399572936048,82.94190777576854,38.34764918625678,3051.6577757685354,0.5368860944705032,0.015088859334883286,0.13140015802316227,11.801436400262489,0.0024783769895364237,1088.2745455020458,0.14827306596042814,3.7175651893447528,83.46095044665192,1.7254557190066022,141.54432356812012,0.02552714553281027,0.015286979215933406,3.7623011697419666,5260.354211887238,0.7155981571093878,0.8294877590763665,0.2676224701730645,0.8709672999041989,73.03219621665997,0.013459136261908422,99.66731707317074,0.09723640690065437,9.329479119571683,92.46829268292683,6781.3990243902435,527417.2663414634,90.70025082825394,0.02029324706011089,423.2692682926829,0.4129456276026175,0.66815309080642,62.615099064284536,0.014280218904088437,5.482849007636615,0.11584538878842676,6706.884231766804,6.553757529679216,0.0008324732786324269,120.06114842807565,0.03081879767814971,0.08387363221533452,0.7622450316614375,0.6234227049566996,29.838925223989786,47.86307105395252,51.884487084291386,48.83646178829912,42.95346318982905,53.81449618829484,17480.833333333325,36.48338811093367,0.360645011365488,9031.89645605994,0.5166742502394018,17695.999999999996
IMG-396B60587F,R1,dual-habitat,1,1,extractable,none,,1.5849637269973755,2.633215141296387,40551.06896516121,2.8102332620571433,0.5420929193496704,3.4695027419983515,4.104859352111816,2.1119579686985532,0.32779311569889075,2.110672116279602,0.5853326320648193,3.519526720046997,0.2242454850010642,2.153013566409265,0.1986141814684977,81102.13793032241,0.1696834643920962,0.17510095559302385,48.84094740136624,188.13161127413014,0.6401961409471567,7.638794636211743,3.3089330567856767,0.3947844340595332,1.3789016082433,2.1277671035792283,1.3950373524380515,0.5373831024505681,0.48516866875515824,0.9860095881599042,0.9203274653745659,-0.054006669243243856,0.49203901953937645,0.45823129101934856,6.910712875498779,0.03419523432732732,5.384074925747982,0.41697617161280315,0.07305713843248994,13.821425750997555,3.5064207187880196,2.736931923249354,6.217063207459073,785.1339734796525,0.08975011128025291,9.710333738311915,1484.3909465020577,2.911938941586282,51.73765432098765,45.70759030635574,2192.4063786008232,1.1211363766881306,0.02586910412158847,0.11095782829063185,6.848513611418465,0.0034440097215367557,1141.9836201694375,0.16162030556946883,3.1617743405253482,52.47678221959167,1.8562627880792422,93.8853666973322,0.04729058771277265,0.02614223421915163,3.7215241727302146,4847.034247979996,0.6848312055094876,0.8077011009109776,0.31812329070374334,0.8538909264177625,45.319200373348494,0.02252117706931294,92.75771971496437,0.11016356260684605,8.205104913648647,67.21377672209026,11976.88836104513,577147.5665083135,269.1486884555149,0.03334807212359737,339.75534441805223,0.40350991023521643,0.6598759335761296,44.20357875539004,0.022761379202245656,5.28954070660234,0.09625057155921353,11868.945638988722,8.93485664404899,0.0008250749812977636,100.9549850029046,0.028029702766507368,0.0766948353994322,0.6792088230417956,0.5379565952249873,25.614648176325904,47.61471167690248,49.648766349225625,48.754486972995615,45.5411901469428,54.88169093604897,17369.333333333332,32.340332277543375,0.45131947095063946,7186.578171454858,0.41375095022577296,17495.999999999996
IMG-E29DB0EB56,R1,dual-habitat,1,1,extractable,none,,1.828843903541565,2.958261823654175,51889.6332496719,2.916526154888714,0.5853371620178223,3.684004190709218,5.205586910247803,2.402355291140649,0.352681293800412,2.4008469581604004,0.8326493501663208,4.372937560081482,0.24132307511662202,2.444304960816176,0.1688781900248084,103779.26649934378,0.15769462035437856,0.20331579659909604,50.71472295577632,231.50294664085393,-0.98291454593067,8.376203372784277,4.208597809230274,0.33050206523812464,1.5708091853474178,2.274838740486996,1.7261574423746104,0.506772562540895,0.445981067078396,0.9875658396144757,0.9236770226464628,-0.03883415896746412,0.4280634293572091,0.4308689265720379,7.047835083371718,0.02874932740558233,5.622694489055153,0.3532798404289715,0.05908338139875643,14.095670166743435,3.5709388687571204,3.1462002955036374,6.140374720367554,887.6291306850892,0.10220254815026934,7.931973714432304,1369.5777777777778,3.3789476691560867,54.53644214162349,34.653195164075996,1732.8982153137595,0.8229997944304731,0.026055025753276805,0.14600943934697275,9.579036925661953,0.00521961938539732,1102.2994876141793,0.15115738976221024,3.635262901090841,55.25339694285154,1.6675221730558873,88.9556254090209,0.04239686047744784,0.02646972808531193,3.70377209798064,5329.966485292781,0.7300938693543363,0.8396439484522387,0.24606044535317817,0.8788873361551045,49.060341305219126,0.023568179140416288,121.19574468085106,0.10314531462200091,8.911837754640109,69.05021276595744,6149.100425531915,303202.18978723406,134.96160851625817,0.03775567535585027,489.27744680851066,0.41640633770937074,0.6710121872151714,47.95951893106317,0.02817352683514275,5.373092043542228,0.13529073114565343,6094.466310547759,7.730628459212233,0.000799665523814907,156.79141810516015,0.028775181888971463,0.10819719221451626,0.7327777974734849,0.6067666573382752,30.378647781591397,50.06644220507186,57.24508712544684,54.91812087098393,42.10700654285459,58.36094584565949,17192.583333333332,36.68757724636608,0.3662913157744389,8794.643931718916,0.511537083241451,17369.999999999996
IMG-A941D4B36D,R1,dual-habitat,1,1,extractable,none,,1.6206474304199219,2.849465179443359,36026.67830037415,2.991438738149303,0.63346266746521,3.0957414288234757,4.571810245513916,2.2362229535684484,0.3778070898929709,2.23431658744812,0.7484074234962463,3.8234028220176697,0.26350249132450543,2.286167104997077,0.11673880715156502,72053.35660074829,0.14667453419346593,0.22586693390432153,43.22189140188341,298.43155762389654,0.42830238766264117,9.962798514490185,4.100542358530509,0.4162960501429018,1.559745566664048,2.255327426625086,1.6479783569619748,0.5068858530163571,0.4463408990248745,0.9847623243052894,0.9158318860356744,-0.05653463453023538,0.5134031554145757,0.43426572410399794,6.461901705196973,0.025847322570557402,5.729577506011699,0.4788845000100148,0.05213373971042152,12.923803410393942,3.697907918481854,3.5158352182551735,6.228117279261326,728.4391411576962,0.1056780996892059,7.286618447757813,1011.0275641955607,3.7325168290771735,45.825184970259684,34.42840562889889,1480.310895110982,1.0536229330632192,0.03592568484749932,0.13043824545461233,6.851731196487459,0.006817676218441762,817.0218624420062,0.1414352950333141,3.9676513366309885,46.27185707864848,1.6761234510537524,75.544742147867,0.057897963098251015,0.03680709250004828,3.779167655370727,4206.076837445999,0.7270746758100569,0.8380854601658315,0.24851611788246586,0.8771633620483409,40.897671214733094,0.03291758426036861,76.71761658031087,0.09937515101076538,9.331035732502887,56.5699481865285,6568.7370466321245,276684.0738341969,177.8275846700471,0.059719703747661494,316.44559585492226,0.4099036215737335,0.6653440328619245,37.64134233490895,0.04185775001697691,5.381912703945879,0.11199767880458436,6489.014354412198,7.319074161539987,0.0010513935633357052,134.72203761821112,0.03525927554983517,0.11889199438832372,0.7736082735658777,0.5181771370392758,23.870280911913888,46.06587054053026,51.66236541235795,50.63595560468864,36.87817782917155,52.9716905525961,13688.249999999993,35.63693857916885,0.40245514373642677,6875.937615147988,0.502324081978923,13785.999999999998
IMG-3CB7278E69,R1,dual-habitat,1,1,extractable,none,,2.0365118026733398,3.145711135864258,172.38742968824403,2.653146738289451,0.6313666105270386,3.2261249120161044,3.9729866981506348,2.695772699687792,0.3896893499478951,2.731229782104492,1.9544994831085205,2.0184872150421143,0.268768196699941,2.7377190576498722,0.4156709730553167,344.774859376488,0.1720226843100189,0.2279151902372996,18.222596153846155,118.28310539896037,4.738506283426256,6.58204049556213,5.48125,0.1433593416215082,1.9966346153846155,1.7357295085437308,1.267550850591716,0.3945432692307692,0.31517120605638704,0.9411024627387166,0.827976230500269,-0.5164945463075163,0.9571264982787424,0.4785950854700855,4.235336538461539,0.08758505917159765,3.699535515440488,0.8431891564722004,0.12908653846153847,8.470673076923077,2.3295138085724245,3.015822623890533,2.892702173260187,16.391304347826086,0.7126654064272212,0.14366729678638943,3.9565217391304346,3.448015122873346,20.869565217391305,1.5217391304347827,33.91304347826087,0.18159957058507784,0.16073000536768653,0.8695652173913043,17.608695652173914,0.1555126140633387,3.876482213438735,0.17033932728210094,3.4790898545517037,20.822628458498023,1.0340909090909092,21.67490118577075,0.16346557361050115,0.16210193724686478,2.7011977878726965,22.272727272727273,0.9783057851239669,0.9891304347826086,0.01084710743801653,0.9914772727272727,20.609560276679844,0.1617610281559557,3.380952380952381,0.16099773242630386,3.7052154195011333,20.476190476190474,1.2857142857142858,27.61904761904762,0.18365667254556142,0.17222810111699002,17.38095238095238,0.8276643990929705,0.9285714285714286,18.69047619047619,0.16937095825984713,2.891851946382237,0.9130434782608695,0.08616780045351473,0.2264435695538058,0.1999420457838308,29.72157694962043,0.24414517019103193,3.9562674802949402,0.4375376411614894,0.12302985762966542,2.984031884349474,24.25453415813718,19.313207915827963,18.11077027627483,8.06225774829855,19.416487838947596,26.833333333333275,10.612271663022113,0.511612278112858,84.72135954999577,3.157317747204818,45.99999999999999
IMG-33B5BB86C8,R1,dual-habitat,1,1,extractable,none,,1.9541410326957702,3.14625084400177,8869.343704779552,2.989174863804914,0.5832644701004028,3.534773852893886,4.171384334564209,2.555109257196508,0.3722537184186204,2.5611894130706787,0.6230092644691467,3.5483750700950623,0.24845730519629564,2.6000327895416495,-0.09027758670186393,17738.6874095591,0.152556374553837,0.2315871904804423,76.72434520521402,287.4431886321615,-6.465050196891803,8.721598655653763,6.365807176260052,0.15652090169070165,1.9336480957034174,2.531055410176559,2.5951626950895754,0.4640323571343752,0.392735140521911,0.9741022240868433,0.8933158953198996,-0.04491721386286617,0.47983118300072786,0.38458141872400176,8.725509712712714,0.02542267723167179,5.840146873162809,0.30483749943858107,0.05658474754190328,17.45101942542543,3.5652135155585603,3.7718514579784537,5.615009440867087,205.09603658536585,0.1563231986168947,4.184021322873289,200.15396341463415,3.7644910023795357,80.8079268292683,15.875,1231.1326219512196,0.22844282648244768,0.01668650091747399,0.2761305675787425,23.657324280193926,0.005847740669833501,175.51494293965058,0.14746798412857232,3.949773202484472,81.11648071817089,1.335966062833644,107.28687495507641,0.02175936992815172,0.01691269955941233,3.487676649856505,990.4901040724458,0.830688066792429,0.906953564727955,0.11568996591807863,0.9286664943405358,75.57004216346591,0.015869811193534693,46.36666666666667,0.1103968253968254,6.585096371882085,85.58333333333333,89.11428571428571,6939.352380952381,1.2019797383139343,0.020656676869984396,158.25238095238095,0.37679138321995465,0.6370163866283207,55.80360484418996,0.014786866976993608,5.265830438444928,0.3201219512195122,79.35609977324265,1.3068692412288083,0.004768882139351389,134.8667277834518,0.05088261930466991,0.37113667337236655,0.806944414630303,0.5586455875134185,28.7746899767745,51.50795176751189,56.0802995712398,54.12023651093922,41.88078318274384,57.078892771321335,2392.416666666671,41.564053987840765,0.3293965239254394,2626.1709451569736,1.0977063409343282,2623.9999999999995
IMG-3913DEC6AF,R1,dual-habitat,1,1,extractable,none,,1.789385938644409,3.150169086456299,21866.775728195193,3.176355723804171,0.6945736408233643,4.789976431714169,6.121195316314697,2.4475754738867748,0.43029525933682966,2.4077041149139404,0.3837325870990753,5.737462729215622,0.2894883985245869,2.5106734236306902,0.6861682239550331,43733.55145639039,0.1342411696364979,0.31285533975338303,86.0317446841723,680.612886468661,20.876810639927108,12.000465104542236,7.061342511902923,0.25781779872644245,1.9979593963262974,2.591251762754946,3.0367518114457757,0.4602280222068003,0.3885171714779808,0.988336437488072,0.9270158279456672,-0.041183015742423563,0.46508834306676317,0.3805154539346466,9.208394035885032,0.02107192627271178,6.121069349729172,0.48892728648186407,0.04561273361559455,18.416788071770057,3.7898625546128692,4.7654519041112895,5.975324911090922,490.27471893917556,0.1413302735483354,5.138121355055081,465.68261746901123,5.1342220570600166,92.37272989334102,19.253098875756702,1566.9901989045834,0.26944692084072425,0.014097704515632865,0.2432408735310056,26.473307497120217,0.0037041908080543903,402.6898907447082,0.12983112325581955,5.412190096497919,93.51440448669715,1.3919290639007253,125.81936011300382,0.019587684831789482,0.014118517546921835,3.7384907487709547,2518.2239221970876,0.8106941496938647,0.8939619043395347,0.13704965315491668,0.9193071911288986,86.79283575108934,0.012996969140695381,84.87648970747563,0.09195719361589992,9.824438421511651,110.97616468039003,225.48320693391116,17874.924160346694,3.0024074212347953,0.015052806109706472,358.33694474539544,0.3882307093666256,0.6471646769637215,74.74893993196373,0.010343754069175985,5.578057000460612,0.26607091380801384,211.35766243431084,1.9479258059429558,0.0019785846574837287,303.1913522123337,0.03519829103913899,0.4391882425030008,0.7851465927364966,0.4405388156457634,21.47212022477015,48.74058644139056,47.70744176750625,46.647615158762406,40.607881008493905,48.84669896727926,6625.083333333354,38.26850537243648,0.282486664015907,6038.750292039582,0.9114980126599006,6938.000000000002
IMG-A135E42BD6,R1,dual-habitat,1,1,extractable,none,,1.9771091938018799,3.094985246658325,55441.550812213936,2.898324408314373,0.5637632608413696,3.3918965822452947,4.425606727600098,2.5474626056651357,0.34774911693072097,2.550896167755127,0.6805969476699829,3.7450097799301147,0.23712106039937478,2.585914892856648,0.06908226800247486,110883.10162442784,0.1602624361548004,0.19739010583560662,76.09572901259777,224.57754057759723,-3.391133546790507,8.049716092092954,4.3773231802061625,0.2937863176781694,1.5954351972494831,2.300091898901799,1.814249093286339,0.5048847393375173,0.44392438739395434,0.9838471038787837,0.9143593126358501,-0.036655905024925266,0.41400759767122286,0.42903651136398546,8.670424646619553,0.029439340135856015,5.614998654219562,0.3537558665283483,0.06340932174327264,17.3408492932391,3.5345819506581435,3.106759818074779,5.937253597346102,1011.7692678808346,0.12203223590409294,6.155772591196762,1328.7358581594501,3.2768767885788037,79.59630925099505,25.19298034012785,1911.4170787601013,0.37063872095195577,0.015453807077914493,0.18358501695296287,16.18110058057935,0.003124470886043453,1116.9783782268698,0.15471206379474844,3.4643355211065296,80.096094684686,1.5063188957157518,118.69897319063475,0.0230280915094063,0.01554598994055955,3.559178503153876,5607.479153221839,0.7753523316855845,0.8706475047085346,0.18249834420907435,0.9019882590482756,72.6163598820853,0.014084896533058593,178.57907845579078,0.1111949429986244,6.788185338604145,89.81818181818181,1011.3430884184309,76714.66562889166,13.75438500520668,0.017342580506492147,548.1307596513076,0.3413018428712999,0.6049088146864839,56.03925416709776,0.010859733248306077,5.611299982732457,0.1937040164033289,984.6915214427836,6.478519857104516,0.0008506977849057815,129.20057801698658,0.031421458967660215,0.08245628146326889,0.739635223278673,0.7296358448431786,40.95999565735406,56.137586916604455,63.5609943282828,57.271284253105414,62.03224967708328,66.12866246946174,16001.25,41.52133663338865,0.21308570184512438,14411.164941941213,0.9006274473520015,16581.999999999996
IMG-5CB53C5107,R1,dual-habitat,1,1,extractable,none,,1.8124648332595825,3.2019639015197754,2702.4354334454083,3.1709681677757233,0.6764748096466064,4.316584578969777,4.665441989898682,2.467102326293456,0.4375903407141893,2.4089012145996094,0.6553490161895752,4.0100929737091064,0.28626743955232375,2.533591628548369,0.6386543668053113,5404.870866890817,0.13690398948324597,0.33249265184779364,68.84495303918007,464.1437247972889,20.539176792782015,11.355398634419934,6.332962503803225,0.2848231496833767,1.9093325871878453,2.484558828522373,2.6296676209159293,0.46725935918802475,0.3965344848139874,0.9797737869174402,0.9051981908312332,-0.10185504692035795,0.6750964300563325,0.3873814147988786,8.22051745536752,0.02493982172179715,5.767757444570832,0.48241409965056814,0.05634823581098604,16.441034910735034,3.6908482409812433,4.422090284555791,5.731521740429565,64.08313539192399,0.15221647361502136,4.111610744692255,57.63657957244656,5.3431203841097705,76.48693586698337,16.18764845605701,1054.3634204275534,0.29437979123243657,0.01995719061555216,0.27386169326532406,26.14860727010519,0.006779820012539532,50.60143392514428,0.1327940969240671,5.608997506411321,77.58794383488251,1.3448112844334097,100.35003686047779,0.02636342065345135,0.020164285043401602,3.664241892658304,315.77569749687603,0.8266999083810602,0.9048054083683538,0.11739294889262235,0.9265043386293014,72.70437966493824,0.018836159236380004,12.507692307692308,0.0962130177514793,9.394615384615385,95.88461538461539,63.5,3839.5307692307692,1.1603651743624743,0.02396976411126913,52.09230769230769,0.40071005917159763,0.6564787388172624,67.89857998232011,0.017722011021964326,5.076504475288153,0.3087885985748218,53.012366863905335,0.42749978104606284,0.01553060757015002,158.6845916688543,0.06763256471072986,1.4309147666161712,0.6281663335080806,0.45808355455701455,9.64545082913184,21.056094970402036,26.476404589747453,27.202941017470888,20.615528128088304,29.546573405388315,780.0833333333334,13.226729975555383,0.48296470234598493,848.5212686366971,1.0877315696656729,842.0
IMG-130301C807,R1,dual-habitat,1,1,extractable,none,,1.5458564162254333,3.2024794816970825,13392.33127683447,3.4703676840011983,0.8240587711334229,6.64458049438676,6.589658737182617,2.359853644193255,0.5466067122053192,2.2519153356552124,0.5656653642654419,6.023993372917175,0.34768782981402035,2.4751584899243313,1.3784638673986478,26784.66255366893,0.11244558024993115,0.5575003282323115,61.72710787414523,2720.739897199895,104.15390075422715,21.182208127310147,13.272314342096376,0.22624272572911502,2.5918101460402094,2.9350744319281317,6.445109307711276,0.41949227100137276,0.34209696089636715,0.9809197725676149,0.9128172970189058,-0.06581677788005422,0.5961702812172491,0.3405949584761095,7.729030311026985,0.014763130324210724,6.650419244475634,0.39946456418411064,0.03245429656439557,15.458060622053976,4.121295022152895,8.61363061735163,5.898808568479548,419.8737419945105,0.19207398993344488,3.5332578857890473,245.8060384263495,9.038859112592903,72.68801463860933,11.992680695333943,636.1408966148216,0.31759840083941404,0.02486169448139143,0.3532756998871852,33.29198901995843,0.008984113921513215,223.4314654904711,0.11026610627761811,9.363420687814113,74.12763226504639,1.2637202920373203,88.47762516203605,0.03161892833752136,0.024785255493766676,3.8783257635724055,1762.7759960060425,0.8682679669078238,0.9265958195509889,0.09419824552290032,0.9453336286189542,71.09935118494353,0.02338253762134008,76.50055493895671,0.08490627629184985,13.760687656211314,92.2630410654828,27.112097669256382,1388.50166481687,0.6607161846221857,0.025017834814460498,378.7558268590455,0.420372726813591,0.6734526601759239,68.61941824169213,0.017467756093836488,5.5723278194703445,0.41216834400731933,21.22568461975287,1.3904640624155442,0.0030752891150124875,493.9386846053877,0.05982601226908752,0.946943496847504,0.8609476124727791,0.7331845567571289,39.24858939681588,53.53166407433916,54.08326913195984,60.827625302982185,54.744862772683966,61.64414002968975,3999.750000000036,46.08795837649714,0.24301064856498403,5014.3431540049205,1.2536641425101258,4371.999999999999
IMG-343B9B81CF,R1,dual-habitat,1,1,extractable,none,,1.7325617671012878,3.0701367855072026,7085.4492366352715,3.143578901566841,0.6991724669933319,3.38477749994316,4.374334335327148,2.3695053314665953,0.4245173554008206,2.330062985420227,0.8570226430892944,3.517311692237854,0.29008909639203917,2.4299261368464253,0.4074031340574436,14170.898473270541,0.13469027777777778,0.28998551468077377,49.70927718652521,491.3265025313891,19.267098454580363,11.880189883333912,5.865167392496455,0.3356345705066921,1.8906522571330628,2.4669121650788406,2.2590658036365543,0.4619371471822242,0.38898805921052354,0.9758528594280776,0.8947481315395327,-0.06347683591986754,0.5597206665005224,0.385720477529908,6.942780130105232,0.02185744706326078,5.983026191660787,0.39904573773589996,0.04358792647286074,13.885560260210461,3.773367013244034,4.436339318957592,5.755050684058965,192.72333333333333,0.1606027777777778,3.5739888888888895,161.62833333333333,4.760863888888889,54.15833333333333,15.156666666666666,743.0416666666666,0.39911185231291363,0.030401620587316665,0.2621089634307324,16.301013573456814,0.009429866868728721,143.13952583632246,0.1314072085265946,4.961315704788701,54.63670681898154,1.3333157150084451,71.22388792107698,0.03960997533239808,0.030773619110704746,3.6355478388117204,908.0181913364415,0.8321393872974532,0.9075641025641025,0.11524864076572633,0.9293209389340412,51.155247509391344,0.028856462494654504,34.99449035812672,0.09640355470558326,8.28099173553719,62.50413223140496,47.10192837465565,2319.64738292011,1.1485980457067375,0.03667148233513858,130.168044077135,0.3585896531050551,0.6220473182727355,40.83719450313588,0.023743706576668168,5.54551797720223,0.3025,36.173713088814516,1.541905031472378,0.005669294326781057,125.5036256033896,0.06148598899307639,0.44930943829463293,0.7524653842169851,0.5791428044489106,21.629471644018757,37.34738906857439,37.48332962798262,31.240998703626616,32.695565448543626,39.496835316262995,2224.750000000001,28.102617464986057,0.33732071783635104,2443.2163100821476,1.0981981391536786,2399.9999999999995
IMG-096EE47041,R1,dual-habitat,1,1,extractable,none,,1.6986298561096191,2.9474862813949585,46570.55269121971,3.032085930118446,0.6510773301124573,3.304083667283239,4.914067268371582,2.3062610024339034,0.38946848598942585,2.28570020198822,0.7763898968696594,4.137677371501923,0.27103165439249655,2.3579650394808667,0.2931303580335925,93141.10538243942,0.1431723729234115,0.24115931606657215,46.14361563269672,326.4471992010089,7.6342748415201305,10.433107891160441,4.428348815203523,0.40301642726421816,1.604947513069384,2.304161351643675,1.8276739228176582,0.503507907985187,0.4419767317213092,0.9854520416613899,0.9183155502347058,-0.053958331785885966,0.5015906791790801,0.4264295582104579,6.68144468988919,0.024919881222770134,5.802599704970384,0.4181930405198605,0.05116201518316265,13.36288937977838,3.725990092529254,3.715364176590991,6.274248130792346,857.5155205348615,0.10237768869804936,8.028363660579323,1199.2117956064947,3.9775103190860506,49.767550143266476,35.00978987583572,1518.083452722063,1.023379099294099,0.03205270930506157,0.1386658210067812,8.40851427223469,0.006704298823203962,967.9028774301255,0.1377817214138018,4.248370267704288,50.704860437488,1.6743737414403386,80.70334522508625,0.05221706837705699,0.0326296676657828,3.818950764795888,5127.804065898599,0.7286783519742048,0.8386782749246933,0.24774928883832195,0.8779317503298656,45.15356184381908,0.02907683534474093,101.04541326067212,0.09177603384257231,9.793796573340561,63.83832879200727,5355.148047229791,233189.32879200726,135.05846002004765,0.05237180219883993,400.49500454132607,0.3637556807823125,0.6240724613004605,40.994747098899346,0.037962815367465784,5.638283280038508,0.13144699140401145,5297.272021719169,7.81463153369606,0.0008836703373767301,156.58678800343412,0.03409077472709304,0.1147954895261042,0.8158679780241394,0.748642942438233,33.09943238291889,44.212575189874,44.94441010848846,52.80151512977634,43.86342439892262,56.089214649520635,16579.166666666668,36.07162432340274,0.3684843302001143,8533.101245231954,0.5146881876993387,16752.0
IMG-CCB5481F08,R1,dual-habitat,1,1,extractable,none,,1.6614959716796875,2.983501505851746,71259.53694636608,3.1212645001598704,0.6924202740192413,3.510433041172958,5.628169536590576,2.319801191725428,0.41298329969851644,2.311297297477722,0.6725751161575317,4.955594420433044,0.28618318654992425,2.3781334708689394,0.24854538538261597,142519.07389273215,0.13525415721844297,0.2740412361364335,61.00091037347478,445.6582176081923,3.2899562361431567,11.838265790852713,4.4019692922042655,0.4559199963135345,1.6070311282527805,2.300160505076286,1.7978379920273622,0.5017524207404169,0.4398256057404581,0.9903557382336621,0.9320446063060557,-0.06595418606042544,0.558257630008189,0.42728193050792,7.690275749165331,0.023347848739120842,5.899040151162334,0.4760978401561584,0.05067991360823603,15.380551498330664,3.821198330407569,4.060058770764244,6.283427060059067,1403.8522222222223,0.1114168430335097,6.847646157722348,1704.202380952381,4.495355498866213,65.75579365079365,30.15968253968254,1770.8953174603175,0.6414792149031142,0.02184902025018585,0.15239328622819906,12.089695193758994,0.0038468768378389514,1408.0568676353432,0.13103985486643735,4.747258164722497,66.74114900862,1.5966827211362822,102.39520851008085,0.03460818016928797,0.021958286712559418,3.8506057930492124,8053.510106340169,0.748039881106348,0.8527594627594628,0.2163236806784489,0.8880830372203714,59.97074466233102,0.019580074962086913,177.03106588109267,0.09482113866153866,9.584346738908721,85.36850562399572,5760.032137118372,334906.9678628816,107.508553626599,0.02560534195243139,673.0471344402786,0.36049659048756216,0.6224965786450014,53.79084426177759,0.01727388662355169,5.732720389217459,0.14817460317460318,5714.48590508218,7.68548499555922,0.0006202258353983735,221.40770591932397,0.027132223397815246,0.12777987431375312,0.853410564917539,0.7761424043086897,39.78381230122673,51.25839289332759,65.45991139621256,74.4043009509531,46.486557196677836,74.41102068914255,24720.0,43.74445403585987,0.25695687334303874,15970.659959713064,0.6460622961048974,25200.0
IMG-F4172CA658,R1,dual-habitat,1,1,extractable,none,,1.662698006629944,2.8812254905700683,21961.167349813568,3.0248721282934916,0.635217547416687,4.0765851304013125,4.923480033874512,2.282996369922019,0.38522912597805165,2.269297957420349,0.940570592880249,3.9829094409942627,0.26301665950368625,2.336139242019782,0.4609407506599718,43922.33469962713,0.14558140718314366,0.24547413302764826,45.105705596482935,403.4813231429511,3.9807526786840137,11.197789135869549,4.141872546698467,0.4597814265622728,1.5230300740255918,2.2540475426292934,1.8034738281743876,0.517739937538039,0.46106261625148154,0.9864566977115754,0.9222712792767445,-0.07860452538133975,0.6008899116362442,0.44455421968635567,6.583197850199827,0.025860787853967702,5.755207548965386,0.509287034087283,0.05425000397208924,13.166395700399654,3.771591858961342,3.8349154206420044,6.317217098002817,410.11978131212726,0.10191843471971353,8.14574950891075,585.8195825049702,4.0411694223328025,48.62599403578529,35.69781312127237,1550.8978628230616,1.126419765130816,0.03198723261068023,0.14137978567215626,8.896428846234636,0.005028990611718736,475.08632016807945,0.14112544960693896,4.288782031352114,49.509349365287335,1.686580603905135,79.70199717396032,0.053624206866250614,0.03206896106891304,3.8127586649278857,2446.7307781159025,0.7253262499136383,0.8365766936840496,0.25204398572884884,0.8760788482810149,44.006671806631935,0.028138759342648204,48.507751937984494,0.09400727119764438,9.724746109007873,68.38372093023256,3130.1046511627906,135167.65697674418,82.42478561374834,0.03741596487205023,219.20542635658916,0.4248167177453278,0.6776603299397096,47.928490793849356,0.0260968022417694,5.356239437184244,0.12823061630218688,3069.2888348056003,3.6226370622367328,0.0019200200339639397,146.2054222375231,0.03262005643634177,0.2573516097002701,0.7127219231810249,0.5774316525904934,20.640606487081502,35.74554043666105,41.2310562561766,38.83297567789519,31.400636936215164,41.533119314590365,7975.166666666667,25.476630325162155,0.4353383709886397,4434.217808932852,0.5560031525693738,8047.999999999999
IMG-CB92CEEA29,R1,dual-habitat,1,1,extractable,none,,1.5625388622283936,3.3289036750793457,16847.81045328697,3.5541343386553144,0.8771985173225403,4.274406302630974,6.208076477050781,2.443261207029977,0.5581670698974812,2.4022417068481445,0.13116414844989777,6.0769123286008835,0.370717612828573,2.5499873584181216,0.5983350762025585,33695.620906573924,0.1031386888169883,0.5329102023146511,104.18047002985408,1299.0944529020624,12.78404193893145,18.906366731086884,11.867805835828618,0.22697062007311575,2.524705049821241,2.9013747221760795,5.435177726955849,0.41785730604656196,0.3388811223405597,0.9825547985240308,0.9141295730391317,-0.05792564820603814,0.5707500609225854,0.3382094004138466,10.119139102262254,0.01350820069026501,6.7455170153462225,0.3779142833574979,0.03244769879161094,20.23827820452451,4.126638456650362,7.693543141728876,5.993138924351743,493.8267078348128,0.19059309449433146,3.319428756222181,267.23234272481665,8.64266697610304,115.31146275569279,11.65148591277499,1193.587803936704,0.1392894276344947,0.012791222378555163,0.36168972439637387,49.23910802365466,0.004846669380555438,242.307230942117,0.10081287595400809,8.962821990820311,116.40743928976102,1.2559400816262767,142.3629243502492,0.01595369675807535,0.012839780787537317,3.961368157881725,2087.506633970948,0.8671433667140749,0.9274411424160557,0.08954723540479861,0.9451870230484329,110.83964312032518,0.012171190601000479,86.08639705882354,0.07912352670847751,12.929646105914792,133.10202205882354,23.605698529411764,2438.1194852941176,0.2690635443497379,0.013290437093001413,476.3290441176471,0.43780243025519033,0.6882501277111845,98.85035228403481,0.009379544271478359,5.620590378895613,0.41991509069857197,17.93447147356185,1.2014942873923045,0.0027002055140842502,476.2234058069602,0.05927116783778096,0.6113004725866774,0.8020808419665993,0.5901326545003922,36.52643559945856,61.895296457339626,59.80802621722272,66.48308055437863,59.46427498927401,69.9785681476836,4716.416666666658,49.645031496275244,0.231990642393697,5862.575300171768,1.2430147110635077,5181.999999999998
IMG-CF16F87B5B,R1,dual-habitat,1,1,extractable,none,,1.61588397026062,2.6459412574768066,55823.90854411936,2.772506393650509,0.5335795879364014,3.7475648714373824,4.622040271759033,2.120690373217666,0.3217270834066263,2.1029410362243652,0.8520141243934631,3.77002614736557,0.2213117325512019,2.1600000879130348,0.3926883445207414,111647.81708823868,0.1736559672495119,0.16827272072623453,37.0349687159373,190.99443018931822,4.9357885473247185,7.395769379719027,3.185610188738024,0.3973526986565142,1.359615984794774,2.105429475675184,1.3242349315192472,0.5396574938816767,0.4875517388936389,0.9880565296253222,0.9255541543113418,-0.052864627801461235,0.4835355036366021,0.4575087492458381,5.9985297973354985,0.035226308931926784,5.326223373824714,0.4071421397779397,0.07151030365153693,11.997059594670995,3.4784943450136256,2.645344892114262,6.214696850900768,1062.0305056414543,0.08876142963990424,9.981914418516604,2077.7936481404095,2.8003921872001305,39.053572921019644,50.04504805683243,1798.0167154199748,1.7085940632533843,0.03730836167909788,0.09347365775838574,4.542651609131931,0.005053417155943925,1568.3456198254758,0.16487852360027005,3.066729125797873,39.71330624234099,1.9391985238267408,73.83034505297852,0.07040233361731932,0.03801696159467401,3.735843802657667,6360.17233248223,0.6675116265207482,0.7950175190459352,0.35162994676603443,0.843909880482349,33.97574260357705,0.032598586659624805,101.65638766519824,0.1119563740806148,9.311129412563801,54.48788546255506,23224.5936123348,817976.550660793,736.5511763685449,0.0605693856383607,354.88546255506606,0.3908430204350948,0.6487689908968255,35.359113453577464,0.044237303473223494,5.351355210493601,0.07588800668616799,23050.952040355915,12.846433963213052,0.0006026365729683063,122.86020060929394,0.022847657875949605,0.08248516297093898,0.6102312481704524,0.5749998330276976,28.66350500158788,49.84958839145813,56.0446250768082,56.0446250768082,37.65634076752546,56.85947590331799,23893.749999999996,30.41977654490279,0.5229365521275204,7671.695126060932,0.3210753910985481,23929.999999999993
IMG-2AEC2AD4B0,R1,dual-habitat,1,1,extractable,none,,2.0350973129272463,3.2453515052795407,2270.0764544949766,3.0313549448561914,0.5706727504730225,4.5938995817889605,4.197971820831299,2.657211653237204,0.39778850597489823,2.738093852996826,0.5302256345748901,3.6677461862564087,0.24874383126236196,2.7104475170536304,-0.6687173401750272,4540.152908989952,0.15916255590117406,0.28575197260259605,85.74382198811858,449.0332821565141,-25.65931577752048,9.039513183018283,5.9160816142193715,0.2009734263205732,1.8347917314138955,2.416736283718026,2.507377800867274,0.47596273114364135,0.40879149133572146,0.9760411401039998,0.8982945052883786,-0.1425790556187667,0.7360566437191454,0.40689155805862887,9.21692665323188,0.037714773526640925,5.274651853311121,0.5728354091960123,0.09588269938571298,18.433853306463764,3.408695970884184,3.738898699309414,5.211983834521256,60.50809061488673,0.19581906347859784,4.281396298740064,49.18122977346278,4.638221216786585,88.87378640776699,12.935275080906148,1187.915857605178,0.159411392079465,0.01898002050823407,0.3913371366428639,33.90085057730402,0.010750238834730513,43.24857996925403,0.1511830975070073,4.876999674643984,88.6703614565293,1.2681681082579968,113.27036634710541,0.022793743598240653,0.019521600031894328,3.432981598549428,248.43845874243368,0.8675692959741466,0.9253174010455564,0.09704841267901067,0.9452159116983524,83.69585360714952,0.01883350862721469,14.66906474820144,0.10553283991511826,7.5281817711298595,87.36690647482014,26.35251798561151,2396.2302158273383,0.31826920467198205,0.026185671583870508,68.66906474820144,0.4940220485482118,0.7274926607929892,62.702473222330035,0.02182949177701466,4.675400138607452,0.44983818770226536,21.410693028311165,0.28137923497029416,0.020625085622346963,127.30832264053912,0.06124559116501186,1.7290842781827833,0.7113108713547652,0.40429299610804326,16.765836761881012,41.46952067752495,36.99999999999999,32.0624390837628,38.20994634908559,45.96737973824481,502.16666666666725,29.497720887794724,0.3568804359339565,856.1042202440918,1.7048208833270975,617.9999999999999
IMG-FC5D879142,R1,dual-habitat,1,1,extractable,none,,1.5611660480499268,3.079238772392273,14566.539051674852,3.3813870594939472,0.7906317412853241,3.852890081765139,4.931386470794678,2.346887812335633,0.48583904290707747,2.3634382486343384,-0.10438358038663864,5.035770051181316,0.3258344771376961,2.430421803434422,0.06224014877425836,29133.078103349704,0.11679752994331999,0.3990677389198941,115.33612137544634,1065.11589308668,-10.07377906125273,17.36152247992262,6.855112015700879,0.4321746439839398,1.9484112638744269,2.5634663378115006,3.0254706556465747,0.46797838198011465,0.39883279624092566,0.9854430159881621,0.9199283614301674,-0.08913627973223963,0.6616903410711326,0.3907695148393448,10.616034166711255,0.01740441514381756,6.354220738377137,0.5669556055867095,0.037654323940745985,21.23206833342251,4.06743037458874,6.054158623905874,6.1409016842528406,369.6715328467153,0.1499073531414093,5.535984276673711,288.0227088402271,6.570104105206314,126.1646390916464,18.206812652068127,1937.9902676399026,0.2057600279134434,0.011247844405230457,0.2833555025852034,41.94962273468689,0.0036282284579738865,256.05716531951316,0.11515333051258157,6.782972037221987,127.88414136136254,1.3684570200511788,168.40461878496646,0.015323930614006463,0.011283754206195788,3.888074536052502,1840.1961411857758,0.8258160121619612,0.9015534344001497,0.13295213687248125,0.9261309580361801,119.64307200645918,0.010481968032297574,77.12967581047381,0.09617166559909453,9.509301870013246,147.90897755610973,62.254364089775564,6236.01246882793,0.7098319856991671,0.01243596187899928,317.4937655860349,0.3958775131995448,0.6536024208413183,102.15781881613718,0.00885172022571737,5.528021128407971,0.32522303325223034,52.79988930417099,1.1062657587095754,0.003103535789928776,264.8647918280754,0.04435892475227014,0.5194247588241441,0.7592784443693634,0.552373187608062,34.035707004460725,61.61723227705046,54.48853090330111,54.91812087098393,45.27692569068709,58.7962583843564,4539.75,46.7846362696646,0.26524972718752526,4998.62400092969,1.1010791345183524,4932.0
IMG-DB2D19C43A,R1,dual-habitat,1,1,extractable,none,,1.6139732360839845,2.8893417358398437,38309.084646923104,3.08261584311158,0.6560471057891846,3.555955681049354,4.529129981994629,2.251214231012527,0.40007492790298665,2.229292869567871,0.7573437690734863,3.7717862129211426,0.2732168612303419,2.3085902297816476,0.36958629363232354,76618.1692938462,0.14061353724704717,0.2616233351299586,43.430106416621854,378.98541001354755,7.535092427261277,10.407911759034588,5.516978750911099,0.30592255346467795,1.7848670604246601,2.4443279291902105,2.3081415702683548,0.48186774877882804,0.4151417444612878,0.9799784811017171,0.9057608652460816,-0.0348332316041953,0.41296640226474285,0.40505659299595476,6.496702104709191,0.02364438768831069,5.945368950019016,0.3243191529958197,0.05139617910419478,12.993404209418385,3.720232977837884,3.9812226274864226,6.231286322846606,766.0898720089037,0.10657900278365383,7.648157799634523,1010.7301057317752,4.315560463104123,47.19546466332777,31.93544796883695,1337.2244017807457,0.987228924968026,0.03697270617156238,0.15625325312011276,9.445938585880445,0.008466678153243312,819.2444031755551,0.13425772891994997,4.645499183656411,48.02012308841317,1.6185664681251288,74.23370005158718,0.057441964748241134,0.037911831883432515,3.8335348360961783,4548.216966226934,0.7443962836253532,0.8489148580968279,0.22743320152758734,0.8863093048189511,43.150686712557814,0.03428116175804196,96.10881801125704,0.0901583658642186,10.754911313004023,64.0750469043152,4154.771106941838,178596.61257035646,107.11480122507425,0.05886328333127532,414.63977485928706,0.3889678938642468,0.6472537771011078,43.80259818247956,0.04190368300596815,5.568195375120975,0.14830272676683362,4109.303538679779,8.24446709276875,0.000973483254013696,148.8812680221668,0.047311490454316533,0.09940449645381833,0.8884632998014527,0.5307481889614558,20.765020335324397,39.12405311444671,43.6806593356831,45.31004303683676,41.593268686170845,45.61797891182817,14305.583333333323,34.760285331668626,0.44430421853616764,6414.173976329602,0.4483685723869776,14375.999999999996
IMG-0C0EF7B130,R1,dual-habitat,1,1,extractable,none,,1.9828226566314697,2.962471914291382,13852.580244027198,2.7215647116119372,0.5150430202484131,4.633148724007776,5.236044406890869,2.473899308890847,0.30820152978829,2.4766387939453125,1.174025058746338,4.062019348144531,0.2125225799493871,2.5053255686268048,0.2246012393152232,27705.160488054396,0.1804537566243585,0.15647841428461295,41.208455053896756,138.07063164696066,0.5152924692786732,6.234415341211712,3.2937531925118666,0.3060999272475802,1.3579950130704832,2.119063593188574,1.4377617462513892,0.5437340433856084,0.49298971770462546,0.9902367179299856,0.9332154296330881,-0.04763128112310079,0.45409871269116747,0.4580846097360091,6.3618099289844245,0.03817297542839301,5.188466018240541,0.35923172888523236,0.07532065290251919,12.723619857968847,3.3487664402483848,2.382042133430895,5.998532612878152,224.1671952877209,0.1015709992241599,9.64985323913757,398.26144086995924,2.6371854270169326,44.13366560942456,35.80471227911192,1490.2224739465337,0.9958140315041514,0.03177412030061561,0.15887266610303616,8.26110503525378,0.006527841352597151,321.4997019031128,0.17303219335386993,2.8516147138085612,44.56581497277052,1.6668525513828856,72.51332262671934,0.05119403827517504,0.0323929329356161,3.4937643073990747,1369.83028582834,0.7352364634943721,0.8417622250880067,0.24781793488746212,0.8809488446811138,39.58895625406039,0.028949879987348683,40.48587570621469,0.1143668805260302,6.738333492929874,52.663841807909606,1227.0254237288136,50092.59604519774,32.557930737776545,0.04404373274959139,128.909604519774,0.36415142519710175,0.6259887339638491,35.45127571960103,0.02905043387616621,5.278931726915139,0.16039873130946986,1188.156891378595,2.484746141304387,0.003107053191492122,112.25747235074012,0.02584941981201695,0.36657589209035485,0.7180296682953756,0.5717147040220724,21.60408499728134,37.788226969315915,42.37924020083418,41.23105625617661,30.610455730027933,43.01162633521314,4271.0,27.133068076248275,0.3545094551544079,3590.9499274403765,0.8407749771576625,4414.0
IMG-2E35DB7124,R1,dual-habitat,1,1,extractable,none,,1.2534512519836425,2.5244897842407226,79282.11526683228,3.0350574822856964,0.677075982093811,3.7495461632702414,4.948772430419922,1.8467880528031437,0.4007455443626056,1.782404899597168,0.23131133615970612,4.717461094260216,0.2792968773618943,1.9146503445702374,0.6550817557190304,158564.23053366452,0.14346375234522693,0.2552598299865023,64.29194340158556,501.88823807768654,23.654900164343466,12.497545149563337,3.047359302420301,0.6071531242243766,1.2998361034715673,2.0758133245604498,1.344993134258806,0.5540967690297234,0.5063830396687373,0.9926123203833741,0.9416216561541988,-0.12078418452031975,0.7078228370473449,0.4668391061168826,7.869492726960109,0.029462659520553047,5.6047762073645195,0.6246354705455913,0.0664125120495824,15.738985453920218,3.822257495424176,3.8862261129959093,6.637308834905759,1745.649650899339,0.08071621819481846,12.107818958690334,3102.690571970222,4.210753706355998,66.98561982706802,58.12008137975678,3408.4562814999767,1.1721937787217804,0.019601094191809543,0.08957309997975099,7.846276874573177,0.0018088997010047019,2292.0615748635532,0.1362843886965717,4.586561935000893,68.76416553429029,2.076489541940895,133.34354860147593,0.04104258067803,0.019515072106753753,4.06102014794235,10912.896088738147,0.6476821184839222,0.7775679261322208,0.4151315221183927,0.8321683253830395,58.40527858428395,0.016190580238640163,130.71318822023048,0.08368321909105664,11.687855862915825,95.46542893725993,34203.38860435339,1974851.480153649,656.5207768441591,0.02123064441097507,650.1638924455826,0.41623808735312584,0.670022882887372,66.42941853262852,0.014143213986885826,5.608661411541989,0.0722245341471309,34011.684901575674,12.876702843356531,0.0003972305654854427,161.0573220661166,0.023211650395841284,0.0740809176552263,0.5429796560650153,0.4130379124586426,29.671828200756767,71.83802577379093,73.8173421358423,71.30918594402827,44.10215414239989,74.06078584514209,43185.66666666665,39.00658652704271,0.4809437564492603,12377.024544896227,0.2866002889437753,43253.99999999999
IMG-037489B4CD,R1,dual-habitat,1,1,extractable,none,,1.8543037176132202,2.983436298370361,78701.3106695927,2.913684394372608,0.5811877250671387,3.7389593083627584,5.234006881713867,2.3986582639061824,0.3536103947431709,2.37394380569458,0.431499719619751,4.802507162094116,0.2429000535085463,2.440656720596398,0.3224790335429243,157402.62133918537,0.1581842885608722,0.20324376078694223,82.9484013098862,229.1046952301813,5.435826356744505,8.268503888026137,4.2931595567195595,0.31525368630210227,1.560798909744856,2.2887111782685423,1.8389795203751054,0.5129280123480189,0.4540602190501585,0.990612058074713,0.9340087053238615,-0.036988359564635157,0.4123161991003859,0.4321872939750797,9.052828608884996,0.029594246530056566,5.613516063866248,0.3361502614401898,0.06094745912871546,18.10565721776999,3.558448733725827,3.140415861186424,6.20552148004579,1271.2117771722676,0.09621645301031392,9.23894556724137,2089.930820466243,3.394392216215701,86.94550408719346,39.467302452316076,3137.4324856191342,0.5400405272291301,0.013802534151195043,0.13078726468102195,13.404641107742874,0.00199757202746746,1642.3306370871458,0.15030447424233404,3.68889833073713,88.1168289262571,1.7442983285703746,148.33655296572684,0.023973785668796356,0.013848515909855343,3.754021559346811,7799.623669413014,0.7126516853581291,0.8269987656908638,0.27717836912238275,0.8693132997515834,77.40461145680304,0.01207616786151573,158.12921705919797,0.10065513498357605,9.393341520663554,105.99809038828772,11850.198599618077,931421.5595162316,157.34435828697127,0.016011133990562046,617.0216422660726,0.3927572516015739,0.651307993360813,72.5906166780209,0.010612472373154444,5.511805385869695,0.11890705419315774,11779.47167733437,7.143704753274271,0.0005403431311757534,216.5214706235814,0.020429137517503353,0.10766177994962609,0.8773298900517725,0.599547706964584,30.085129391427614,50.179708873784044,50.99019513592785,56.85068161420758,46.52956049652736,57.28001396647874,26306.91666666666,44.02415846906691,0.3525229764331727,12134.167776700908,0.4612538949528829,26423.999999999996
IMG-E350B9069A,R1,dual-habitat,1,1,extractable,none,,1.4064762592315674,3.113846778869629,37375.487937263286,3.4719410424672965,0.8964824676513672,4.877971588585172,7.224947929382324,2.2339131492740187,0.5416164159410382,2.1809215545654297,0.3852592408657074,6.839688688516617,0.3749771137423885,2.3391134861789658,0.7795238278855462,74750.97587452656,0.10611327140831382,0.4810839427249498,69.76627100316867,1769.9748104976873,59.48370931273056,20.734069460738667,7.617660224193147,0.4590261519451265,2.025993874773613,2.6229055532075165,3.4707929619076916,0.4621451113062814,0.39178221573673155,0.9913667029146188,0.9378034707107393,-0.07279766315752624,0.6058902818929108,0.3826272026095887,8.153104271460652,0.015293995102589629,6.547773824447093,0.5165681699024594,0.03134136396931682,16.306208542921297,4.177625993680735,7.087932421232954,6.477692579890586,865.0843214756259,0.12664094883261978,6.273444742992138,724.8597569901917,7.825173933338122,79.78553652466697,23.365393061045236,1482.7704582052409,0.5006275091329876,0.020212240887129904,0.21504961585444765,22.594945198666583,0.004205412329953844,621.7785917352727,0.10349772898188234,8.180354279365902,81.6509582257798,1.4646771698083039,112.14741819307378,0.02989144727253856,0.020094393335487588,4.089224847581046,4754.046212066378,0.79023782217475,0.8794522707566187,0.1684187987646177,0.9094436263538882,75.57715500697154,0.01818954220186824,128.28669581511556,0.08012910419432577,12.88057627942561,109.54840724547158,638.8513429106808,32325.359775140536,14.435953423881625,0.01913801294296336,588.4266083697689,0.36753691965632035,0.6293155259121452,73.01722728288873,0.012333164033479704,5.923746257567518,0.2343727126335822,620.6465431310304,2.935631329713022,0.0011731691620040967,506.7844578573475,0.03498135796999409,0.49060188779565833,0.5127801089225155,0.4056388662399195,29.089190133893275,71.71203884759937,66.21933252457322,65.30696746902278,44.147480109288225,71.14070564732964,13183.083333333327,36.772507091327675,0.26886401027464685,10037.589960565705,0.7613992650100098,13661.999999999998
IMG-DDFA8F1560,R1,dual-habitat,1,1,extractable,none,,1.811002254486084,2.8983840942382812,49255.634037336655,2.880122997237109,0.5526478290557861,3.673818935668407,4.395130157470703,2.3734537200410895,0.341602779043691,2.384002685546875,0.7256754040718079,3.6694547533988953,0.2291845628443818,2.414203671566872,-0.042859862982196024,98511.26807467328,0.16484550185460112,0.19509680663007842,63.97212815096183,242.44880778356807,-6.528880915898148,8.276043025769837,3.714000970265354,0.37959690101741267,1.4646206521706469,2.1992750330079343,1.5542106511260345,0.5240685427193902,0.46823281638734826,0.9861804168862054,0.9205680835519173,-0.049627195837614435,0.4768644382190438,0.4465092557050697,7.926573292262936,0.03254956715987996,5.507331065824389,0.413804918826182,0.06897589523502615,15.853146584525872,3.548424556044606,2.9975109990087976,6.188115637204913,801.2129925452609,0.09480688587685018,9.084625646748282,1393.109336173234,3.2417569002013895,67.91563128623831,40.7280795172169,2607.3885930659094,0.726320680188243,0.01915108298702078,0.12532499525677113,10.117082931984006,0.0028114760819174,1086.811129337036,0.15641659077791775,3.5227950788511486,68.63822505685256,1.7703088273125798,118.30866573367199,0.033227852463172454,0.019384133189659744,3.7392640121603384,4904.03074070298,0.7047759286364427,0.8221057134795154,0.2858288089982883,0.865079500846796,59.90210897430771,0.0169261027020524,105.00430570505921,0.11302939257810463,9.11627605177506,85.79655543595264,9778.362755651238,641908.5457481162,156.691835766812,0.024147202835769495,390.6103336921421,0.4204632224888505,0.6737330883161738,59.77950610860116,0.01627775472737274,5.222443911943869,0.10992781919299491,9695.60955968488,6.845844107298898,0.0008590771866653563,119.01261917388771,0.02877194418253077,0.0878204076986977,0.5258805689101199,0.44156618322264235,24.965653834718296,56.53887182327626,63.245553203367585,62.12889826803627,39.05124837953327,63.474404290233394,16772.499999999996,29.732694079960872,0.3887111372099575,8151.840509595427,0.486024177051449,16901.999999999996
IMG-5E300BF54E,R1,dual-habitat,1,1,extractable,none,,1.9737921476364135,3.093590307235718,16331.41481117371,2.9065858961970044,0.5747175216674805,3.444997457938399,4.278023719787598,2.5569899445518796,0.3520577471814403,2.579211711883545,0.776789128780365,3.5012345910072327,0.2396871658405383,2.596182378631652,-0.06298209758624597,32662.829622347417,0.15960727850737083,0.20196536657807979,59.759437296592395,235.16529883911286,-6.471282951662896,8.500849820625572,4.8830931673098155,0.2691498023185044,1.6933470954060266,2.361956767480832,1.9938547498186419,0.49014650623044004,0.4256623504251722,0.9797701082628609,0.9046084388509633,-0.03948919430552458,0.43439262049454935,0.4192560905665503,7.671469616761081,0.02753191351218531,5.694418246937837,0.3333975433507644,0.056061742954451724,15.342939233522161,3.5616626064862356,3.3459857469838474,5.852087489978041,305.5356995460173,0.12609810133966873,5.857850094933868,386.72843582335946,3.355798034689229,63.84605860503508,22.99669830788279,1398.2975650020635,0.44288552903370315,0.021086259448234175,0.2121829969045675,15.29504612845781,0.005272428324935749,329.2013072736105,0.15451955946534807,3.5393826524501484,64.26615424193061,1.4603380829665606,92.22536426156475,0.030281553897256175,0.021295586552148835,3.5273660097519715,1679.7178452508654,0.7873049027033321,0.8792342614051242,0.16320281671615242,0.9080841834634106,58.670345811833016,0.01948851793631106,58.20593692022263,0.10798875124345572,6.753955824191711,72.9090909090909,574.3543599257885,36239.6827458256,9.555532595603385,0.025114170245792256,213.76066790352505,0.39658751002509285,0.6543700126901794,49.80425237941738,0.017531759789844753,5.247776062966047,0.2224515063970285,554.1460823830291,2.557402575717494,0.002647561229229657,121.0295701906412,0.040265330810032834,0.21691209890049762,0.884843907103565,0.7162791009581164,24.49820890764138,34.202043414182874,44.59820624195551,52.39274758971894,36.87817782917155,53.497663500381016,4635.333333333328,30.263469725531333,0.3122636347655648,4305.431600671722,0.9288289085297844,4845.999999999999
IMG-C5085CA1DF,R1,dual-habitat,1,1,extractable,none,,1.4269461631774902,2.6712370395660403,38622.21427222818,3.019405592679703,0.659439206123352,3.5338413866381524,5.026510715484619,2.0301738133005034,0.3916842147743626,1.9876947402954102,0.6722672581672668,4.354243457317352,0.2711920148320713,2.0898675950323446,0.5422068574998914,77244.42854445636,0.14453818760986523,0.24594085255516973,44.41948429723838,402.25297311245197,16.88603341757019,11.266763377129378,3.845889845133397,0.49060681095490505,1.4880333698821455,2.2168713251911596,1.6132225699731917,0.5207390048166938,0.46402388840627273,0.9897411495173398,0.9307690060302684,-0.07684070061175745,0.5905507524891453,0.4435578265780676,6.52401707741801,0.026496230913312126,5.7171690388318455,0.503919019477507,0.05491547540893815,13.04803415483602,3.7616737867776524,3.778163305565694,6.407511845655562,824.6743186701345,0.09325730167026287,9.540046145810015,1278.1511930340382,4.043499421582079,48.311206604093634,43.49508085491349,1764.971615967432,1.379452762303758,0.030964126401813608,0.11116437692765882,7.235735504092728,0.0039026393680650783,999.6585842178324,0.13881776476153423,4.337861591671876,49.654326985742614,1.8198584536104494,83.94644613883257,0.05662961126814345,0.03093147067813745,3.8993258912098865,5014.125587414493,0.6952786353346172,0.8143425047190737,0.3072158981029195,0.8598058913553659,43.60230388825959,0.026602477982723728,76.46172248803828,0.09146139053593096,10.445277981273321,73.24521531100478,10239.711722488039,416130.64114832535,291.6446370346786,0.036505751983910546,319.6507177033493,0.38235731782697285,0.6422715937172775,48.150143672293595,0.025294555096981454,5.5614174798663,0.09453805269704851,10127.822902119913,8.299153344124282,0.0008605534343774725,150.28869809475236,0.03204207652253363,0.12921814502098,0.8077750563342434,0.7421586007631181,27.915453592099045,37.61386523499859,39.698866482558415,44.40720662234904,38.58756276314948,46.486557196677836,17649.166666666668,30.383542109149626,0.5360896937030771,6114.995418780243,0.3464750225476317,17686.0
IMG-0B34BD3AA7,R1,dual-habitat,1,1,extractable,none,,1.5956027269363404,2.9105485916137694,54351.93512555367,3.105477002651913,0.6921905279159546,3.6241126303726525,5.5857648849487305,2.252194185733467,0.40922359238094713,2.239109516143799,0.6324721574783325,4.953292727470398,0.2845953038831151,2.3109876165686694,0.3484143706772952,108703.87025110732,0.13623340683404772,0.2682851136821045,57.18556194943854,425.355340310342,7.9677425473109444,11.454034735407587,5.17166501414267,0.3771407361391542,1.7541478288956402,2.4010211868462794,2.071728065712629,0.4812075352998975,0.413644040387414,0.9887211928256016,0.9264371030159316,-0.04482772512336881,0.46931898778217723,0.4061472091461545,7.4574470662440255,0.021696379064159645,5.9874323123507995,0.38492018987562415,0.04232152257856355,14.914894132488051,3.7951914560876605,4.156424937387565,6.265396208763644,1126.5208804166257,0.11069282503848145,6.703156218068806,1386.4473813501031,4.432983398330247,61.49729782843667,31.22010415643117,1716.1642920310503,0.7106226403237259,0.02358872256567127,0.1448864244414569,11.044286488662323,0.003969276308596364,1137.1936039048558,0.1317651742032177,4.7046688643021435,62.436986363727094,1.6181909850364395,97.01115945937538,0.037801939559392525,0.02374497421540184,3.8560461650970876,6406.008955863343,0.7414532139586435,0.8480208010521465,0.22465961134221105,0.8848998138164972,55.90926073407827,0.021131963830477458,117.10304449648712,0.09141533528219135,10.853619312098216,82.31615925058549,7311.727556596409,395898.8977361436,147.31183748418468,0.02907600577622374,559.4652615144419,0.43674103162719896,0.6872984050084717,58.12952422760189,0.020534377870821956,5.517824557115146,0.1258720644590744,7248.611291797917,7.170571744200503,0.0006905847272614186,251.2431072866116,0.029776311095167766,0.14676716702814943,0.8096346972411199,0.6807657418542958,29.702873866810876,43.63156375334788,43.18564576337837,46.09772228646443,44.204072210600685,50.00999900019995,20233.16666666667,35.32562790959844,0.43754313297687525,8206.774334651669,0.4056099803780097,20353.999999999996
IMG-4DA2D1C308,R1,dual-habitat,1,1,extractable,none,,1.514708685874939,2.4889520168304444,50370.6757460043,2.726283868724413,0.4950220584869385,4.1841961888349,5.1170148849487305,2.006761759888485,0.30584558520296184,1.9997118711471558,0.6131529808044434,4.503861904144287,0.20538326235693785,2.0456425958951767,0.23756301795575488,100741.3514920086,0.1830237041062688,0.15756086919002782,43.83530874912198,176.92146882089523,0.8412900232672962,6.805606446702171,2.8516512802421747,0.40848211667807366,1.2773478630782955,2.0365097534808707,1.207897974713283,0.5543369210865603,0.5064919926818265,0.992319452722277,0.9396534604520549,-0.05798800040333913,0.4983286382128625,0.46984552445996847,6.545744787462395,0.040374679919778375,5.184717097097721,0.4295544525702489,0.07985848392942438,13.091489574924786,3.4140013165849967,2.4143144317360865,6.222291374201508,993.742211514497,0.08255729928674063,11.329493953417657,2203.056326327158,2.625098684776521,45.708066794051675,55.255213092963366,2404.274819307136,1.4826841275775258,0.02997264840425383,0.09218041908009729,5.155939715799152,0.0036802898918158835,1616.5112656363183,0.1713852321420074,2.9158022981177742,46.256272950822115,2.0268192392451896,91.0867491915337,0.0586305491623197,0.030660161455294686,3.7384843571581774,6181.357599641644,0.6540679596432957,0.7835519967280373,0.39080674080093214,0.8359618204079744,39.06621654253558,0.02609504130291934,103.25945945945946,0.1116318480642805,8.383995325054784,60.255135135135134,24028.494054054056,1044004.9556756757,596.4398460832784,0.04442040159941322,358.5762162162162,0.3876499634769905,0.6440151734000222,40.628293760517195,0.02981996381488807,5.269941256958477,0.07684639029658553,23859.156588458733,11.44077998387945,0.0006035862353313355,121.06308451624085,0.020464197183572116,0.09333276190237773,0.8375978999814025,0.5304681907127716,23.710816914025436,44.697905226260666,50.0,53.81449618829484,44.384682042344295,56.97367813297646,23981.583333333332,37.43887155108369,0.5614351399903709,7163.134432382091,0.29869314018251886,24074.0
IMG-8E80801B31,R1,dual-habitat,1,1,extractable,none,,1.9302142143249512,3.1302574157714846,21203.101697592218,2.9912496303509553,0.622329592704773,3.9562566780102686,4.842967987060547,2.5271691498144544,0.37613430561553346,2.4977493286132812,1.1559553146362305,3.6870126724243164,0.2560140134471306,2.5728900583679044,0.5152060493600793,42406.20339518443,0.15006468822303942,0.23317934067448617,42.92582376663256,278.1603994301961,8.088650578401635,9.092868843284418,5.652363024630839,0.23223409452867097,1.800047918945825,2.452860346418112,2.3882770862760454,0.4799897906266763,0.4129873238226999,0.9795933401415629,0.9051417617928296,-0.03323136976873841,0.40621476851331556,0.4051584265106492,6.4855976858927935,0.02471527555681999,5.820455648604744,0.2828923800006188,0.05103851006621455,12.971195371785587,3.6160892837817333,3.6863079669788155,5.94119714110294,402.3287542928505,0.12560997636367482,5.9625957517777435,480.65719637839527,3.8647693014149533,48.112394630034345,23.919762722447704,963.4205432407118,0.7503175998912098,0.031694649230138594,0.1979318497507671,12.128212000979348,0.007685981930673387,408.197200067002,0.14554566682334494,4.081780881259299,49.015604078720465,1.4825470611341725,69.00047097506071,0.04667843713074111,0.0318638722236816,3.626388823035892,2200.065903305038,0.7831208672529139,0.8754773169384473,0.17338050862259669,0.9058492511333482,45.03477813415464,0.02900997271193508,66.97575757575757,0.10147842056932967,8.090073461891643,63.61515151515152,774.7863636363636,29896.59393939394,21.913083966378945,0.038784719336036784,254.6818181818182,0.3858815426997245,0.6442533309529016,43.312851869571986,0.02786666682755214,5.4571221910318455,0.20605682172962847,751.2344605142331,3.6592452360459236,0.002095664431192046,148.3429488779798,0.042208463450009295,0.21749131664763716,0.6680894609718666,0.4822204519789164,20.052356405068092,41.58338022117905,41.19465984809196,35.44009029333869,41.97618372363071,42.871902220452036,6197.166666666679,27.78141807735569,0.3465887666450589,4707.587771342405,0.7596354954698216,6405.999999999998
IMG-218FC1F5F4,R1,dual-habitat,1,1,extractable,none,,2.126363754272461,3.0563125610351562,17161.185787404174,2.630437283424833,0.48559755086898804,3.3158937920542777,4.154980659484863,2.585442946521959,0.2898146588194283,2.577205538749695,1.353095531463623,2.8018851280212402,0.19770273505995656,2.6116701668044797,0.17330652204292354,34322.37157480835,0.19243834688518127,0.13630583045638953,34.128460764560096,77.50668395581866,1.2754651085973043,4.979780607929445,3.397853286479096,0.1872320762389251,1.4106254034616774,2.1432020928306446,1.3983037996227787,0.5304268780857775,0.4759937203939612,0.9780566799470614,0.9013857801186234,-0.023047090106316923,0.31275164448103104,0.4524174454825046,5.8079482778810805,0.04100844259844694,5.087948580914223,0.219843320767578,0.08208679426068746,11.615896555762161,3.193316942077677,2.0944084736021353,5.731377252378883,263.76073131955485,0.10483335903002974,8.210627816631744,484.17488076311605,2.2648011391640406,36.99324324324324,33.49761526232115,1112.672893481717,1.1460736930227795,0.037540628395527166,0.15243168657809472,6.656335587568208,0.007939199165305713,388.02319940230416,0.1824767456829311,2.462374266932523,37.53554228273897,1.6347299481042727,59.035388749760564,0.059887450317306586,0.03814029941970508,3.395142745625425,1569.114434190698,0.7369919285804228,0.8450531979943745,0.23063349413287187,0.8825000142405942,33.50839859302836,0.03410297189241415,44.61931818181818,0.12675942665289255,6.4718168904958695,46.17613636363637,2095.0227272727275,72736.08238636363,63.94908730718484,0.0550115224096463,141.80113636363637,0.4028441373966942,0.6599967670844846,30.983367882752603,0.04104500070273819,4.969768701670461,0.13990461049284578,2043.9327221074382,4.34859553788552,0.0026706129214121113,63.89526123441236,0.03590660694044374,0.1326385707823071,0.9144454385416708,0.612014236478928,19.25518007764622,31.46198066964278,35.0,39.395431207184416,36.49657518178932,41.24318125460256,4906.166666666667,28.77026471084106,0.37940982222736425,3680.1915149198176,0.7501154699704081,5032.0
IMG-6503C91771,R1,dual-habitat,1,1,extractable,none,,1.5142380595207214,2.8383174180984496,135880.48644748342,3.0904443476578147,0.6837351322174072,3.331410478981699,4.69594144821167,2.1321986028933173,0.41378011055903546,2.073471426963806,0.6695600748062134,4.0263813734054565,0.2866611523486043,2.1951762400767825,0.5482340361082706,271760.97289496684,0.13841723870888964,0.27252784281742554,49.42307631993568,456.70004782581407,20.169700179586588,11.808062387046773,4.48612000327994,0.44734120496549945,1.5946666910848035,2.315531451985998,1.9196211454885166,0.5087822350707205,0.44907535017263334,0.9853139783992702,0.919017775881895,-0.061696846588784576,0.5357285733484962,0.4291097371170822,6.898586726691467,0.0250482473797168,5.858333253580293,0.453931069606143,0.055071863938792424,13.797173453382932,3.791901351335144,4.073545597581679,6.391196562804813,2758.2671820696505,0.09781783041597455,8.948282594541942,3903.0892971132703,4.472683306657434,54.4757074969856,39.10979502092347,1741.2326406128095,1.0945655982682736,0.027327116581200808,0.12486850587824479,9.35696547145823,0.003707271896502725,3083.983305380639,0.1322104740156458,4.785435779693016,56.08301208530555,1.7394852478285492,90.21824157177721,0.04772889346497506,0.027280550674387387,3.9245350549841307,16650.36671877669,0.7126159660815313,0.8272327006279768,0.2736439516510214,0.8692762809697189,49.85521523062619,0.023694881562776174,314.37565164060106,0.09640467698270501,9.72477386706433,82.7509966268016,21758.404783808648,930761.9448022079,556.4278616769012,0.03030505874103858,1142.9589083103342,0.35049337881334997,0.6140232404048088,52.904031136650396,0.019809154602069366,5.827934261869808,0.11564649975175545,21683.63346947058,24.101114433697735,0.0002889928099657358,143.52658401077971,0.03640139467759938,0.03506940443866053,0.8569240857858693,0.8001052926115957,47.081067540896115,58.84358968207852,66.73080248281148,65.73431371817918,67.67569726275453,73.62744053679987,56005.5,50.424489292673954,0.30260585687582536,23393.43056543528,0.4176988075356042,56396.0
IMG-D53B868EF7,R1,dual-habitat,1,1,extractable,none,,1.566400444507599,2.894801688194275,53565.92074383685,3.111599391722577,0.7218991219997406,3.0576773403078756,5.139331817626953,2.2376053268066043,0.41569378915205,2.235988974571228,0.49191856384277344,4.64741325378418,0.29496016148757365,2.296813370484765,0.17386444869544793,107131.84148767366,0.13356587458011698,0.2684740602842952,72.0972285022446,413.0269849039119,1.6291215833323092,12.258331636906487,4.7788538339919935,0.4387835313390844,1.6713808812883075,2.3510012249123844,1.9623770836936143,0.4936799057844667,0.4296849472663691,0.9885376485059006,0.9265451238652844,-0.06225988549072581,0.5487650085755432,0.4189203315336637,8.380110201086298,0.02138380635135921,5.97967435626011,0.46543409141163905,0.04383283510587742,16.76022040217259,3.841149866671007,4.25929636772462,6.349234076812751,1073.810124089029,0.10575242506293371,7.49425756875727,1356.2278904865077,4.417060826401252,76.44957652156785,33.61749064408115,2352.5779988182,0.5775682991359836,0.017429969649861828,0.14113366381058173,12.77202316674369,0.002741075011803765,1108.8905647019744,0.12971664299316152,4.665243832335351,77.41215510908778,1.6552346681661307,123.87182841085615,0.02870117763401805,0.017491279523710608,3.881781035751094,6275.938922493521,0.7331468176053797,0.8418811836184298,0.24035175063594386,0.8804489811729047,68.81613331563788,0.015446618783113838,115.0578125,0.089888916015625,10.231420288085939,95.51953125,6375.51875,474507.17578125,92.28598526471883,0.020417208435185165,529.965625,0.41403564453125,0.6688845921051315,65.90942631333164,0.01394045223754144,5.539476594240775,0.1260586960803624,6312.589235839845,6.384962974342359,0.0007459776208852642,198.55248143387098,0.030838293835648317,0.11869430990372516,0.7494864082998495,0.6390303023916011,30.400593629712958,47.57300790891653,49.39635614091387,54.08326913195984,47.67598976424087,56.19608527290847,20198.083333333332,35.655322829674176,0.4002382278085246,8961.327116381466,0.44367215287167344,20307.999999999996
IMG-C9A32358E2,R1,dual-habitat,1,1,extractable,none,,1.6840241193771364,2.93947172164917,113836.2658523024,3.0425444777154906,0.6819579601287842,3.2991627935724934,5.104090690612793,2.3071551355174647,0.39460507460092636,2.2886242866516113,0.7865904569625854,4.3175002336502075,0.2783803878280923,2.359414712244611,0.28332014614526835,227672.53170460477,0.14076597865331017,0.243872965011711,45.88488339504699,342.05780135389165,5.661328130603968,10.794734788674313,4.581457978335781,0.4034151318288067,1.6457277316171761,2.3261458878704824,1.8518826613117256,0.49580469882135103,0.43215337129742504,0.986498017171125,0.9204205936984994,-0.05015842045406718,0.49029245589612014,0.4212010121531314,6.658118909393522,0.023168228936520006,5.868295566994513,0.4138159296741795,0.04416429037942709,13.316237818787043,3.7538180124915597,3.8440481917525244,6.294268618869106,2126.4528827815543,0.10398811104609292,7.4109655563519805,2878.5234974815394,4.040457928130039,49.89803902391315,35.91368771089051,1595.217614553279,1.0605439654069222,0.031197507393118166,0.12295126726410967,7.7796159948509285,0.004895717093090096,2320.7997648744863,0.13623219673822043,4.291272019319136,50.7713575974151,1.7017247766873107,82.53461045688867,0.05220637947467433,0.031539035742965585,3.8503394433228073,12276.124403542673,0.7196849201331931,0.833123304882315,0.2574689904313602,0.8732849503361456,44.950405589840095,0.02779151346075281,209.98255280073462,0.09641072213073215,10.20977809651739,69.09320477502295,19421.633149678604,856058.4100091828,499.85621365371844,0.04435137589866312,842.0165289256198,0.3866007938134159,0.6455201311275341,46.151038700915514,0.029960974519217417,5.5628245032181605,0.10650887573964497,19333.481915110704,17.628038482844445,0.0003589043542519078,184.1344106259751,0.031054457021021938,0.05748807079862535,0.9007835754717136,0.6451639955321806,34.11506253241371,52.87812520330276,63.28506932918696,61.741396161732524,53.71219600798314,66.91038783328041,40750.916666666664,47.63174668487199,0.4086895147244199,14012.497573783148,0.3438572361059317,40897.99999999999
IMG-73EC16A018,R1,dual-habitat,1,1,extractable,none,,1.3149893045425416,2.454235076904297,49140.12429806208,2.911998518056077,0.577857494354248,3.530756676030038,4.583028793334961,1.8675326856464938,0.3538888643408598,1.8424136638641357,0.49831482768058777,4.084713965654373,0.2410827468461384,1.9215222284325424,0.37884638126737624,98280.24859612416,0.15853822210431473,0.2045693424023579,37.493142628822106,311.8594680414577,9.521179650497778,9.793944107510326,3.1929957060080176,0.5077689409287752,1.3474423056979812,2.105528552757979,1.362016234667699,0.543837070367024,0.4932599891687594,0.989377459917417,0.9301340765791601,-0.08257878370785733,0.600858734144795,0.46096899589713924,5.986884056898012,0.0314657790612548,5.527860223716285,0.5144759070118455,0.06749298633198474,11.97376811379603,3.6777384380378875,3.246734953379585,6.44331756333628,1148.6716507626418,0.08630788569859808,10.45111680759681,2109.985197986325,3.4006542592421414,39.487264257269516,52.96183034037118,1934.7234202419415,1.905667133856641,0.04176174269265656,0.08944523821352429,4.551265196834642,0.005527972100738417,1581.0588012082392,0.15081314135434706,3.6885994543530973,40.13830041718357,1.9921761569826022,76.73622274083024,0.07940971371531402,0.043038790192307705,3.9001865058834775,6913.371519289013,0.6583334774549792,0.7876913829276891,0.374400257419366,0.8386075125019128,34.11554783024005,0.036975291229446414,90.36559139784946,0.09716730257833275,9.803787721123829,56.748387096774195,25333.994623655915,875531.2602150538,838.0229560997052,0.07591118683881493,391.5956989247312,0.4210706440050873,0.6735973526452144,39.86848615071737,0.0505850259846105,5.34515980371862,0.06987752648583666,25129.196981153887,13.680146983752076,0.0005966753822991449,120.04787666557314,0.02718855266835179,0.08063711373197142,0.8004166208615019,0.7031633879419747,31.079356857750653,44.19933886022423,53.33854141237835,50.15974481593781,44.40720662234904,54.46099521676041,26523.666666666668,35.377885454813146,0.5971212201062365,7202.954314705666,0.27156706518853596,26618.0
IMG-ABE2BDFA58,R1,dual-habitat,1,1,extractable,none,,2.1946237325668334,3.1236531496047975,2042.3477869467495,2.711882392726648,0.496878981590271,4.499351482152608,3.9589791297912598,2.660013604248669,0.3100579431716432,2.660947561264038,0.9757359027862549,2.983243227005005,0.20280012524477684,2.6911648107870056,-0.19288564688108736,4084.6955738934985,0.18452291132236812,0.16669566403026478,67.05635231767707,96.77202787531414,-1.9636666971940786,4.901993337321094,4.021608675516687,0.09386082971292073,1.5229660337866966,2.1913791232198183,1.6890600467167616,0.5171329461002225,0.45993533802440917,0.9779399007941342,0.9018672179961192,-0.10176841020325283,0.6299769621420259,0.4408493159552073,8.174893018845323,0.04638201218984797,4.872996963278044,0.374268019839561,0.0959602886881715,16.34978603769065,3.0657249369836106,2.230900503209445,5.158898890670457,44.61702127659574,0.15821638750565867,4.794879533222675,52.0354609929078,2.681819324983653,69.84042553191489,16.19148936170213,1117.1170212765958,0.25251816427699575,0.020446182213878908,0.31189530602487103,22.53850261764513,0.009496661441648745,45.64837995115641,0.17808641874034173,2.851720700180653,69.93703107288748,1.3327594666121887,92.85671895285512,0.02609725273101514,0.020953342233724317,3.1873462912991863,214.48522914865055,0.8352542500130823,0.9086197490452809,0.11629901301338749,0.9306268422056797,65.15908789883412,0.019876597960797986,13.452830188679245,0.1269134923460306,5.103239587041651,71.84905660377359,27.18867924528302,1887.0471698113208,0.42077565879039364,0.028203644310248,42.0188679245283,0.3964044143823425,0.6530527098213694,48.011530491593135,0.022338088987059905,4.681298848123644,0.375886524822695,20.111071555713778,0.39947455993979086,0.021531364186411977,72.96174267436926,0.0483737086385958,1.1579335143924527,0.6426195421477329,0.4554398385347701,17.984131880758003,39.48739297514269,37.48332962798263,25.23885892824792,23.769728648009423,39.67366884975475,484.75000000000017,25.375370394293796,0.3941979259545106,757.0333312628577,1.5616984657304949,563.9999999999999
IMG-70A9D26F9D,R1,dual-habitat,1,1,extractable,none,,1.7421835660934448,3.206060290336609,21565.331178177767,3.2846095447946078,0.7798982858657837,3.3297687891273906,4.9886040687561035,2.466240581236025,0.4623812995534937,2.4712331295013428,0.4597381055355072,4.528865963220596,0.3194289342990121,2.534936530095843,0.011700992707939253,43130.66235635553,0.12097149396025976,0.3435606070789473,88.33344572220702,604.3481041412047,-7.65403516791593,13.592088491487042,7.2331409300787834,0.30215753792437205,2.0427411051906335,2.6107064491939433,3.0163518249617853,0.4543873751895582,0.3811874549915498,0.9830306434162901,0.912608971514546,-0.04930572589217211,0.503608882986788,0.3738828743723777,9.31347958911093,0.017583886623539477,6.2992072286706495,0.37053376777323355,0.03759390800777545,18.62695917822186,3.9042062676481515,5.206307355391457,5.9760961998318916,564.2610250297973,0.16813498957979658,4.279973889115397,405.9803337306317,5.615406416345016,94.27592371871275,14.79797377830751,1308.582240762813,0.2116684608135828,0.015103333889097547,0.30496678289919643,31.613617740335187,0.005024585935213015,364.60670724957714,0.11888937463262154,5.784657300368983,94.818148027321,1.3091702499427045,122.13441191378531,0.019636390891865866,0.01516759177747948,3.7519218199605975,2591.2195781041887,0.8434063778436106,0.9137251306500414,0.10750615300552688,0.9344424594796402,88.99437017536768,0.014219450530352387,118.38907284768212,0.0980041993772203,8.143565523441954,102.62582781456953,40.794701986754966,3592.0298013245033,0.5299378898829824,0.01631756679501322,460.887417218543,0.3815293188895224,0.642009525236657,68.842462544746,0.011000746502540798,5.574770886307434,0.3599523241954708,33.07660848208412,1.9733046435355437,0.0021162887142889414,258.4754657314371,0.04366317261717326,0.3230353873405808,0.9052158032691914,0.8048247824813678,44.624442445730125,55.44615848948862,61.29437168288782,60.166435825965294,54.48853090330111,64.63745044476924,6082.666666666667,50.19073889525333,0.20784219300305665,7753.177975740247,1.2746346957047754,6712.0
IMG-6E71728D0A,R1,dual-habitat,1,1,extractable,none,,1.5382205247879028,3.0834771394729614,6081.801931561893,3.3902538659458807,0.8092958927154541,3.3911327259687583,4.748208999633789,2.31505165810725,0.49381619184896913,2.321205258369446,0.4746394455432892,4.2735695540905,0.33355699394231525,2.3998504395401152,-0.00029775198013445105,12163.603863123784,0.1137278323002755,0.39981795245575585,73.32711535641388,857.2817616550873,-9.649147034249316,16.307898454901157,9.67005474210802,0.2558730904783693,2.404056984174655,2.7893216450517744,3.82824801140151,0.41535490957048915,0.3332783502173286,0.9753917451142411,0.8946364723593627,-0.062121098318124304,0.5802483293016687,0.33342951482550515,8.464509276104627,0.014663937121546856,6.546564685319682,0.3698818844809168,0.035630553427280616,16.929018552209254,4.018088400982242,6.4944882992522945,5.89916978710133,185.71969696969697,0.17587092516069788,3.6053396177685952,120.0965909090909,6.584272232265841,84.29450757575758,13.693181818181818,1053.0823863636363,0.23452849122301606,0.020498650824087132,0.28653982515417625,28.323917828898242,0.006460755045382532,107.6269007674284,0.11122204554069663,6.822412102916612,85.02086728352751,1.2964926733901134,107.68891282361618,0.026026392711100244,0.020725528330505567,3.838106206481938,820.3732970404967,0.8462969534332475,0.9163024475524476,0.10173472893589736,0.9358693218734652,80.11536515749168,0.01955677401818616,35.34426229508197,0.09656902266415839,9.564274836513484,98.10928961748634,39.69945355191257,2930.948087431694,0.6298941965123994,0.022833335943394636,123.20765027322405,0.33663292424378155,0.5981525774235643,63.18997557030772,0.013849099096758265,5.578205411496866,0.3465909090909091,31.374809638985937,0.7808429391579901,0.006402245089021978,252.85835926706721,0.06430756716436978,0.8184876771569755,0.47880306358379787,0.28316462703373796,13.703899946970745,48.395522034388776,42.379240200834175,43.96589587396121,23.53720459187964,46.743983570080964,1987.666666666664,23.171924213802537,0.39997978034817316,1911.3569057832199,0.961608371180558,2111.9999999999995
IMG-23A7063684,R1,dual-habitat,1,1,extractable,none,,1.7005651473999024,2.7819308280944823,38785.190019479196,2.8648951886039153,0.5824717283248901,4.448235828238451,4.862663745880127,2.2216528432899225,0.3479571464860302,2.1784493923187256,0.6428707838058472,4.21979296207428,0.2388987390397302,2.26606946834396,0.6778721355442562,77570.38003895839,0.16395705924481693,0.19932947926248004,55.183479145222705,263.73813745709145,10.566989012173282,8.62604073586436,2.967709037340706,0.4853421186166148,1.2562584678018882,2.0507271231764665,1.3794946970829132,0.5653082334442083,0.5205352177225726,0.991234263876859,0.9379930795729936,-0.08889937389600489,0.6123527163037956,0.4704131029466776,7.332663665118124,0.03645655807878198,5.306974200094555,0.5161656318087389,0.07487017741994109,14.665327330236249,3.5733955687013417,2.8984374433012667,6.429332143885069,608.5403151065801,0.08056935192725806,12.997339757605765,1238.3676684761022,3.3032284552768707,58.48100092678406,54.84297630080763,2811.8401959486296,1.2308277623992234,0.02214695323310717,0.10950004815831813,8.50172150919991,0.002440324382682613,926.6798416454695,0.1553561193112762,3.6344747702049776,59.99323262991095,1.9878910212890188,111.66498179299452,0.04415626683507358,0.02212734360944419,3.846899681871105,3960.916036129696,0.6626957171617865,0.7896607562965301,0.3770474318819031,0.8410331281637817,51.49288557011568,0.01860802824179052,71.36995827538247,0.09926280705894643,9.440642524290999,83.48678720445062,10179.906815020862,516409.84561891516,217.81414949795294,0.024074666693927278,309.2531293463143,0.43011561800600046,0.6821120461246055,59.652364478122394,0.015196270325162443,5.350901295678366,0.09519396266384218,10069.554566011748,5.194918259533232,0.0010618994394198849,140.54910165175056,0.020048626413201844,0.17714144977792345,0.7963196883801026,0.6328492972776394,25.857063918685178,40.85816959885371,45.65084884205331,47.80167361086848,37.107950630558946,49.28488612140643,14947.666666666666,32.53616488274057,0.4018199997937733,7303.0035496001965,0.4885714748968756,15106.0
IMG-35F9CC61BB,R1,dual-habitat,1,1,extractable,none,,1.969130563735962,3.0095837116241455,12558.381611426721,2.7854411709020663,0.5298171043395996,4.157883802625246,4.706340312957764,2.4749024613809922,0.32246060258422166,2.4522504806518555,1.3571566343307495,3.349183678627014,0.21887978779707534,2.509598585610067,0.5866214894853099,25116.763222853442,0.17323887409470137,0.17294286754635568,29.85990825794878,164.20642999656178,6.235430814798737,6.949251111043749,3.757483598689161,0.2966872659558771,1.4691012680810263,2.199585714660117,1.58414876835779,0.5235253276618566,0.46758324959515757,0.982051632852812,0.9106517593696777,-0.04335224671055901,0.4413233595776391,0.4464107063614521,5.390856163532593,0.034267093032084445,5.3479903721918065,0.3233834906679242,0.06960212607019037,10.781712327065188,3.418752108743668,2.676683677433227,5.832817703061963,224.8826479438315,0.11277966296079814,6.889144866897583,345.43831494483453,2.9097161092102786,32.63791374122367,29.913741223671014,845.7001003009027,1.3356873143720644,0.049975180047439574,0.15830697956426823,6.516472846609393,0.011962108014415074,283.26029631350673,0.16635492694153917,3.1244356016032837,33.24029693594088,1.5862148178900246,50.213386090010445,0.07684974058302044,0.050941666969658836,3.510833097207613,1277.5435826414614,0.7489639866006095,0.8539078774785895,0.21026828058326325,0.8885674073846999,29.96970202721588,0.04597330384478988,34.51234567901235,0.10651958542905045,7.3661313062033225,42.95987654320987,681.4444444444445,18007.320987654322,28.503103554045616,0.07786775291708888,112.19753086419753,0.3462886755067825,0.6101007588892002,27.6902586189405,0.056136729181374995,5.377993905943514,0.1624874623871615,643.5687776253619,3.4848314319281193,0.003446205066065104,81.81509912251454,0.04022178931073833,0.2484316809210954,0.624526689308098,0.3629432040638981,15.292744084478226,42.13536419264613,40.01249804748511,42.485291572496,26.627053911388696,46.357307945997036,3895.5,26.314659502024266,0.3666018289111554,3265.865560580549,0.8383687743757025,3988.0
IMG-40F7945830,R1,dual-habitat,1,1,extractable,none,,1.755569875240326,3.099740862846375,11786.22269663082,3.1544710210908953,0.7135342955589294,3.4524104366387167,5.082584381103516,2.4373112197406197,0.425584689540175,2.4470407962799072,0.7774578928947449,4.305126488208771,0.2965401955467633,2.495897553291785,0.07653564310895536,23572.445393261638,0.13226827992794854,0.2890186146544119,50.74108634644408,488.63765871897317,0.3796870756660188,12.155697110908875,6.3803440818442905,0.31249611852201287,1.9440911019424443,2.5253698798057918,2.561604436720669,0.45991746946633694,0.38768787441317387,0.981550936178172,0.9080095300834204,-0.047587042182050114,0.4942878444462977,0.38580378713448166,7.020512528946643,0.019583130515969605,6.132365134965612,0.38110668919482965,0.039717060027977515,14.041025057893282,3.828141052170607,4.63401029818829,5.9327430828899725,268.107822410148,0.14170603721466596,4.522200966347679,250.25158562367864,4.717041599435031,58.07188160676533,19.67124735729387,1014.6479915433404,0.5202064285433247,0.030575312009005966,0.2056573283836538,14.935292289876578,0.007491198851143694,217.0838655799152,0.12908810429748788,4.93335275796059,58.812698985603916,1.4087492498133423,80.03686161173664,0.042183251744059694,0.030973218813930076,3.7275806403105047,1345.2580837407406,0.79882318701025,0.8887624003903074,0.13969942150681294,0.9137455072140166,54.2813601333219,0.028612043721098695,41.98550724637681,0.1014142687110551,8.825345982403324,74.26328502415458,279.2463768115942,12398.792270531401,7.166783535958732,0.03830185226203874,143.1497584541063,0.34577236341571566,0.6091101837895381,49.15742936892628,0.02424268544228107,5.540935003944855,0.21881606765327696,258.3610352633667,1.7469821107464576,0.0037637987850361885,173.63165351362082,0.0468615452235203,0.43614662636755624,0.6057419850781248,0.4503678258672256,17.674798018925756,39.2452502238393,32.24903099319419,45.22167621838005,35.6931365951495,46.57252408878007,3647.3333333333408,23.772495775476138,0.3913737836807745,2927.8087028562313,0.8027258370104804,3783.9999999999995
IMG-86B97F5EA4,R1,dual-habitat,1,1,extractable,none,,2.1198518753051756,3.0110363483428957,37650.22927443449,2.5677122504477907,0.4586604833602905,3.4951125807922967,4.232534408569336,2.5645767432087405,0.27599237594538534,2.5594966411590576,0.966812252998352,3.265722155570984,0.18975083963896794,2.5885365201151465,0.1475346946710542,75300.45854886896,0.20031320272303427,0.12346744416268371,60.28202901743406,70.63408791562175,0.765314003785297,4.596429014253298,3.245972824882059,0.17154206519440243,1.3730756334125458,2.116258268902583,1.3482760230220587,0.5372719886239588,0.48486355845248225,0.9862335114491316,0.9205330337107326,-0.018246339613710007,0.26388557869522,0.4582200161213859,7.742356608860795,0.04389587589770586,5.009314376182554,0.22835473317594424,0.08900291032640671,15.484713217721586,3.138170463532184,1.9606004597838387,5.873267413030949,503.33386723616303,0.08957712533122673,10.320628460355934,1125.5598861007297,2.076777488323073,63.09681437978288,44.455419113721305,2681.4399359316603,0.7842986949582864,0.01855797998895647,0.12425088309125214,8.70674271510744,0.0027729121216736154,858.5843025517689,0.1877788198370083,2.302139365183677,63.60677022266691,1.830372136557107,113.97750694387558,0.0334557863381194,0.018748875854715956,3.4589642653157355,3188.2783335472072,0.6962399122262387,0.8137500513368106,0.31568624040164256,0.8602575458745118,55.06819271251484,0.016266336311002223,88.93779160186625,0.13831693872763026,6.497642998289995,71.39657853810264,7700.5738724727835,466373.13374805596,132.07687561409034,0.02354154825585935,254.9253499222395,0.39646244155869287,0.6540483743693369,48.218672485132736,0.016146912834845824,5.010101158889211,0.11443317316248443,7624.208562603852,5.259563654446483,0.0011654596594814059,104.75903544339667,0.02033639004241113,0.1078978829793065,0.8148797461292104,0.5532279712217072,20.555231372135342,37.155083331637606,44.94441010848846,41.182520563947996,41.30375285612676,45.65084884205331,11104.416666666662,30.27692487269451,0.47000734043988895,5121.257936520802,0.4611910819137254,11237.999999999998
IMG-C96DEADDCC,R1,dual-habitat,1,1,extractable,none,,2.00921893119812,3.313888692855835,1790.7202917130032,3.025476404602709,0.6046472787857056,3.8613607044560654,4.751668930053711,2.6886648034450897,0.39472442644884287,2.688298225402832,1.5533980131149292,3.1982709169387817,0.2622520534038243,2.7372529152074585,0.41956468196513474,3581.440583426006,0.14864935837958018,0.26363509652730605,26.607253633063465,295.959361374791,7.6768810830421454,9.444851587427747,7.450234646597768,0.11651315665515331,2.158911124913195,2.5511206732487484,2.7126831975407697,0.4312675539303768,0.3500724277630977,0.9656108615848892,0.8751066138382966,-0.14681066982973998,0.7585537576416651,0.34569784008903076,5.106088921916891,0.027007764289551324,5.557358489229204,0.4744155984133685,0.06319743045095695,10.212177843833784,3.4896146983293836,4.223771558506379,5.09202058931824,51.89539748953975,0.2171355543495387,2.370651774303671,35.52719665271967,4.3209327567794675,32.46861924686193,9.209205020920502,251.7489539748954,0.6065910089290676,0.08267172899982995,0.40140250974866937,15.43207082135504,0.03746120948691411,32.46047326354006,0.14477521399858212,4.458226455862203,32.819686904444495,1.2057428592451633,38.39766525675944,0.09779066041981894,0.08361295856274428,3.3554492565196474,197.54914294502242,0.8797924939366885,0.9378822014805278,0.06587039659882046,0.9509142159072707,31.474266191829194,0.08025851295770409,13.243478260869566,0.11516068052930056,6.015576559546313,37.278260869565216,8.721739130434782,247.75652173913045,0.5944339585909556,0.08984780868203604,50.947826086956525,0.44302457466918715,0.6906608895571112,27.787004726850483,0.0648551266757385,4.680301700652336,0.4811715481171548,4.4025708884688095,0.6046548494737646,0.026435715673204813,88.50007085254707,0.0983295894791974,1.352528090553536,0.6125634350425985,0.5697714977428845,22.330202208769094,39.191504484216644,37.0,28.792360097775934,34.785054261852174,42.42640687119285,392.58333333333167,24.00728261133915,0.4029123602068765,643.5190968932544,1.6391910767818054,477.99999999999994
IMG-2B3A14E938,R1,dual-habitat,1,1,extractable,none,,1.7434381246566772,3.0601233959198004,35258.54868929487,3.133818475563194,0.6499220728874207,4.027586726343046,4.93369722366333,2.3819316499872847,0.4151443378347765,2.3384991884231567,0.7809784412384033,4.152718782424927,0.2774595709867595,2.4421087701297415,0.5941350183687729,70517.09737858972,0.13807396849782377,0.29029685993345106,48.80545390610525,599.6797865797007,24.36839622031959,11.682023855654093,5.693975745225955,0.3423310109011177,1.8214627761928408,2.46234088552422,2.3449217327398824,0.47675777680741854,0.4084128762537419,0.9815553085500105,0.908849274355031,-0.04206400224997989,0.44995311046392433,0.39814028526215905,6.877958527911442,0.022866574511519723,6.009946152615965,0.3955199065308995,0.04913869812665683,13.755917055822884,3.7712518518399105,4.3439999002200125,6.126759622368081,716.4888362652233,0.121192293008326,6.089149542866874,816.293301759134,4.759429572384142,54.83085250338295,25.990527740189446,1196.0250338294993,0.7158388662796763,0.02955924228663091,0.17091655923953716,12.063407478114703,0.006239504149227297,680.6543226488919,0.13280807482586016,5.045473532940837,55.9343401737442,1.5222246000976587,80.67833358089769,0.044201497356286194,0.029873621802241287,3.810737238733878,3947.977643193002,0.7692419272718707,0.8668809201623815,0.18795032972789644,0.8990820297290648,51.08231761835893,0.02708513719977548,95.53465346534654,0.0945887658072738,9.910616606215077,76.30891089108911,2223.6138613861385,95802.54455445544,54.534646836465654,0.038500189355849514,355.10693069306933,0.3515910204881874,0.6149809459182346,48.53777528820794,0.025114231814011123,5.747500426283748,0.17083897158322056,2189.3508048230565,5.564974881019295,0.0012510820128996878,162.49437325226285,0.044889130180583305,0.1455385192228638,0.7192725507317222,0.40915322933410836,21.06234756395032,51.47789643070646,45.60701700396552,49.99999999999999,49.39635614091387,55.497747702046425,11571.916666666672,37.02663787201766,0.31527699128658637,7847.452797703333,0.6781463281971436,11823.999999999998
IMG-4A7EB02AA5,R1,dual-habitat,1,1,extractable,none,,2.1196858406066896,3.0762860774993896,4379.394697189312,2.6149551564174103,0.5026264190673828,3.807523967938758,4.382638454437256,2.5713656718264377,0.28985901192449715,2.5505049228668213,1.4137259721755981,2.9689124822616577,0.2013419763201234,2.5976742878953814,0.33496560854572827,8758.789394378622,0.19217665675057755,0.13599028774535007,33.437487364479985,82.98640785007183,2.229719201722294,5.025281679238717,3.447577505282972,0.18572365749358147,1.4108286486647603,2.150989041897251,1.4435943609701367,0.5344057647133483,0.4792646692070814,0.9808874185690187,0.9080408738007683,-0.046860227881368205,0.451814372522257,0.4378338733236221,5.7482240086533345,0.04196550465870756,5.0179360084108104,0.2837584695800065,0.08586395737958444,11.496448017306669,3.1742826421069954,2.118214796130422,5.6514979942855135,66.89214175654854,0.10306955586525199,8.32426798606841,124.7226502311248,2.2578721323073787,36.30662557781202,34.41448382126348,1162.6949152542372,1.1532019701755964,0.038549297944231786,0.14549623692300104,6.215449405462987,0.008557123130664165,99.88952393166603,0.18276816939012872,2.466033660580966,36.693102315872956,1.6539507326595932,59.06278687740777,0.06144036011808385,0.03943837167956538,3.374294016060418,401.25555409598553,0.7330193075466828,0.8420054521749436,0.23878320737491915,0.8801754185205085,32.58115961156154,0.03535065915423137,11.791666666666666,0.1228298611111111,6.534722222222222,44.5625,567.9479166666666,18818.260416666668,18.416940761311324,0.05994678258557392,30.708333333333332,0.3198784722222222,0.5779765686292492,27.177185809787975,0.04280246521806714,4.955664945829363,0.14791987673343607,522.2446831597222,1.1465235149649002,0.01025878139493025,65.01426368830839,0.035126904595698144,0.566420594132388,0.715433768327818,0.6820649802423144,12.331808087850101,18.080107387230218,22.203603311174515,19.697715603592208,17.204650534085253,22.825424421026653,1250.333333333333,12.935119359817735,0.5319892449764363,1055.0308161441726,0.8437996396780908,1297.9999999999998
IMG-75AAF241EB,R1,dual-habitat,1,1,extractable,none,,1.504582405090332,2.5586719036102297,69809.93096322045,2.798423453285525,0.5476396679878235,4.6284699395719455,5.007797718048096,2.0017985676372385,0.3329521897005446,1.9568341970443726,0.7172311544418335,4.290566563606262,0.22698359943341187,2.0470768179534895,0.7469413816276224,139619.86192644088,0.1719497073462004,0.18332599320808393,43.1751261888476,224.43102987637323,10.664959074142992,7.957115507375154,3.1268943472097557,0.43492342067962336,1.3110861242505014,2.0876455324615297,1.3960146416999164,0.5526875571870214,0.5046326026962139,0.9916566791687977,0.9384300909190397,-0.06593629843983208,0.5363221896395072,0.46569283537280776,6.478199010772032,0.036623788726176096,5.306667812361147,0.4513563778250502,0.08056472527413551,12.956398021544063,3.5144347893995653,2.7710024636462274,6.32575914353252,1375.8282610000601,0.08258768599556156,11.68942872734604,2864.510174680353,3.040591021951135,45.89321087700342,53.681913680292936,2136.2911939492164,1.5937918514438885,0.029247068957155144,0.10220880769373768,6.532602528258347,0.0031298536505891318,2136.759217814614,0.16251295154360282,3.3451261221063815,47.171957933026,1.989436688695307,87.43642666684158,0.05833721161400939,0.029211716638289975,3.785899666439187,8718.969064972462,0.6618686776966876,0.7892245817691523,0.3770842037300681,0.8405426479011738,40.52955918300301,0.0245359779835647,154.61845730027548,0.10648654084041011,9.005116434821545,70.98278236914601,26504.469008264463,1031707.4276859504,740.8040261205583,0.031603772782309796,612.064738292011,0.4215321889063437,0.6751582756148956,50.09505473278118,0.02147693746089972,5.3388055033625275,0.08716009364307581,26372.836055426545,12.716083139782247,0.00044760670935256174,179.08487465062396,0.017208213485995567,0.10599313524015805,0.6484584032149383,0.5415630197569857,31.996298843235973,59.08139528728086,63.906181234681824,68.0,48.25971404805462,68.00735254367721,33276.416666666664,38.311827247700734,0.389019699507806,12860.86658044291,0.3864859221253163,33317.99999999999
IMG-F3334A786F,R1,dual-habitat,1,1,extractable,none,,1.9814292311668396,3.069094157218933,97588.32188876696,2.863857863142687,0.5541161894798279,3.596525122519479,4.665119647979736,2.5421285120743673,0.3399861411128331,2.559328556060791,0.6915292739868164,3.97359037399292,0.2314014460809257,2.5791931582501166,-0.1345020948422127,195176.6437775339,0.16492501936490545,0.18981997566277392,75.09844083558713,215.06455308750867,-7.784347032518776,7.7604149378955904,4.330024482365799,0.28321139442128795,1.5900948335912766,2.2905418905286634,1.781400395154479,0.5045891371065309,0.4434156172394252,0.9857591681114093,0.918934760853947,-0.032231159576996765,0.381942393306154,0.42945535682009806,8.61628722815711,0.03053003241820838,5.57622637044235,0.329662955772389,0.0663258436870834,17.232574456314214,3.5007979927074873,3.022609855065348,6.034582848453353,1577.4886162235855,0.10753160301455934,7.5417356995923495,2419.450034083163,3.1494617601781343,79.15766871165644,31.51233810497614,2391.5884798909337,0.4621828198222041,0.015722805713219223,0.1587756683302744,13.988311742097867,0.0030179029975062692,1971.9057958711508,0.15810416871951846,3.372127879298436,79.66144579275577,1.61126052460556,126.23675869566169,0.024901222201497812,0.015888370091095942,3.610977897092539,9312.441085460949,0.7455445381629718,0.8501546851240103,0.22368066348035792,0.8868591773553002,71.00676183642689,0.014209529907157483,252.96498905908095,0.11070677858165469,7.6761227489717445,89.9890590809628,7936.561925601751,612773.1024070022,106.8552681638448,0.019579757968229153,875.1549234135667,0.38299996648296136,0.6424199673949812,59.757431455698736,0.0134989623012354,5.45969451336112,0.15576005453306066,7895.343839807707,10.731571365910497,0.0004597338140959734,149.99583179545738,0.027046904150801136,0.05403283098241458,0.7403213970466217,0.7082788316848794,41.8977833488374,59.15436333056775,65.79513659838392,65.11528238439882,55.94640292279745,69.6921803361037,28732.74999999998,43.79324090228936,0.2510006660336919,18074.267823879687,0.6290476137466723,29339.999999999996
IMG-221E334705,R1,dual-habitat,1,1,extractable,none,,2.137159299850464,3.1350763320922854,22451.07196730251,2.7809592581471745,0.49467360973358154,4.527319775635689,4.676685810089111,2.640020807628377,0.3164376536189911,2.648416757583618,0.5442190766334534,4.132466733455658,0.20953909326060138,2.6726762257818533,-0.038564351211353695,44902.14393460501,0.1782635108001266,0.1734883431487458,81.82153172094584,137.75438891411096,-1.2705728024351421,5.983150074899178,4.070623625488228,0.18898570665497966,1.5091825185163201,2.2476337423164745,1.7761166104624044,0.5209826046658917,0.464496707975773,0.9866694923393564,0.9229073525689784,-0.030127093566780398,0.3631415773053258,0.4407930006973625,9.01897432695928,0.03700829485867836,5.3043608750430815,0.2895544953604571,0.08064827302002252,18.037948653918562,3.3148873545640467,2.5134434250968516,5.86767591072402,343.37861915367483,0.10925186737310685,8.212476067852352,560.282214444798,2.8701568434477918,85.91600381800828,29.84696150174992,2467.10658606427,0.3831159772236489,0.01419823802946892,0.19805215064115753,18.20760143871794,0.0037215597994466297,457.28989918008733,0.16924103339210086,3.126068868960474,86.3764510296164,1.5648226355004882,133.21011521262946,0.021687269163231417,0.014414118440972252,3.4927157135658433,2058.281632759956,0.7602963310183749,0.8595658239310802,0.2063634075850362,0.8941679587161728,77.55265012297181,0.013048707817557615,73.48059701492538,0.10967253285809757,7.178792604143461,92.53432835820895,925.7059701492537,75299.9791044776,11.607571601944143,0.018607683663203155,265.1313432835821,0.39571842281131653,0.6534462571479371,61.43036922501722,0.013802759120309495,5.277960173409166,0.21317212853961184,903.7000690576966,2.153991818685349,0.002143314430023822,147.4955037913647,0.024434596488765326,0.25117270080821336,0.7419746127221111,0.40928304064616583,19.485304647815774,47.60838518266689,52.0,49.03060268852505,45.221676218380054,52.124850119688595,5983.83333333335,35.32421315823436,0.28796472115798744,5535.172566086679,0.9250211791917103,6285.999999999999
IMG-F23C8BACCE,R1,dual-habitat,1,1,extractable,none,,1.9547312021255494,3.217463493347168,10467.440115784884,3.0223327306737757,0.6435446739196777,3.251342736064607,4.860394477844238,2.5985823539231885,0.3887459260923386,2.6089694499969482,1.0712052583694458,3.7891892194747925,0.2716347715351318,2.644291581209638,0.09300414797785665,20934.880231569765,0.1435991555589469,0.23964771633518817,47.37758875185132,223.21825005291944,0.5341415317295086,8.468012715113867,6.552863500910291,0.12649090307594396,1.9828916161676307,2.548264575238887,2.5946275459931014,0.4549645519334394,0.3814759725603005,0.9762971985742201,0.896467160170263,-0.03129365439627629,0.4036826363992652,0.3801859602240753,6.848074505945868,0.02291686771455655,5.884377022829964,0.24088816879254643,0.052536917905082345,13.696149011891732,3.5637841755795963,3.7552190540060386,5.526572157885768,258.79024716098866,0.17287257659384678,3.475513038992704,214.9679358717435,3.9214416363343476,52.14829659318637,13.547762191048765,666.9766199064796,0.3396727861145468,0.031093877112956185,0.29185766107303085,17.349001426425833,0.010978305679546168,191.85196782316103,0.13982569972630735,4.090473482932536,52.4381115517732,1.2974931095723377,66.98921219531681,0.039234043326057955,0.031577126229968014,3.478835388191879,1164.6364257661658,0.8474088482838019,0.9163968963568163,0.10293071966142019,0.9363343591549049,49.308108991455,0.02992231324250433,58.548507462686565,0.10923229004232568,6.3797581588327015,57.78544776119403,32.05783582089552,1593.0746268656717,0.7563824525482525,0.03758193482358515,183.48880597014926,0.3423298618846068,0.6034891818310809,38.07336393050965,0.02407030585477662,5.330875136699034,0.3580494321977288,24.25748705168189,2.1658220449948296,0.004208122405299121,123.09939820430759,0.06281787798647419,0.2923074891044257,0.6141157135770372,0.417740208102838,22.373095291782565,53.557437990921926,52.20153254455275,43.68065933568311,45.122056690713904,54.73572873361603,2700.3333333333367,32.890464249152934,0.27003343352943093,3472.787189979411,1.2860587050905097,2993.9999999999995
IMG-EB5661F755,R1,dual-habitat,1,1,extractable,none,,1.5011958837509156,2.9417821884155275,22559.440032191913,3.272480516224969,0.7956156730651855,3.9253475155994546,5.333902835845947,2.2315272286009793,0.46624022609536486,2.216974973678589,0.5900970101356506,4.743805825710297,0.3258966152548912,2.308553924402423,0.502670081405961,45118.880064383826,0.12168020060397507,0.3497074498862603,57.25965511686887,962.0106848355923,26.212894277749967,16.31796245896368,5.466267408242806,0.496825709405759,1.7215628190514,2.4143079839369004,2.4718032605848603,0.49487059937017397,0.43258352529217337,0.9871592060750426,0.9251693358007864,-0.08905323475372542,0.6481630798236538,0.4208088647056474,7.3855037711580325,0.019766482134133893,6.178919025666826,0.5354378174560284,0.04034445608975163,14.771007542316068,4.021646576026273,5.446057466801624,6.416912374750196,468.74769666902904,0.11073652177392607,7.272952010094267,515.0722891566265,5.741877028548875,61.60099220411056,30.527994330262224,1667.6794235766595,0.7490047395867485,0.02748756074761625,0.15955621737635137,12.5793646605162,0.005881866851058859,425.5696062624147,0.11785304162682295,6.1020788961709735,62.687386537591756,1.5976435730251937,95.7021703573686,0.04280394314724191,0.027934127614365555,3.9980170652977205,2713.3276703477404,0.749791380013797,0.8529866070617312,0.21731428686560955,0.8888713444059655,56.517789595747224,0.025157959040506273,53.39090909090909,0.08089531680440772,12.832366850321396,83.82575757575758,1439.9045454545455,71805.0803030303,34.11316229752118,0.03901280795860336,253.27878787878788,0.38375573921028466,0.6427471022269029,56.350089946222525,0.027381069325456725,5.726038691534045,0.1559177888022679,1398.7698140495866,2.8939349984276896,0.0020053554183341277,196.4938685434588,0.03991084203473874,0.3277039815137135,0.864461644094648,0.6135972973794223,24.755490972230522,40.34485007994223,49.92995093127971,48.703182647543684,36.87817782917155,51.507281038703645,8346.083333333334,34.876575430858956,0.3936321265784718,5054.932947524667,0.605665285815662,8466.0
IMG-4058D9DB94,R1,dual-habitat,1,1,extractable,none,,1.5008024215698244,2.5425135135650634,49388.952921794145,2.8368736238024987,0.520834743976593,6.427438833823787,5.667427062988281,2.012088669485151,0.3353144606511027,1.9728148579597473,0.525885283946991,5.14154177904129,0.21957966199193946,2.061635317557027,1.0244151760986209,98777.90584358829,0.17279657602625897,0.2018393687279373,43.30020925007365,370.5127843441652,17.516227180519127,8.180347688534185,3.409211097701309,0.40930107838465246,1.3510675357001536,2.1306647146261595,1.5718758280741565,0.548224708735715,0.49934839269004183,0.9925550237088892,0.9423085164359748,-0.05961979225808238,0.5120552626733846,0.46286910612974874,6.4889738828764,0.037527550707413884,5.3393322570652035,0.5317087534118273,0.07833939126627229,12.977947765752804,3.5056377545020934,2.897389696558873,6.328186605063018,957.7065404475043,0.08241880726742722,12.003182269278739,2007.8962134251292,3.342272952147908,46.729776247848534,52.07142857142857,2129.8943201376937,1.4903843740640579,0.029888537108457132,0.1144858539346161,7.623810192606555,0.003949248006270377,1494.1918465606323,0.16172603558525156,3.7510836413666797,48.01321756428845,1.9532165280870544,87.55489521769371,0.05753457062389401,0.030177127545104973,3.8121023727352434,6214.955906599571,0.6715881551230667,0.7950019859658415,0.3652886640425239,0.8462646238606072,41.52984737043667,0.025740467635920382,115.25910245554614,0.09759449826887905,11.013266072108411,72.78408128704487,15379.64098221846,627676.8907705335,406.5252484504501,0.03680083063149431,517.7925486875529,0.4384356889818399,0.6887123308077436,52.97706041177799,0.02556124291266299,5.380136413917893,0.10163511187607573,15282.832711840954,8.202504017660004,0.0006451545002051777,208.73737747066122,0.017573245184255668,0.18364666940238544,0.8791330789136709,0.7098074498790724,30.334086005532807,42.73565459294732,51.62363799656123,50.0,44.64302857109943,52.16320542297991,23096.5,37.57032760168894,0.43384143005493386,9040.321662334063,0.3914152214549418,23240.0
IMG-541979D707,R1,dual-habitat,1,1,extractable,none,,2.0046154737472537,3.1897607803344727,15384.272890882821,3.0009784660745544,0.5991100668907166,6.8946075797393815,6.1138834953308105,2.5912237034273753,0.377001538177968,2.5737111568450928,0.8801615834236145,5.233721911907196,0.25001276017985063,2.639605064443005,0.8817026357750565,30768.545781765635,0.15345630513547578,0.2530746150292805,61.19409487264516,416.0321153274475,14.568283435488299,8.7265240409353,6.109910394354321,0.1734955636969488,1.8296746523219605,2.4733672527794592,2.7385995527744904,0.47856525796798444,0.4119989521188773,0.9881402156655155,0.9272671779124008,-0.03695668895306095,0.42381844387825585,0.4081745774279648,7.780629282399393,0.027041773756477688,5.753766649308956,0.33372276336499423,0.057105401121324346,15.56125856479878,3.5510273948151334,3.7091086088224055,5.801026742903942,287.4375,0.13018002717391305,5.463629456784289,338.83152173913044,4.164475810950956,66.81657608695652,21.894021739130434,1309.0529891304348,0.41180303873228113,0.020763526935647977,0.211838909162598,17.439712769510557,0.0056842247689297505,286.6839269681376,0.14710194060591533,4.469495302615416,67.64896378551313,1.4435247349234763,94.46361533062638,0.029352812231786003,0.021024001793919816,3.6143881732129937,1546.8665148839468,0.7929165844205632,0.8825599219620959,0.15709807470964776,0.9109192727245952,62.23122620813572,0.01934476086301799,49.0039603960396,0.09703754533869229,9.990926379766691,82.93267326732673,418.94653465346533,24413.819801980197,7.5807734805082205,0.026708066671303668,188.51287128712872,0.3732928144299578,0.6328268798635701,57.079749003233275,0.019085165483166886,5.437799230067361,0.22871376811594202,399.82972649740225,1.481367822489312,0.0030898020970077955,256.0361630504344,0.029511832445659532,0.6284929187386036,0.8805690546625519,0.5103316946971331,19.265285810260405,37.75051796791455,45.31004303683676,43.86342439892261,33.13608305156178,46.572524088780064,4232.083333333333,33.24193792002819,0.32898554087002524,3846.007446822318,0.9087740348895899,4415.999999999999
IMG-101973A652,R1,dual-habitat,1,1,extractable,none,,1.3332098841667175,2.2962769508361816,110578.13965449552,2.6946033366862223,0.49779683351516724,3.7508183787339267,4.397952556610107,1.817412567889406,0.30298303778665425,1.8062950372695923,0.5261320471763611,3.8718205094337463,0.20777472869373007,1.858102765336797,0.33514822303541414,221156.279308991,0.18339932482894128,0.14955744462988732,34.41068520030969,181.05441292880928,4.1880652068537945,7.274166819925973,2.180240837612467,0.5380153680672246,1.093760633566125,1.8814181836665305,0.9742690273545475,0.5925593700975219,0.5550926758794567,0.9917490016013891,0.9390027137609114,-0.10127661122715402,0.6331392841810827,0.4899609576745431,5.756465432971925,0.043547585613875076,5.042732130858931,0.5444660292046158,0.08686768416689998,11.512930865943854,3.4681289482468856,2.3636019143846103,6.450164990437753,2352.2795678781067,0.07344447258268098,13.997497116337678,5873.913575621331,2.5017220661205197,36.19048957162483,74.50168602472836,2496.2704196328214,2.767610170546662,0.03974285975851464,0.06539115995990676,3.020665548891199,0.0034864466385560746,4103.204594298238,0.1732930741199816,2.7704244523449977,36.94730031142465,2.372725397247155,83.39251569738833,0.09181777116739134,0.04047674010941779,3.867107145103118,14174.899240089986,0.5969960372394862,0.7392906207068815,0.5318255718304207,0.8004536310392789,30.08902350175439,0.03289543261867274,176.27205428747686,0.10874278487814736,7.899480180131152,52.42072794571252,99751.31030228254,3318258.0363972858,3343.5468494349993,0.06079674925336275,584.5916101172116,0.3606364035269658,0.6236884786588338,32.974543502512965,0.040942354475025006,5.601118825165052,0.05061196453103534,99360.92486378466,30.32615239909603,0.0002570817742703586,101.53838557900703,0.016373384846269955,0.039460986341534714,0.6421266199189625,0.6145744651912725,42.315008139290825,68.85253217626156,73.348483283569,78.81624198095213,48.507731342539614,79.3473376995095,63970.833333333336,44.21204375920444,0.4608688655950389,16783.972527846556,0.2623691400171415,64055.99999999999
IMG-08DAD293D8,R1,dual-habitat,1,1,extractable,none,,1.5278218746185304,2.695212650299072,64415.97303018316,2.955218831281443,0.6224343180656433,3.827252037022533,5.187071800231934,2.10018622822523,0.36886849552672535,2.0767616033554077,0.43659013509750366,4.75048166513443,0.256604760772575,2.151645830041432,0.43132059725297395,128831.94606036629,0.15183897577862282,0.21879758470776312,62.91860965939793,313.57393708340885,9.426332829363798,9.831373532335144,3.3812098126751726,0.4868835771903485,1.3726724657042126,2.134770800048454,1.4844214072416588,0.5410339670478177,0.48997758281469905,0.991838337358038,0.9386463958155018,-0.07924166282835722,0.5932069024977724,0.4595481535530655,7.829688427090973,0.030205743146458644,5.552769403458284,0.502879038698773,0.05931995464621225,15.65937685418195,3.680372328545061,3.3031458362525803,6.426889123760837,1224.717981888745,0.08802055353519801,10.370545515544894,2112.687508983757,3.6239468897929825,66.75413252838867,46.985482248095444,2850.4649274112403,0.8948576077299059,0.019302446815077652,0.11485267489636386,9.564572624559075,0.002445714433143133,1628.649337754327,0.1452700120930847,3.928613052305662,67.92756372493656,1.8766824946538516,121.81410831706116,0.03605354063760257,0.019368566154985882,3.87402805557741,7682.033562666861,0.6840852195686744,0.8057297022368173,0.33108396058356837,0.8534277343783649,58.77683527717462,0.01657732393468607,128.43125904486251,0.09293144648687592,9.995899836852148,88.80969609261939,16008.86975397974,958393.4348769899,288.8977919560578,0.02240342251412326,603.7047756874096,0.43683413580854524,0.6873742454114432,63.336903513666975,0.015680374394028786,5.447249752699091,0.09932442144602559,15907.50478029492,7.863266533746513,0.0005737579529074624,193.19118623047032,0.0190442530075603,0.12495645457646798,0.7848826870026703,0.6214992858061588,33.73971329157291,54.28761393958559,63.063460101710234,62.60990336999411,43.931765272977586,63.725975865419265,27652.749999999945,42.60940829986556,0.3591237092613552,12313.993819772562,0.44530810931182563,27827.999999999993
IMG-AF33632FA3,R1,dual-habitat,1,1,extractable,none,,1.6757710218429565,2.992562317848206,24991.763661792495,3.13973895147918,0.6773849129676819,3.48146015326065,5.0120015144348145,2.34688984130256,0.41436480003902765,2.3507776260375977,0.541675865650177,4.4703256487846375,0.28342962271685507,2.405786777530839,0.08339303952093689,49983.527323585,0.13536225342346878,0.279918091733063,63.14118050768236,488.0121051921011,-4.148252818833356,11.900002442593545,4.758391980597211,0.42600181033828927,1.6544947948219468,2.3444561658887153,1.9941361066468877,0.49765450912855513,0.43516265608227384,0.9874321573566553,0.9239635449517822,-0.06539645788905338,0.5542307826281961,0.4239067695436173,7.832886419277651,0.023420250195768745,5.933393711093229,0.46207596017379654,0.04877063057854267,15.665772838555302,3.815537474456429,4.164598605797688,6.275774608762698,489.0727188513201,0.11326371441670219,6.585337807353816,584.4942102825382,4.603536506380971,67.34622510421491,28.439555349698935,1791.9025011579436,0.5761018299857484,0.022953438813193307,0.16603883375967524,12.731356174337995,0.004902693205909033,485.9242290628771,0.13105991586764695,4.857019107856823,67.96062083561652,1.5648190817833212,103.80794944587934,0.03495399677965444,0.023328329459519497,3.8435641817301973,2811.7861434851316,0.7568729085167618,0.8586596358713078,0.2035927382971434,0.8925931193601867,61.097054462660886,0.021090975958030552,67.56639566395664,0.09155338165847783,9.689744126438555,79.8360433604336,1530.2276422764228,95761.87398373983,26.630119279702182,0.03114626534163584,261.6449864498645,0.354532501964586,0.6164145012930474,50.181673604933465,0.02051264318197027,5.682725477764323,0.17091245947197778,1495.994043815777,3.027429954084759,0.0018175209422293807,171.89488596494988,0.03539022253158351,0.2494256660582539,0.6075721251048035,0.5105121969096134,23.55871882409379,46.14722031463018,51.92301994298868,50.635955604688654,38.01315561749643,64.60650122085238,8383.000000000005,28.037764714239422,0.33585001778240636,5942.078610167319,0.7088248371904229,8636.000000000002
IMG-C0A4DCF961,R1,dual-habitat,1,1,extractable,none,,2.1479103565216064,3.122432231903076,3143.0367817921283,2.737792680946665,0.5170633792877197,5.486032174448112,5.001736164093018,2.669046924728252,0.3133109659040755,2.666313648223877,1.5149270296096802,3.4868091344833374,0.21177310515742073,2.7004497270002976,0.517045213837703,6286.073563584255,0.1789126888851804,0.16861724165464356,27.173124979866927,128.11477934069495,1.4536098955816403,5.4227842938974,4.406497216081732,0.09924139293677006,1.5620587121728258,2.254726156923223,1.943311638269635,0.5131461870891458,0.4544028088528167,0.9819793930556978,0.9115402596729955,-0.0760276865388597,0.5679217365631688,0.433573535245255,5.187689818073429,0.0412797951983696,5.062336375639,0.40245987305747283,0.08984190658943064,10.375379636146862,3.167688079557,2.457320377494783,5.321563529457802,64.22505800464037,0.14901405569522128,5.189463881008394,77.11136890951276,2.836160442719408,30.2830626450116,18.039443155452435,516.1670533642691,0.7712762926765335,0.0616607148135244,0.27636316798406546,9.32735511689044,0.023927923341365294,66.94310667365741,0.17240696539544426,3.0136836348587392,30.457924813697176,1.3607920026290015,40.80059676897005,0.07960574747434514,0.06353731354898381,3.2489307192341594,318.7755788436322,0.8189038619994728,0.9005889701945387,0.12174596987138761,0.9228200309369602,28.237166615387533,0.060024903745043406,18.37062937062937,0.12846593965475084,5.205829135899066,32.71328671328671,38.80419580419581,1175.7762237762238,1.52284875799314,0.08720386716967787,53.0,0.3706293706293706,0.6313810129776833,22.14022020300481,0.060086522869849904,4.906278062850105,0.33178654292343385,29.720084111692504,0.9495833617170217,0.014390718724616738,80.41380654707167,0.05198066456914259,0.9424782454914498,0.4005158727734462,0.325538297605655,15.500578049121591,47.615221198638864,31.384709652950423,31.25699921617557,30.805843601498722,39.06404996924921,759.7500000000064,19.070651875673544,0.35728330701953015,1126.986044174312,1.483364322703919,861.9999999999997
IMG-E1FBDC8477,R1,dual-habitat,1,1,extractable,none,,2.054082727432251,3.100709652900696,2745.5208069999785,2.8236606245806297,0.5352662205696106,3.2968472538563036,3.8211004734039307,2.585885750055313,0.33069229429960245,2.6096532344818115,1.0331672430038452,2.7879332304000854,0.22619598977267744,2.6198858787168473,-0.14635984643765243,5491.041613999957,0.1666625,0.17699690516081718,48.423777563611,107.34821149717897,-2.9506343698080633,6.20608429498118,4.4636561860852755,0.16051229651271076,1.637814127678601,2.260307024103371,1.7512986265855008,0.49217464306845105,0.4282936175649942,0.9717692165790097,0.8877334750615826,-0.08160282994212942,0.5970807381172851,0.430025859630061,6.926448785403112,0.03372626661076408,5.2593728965851705,0.4255409661406183,0.06825435291759246,13.852897570806224,3.278688579533856,2.6674351202666133,5.290659152342352,67.49,0.168725,3.533775,66.665,2.958975,50.5,13.87,675.77,0.3374716746547104,0.029280848144660376,0.29576152328987154,15.782151432586925,0.011849898134537734,59.65467905294109,0.16300387847482353,3.0763296765388737,50.68503859615185,1.31536855505473,65.82120667203873,0.037512981922053094,0.029750297057966342,3.2628568373250624,311.3561721471887,0.8480822134278951,0.9148076923076923,0.1135754208113738,0.9358896929597713,47.54060758521452,0.028202584902213643,17.246376811594203,0.1249737450115522,4.922285234194497,54.94202898550725,42.94202898550725,1950.840579710145,1.0660224672739966,0.037407969483734906,54.43478260869565,0.39445494643982354,0.6496260578333853,35.466725561706276,0.028998768373341425,4.7040519972433685,0.345,34.54043268220963,0.67393002429417,0.01585292285345226,71.37460440438151,0.055188171253712316,0.7326722517884762,0.8361301161104499,0.6415593104211147,16.253160978815295,25.33384009055506,32.2490309931942,34.48187929913333,27.018512172212592,37.322915213043046,691.6666666666666,21.182386656439373,0.3586987864160311,1054.4324950895443,1.5244807157921123,800.0
IMG-1C3C176B7E,R1,dual-habitat,1,1,extractable,none,,1.8461682796478271,3.3004066944122314,6098.5801856024655,3.3255472540936104,0.7129406929016113,5.404844683840048,6.038222789764404,2.5697297091188442,0.46837212626679153,2.560971736907959,0.34687021374702454,5.69135257601738,0.30354041539135374,2.6460941442019537,0.35631907026356313,12197.16037120493,0.12410217744624928,0.3983034420518496,97.707208555907,488.1772595239315,7.3775441307533915,11.200377986614066,8.610868976347952,0.11775309603390946,2.2523643732393444,2.6848846188165245,3.48963815722088,0.42772733963281817,0.3478064724513038,0.9858719216367405,0.918531231247083,-0.08036424510487664,0.6284595668172697,0.3491312144498073,9.851155960213678,0.020339820556486494,6.058692599139653,0.3804469945451992,0.0448226318814872,19.702311920427363,3.6950933920489373,4.952811740740505,5.449998748211771,206.87830080367394,0.2375181409915889,2.243788564024354,108.09299655568313,6.486989234697307,103.07233065442021,8.184845005740527,816.8174512055109,0.09836347048957843,0.016872259135199734,0.4263039510569716,46.7403653193854,0.009942537544473454,100.14540116015752,0.12168704705243137,6.6999985122139485,103.32420962454322,1.1876374494114283,121.86445989701465,0.019368405758710166,0.017183697744860428,3.643346956516446,739.1330832204478,0.8967287361564151,0.944714298330831,0.06397215663870714,0.9580296979659064,99.17282546348214,0.016695617658108435,43.78202247191011,0.098386567352607,9.571336952405002,107.51460674157303,9.26067415730337,932.1348314606741,0.11421280799467265,0.0216197854294687,197.7325842696629,0.44434288599924254,0.6925605034611605,77.70773753502802,0.017689582427682666,5.16713797277251,0.5109070034443168,5.4296376720111095,0.5402050896158312,0.007476493115536191,303.8178526755845,0.05893827921347408,1.2528032601358876,0.6556219904823262,0.5707019202395633,36.60603957555547,64.14213493479987,60.90155991434045,54.488530903301104,56.61271941887264,62.00806399170998,1444.4166666666697,42.05299417973944,0.2480766080313847,2490.9210916195616,1.7245169964480862,1741.9999999999998
IMG-964D61E27E,R1,dual-habitat,1,1,extractable,none,,2.0976354598999025,3.1462719917297366,8530.739600145625,2.848276062458797,0.5456563830375671,3.3934033130688523,4.018376350402832,2.616413082577644,0.33497474488880885,2.620043396949768,1.0006811618804932,3.017695188522339,0.23026915416439808,2.650842954448257,-0.03404211635567739,17061.47920029125,0.16468493604270873,0.18135095046451222,48.76190309901472,191.83892303635474,-6.427155953085729,7.400153502015136,4.663194162542082,0.22585631788644273,1.6677946011201112,2.3210197502320438,1.8625389835930368,0.4899363375757367,0.426027972807273,0.9746305914451234,0.8935099947567908,-0.05035584791171434,0.4888601291654728,0.428821386394998,6.9336901808707445,0.02959510457466689,5.523539120048698,0.36117370991129644,0.057931858676098846,13.867380361741482,3.451010218603142,3.0158369161393046,5.555305014351214,186.81219110378913,0.15388154127165496,4.162679231046902,199.92751235584842,3.064829189385777,52.28418451400329,16.395387149917628,812.9283360790774,0.41540999012106083,0.028293409555219542,0.2659943295525242,15.73996382020485,0.007902965771527158,176.89222816434688,0.16115316923742024,3.186627999252634,52.587091979491056,1.3515637639089635,69.93759985162947,0.03768971540301151,0.028511474624463146,3.35558892085673,909.9395520822158,0.8270947211864731,0.9039411988341146,0.12230387033889509,0.9266962970020021,48.94763324940373,0.026572586913213275,44.97843665768194,0.12123567832259283,5.185213708124759,58.26684636118598,51.99460916442049,2583.3126684636118,1.1885039865809859,0.03145718176661571,139.6900269541779,0.37652298370398357,0.6372967047130921,39.793295876122784,0.019375900679269323,5.235735673419113,0.3056013179571664,41.287072892524755,1.7848434158859139,0.0052626946780652915,84.77969333724654,0.04789745391438856,0.2998210251874243,0.8429311652718886,0.725929155441056,24.821305638880172,34.19246279452626,36.67424164178449,38.27531841800927,31.384709652950434,39.44616584663204,2220.4166666666665,28.821892506905712,0.30544790836987756,2694.6557330393575,1.2135811145232611,2428.0
IMG-570F46402F,R1,dual-habitat,1,1,extractable,none,,2.2350929260253904,3.260719442367553,277.8482518300911,2.6889565827591806,0.63767409324646,2.8144118721026197,3.8170697689056396,2.7072668784373515,0.3527697440566069,2.5917067527770996,2.11157488822937,1.7054948806762695,0.25633398276021735,2.7403306755981265,0.6884247300734314,555.6965036601822,0.17311906501095695,0.18011826054016228,11.449816849816848,68.37460069997685,5.342064245767954,4.4008062484252966,5.20964590964591,0.03867675019192666,1.5964590964590963,1.1616716388981292,1.152166792642983,0.5631408802837374,0.5056662355757378,0.9353680656659407,0.8555264746107236,-0.5902151126331346,0.8002149439152997,0.31136106023606025,3.293650793650793,0.3421562057871581,2.256140746797011,0.7746515648240689,0.3779609279609279,6.587301587301586,1.370000022543775,2.402613039517801,3.7666404471085624,13.54054054054054,0.36596055514974435,1.1263696128560994,6.405405405405405,2.991964937910884,14.405405405405405,4.405405405405405,43.270270270270274,0.9977456410492125,0.23535825366182506,0.6029954954954955,10.087657657657658,0.14145622663479807,6.141511712099947,0.17130605158756643,3.0229071008687516,14.568391694862282,1.0983839689722044,15.496693784929079,0.25804648103617694,0.23559187953745775,2.8189218558199354,33.65757379875026,0.9378277666018645,0.968814968814969,0.03108611669906776,0.9754040077569488,14.336316172345581,0.22997822916277796,4.230769230769231,0.16272189349112426,3.3210059171597632,16.115384615384617,2.8076923076923075,32.34615384615385,0.6533089678178965,0.23584101909994765,14.923076923076923,0.5739644970414202,0.7846581196581196,13.516837606837608,0.18260651055293914,3.5035391228040202,0.7027027027027027,0.7825443786982249,0.4565343915343915,0.12864344903517413,34.61102416568803,0.15261001524175893,2.8764530954311978,0.5048296407768927,0.2548651344783261,8.275673603553315,32.47079527175218,12.165525060596439,24.596747752497688,12.806248474865697,27.0,45.0,16.392219912778682,0.40691207578453403,150.35754356021073,3.3412787457824606,74.0
IMG-94107097DD,R1,dual-habitat,1,1,extractable,none,,1.8591286897659303,3.0875235080718997,9614.713295074165,2.9842878867352627,0.6296765804290771,3.9093777008756363,5.0623779296875,2.4197665431035342,0.38451534382170255,2.346606969833374,1.1041992902755737,3.9581786394119263,0.2606209915308474,2.469177566228555,0.7156901845607991,19229.426590148327,0.15124074712225397,0.24156773044314003,37.47693658502704,350.35165064397273,19.334999799497787,10.008248601483647,4.6462379372623674,0.3642104757233643,1.6161940651635414,2.33429726124029,2.0133415404443817,0.5075097330788384,0.4474473757697347,0.9848425624950552,0.9181473945945238,-0.05903204999096864,0.5274140945057432,0.42527326898284823,6.010796009372228,0.029006207646199374,5.666087681331581,0.3960150844208773,0.06991159822620494,12.021592018744457,3.643003743670376,3.6636216346865043,6.07541749254663,173.88142041851617,0.11026088802696016,9.145966772674251,238.50665821179456,3.965396680001721,42.69372225745086,32.31642358909321,1030.4946100190234,1.2676847500228547,0.03723686860510454,0.16897564380113236,9.901567581164663,0.0072824390224440405,194.65792038044617,0.14463286998653857,4.2015541519400035,44.10868654241956,1.6036213876704744,64.56747893583714,0.060139079712196335,0.03713357632396092,3.6993848320146103,1015.193496322338,0.7525769639514943,0.8533242280864347,0.22378249591680682,0.8901560055571193,40.222154832472725,0.033019851368150964,31.171821305841924,0.10711966084481761,7.598894675310872,61.175257731958766,680.8625429553265,20835.993127147765,24.59368304457763,0.04252893956400697,88.90378006872852,0.30551127171384374,0.566257122627945,37.83394476759841,0.02724020740940606,5.480699389947838,0.18452758402029168,651.4943375727732,2.0121363505265846,0.0046526256940783274,119.12971775219738,0.04409026011708476,0.46270521520661106,0.9092133575866278,0.5768756377898807,14.63267938581952,25.36539667696849,31.622776601683793,28.635642126552703,27.202941017470888,32.01562118716424,3066.000000000002,23.062557479183212,0.4531839064843749,2252.1176770602938,0.7345458829289929,3153.9999999999995
IMG-CE3932CEDA,R1,dual-habitat,1,1,extractable,none,,1.6713325738906861,2.919587421417236,14468.65726017009,3.0358801813630465,0.6664570569992065,3.8753254861303006,5.306492328643799,2.2950321289811817,0.3921979915180337,2.2856528759002686,0.489412397146225,4.817079931497574,0.2756108766702587,2.347737087590037,0.2199148578423718,28937.314520340173,0.14150980498866214,0.2446969593898535,77.85679852054861,344.8921506449448,3.3035262670912027,10.61800772842319,3.987857984673939,0.45211741151670526,1.4949803655754945,2.2367467809183683,1.733752233845079,0.5233657632278411,0.4675210379506453,0.9912772332320705,0.9365720008643895,-0.07810977376815405,0.5955093861491648,0.44229137682967173,8.729062685863726,0.026373691098096896,5.697101847006056,0.4855253876202435,0.053329901665011774,17.458125371727444,3.727161737368567,3.651466428274281,6.2398007977991945,277.7748571428571,0.10581899319727892,7.6541335510204105,371.46323809523807,4.058413569160998,80.24304761904762,32.10857142857143,2487.2975238095237,0.47709705534774377,0.01624156800372892,0.15700352544162893,13.273565734277424,0.0033764441901228,305.65009509952046,0.1372510821332545,4.305885464203154,80.63964171378183,1.6250440763735148,129.1757193940462,0.025829507023278814,0.016475988493411413,3.7762074454743764,1659.2701646814423,0.7427166895403743,0.8482637362637363,0.2267726335483655,0.8847698762088287,71.59452767202606,0.014754263276941045,40.14622641509434,0.09468449626201496,8.652278390886437,87.62735849056604,973.2004716981132,74666.84433962264,13.733665138314997,0.02159629055645652,148.91981132075472,0.3512259700961196,0.6135349610627935,53.18581727388143,0.015099195977621114,5.5415209030091725,0.16152380952380951,934.8715234514061,1.7997491532588745,0.0029680282977619893,146.28854211003082,0.032583732045134144,0.391048864061662,0.7692233220297066,0.5071344001111905,17.481403320087477,34.470947575740546,32.57299494980465,32.01562118716424,37.73592452822641,44.45222154178573,5088.083333333337,26.515856807723004,0.374822988130658,3816.7529475440683,0.7501356989457194,5249.999999999999
IMG-0BB0F6A309,R1,dual-habitat,1,1,extractable,none,,2.0433725118637085,3.192213535308838,1698.7858368206323,2.802736464047415,0.5796586871147156,2.6723739960966975,3.7411015033721924,2.593079707002252,0.3446325340867633,2.5482784509658813,1.567564606666565,2.1735368967056274,0.24232312304583353,2.627857203694809,0.0695814750832309,3397.5716736412637,0.1640557868993324,0.1815711161438153,23.99571395613183,113.59102887707543,2.9273116873497664,6.330335783659932,6.493038669780633,-0.007766459501815001,2.0573956744759254,2.3636349407465187,2.1754235537739026,0.4291920658180907,0.3490683957519604,0.9441407238751526,0.8415723365080959,-0.2050879151371675,0.7861619600060958,0.37763494313336576,4.900304673474898,0.037296381229278516,5.0152383757793135,0.5314590109366158,0.07313810502611476,9.8006093469498,3.1206045813416208,3.2058436133601407,4.364504846783235,83.13821138211382,0.33796020887038136,0.8833366382444313,40.357723577235774,2.9458655562165377,27.21951219512195,4.349593495934959,105.30081300813008,0.2747196943742869,0.07885162153539525,0.5374333785004517,16.029852077687444,0.05152900354398007,38.65590881008803,0.162498753845642,2.9949003915328407,27.345626876121976,1.1117330538367238,29.98933077631562,0.08612506540127815,0.07954895037070171,2.9921141423359137,223.5840803737976,0.9382522355732535,0.9668542839274546,0.03841426016362083,0.9751116087047915,26.75687457034383,0.07806599753298181,23.1125,0.144453125,3.6433984375000006,28.83125,3.25,83.5,0.2167313387739355,0.08983310500125977,78.1375,0.488359375,0.72315625,22.076736111111114,0.073284133460097,4.1753608683874,0.6504065040650406,0.88609375,0.9464714884379204,0.022313937347824015,54.4742240438638,0.09220291667890237,0.6652250488160865,0.6515921340488948,0.3335661736602954,20.816318833874742,62.40536504482056,50.03998401278721,55.21775076911409,42.638011210655684,59.949979149287444,336.75000000000375,40.66284498565494,0.2694654020045566,868.666051026783,2.579557686790715,491.9999999999999
IMG-59B11B70B9,R1,dual-habitat,1,1,extractable,none,,1.804863953590393,3.2616657733917243,10182.052987396673,3.3099953386443812,0.7377493381500244,5.38669612865012,5.8876237869262695,2.4877072561134415,0.4754802561526917,2.421590805053711,0.6410537362098694,5.2465700507164,0.3097970574623807,2.567162939547381,0.9212018866437797,20364.105974793347,0.12512269456750555,0.4016381660660834,70.48625667051736,949.0171271147761,35.92452456883177,13.94746589017302,8.32840947655567,0.24935006961074832,2.154746997462135,2.6674307811178743,3.6546290864981685,0.44265526947603806,0.3675916915961448,0.9839895548478486,0.9159829507122047,-0.06303053682881685,0.5693260993358246,0.3710504752223102,8.311212868660977,0.02026557007462413,6.180995117991188,0.3854946338034096,0.04598160462126536,16.62242573732195,3.8622050746043497,5.568968841682173,5.7065469976712295,289.5359223300971,0.187401891475791,3.567806788785203,193.31456310679613,6.506309737015742,78.73980582524271,12.275080906148867,805.147572815534,0.2225446318908103,0.019341777816727756,0.3495534550280836,32.83380992928378,0.007600068201533374,173.81662125864096,0.12159750082999768,6.786507896354139,79.71238995418888,1.2631408778999573,97.26163165966659,0.024185126812749095,0.019449108294981938,3.7301238910167323,1233.883002217475,0.8619614188818776,0.9249688822504358,0.0908669133548471,0.9429554730020653,75.87920737903204,0.01841777280524156,58.78125,0.091845703125,10.343710937500001,92.359375,22.0796875,1379.1234375,0.4065365600156211,0.021078313402908302,268.025,0.4187890625,0.6727297855474706,66.66427682778739,0.015245807191464266,5.445300194257489,0.41423948220064727,16.25198974609375,1.0727716219668046,0.004192999499302591,320.09209959177014,0.05057426239829369,0.8437688222819363,0.5790513079855643,0.41231983320298976,24.811590477741053,60.17559302204612,52.20153254455275,56.0357029044876,55.569775957799216,71.16178749862878,2741.75,34.8447558482228,0.2686957703796546,3525.6716416354775,1.2859201756671752,3090.0
IMG-66019C89DD,R1,dual-habitat,1,1,extractable,none,,1.756594955921173,2.9799827098846436,63097.59583932253,2.99443386187552,0.6459050178527832,3.4412138348054486,4.981013774871826,2.365321706897927,0.3818768229482021,2.3526893854141235,0.8615511059761047,4.119462668895721,0.26793673679600183,2.413526548177122,0.3390550879302302,126195.19167864506,0.14651483977666696,0.23036362163324897,48.31949948879565,293.94158012972105,4.830682419215299,9.981575179011807,4.162645206392641,0.41045698259552305,1.54728034504058,2.2669795859162187,1.753214338847626,0.5121123866626591,0.453107960014531,0.9877326465759299,0.9248322975453103,-0.05718096878737792,0.520354101732372,0.4359448772892583,6.8455796531242195,0.025885903777974614,5.7210049563113285,0.43655327053555826,0.04652735008598699,13.691159306248446,3.6914871938591145,3.536055096351112,6.232010531821206,1121.6355243722305,0.10354833127513205,7.822525924336012,1587.0487444608568,3.8035079263476677,52.888847858197934,33.887924667651404,1577.4678729689808,0.9186318731109877,0.02739071992914111,0.14826688285175468,10.121522542020507,0.004395750935139643,1295.8323850383165,0.14205573246629874,4.030077695744494,53.89797209812252,1.6541940308692062,84.74621583931987,0.0451864594935224,0.02746256466462502,3.764352609611473,6697.456150871695,0.7330731153641685,0.8420989092148621,0.23959828125066482,0.8803618462083516,48.15524965343173,0.024241268798099926,154.69559412550066,0.10326808686615532,8.137830859481534,73.60947930574099,4869.502002670227,208754.347129506,127.94186102667497,0.030421184703597882,609.4552736982644,0.4068459771016451,0.6630894488160375,50.59204803964488,0.02068111988536428,5.435779008257647,0.13829394387001476,4817.215008529397,9.62815245991478,0.0006832467611366831,153.00832653332074,0.03177421372278446,0.09120858752734756,0.8102522690471214,0.6051568550148636,32.030712638514544,52.92960390860617,62.5859409132754,56.0357029044876,59.405386961116584,62.8728876384726,21276.5,42.88633166671354,0.299476849283719,12399.028576211573,0.5827569654882886,21664.0
IMG-C645016C68,R1,dual-habitat,1,1,extractable,none,,2.129992866516113,3.1328275918960573,585.5695449892794,2.751422284823243,0.45607948303222656,3.6716378075738114,3.6342639923095703,2.604952864703678,0.32672385675431376,2.611607789993286,1.238675832748413,2.3955881595611572,0.2090568128696158,2.6402776391465226,0.002134181953920218,1171.1390899785586,0.18197278911564624,0.1852865844492396,45.332589988513334,84.63106362345859,3.7482097370354475,3.9415451379365134,12.464707499028057,-0.3743288916333663,2.771780597738786,1.1446174730733494,1.9981124368924768,0.4120420388605224,0.32605629240492945,0.9166578710176402,0.8184490825333542,-0.6123290538036714,0.8516091352015924,0.23490368903896053,6.807575611495472,0.266981010873479,2.809279122428075,0.770174754110479,0.30748988954563866,13.615151222990944,1.5347057621568265,4.101563159241143,4.361634538183617,22.214285714285715,0.26445578231292516,2.0136054421768708,15.285714285714286,3.01062925170068,51.51190476190476,7.238095238095238,356.7738095238095,0.17035149629472965,0.0359130357253167,0.4923148148148148,26.331851851851848,0.024717070449601038,13.99239007088417,0.17633825663040115,3.1653579520121067,51.66339194744591,1.2396669670308158,63.487654848887026,0.042062523846604,0.0369013465971009,3.0069806553100986,71.9556483596657,0.8998852703558403,0.9415584415584416,0.08807463187142524,0.9555486920161873,49.47231457995956,0.03593342976544532,6.918367346938775,0.1411911703456893,4.488129945855893,52.91836734693877,6.040816326530612,300.59183673469386,0.15328886219567817,0.045944680758931135,25.489795918367346,0.5201999167013744,0.7468480725623583,40.324314058956915,0.0401841891331425,3.9709274472991956,0.5833333333333334,3.1020408163265296,0.19784122675198343,0.07203645926918115,48.78619929492232,0.08339344417535217,2.4008550118246315,0.6213869813756125,0.29252926139884283,15.979945514560308,54.626827545887075,41.677331968349414,52.15361924162119,27.65863337187866,52.191953402799555,117.00000000000038,33.94439947086493,0.427439582195259,270.6449714189753,2.313204883922858,167.99999999999997
IMG-9100D2E107,R1,dual-habitat,1,1,extractable,none,,1.8359074950218202,2.975752449035645,8276.767171049698,2.90924340375563,0.6109650135040283,2.913164412958184,3.6648480892181396,2.4072961200838505,0.3593368287791076,2.4184234142303467,0.9719178080558777,2.692930281162262,0.2515461701622776,2.449011508818582,-0.1614217163434514,16553.534342099392,0.15567737870195333,0.20258276055510885,52.869114829324076,177.41796707662104,-3.4247913433611967,7.805986616329122,4.609875851252631,0.2556072632223166,1.6470103835352188,2.326544816327937,1.8697267338850803,0.4976440673535167,0.43415515894728585,0.9709142675755061,0.8876416902839563,-0.040999125777957994,0.43634742920317365,0.4174006306107886,7.215925842561678,0.028223719501226853,5.594733219709388,0.29655861160835556,0.05830925493460756,14.431851685123352,3.507332157399901,3.1039656168954375,5.887986653611735,168.7246376811594,0.12226423020373871,6.081629909682841,214.83478260869566,3.3368536021844153,54.84347826086957,26.18840579710145,1458.9173913043478,0.5495465486129464,0.027086754767627935,0.16624439846096647,8.977251571866432,0.0074551027443608454,179.31640920420094,0.1500292696567835,3.5421827995386304,54.75002787717796,1.5282235753741398,83.9738691518672,0.03930202423951241,0.02793779991427101,3.5783663755827697,919.3548125893446,0.7677887599481796,0.8659977703455964,0.18990504407978864,0.8981801317806456,49.08972367944246,0.02571986532996159,26.107438016528924,0.10788197527491292,7.502766204494229,53.65289256198347,522.0743801652893,27890.0,10.271897994678778,0.04733023429207152,74.43801652892562,0.3075951096236596,0.5731496507753401,30.579565936077177,0.03275609066283138,5.443763596754606,0.1753623188405797,489.55610955535826,2.100510082739107,0.005090525942787484,68.06244977944561,0.06007724599429071,0.22995116320737818,0.6957249786684414,0.5624147518249017,15.277582574497092,27.164263606039814,29.068883707497264,27.20294101747088,19.849433241279208,29.137604568666926,2719.749999999999,18.89885671785597,0.44771290485980386,2104.604536162101,0.7738227911249569,2759.9999999999995
IMG-983E2BC02B,R1,dual-habitat,1,1,extractable,none,,1.9322322607040405,3.255349564552307,7936.403834401501,3.174571606921063,0.6275202631950378,5.247894326622164,5.48819637298584,2.5738997002086648,0.41601898682650906,2.549778699874878,0.2142839878797531,5.273912385106087,0.2670547034966036,2.633897480761571,0.40485114897172275,15872.807668803001,0.13911743850555042,0.312456272427897,116.6062253682505,648.2372582211167,2.5600514161460697,11.899995758485602,8.28402747697383,0.17865025003817053,2.083147223628343,2.6269724800305614,3.9017943922104403,0.4557800467561735,0.3845397772910029,0.9855966464478759,0.9219978424979984,-0.08783775420161763,0.6480415382041287,0.38425400638512436,10.756302081773402,0.02340204879381237,5.987227158451157,0.5119864206308881,0.05173745243200637,21.512604163546804,3.7447618167580354,5.046005808864858,5.460633097905001,230.5734265734266,0.20155019805369456,2.5162232872023087,159.15034965034965,5.198894200205388,122.87587412587412,10.36013986013986,1199.770979020979,0.09961108432463567,0.01088458625739926,0.3366709168042919,45.25371699308502,0.004482681815183554,144.64422288796658,0.1358032522042475,5.397304901407337,123.42205272586631,1.2405474763509892,151.21472872667465,0.013280645690527658,0.010985048102464364,3.565923447944686,929.5523574285291,0.8711611264228648,0.9307423345884884,0.08199788186060736,0.9468692596457768,117.26528478044095,0.010476751282683973,49.297693920335426,0.1033494631453573,8.241604366915865,132.8658280922432,12.968553459119496,1487.0817610062893,0.1292386610256491,0.012529761453395582,171.8972746331237,0.36037164493317336,0.6222772678577,86.7517835288299,0.00893658340981932,5.431334779182204,0.416958041958042,7.216600960756652,0.5778974283734608,0.005627672422980792,307.40075314983187,0.03820757143727602,1.1181129632488302,0.7597441402995952,0.6259572424997453,33.03105757978952,52.76887195662244,50.92150822589606,50.0,41.30375285612676,53.74011537017761,1965.8333333333333,40.090841259263534,0.24128909033988621,3145.1707994243384,1.5999173206058526,2288.0
IMG-59057F2048,R1,dual-habitat,1,1,extractable,none,,1.8634680032730102,3.2075054168701174,12318.28564278337,3.1531012890917904,0.7022594213485718,4.73183367109386,5.913039207458496,2.529701006775514,0.42343865643938405,2.5088906288146973,0.7295481562614441,5.183491051197052,0.2900343432919802,2.588119176458377,0.5730133980103512,24636.571285566737,0.1330122732021239,0.2989736878705383,73.93324657965107,525.9310846135968,12.739958027182265,11.337602014711118,6.498987984651233,0.26887998723350653,1.9203199538425664,2.523010905242668,2.767564180466301,0.4667650448418653,0.39669290685790515,0.987283995748804,0.9238741855064492,-0.052630933091268726,0.5037066093072353,0.3918267746550569,8.527403546386516,0.021166279181530117,6.0194253081509865,0.48204970455603746,0.04557223884622096,17.05480709277304,3.755740764997476,4.459147499840589,5.890636037199226,275.4970092441544,0.14980805287882243,4.437962921073557,244.60957041870583,4.884843259200909,79.86405655247417,17.69168026101142,1290.4545948885263,0.2853287839673439,0.017131246265775866,0.2355167289979178,22.013896419026317,0.004576650961081403,214.3584850209964,0.12974588304835893,5.108849001411935,80.60245815783956,1.378592555154038,108.40102331375644,0.023369968299989,0.01722868667373986,3.687273530679092,1358.018603968548,0.8206737903634711,0.8984397875099341,0.13614392758459595,0.9239913447857331,75.02066769139847,0.01598733525506982,48.128309572301426,0.0980209970922636,8.837428084336798,94.4847250509165,113.70468431771894,7730.439918533605,1.832212588918049,0.019115590944386418,167.39511201629327,0.3409269083834894,0.6033224458420949,60.6134262685655,0.012534522175284286,5.589834446666095,0.2669929309407287,99.67653195399056,1.0624197678594618,0.0038585694121081745,284.83682263975146,0.032008905017255306,0.8008769175039908,0.9096236967581507,0.6038594976299246,24.019984552023878,39.77743936511624,39.69886648255841,41.036569057366385,35.77708763999663,42.01190307520001,3475.083333333341,36.18250144287022,0.2967656111039465,3738.6433117922857,1.0758427793459948,3677.9999999999995
IMG-B5F9077483,R1,dual-habitat,1,1,extractable,none,,1.5089373826980592,2.49644021987915,95900.89356603465,2.7264563431148683,0.5059575438499451,5.048998950220667,5.484803676605225,1.991997841421098,0.3105099911698442,1.9670259952545166,0.4783262014389038,5.006477475166321,0.21089687860860748,2.032133174743471,0.6536204559626783,191801.78713206926,0.1808764083186355,0.16150983966666585,56.292424317507866,204.27299059421537,8.464499619989258,7.1258190430487085,2.7917147949616323,0.4359389492567057,1.2401278756440708,2.01726188294389,1.242977873192042,0.5639650623950356,0.5188868280519581,0.9943781875950829,0.9487124277243991,-0.06610508606378,0.5294888718527214,0.47457316940675676,7.430210005588591,0.040202743832211944,5.169327108545868,0.4523110705259671,0.08482118650258859,14.860420011177176,3.4397163910515025,2.4793834595025848,6.346356254634118,1814.3941351246608,0.07812918809476213,12.703348940878982,4200.492830383671,2.701279929181211,59.08797313008655,62.68970417258752,3394.7518408474357,1.2947729744874752,0.020662573854904453,0.08561064165221278,6.42527900717108,0.0018939966948346755,3029.8598800809636,0.17019878266870098,3.009020407212503,60.25797832917817,2.157191557375342,123.63913810734772,0.0445522840752168,0.02069250688125105,3.80161101537404,11295.418914023328,0.6333606812577494,0.7665345032610245,0.44815751526761827,0.8235429833572995,50.401951744712036,0.01707346264308244,175.97785977859778,0.10822746603849802,8.993435773841131,82.3769987699877,52137.14698646987,2820310.832718327,1030.3552991712008,0.022656415682463918,682.8351783517835,0.4199478341646885,0.6736052744389256,56.911493247807385,0.015680149847320263,5.317108647345076,0.07001679369590492,51933.163241014336,13.149505463109296,0.00032018061744019233,214.3479845655206,0.011769798062526777,0.10923705554681327,0.798604923717373,0.670476541478853,36.299530336320075,54.13989616438351,58.8302643203309,64.35060217278468,50.28916384272063,66.88049042882385,46332.16666666663,43.236387646423985,0.5390431502256992,11573.081176796824,0.24978501998532698,46445.99999999999
IMG-BC8AB8F6A4,R1,dual-habitat,1,1,extractable,none,,1.133659553527832,2.658588981628418,5567.647707413144,3.218526702952097,0.8692220449447632,2.650527691630599,4.088776111602783,1.833921048971152,0.4860122554774171,1.7326093912124634,0.6144641637802124,3.474311947822571,0.36036639746099225,1.9246704719054066,0.47956966628506076,11135.295414826287,0.12132620985573762,0.34109001156512975,36.894131345143876,762.7523638331269,33.09050670342271,17.808068346500253,3.765748866467942,0.6505809124456964,1.4760542202655285,2.1986463845979443,1.5588082853262895,0.5230564207544034,0.46645308431256294,0.984155080231688,0.9154117791686496,-0.14934867557316525,0.7752915099522029,0.44097129141159264,5.777429159875354,0.023002680903923507,5.887653025565982,0.6862812324255997,0.05373299952818727,11.55485831975071,3.995477854832756,5.39345430324205,6.394875928672015,157.54956753160346,0.10482339822461974,8.006946408801381,182.35329341317365,5.653332943781987,40.12109115103127,34.32801064537591,1048.942115768463,1.9246502033370345,0.05462526131929943,0.13794872938909775,7.287748361899176,0.009772728185652498,148.55035113514415,0.11748195262547287,5.853877135676196,41.422167556539236,1.661576363361932,63.03176330282928,0.09066685637324431,0.05470693926863912,3.9701820163071875,925.74634388691,0.7303599945916042,0.841138236347817,0.24097243611918853,0.8786694302788327,37.29344540067843,0.04814833633459423,19.10891089108911,0.09459856876776787,9.607317910008822,55.806930693069305,784.9950495049505,19451.128712871287,45.00175872798957,0.07680375108984144,64.93069306930693,0.32143907460052934,0.5834832639338389,34.49703128861648,0.051116154035684994,5.482245435003978,0.13439787092481703,729.6326095480835,1.9797067131482726,0.006043073148886455,102.88895587052978,0.05616911334186572,0.5520397555004949,0.6926120337572467,0.6662278967230278,16.1477475504345,24.23757340372619,28.653097563788805,22.80350850198276,25.079872407968907,29.748949561287034,2957.5,16.78723500849535,0.492886108081438,2021.5634746976432,0.6835379457980196,3005.9999999999995
IMG-BA39BCD54C,R1,dual-habitat,1,1,extractable,none,,1.25234055519104,2.7544325590133667,148059.917665961,3.2190690856361512,0.781345397233963,2.9932749108453067,4.570122718811035,1.92966663349059,0.46451097873104624,1.8368700742721558,0.43317216634750366,4.1369505524635315,0.32641669521537503,2.01444597612993,0.56628743892529,296119.83533192193,0.12558733093420746,0.33437927433915965,55.44414324688421,817.7453393420437,31.152892144122635,16.741355727809516,4.434457418657704,0.5804649926015208,1.550700092738862,2.302246471143703,1.998750830416128,0.5208359368446674,0.46465957627869214,0.9870523643729563,0.9251818098680122,-0.1072454156884389,0.689564073181936,0.43496528765144604,7.236528924946766,0.022090366186568084,6.055250829264706,0.5919038264478751,0.0556063002649175,14.473057849893527,4.036099108098462,5.293953286616806,6.698597322323091,3359.323850243929,0.09207158499818914,10.025938729440794,4582.179356465494,5.494249715395902,58.119360850737266,46.17475195965576,2186.41163734035,1.3708169266662256,0.02693971025227752,0.09922161634362432,7.25455236376045,0.0028630693280878726,3561.3842356171194,0.12091682973233817,5.7616789686986785,59.91615751830511,1.8653402715815455,102.90376318688627,0.051470318339481985,0.02658963559413358,4.119990735107406,20204.03503868971,0.6843895003957073,0.8072158341028591,0.32353403937357417,0.8534262483159972,52.32193893816537,0.022484042234260752,259.0571985700357,0.08419148474814292,10.953264858661274,81.77120571985701,32106.328241793955,1422252.2492687684,831.3560782474457,0.02973907124573127,1007.5063373415665,0.3274313738516628,0.5925485970076348,47.14293004408473,0.019578136422477264,6.078269633235796,0.08433371704215316,31965.724293876734,26.63206055155982,0.00025046681667546746,151.94979048967554,0.03699941058629193,0.035867138032219,0.8789158158566355,0.8123822953912554,48.231490904920314,59.37043578933648,67.11929677819934,72.94518489934752,68.62215385719104,77.02596964660684,72867.75,52.181615009548665,0.365136993112684,23105.66803387937,0.317090455433019,72971.99999999999
IMG-D79FE4D26B,R1,dual-habitat,1,1,extractable,none,,1.5533995032310486,2.7306482791900635,62856.180462183955,2.9754551773563556,0.5879156589508057,4.968469983502772,6.770960330963135,2.115954183569445,0.37178283707598364,2.0705569982528687,0.6944068670272827,6.076553463935852,0.24745193439737884,2.171006881722787,0.7498295114093997,125712.3609243679,0.15462964695603174,0.2360087735226629,50.01354563326242,448.96584185591325,18.111970798702615,10.41992378917056,4.134240412756769,0.4305335281791377,1.505603348604228,2.2591709140654257,1.8471145669058386,0.524387878085099,0.4692907347335634,0.9940422793468426,0.9474566407734911,-0.061761537995237634,0.5317494596692595,0.4433203462806121,6.960026320583467,0.02938845552136117,5.6915723059300465,0.4664868789557713,0.06181633032024241,13.92005264116694,3.7025942835885455,3.638541050481834,6.411339728872927,1192.7297540491902,0.08943684418485229,10.225522412014296,2062.140971805639,3.884295660738878,52.90634373125375,46.15716856628674,2150.224280143971,1.1899580230811915,0.0267435688572251,0.10976496147630223,7.517302348327393,0.0034820680764857644,1576.3706877159664,0.1462984568917314,4.250109602110116,54.128953259511825,1.863737439598076,95.06328112564583,0.04927915079332087,0.026938727689803488,3.893278727519684,7416.66742329119,0.6869963090516202,0.807911494624152,0.32562402248556793,0.8549712532777067,47.11980553075863,0.023168206272511704,117.1875968992248,0.0908430983714921,10.861141157382368,76.54651162790698,15906.666666666666,705001.403875969,389.2055613873724,0.03314776256833716,471.70077519379845,0.3656595156541073,0.6268490657266957,48.18476156121226,0.02260959760881799,5.759725853068002,0.09673065386922615,15799.792743224567,8.960852192464092,0.0005779378823321412,226.1199534530116,0.021708889384067183,0.16657267821343982,0.9877768545943382,0.6051797813718988,25.83825249891338,42.69516810416226,50.20956084253277,53.075418038862395,46.57252408878007,54.38749856354859,26590.83333333333,42.17329885630591,0.48839089741432856,8821.407044653617,0.33174616733787776,26671.999999999996
IMG-18C718D733,R1,dual-habitat,1,1,extractable,none,,2.0204241275787354,2.856981039047241,19567.005205690984,2.494774095154178,0.44388556480407715,3.5868823518831188,4.005558967590332,2.4304016809836053,0.2624060594142744,2.421417236328125,1.3701553344726562,2.635403633117676,0.18033653484620296,2.453317154111164,0.2453893931595913,39134.01041138196,0.21070080322634094,0.11191272772816599,27.380352582054847,70.55220531863043,1.2149575354530378,4.614099946839773,2.3940937827605877,0.31514587479448747,1.1579609425803161,1.9390163575590562,1.04432845079924,0.5792661222546894,0.5374460340772166,0.9842668984627303,0.9172241827924505,-0.04446175323006986,0.4214434963951526,0.4775645531409735,5.179244086777571,0.05196195727906595,4.773291249377598,0.33576788407386526,0.11269980434035856,10.358488173555141,3.1385201809551497,1.7520484324000902,5.977112396636737,273.8046754844663,0.08422167809426832,12.191173224413546,684.9883112888342,1.8866829513972037,29.501691787142416,51.578283605044604,1365.7643801907107,2.2703143861298236,0.04802876044603116,0.10669747284277353,3.8907618414514267,0.006946344033356424,514.056091729802,0.19837669697917673,2.0800199236000596,30.087005765569888,1.9351410844533672,55.36157958231816,0.09033996292243959,0.04893864556491135,3.4431830252340183,1745.936857777746,0.6717492579274288,0.7970801883444149,0.35203208507564177,0.8458972041667714,25.854143503840003,0.04203901805561548,44.52,0.13698461538461537,5.33920946745562,38.23384615384615,5064.452307692308,132180.76923076922,210.92261171043563,0.0709505077494255,109.49230769230769,0.33689940828402365,0.6010649189610969,24.18860678203303,0.0464225432064281,5.132462992259671,0.09996924023377422,4964.390759763313,5.778227041323383,0.002148686751354961,56.00063054900728,0.024549613795660955,0.13198013018061286,0.5229353702396746,0.44028188362524256,18.354952082952163,41.68909229655123,42.19004621945797,41.23105625617661,28.160255680657446,44.294469180700204,6384.749999999997,21.800700915052982,0.4095174123956547,4064.1932475722633,0.6365469670029782,6501.999999999999
IMG-CEF96B0BDF,R1,dual-habitat,1,1,extractable,none,,1.5744656682014466,2.7466888189315797,194717.15509860008,2.968955661842912,0.5924438834190369,4.029484673384716,5.65737771987915,2.137500864813466,0.36775359868142055,2.1030170917510986,0.4399578273296356,5.217419892549515,0.24770904971880053,2.1896510970887975,0.49951358543180163,389434.3101972001,0.1542868406689965,0.22566197990386025,65.41690115490836,370.96885911026044,12.699234632541703,10.025014636096717,3.831361044827499,0.4457636622718199,1.4635180168528612,2.2139643232293973,1.672952020764699,0.5275877476732547,0.47296137408012867,0.992331905148287,0.9403285785426174,-0.06331679733512575,0.5378406936268345,0.4475174183898935,7.991679299301318,0.030037278691661853,5.6497908909835255,0.4537361289808007,0.06653847152263084,15.983358598602639,3.68734074212446,3.4640939202310546,6.423982440747542,3531.239338126662,0.08695063868134202,10.494725096838815,6265.8971732492855,3.72903414251172,69.20021176007091,49.45971633999803,3092.6996700482614,0.8999299237860536,0.018550280831052188,0.1009894901541021,8.728593316952443,0.0020775825199392394,4714.837805453975,0.14541295955014727,4.093970476272247,70.51725017081861,1.9294946178371861,129.51405675094793,0.035552242649605985,0.018638942133278005,3.924332137136791,21924.350153286352,0.6751277030594278,0.7983771374887301,0.3553788146117431,0.8483517099220422,60.70965754493726,0.015877634014293922,313.60846715328466,0.0915645159571634,11.120063935212318,94.55562043795621,60370.49868613139,3767345.555912409,1030.781577356893,0.02182869334006882,1340.7547445255475,0.3914612392775321,0.6498750998910993,62.968019249529824,0.01430416630914624,5.694555333200113,0.08433467940510193,60229.89794712558,21.733624904379703,0.00019048299596374608,228.7705601460591,0.01860930072048127,0.049472216530350686,0.9488541088023044,0.7379363164983669,43.49415810217116,58.940259653513635,68.1175454637056,71.84010022264722,70.45565981523414,74.99333303701069,81118.75,55.9257075461111,0.45135780743634285,20077.54764569472,0.24750809949234576,81223.99999999999
IMG-F48A5C5E70,R1,dual-habitat,1,1,extractable,none,,1.613172459602356,2.8463488578796388,59625.347293229,3.0166245837647363,0.6550950407981873,3.21340651173209,4.93074893951416,2.2537449827665186,0.38529592775189064,2.2777769565582275,0.22510191798210144,4.705647021532059,0.27094347910990946,2.304947189464473,-0.08162826935693884,119250.69458645799,0.14456715184428012,0.23341509887491765,94.34789038828652,340.6938776397038,-7.599421684178375,10.63568916624635,3.681216253339252,0.48385449803636893,1.4362444361048208,2.1940694312055173,1.6001197523556416,0.5326817245064684,0.4789944343118274,0.9911145663688438,0.9360895381436186,-0.07782420723233771,0.5900604148934385,0.4472181092796961,9.62328816304724,0.027838596867274055,5.68277300524751,0.5005956317053226,0.06178353016918725,19.246576326094477,3.7380363514754547,3.579226354896399,6.468108245023607,1020.7412456562416,0.09095083717867251,10.30631988164667,1622.4771451483562,3.8735614320488754,95.35427247616502,45.838456740621936,4483.4950547981825,0.5222901826315084,0.012906787362786993,0.10927351628969277,10.977563947842548,0.00180043027801221,1255.2521921402576,0.13822601064105966,4.178281375938171,95.09610958458032,1.8574777051973672,178.15210004800682,0.02317000204407846,0.013174467309148407,3.9185763598646424,6265.1713653573515,0.6884875573235291,0.8091967731101651,0.3241146114811959,0.8558506112067596,81.2608486711352,0.01145583394245624,96.07462686567165,0.08962185341946982,10.66579068278013,102.375,11863.493470149253,1165626.0904850746,126.66472801481109,0.01779152691343671,396.7220149253731,0.37007650646023615,0.6322046850775007,67.39222322085693,0.011846652708256472,5.744466829776967,0.09551813240666489,11753.888977744205,5.060687867430434,0.0007391718867515025,186.98133270341654,0.020745328137617782,0.13309305039586686,0.7497360652695119,0.5833053690420145,27.810500023332995,47.67742849514189,50.20956084253277,51.855568649856686,40.607881008493905,52.32590180780451,22337.75,35.74548764211619,0.4144877976564598,9254.053208296371,0.4142786631731652,22445.999999999996
IMG-45C8FC8645,R1,dual-habitat,1,1,extractable,none,,1.5640776872634887,2.7069011688232423,162781.25131525449,2.8800934059447063,0.6171828508377075,2.825512212192855,4.162113189697266,2.1111340878925877,0.35641247525796127,2.083138942718506,0.706439733505249,3.4556734561920166,0.25423196248101093,2.1566853217047486,0.2689658120028269,325562.5026305089,0.15621769086458967,0.19440443979464617,51.18930235198132,262.5925861533673,7.2482920277447755,9.914724256111738,2.5779064459485577,0.5867512000473609,1.2094576046305319,1.9796877035208658,1.1024680922501757,0.5677224130072027,0.5235190253601594,0.9889725560778069,0.9291143222838734,-0.11322112029323066,0.6794241618050163,0.4775607351411225,7.025300854896047,0.03247923381462337,5.389735271855785,0.5953103735864196,0.06717229546366688,14.050601709792094,3.6833896794245984,3.123157675515074,6.5452401906310484,2867.1737291767868,0.08192627165690736,11.767316426566312,5467.150527188045,3.229143470258337,52.036117381489845,60.47572649084207,2980.4190073434866,1.4945750902259847,0.025860879512636034,0.07704354252457596,4.464911255350582,0.0025258121863592953,4053.5120647456692,0.1504153782357328,3.4521076537048163,52.599604173076386,2.123136556374596,108.58794020159438,0.053978380148347896,0.026179335636001548,3.9255287557188088,17169.16967259057,0.6355598683020387,0.7700330357986729,0.4280492184260887,0.8247600262481835,43.741997078259935,0.021821214941612342,197.41005421389846,0.0972942603321333,8.600727596717968,61.37604731394776,76604.3839329719,3625084.1833415474,1811.5466802200467,0.03724699883867161,821.1350418925579,0.4046993799371897,0.6614317729755448,40.90266654047288,0.025467453527244305,5.501463263845526,0.057976397976969456,76306.87669161864,30.98238344634836,0.00025197740088439433,84.5773454570312,0.025817477516189662,0.023407635702921096,0.8349639901659186,0.738869867719563,45.981939976728064,62.232799015943144,68.26419266350405,76.57675887630658,72.7323861838727,77.36278174936575,69951.74999999997,51.96214618554554,0.39330795282729036,20874.54985216313,0.29841354722595415,69993.99999999999
IMG-056BB79AE2,R1,dual-habitat,1,1,extractable,none,,1.6777847409248352,2.8364688396453857,15868.688372570534,2.9441155393934952,0.5934309959411621,3.9867148317304535,5.062902927398682,2.2211209578947586,0.3633035618566425,2.1886847019195557,0.8701481223106384,4.192754805088043,0.2461576564912916,2.2698395426848763,0.5434040443158028,31737.376745141057,0.15581738067127676,0.21879323993655692,42.605962767929064,310.55502165118463,13.731061868233365,9.31181555556049,4.5142631054056075,0.3467502420520728,1.6208903006174928,2.321692737526586,1.865967946141502,0.5028481010607738,0.4411315995972961,0.9866871567786922,0.9216291200061233,-0.0443439123820135,0.457355770496004,0.42296178739596735,6.434781525800229,0.027943536451943772,5.6934041950087435,0.4184174643534224,0.06158321623101422,12.869563051600458,3.6206884597175173,3.4565196652415247,6.157060450188239,316.61168831168834,0.1027960026986001,8.262038708045202,479.91753246753245,3.6299914614606172,44.902272727272724,34.75779220779221,1377.7756493506492,1.0650945753705197,0.034096129988604805,0.14698236470686005,8.103895530945753,0.007200624310928786,384.4391981925774,0.14850059353533937,3.9077170613725007,45.663620302504334,1.6591474796405636,72.33009617660072,0.05497851872562376,0.03474194405922098,3.7266037738224,1890.7235590774494,0.7292144197885826,0.8404845154845155,0.2393163670052408,0.8782677813294394,40.6170431912797,0.031000809864900582,41.591885441527445,0.09926464305853806,9.38976196307836,57.82338902147971,2365.9188544152744,91363.5584725537,67.1210406236077,0.05320718543775419,170.80429594272076,0.4076474843501689,0.6640044251742858,40.16054328406188,0.039078185953295694,5.379871432579836,0.13603896103896104,2311.8840744812346,3.4347207523774763,0.00227707299965513,142.38103794130734,0.03535679565099325,0.2829552154989212,0.8417076482991354,0.44725228392295024,15.412275510532899,34.459914604232694,36.055512754639885,35.11409973215887,46.097722286464425,50.65570056765575,6071.583333333329,29.00517368211773,0.5180240787096669,3106.9587279276816,0.5117213348403382,6159.999999999998
IMG-048378B0B0,R1,dual-habitat,1,1,extractable,none,,1.7254914045333862,2.657067060470581,29928.078962333806,2.6713942792280956,0.4651249945163727,4.759407211373847,4.593595504760742,2.1865351175751284,0.2941854212601413,2.1643950939178467,0.7111846208572388,3.8824108839035034,0.19548905106846093,2.220470843783933,0.5564214440414771,59856.15792466763,0.1917977793398815,0.14955494770525035,53.185124962461096,127.26132956095427,3.6932627558900464,5.5576077478283334,3.0771500815469346,0.2844931399058173,1.3161776087395987,2.0838769463950864,1.3347814237067508,0.5498171632790502,0.5007027245675186,0.989765630689316,0.9316389200052578,-0.03574079908967129,0.3881595130217785,0.46366897653496386,7.250148746224443,0.04456681789750353,5.060999626126497,0.3114488982281249,0.09765156402812926,14.50029749244889,3.2576900513661826,2.1586894573438165,6.041270807055057,525.0530477759473,0.08649967838153992,10.99502715436872,1164.2125205930806,2.498898789248987,55.623064250411865,48.537397034596374,2522.586820428336,1.0168969687013303,0.02218288073857677,0.11198700385475953,7.6219079938476675,0.0030215380944473543,870.7591131438713,0.17868553055809194,2.7973990919235736,56.41369911149842,1.8966892004005715,103.36347854047237,0.04132758726280957,0.02242705884402871,3.6119171865728488,3315.927554165889,0.6791534788323284,0.8028006589785832,0.33913155648658616,0.850544589492224,48.567717327631264,0.019237241567139053,69.38397328881469,0.11583301049885592,8.649401757520184,71.34724540901503,9535.672787979967,495550.28046744573,192.0869440029114,0.028907950855895953,236.0651085141903,0.39409867865474174,0.6526872613348986,48.86010491914308,0.020033567263730154,5.324698861644278,0.0986820428336079,9432.983832263568,4.9691865001765425,0.0011437612922267912,133.839196584755,0.018177461542108878,0.16661831254887052,0.7703497728804066,0.6651938073007149,25.443604623872666,38.249912047618245,38.58756276314948,35.00000000000001,37.53664875824692,43.874821936960615,12027.666666666666,29.465811058578247,0.46423020803975373,5468.543231444326,0.4546636835721248,12140.000000000002
IMG-5B62E67F31,R1,dual-habitat,1,1,extractable,none,,1.2632094502449036,2.148534631729126,40519.98251414348,2.552626599243752,0.447853147983551,3.3084047343620333,3.519291639328003,1.7133309560056724,0.27285764419241515,1.7149332761764526,0.4393586814403534,3.0799329578876495,0.18790693474689568,1.7480862734624496,0.1503082906759137,81039.96502828696,0.20166383434682608,0.12030265466052209,41.56506821715162,105.63406932882891,-0.6940793087241185,5.854727367563464,1.9530008287906624,0.49913420920790463,1.041035541302549,1.818832131863331,0.8622559609451806,0.6018983553055032,0.566901377218565,0.9903675958881333,0.9341966713494061,-0.09197270451751519,0.5997419235620812,0.4960939353364657,6.370984516028026,0.05007891394214205,4.817902175276047,0.522561292842407,0.09653098406077312,12.74196903205605,3.312424141477509,1.9519320490885315,6.344690760317015,951.7514328808446,0.07177612615994304,15.135124041959283,2674.062443438914,2.0324849113563515,42.780392156862746,73.4604826546003,3045.74419306184,2.0564873670435713,0.029491116510794658,0.07543229443718247,3.750954904087333,0.002685420040382177,1885.191343130958,0.19089169207332662,2.2356017121063436,43.20675412534077,2.338956130350353,98.88131756700867,0.06758569000967701,0.029887515663622816,3.699086267671328,6010.3933079683475,0.6068568041748208,0.7447267664462234,0.5249327924989667,0.8067531495756969,35.18407954648734,0.02436670001154859,104.14039408866995,0.1282517168579679,5.961428328763135,53.18472906403941,36850.91379310345,1527208.8201970444,960.7458544783786,0.03788734803259739,319.3128078817734,0.39324237423863717,0.6513429973478321,35.08014850301022,0.026227655843144897,5.148263856378471,0.061236802413273,36584.24328423403,14.232330074055142,0.0005762019004628874,70.12027248208616,0.01730345880923549,0.05322961559368149,0.7754666992212207,0.7167118415356929,32.23739126324109,44.97957114000835,46.17358552246078,50.32891812864648,60.81118318204309,61.652250567193406,26387.333333333332,34.88015956432835,0.48138720846400346,8904.029306158796,0.33743573834006707,26520.0
IMG-ADCAE30DC9,R1,dual-habitat,1,1,extractable,none,,1.4931769847869873,2.934127593040466,34527.583579258026,3.212575427564794,0.7687426507472992,3.2559686567144195,4.746397495269775,2.2029846709140157,0.4485007387654011,2.1748642921447754,0.708721935749054,4.037675559520721,0.3152935697343191,2.2738399119950277,0.4300051533010953,69055.16715851607,0.1247973234360527,0.31720648509942184,52.927950064658084,599.4704564448747,14.755884940873013,14.29801551921801,4.901007739703513,0.48725503184092156,1.6638199021858482,2.3593790485266677,2.095399632296362,0.49884877650707643,0.4369244377193765,0.9857094539596951,0.9200525714349025,-0.08106070546384132,0.6102243101614688,0.4235892079429159,7.111560345471094,0.020640425017048956,6.047719238300458,0.5168763184121704,0.04011198042449736,14.223120690942189,3.9415296786924463,4.799755814730381,6.3644075625408565,741.1176999101527,0.11097899070232896,7.064812729411214,833.3965259059598,5.209472311266714,59.28855944893681,30.00658879904163,1451.2879604672057,0.8557175931127634,0.02634288770244838,0.1610600169150503,12.96749110516986,0.004156912008827285,695.4019139460445,0.12190518267140901,5.441895101352572,60.81627890729814,1.5933125224051539,90.47607141066298,0.04268454054108513,0.026100157789805248,3.9248925905813428,4297.4007566931505,0.7510029117468624,0.8542400995231186,0.21455032480142536,0.8892538857327666,55.16778683033264,0.023049970749798247,101.48960302457466,0.09592590077937115,9.077658384582673,87.51228733459357,1701.3969754253308,68349.76465028356,49.84164364671719,0.02486883341929966,394.67863894139884,0.37304219181606696,0.6347377553863254,57.75674919929588,0.016840282115253388,5.691127004160224,0.15843066786463014,1661.5567768840165,5.174695133694561,0.0012277599950146604,170.62742765317208,0.040019021250670264,0.1684758858263479,0.902956751910341,0.5606438161213095,24.49930562368314,43.698521091655266,46.690470119715016,49.4064773081425,45.27692569068709,50.99019513592785,13179.250000000007,39.457874668206564,0.3162507607135584,8531.911524131052,0.6473745868794543,13356.000000000004
IMG-25FD3B5DE5,R1,dual-habitat,1,1,extractable,none,,1.5180723071098328,2.5061841011047363,104203.66991114346,2.7679040977543976,0.48646071553230286,9.426552119175534,6.303936004638672,2.004288512773515,0.31933584725359726,1.9635940790176392,0.42041948437690735,5.8835165202617645,0.20439697448673924,2.0520550293930464,1.3976205086202698,208407.33982228686,0.1839713749841116,0.19375740122142812,56.49593663721032,455.2877884172662,20.61476656842803,7.778070762603566,3.4118925535670113,0.3876321233790325,1.3281383759922998,2.1229781930039175,1.6359221683347926,0.5554698566870558,0.5085420883130437,0.9947125307995012,0.9516395168793435,-0.05496368725420752,0.4879415902221481,0.4644808105537183,7.443353293763727,0.04151750474688333,5.2426068657700275,0.42856187267251966,0.09130603973435746,14.886706587527453,3.449486078464371,2.797490829042644,6.2932390949540125,1939.9902206417198,0.07839611333717449,12.947120482728952,4552.555645356825,3.207238586959536,60.32494140467146,57.419946658045745,3073.2983512486867,1.184834477307216,0.020633724052013108,0.10367639751950007,8.965305638072735,0.0020662901492449273,3298.762975168943,0.1704588038111157,3.6586187773913945,61.99458420337299,2.0506143375873025,118.8313410471191,0.042319739169302394,0.020609118689203357,3.79911700561794,12704.012839832792,0.6551901039692477,0.7819694247399736,0.4082655210879493,0.8365531213745812,53.04967078784994,0.017211453643951928,240.11811023622047,0.10503854341042015,10.799311148005012,95.48600174978128,34357.166229221344,1760633.4282589676,702.5494307386926,0.019799263240384026,930.989501312336,0.4072569996991846,0.6635530269335058,66.87381877951329,0.013040204228691062,5.543936184006006,0.09237856623292653,34239.985130686306,11.552698847636055,0.00029283013999741535,337.45273430229344,0.0105144563570427,0.17426920561391557,0.6754567381487809,0.5298680043448852,35.19777759795421,66.42744477744378,71.70076708097339,61.32699242584784,73.38937252763509,77.54353615872827,49357.49999999999,44.868865172930455,0.3776188637771339,17231.87541813858,0.34912374853140016,49491.999999999985
IMG-52C0E1D917,R1,dual-habitat,1,1,extractable,none,,1.8463553428649904,2.9265294075012207,42929.27729094546,2.8324562046640724,0.5616958141326904,3.1196382206875013,4.126829147338867,2.375734307435992,0.3374049338030041,2.359799385070801,0.9500069618225098,3.1768221855163574,0.2344032951891696,2.41347633461929,0.17886390952326578,85858.55458189092,0.16496287527454623,0.18075451823898933,50.021658613560426,187.47915284212604,2.5932880624313226,7.787588135352807,3.3854469210523437,0.3925901437079783,1.4094499150780264,2.1370840530796475,1.3806983734215164,0.5301051138463537,0.4757604567375621,0.9836387051856406,0.9135861426055966,-0.053025986127923114,0.48143246375670584,0.4540436502695181,6.994344512345669,0.032542491180100344,5.419910814727218,0.39859187124938134,0.06556573131628339,13.988689024691343,3.5197196337756456,2.793258764101288,6.127724074870608,736.1454545454545,0.09988405082027878,8.2287885354282,1215.7763907734056,2.9881160375500078,52.67435549525102,38.28358208955224,1889.6914518317503,0.9022601967666104,0.025306586163820546,0.12287503590155206,7.4931330137352266,0.003890290189347025,964.1386670307304,0.1580589379326572,3.211797491049687,53.24365721791504,1.7361363803793866,89.86553035696996,0.04311519001286533,0.025613917088110165,3.665025423515057,4352.353010714023,0.7121371362186034,0.8276067216365726,0.27044603791518396,0.8689627496870138,46.66285777264332,0.02247873339505366,89.9236276849642,0.10730743160496921,7.532944389699308,65.15155131264916,6820.236276849642,325044.3770883055,153.93980909527153,0.032829733446012054,299.30071599045345,0.35716075893848864,0.6209791681885208,40.765190984016485,0.022456081855397807,5.542433429919053,0.11370420624151967,6742.888659782071,8.314400565888816,0.0009979800588646604,85.48445236106325,0.03318107921543805,0.07309528140497977,0.8119964240510984,0.5521886466952141,27.13631037632639,49.14318781947819,52.354560450833695,55.47071299343465,46.238512086787566,59.16924876994806,14500.25,39.90409277588779,0.345591159046416,8320.929211917648,0.5738472931099566,14740.0
IMG-D898F4BC7F,R1,dual-habitat,1,1,extractable,none,,1.5314253091812133,2.6999015331268312,110316.07389919859,2.930840086083586,0.6557458639144897,2.7829883791884127,4.261641502380371,2.130132800780592,0.3711396521934944,2.143911361694336,0.48231014609336853,3.7793313562870026,0.2682445370707743,2.1782978348317084,-0.07503485117470353,220632.1477983971,0.14983817472593192,0.20751570827113808,66.56113727213925,284.238897507054,-4.417738602834519,10.520515011530414,2.642307651714236,0.5978911919021566,1.216218261269509,1.995672049518143,1.1519898829856074,0.5680286792595217,0.5239536957351403,0.9911501989140876,0.9363359905376433,-0.1212061600281272,0.7021419060808045,0.4763459870674129,8.036884016905283,0.031202540538193952,5.444412616737879,0.6180482190859695,0.05966392689666411,16.073768033810566,3.7230457478181043,3.290705665811163,6.582555805569141,1855.7408490687772,0.07982024384140295,12.272703297825219,3483.5877242031916,3.4394191856681036,68.43287883349821,59.49937631726096,4121.885328401221,1.017080030126532,0.018880781845698136,0.08724811782444097,6.7323502938007405,0.001944333486676697,2602.1370374287685,0.1445781153505645,3.680263274836451,68.48843030908996,2.099914518000823,144.12136333573036,0.03839398252628185,0.01923408719425957,3.9589057708880615,11589.882887913396,0.642407664849482,0.7741474405847067,0.4228667712242984,0.8288771700198667,56.901553121504556,0.016159040314312985,161.97775105231509,0.0974009326832923,8.68634772808055,82.52435357787132,37097.10703547805,2471551.7690920024,616.1704765600899,0.023692331738822788,673.8923631990378,0.4052269171371244,0.6609548673479497,55.614016413289264,0.016035130813928596,5.432934185345901,0.07152995827777539,36901.66226407658,15.138656694960401,0.000364630775723866,117.56382862432437,0.022584610921821978,0.04637612221889513,0.7563174989681152,0.6421647963531482,37.64545959906677,58.62273954108854,55.86591089385368,70.77428911688197,64.5368112010502,73.45747068882783,46238.416666666686,44.337403752375316,0.4039080323567283,15424.233957373974,0.33358049581514576,46497.99999999999
IMG-99E65D7E1C,R1,dual-habitat,1,1,extractable,none,,1.8234995603561404,3.052468776702881,38213.155727488724,3.0441466602750906,0.6277623176574707,4.309134577509435,5.175845623016357,2.4254805859600204,0.3900229926747542,2.3924670219421387,0.613724946975708,4.562120676040649,0.2624754317852385,2.4776318440431506,0.5760554326074214,76426.31145497743,0.14657551974968144,0.25570348174769836,68.10834542452966,378.8510015423624,10.679538151896313,9.788754338890989,5.272734931947478,0.29718354518877627,1.7272155275067718,2.4128456926928683,2.2656312682432698,0.4912276550892445,0.42677119511716793,0.9861840151924341,0.9211827417365922,-0.039002997350222876,0.43305902916968597,0.41116500273486906,8.183977714381907,0.02578418757429782,5.823662548672071,0.33948194578118823,0.05484721579265184,16.367955428763814,3.6653379090538305,3.765372317709617,6.0378526193843,778.0808032128514,0.12499290011451428,6.396561449008888,912.4326104417671,4.188350097579071,72.31116465863454,23.89381526104418,1571.6930120481927,0.4151097522973787,0.018209328769443457,0.21372033881359567,18.631384090663953,0.004238515422270322,771.9845689110577,0.1412909079905572,4.456932732148048,73.16059696086629,1.4750262540269452,104.57734988338646,0.026601913821619323,0.01830973142143213,3.6790625031218265,4310.017826259575,0.7872466419855938,0.8775780043249922,0.17141723487611588,0.9077252535289241,67.02638596220991,0.016691026648839584,131.3971119133574,0.0948715609482725,8.832288183085925,88.83465703971119,529.3884476534296,35482.6072202166,8.299865438235319,0.020103890328958023,559.4129963898916,0.4039083006425211,0.661036911279535,62.30041706211131,0.013641439254319581,5.593740078322845,0.22248995983935743,509.187154791539,4.275743066233722,0.0011267082198848088,205.0435459002922,0.0307655834230678,0.18097273190461866,0.7426768128760102,0.5875157010145121,35.09799594105698,59.73967313630999,52.20153254455274,57.55866572463264,56.32051136131489,61.81423784210236,11910.74999999999,44.36727004712931,0.2324106870162507,10852.274476421788,0.9111327562430406,12449.999999999998
IMG-D31CF4ABF7,R1,dual-habitat,1,1,extractable,none,,1.8009018421173095,3.011147975921631,9781.885224162772,2.9954812786787977,0.6733684539794922,3.388157730795656,4.452783584594727,2.4055572680693404,0.3856508524649355,2.3911006450653076,1.0700384378433228,3.382745146751404,0.27306493469315096,2.4534917314733016,0.4002811280950869,19563.77044832554,0.1442707692307692,0.23291590644662938,36.055877118714804,319.13844519918285,11.119028066184931,10.521790086891722,4.173527583028375,0.4318072641139304,1.5250626400988667,2.2584295967615415,1.8280998370225219,0.5193257242107134,0.4623434638364327,0.9803612483074695,0.9080737497539756,-0.08227433362417343,0.610738491027974,0.4381065721839003,5.8704355506060235,0.026500698940090064,5.656135226850457,0.49508105158738336,0.05183175419030176,11.740871101212047,3.6919840207200276,3.673829417480024,6.040714998494937,197.03692307692307,0.12125349112426036,7.188455005917161,234.44,3.8927715976331365,41.990153846153845,25.84553846153846,843.7452307692307,1.0914069146887553,0.03942350142367497,0.2048240560569355,10.709531713519292,0.008721710671400866,200.889932577486,0.14170838873985894,4.035527999847163,43.028956373032614,1.4963698173526336,60.126458565038064,0.05958635946847389,0.03925409833358649,3.6239590450560994,1104.3831419865842,0.7774213988950643,0.8723313609467456,0.1770134244201197,0.9029424778740919,39.577024876137735,0.035361142504230135,44.12793733681462,0.11521654657131755,6.114418940752203,53.66318537859008,179.52741514360312,5125.159268929504,8.10650754074989,0.04247905181101391,126.91644908616188,0.33137454069493966,0.5949331980943626,33.14842356357758,0.026935957901539694,5.425523008755109,0.2356923076923077,161.5258949205462,2.2879604596521363,0.004542916379798097,94.60914175496372,0.048627650154819485,0.33204186621907145,0.5893089513030877,0.3717204361062174,19.155600232658593,51.53227633464029,43.965895873961216,44.598206241955516,32.98484500494128,47.4236228055175,3023.916666666664,30.36843172502779,0.318246961362792,3177.603739607921,1.0508238453246366,3249.9999999999995
IMG-D3F91516C3,R1,dual-habitat,1,1,extractable,none,,1.375822901725769,2.9962584972381596,125207.89348157794,3.386178463546092,0.8684414625167847,2.982711488846516,4.748605728149414,2.1526925429547865,0.5078640565758515,2.104247570037842,0.19128943979740143,4.557316288352013,0.35881151321820637,2.2434523586230535,0.31018732340777455,250415.78696315584,0.11092831666073724,0.39899330091819624,84.98234089773314,949.7680110938161,13.805260490356973,18.10111393027567,6.251185531782596,0.4854789665276243,1.85277309246371,2.515312777320983,2.7784398052635026,0.4811718683083451,0.41528823073721743,0.9853254215157867,0.9201515801967136,-0.07564593792590259,0.6106144781911362,0.4009637470203697,9.056430727946868,0.016732098288268844,6.4226667444911065,0.5061127044904075,0.03856422672846059,18.11286145589373,4.125082145838298,6.08807486551457,6.575246791515835,2866.294529083089,0.11521865695554483,7.370287554204723,2759.5637335691604,6.526920003599041,90.31744181372352,28.67431764280259,2224.0522169071833,0.46661518013996095,0.01593634625996426,0.1723224355453899,18.924422054910828,0.002823894284606288,2312.9471585717815,0.10798589004543911,6.8149397265011356,91.89122651649399,1.5583476438283663,136.4557683958963,0.024930100022591932,0.015911843611425575,4.079742033632463,16352.990713463574,0.7620573755555041,0.8609373502246437,0.2041838066747736,0.8952564757015556,83.34198300318998,0.014232833851269775,349.83702677747,0.08075646970855725,11.476903345073573,114.64566020313943,4922.750923361034,377884.1581255771,68.81170756269896,0.016543571187938037,1550.393813481071,0.3578933087444762,0.6206320002078313,74.06963282007352,0.010479127592577396,6.014240296495046,0.17413675282389354,4889.773318010059,13.647369458125446,0.00034021057351903047,224.56570577201842,0.04444639948617729,0.051684788331344954,0.8722413946242761,0.759338323060973,49.089037810510774,64.64712279057333,72.24956747275375,68.24221567329126,67.7421582177598,79.17701686727025,49044.74999999994,56.38789654129651,0.20442362851785054,31696.74858950102,0.6462821930889863,49753.99999999999
IMG-31AB090078,R1,single-H-low,1,1,extractable,none,,0.9487832307815552,1.4545960903167725,17726.763870294275,1.8181824210740252,0.2616463899612427,3.7576973636411077,2.401315450668335,1.1947162328467638,0.15780106414732203,1.1835553646087646,0.5720733404159546,1.8292421102523804,0.10858589663254603,1.2115328567850832,0.45117003427716007,35453.52774058854,0.33565316570937215,0.04046498604226222,10.965024859733726,11.060879458131383,0.5741616372219112,1.8287625079454934,1.0344130627569095,0.2772678379524335,0.7288340593395721,1.473141972716911,0.501685691378367,0.6822465440163753,0.665895455966502,0.9846344027608122,0.922305164768314,-0.036970508490462704,0.3427010468861739,0.5000253636052482,3.2811843873051694,0.12300605161649754,3.5158983558668777,0.2882234521157594,0.24053110555456075,6.562368774610336,2.4729130664994474,0.7157938926756007,5.739700239134338,700.1448207336259,0.0579734057078435,22.175753235965278,4053.6832822720876,0.7448893886156471,11.653970356876707,112.2834313157241,1159.9921338080649,12.68805914106141,0.11709296071109848,0.05741358232846692,0.972144544690523,0.007995228840572369,2449.9078949923774,0.3011895261702081,0.8863830577266447,12.134000262220033,3.0794989230425296,33.967722412329515,0.35373798037250653,0.11894937135295297,3.24198056548334,4302.841972275021,0.5276372968429175,0.6733651378016702,0.8600582068262379,0.753681552001151,9.454048926510598,0.0909037325356456,128.3072625698324,0.2389334498507121,2.7214783835987917,19.156424581005588,85434.87337057728,919362.7355679702,8856.13917287927,0.15094485932175478,237.78957169459963,0.44281112047411475,0.691865814644311,13.847030469068006,0.10231199147610356,4.17253932045969,0.044464684938312495,84929.0841595317,55.15951614100036,0.0005333012012743117,17.79359178884508,0.015462623018847313,0.016930944737412093,0.7261825500955547,0.4720706318146675,26.432337810878835,55.99233680195559,56.462376853972415,60.46486583132389,42.19004621945796,61.82232606429493,24028.083333333332,40.66065792465328,0.3629801884813417,11093.807413231063,0.461701720413172,24153.999999999996
IMG-65C0968A2E,R1,dual-habitat,1,1,extractable,none,,1.8500093221664429,2.6861326932907104,23789.405790508215,2.4870555619030466,0.4298338294029236,3.4241639403222766,3.7928168773651123,2.2757427906555407,0.2624057219357786,2.277230978012085,1.1379411220550537,2.6548757553100586,0.1820816983570058,2.2997576471822594,0.1054922537567208,47578.81158101643,0.2111067198286437,0.10987998655261305,33.01530631268346,80.59856719521446,0.6257931560395986,4.940750363679062,2.177359889944619,0.3876999707822063,1.1121894508954833,1.8754595238197191,0.9310422265721013,0.5849147115807747,0.5458355062715939,0.9855911928495125,0.9199329391292614,-0.058065045936853125,0.4794247260748634,0.4930842315738445,5.685431410485614,0.05146996385067684,4.771598680413304,0.45772504912965434,0.10206165326015636,11.370862820971224,3.1901814276705425,1.7795275634059204,6.04553398698577,361.01734104046244,0.08026174767462482,11.973293401879516,949.5580257892397,1.859218295923627,33.646954201867494,60.45798132503335,2000.6505113383726,2.105619890429996,0.03995107130379132,0.08225509492679925,2.9632386297808573,0.005365169878023369,688.8846848270833,0.1987027243371,2.0630362838390557,33.79930862208587,2.10884996719075,70.60310641155853,0.08037112572439331,0.04122469458744937,3.5402037054272837,2203.329103697867,0.6338236053118601,0.770650203509252,0.4150118018195087,0.8235864681855927,27.961648886725797,0.03483162402131863,42.799352750809064,0.13850923220326558,6.269205391648598,36.679611650485434,11965.870550161811,390719.715210356,397.1120857046423,0.07586315395729754,115.10355987055016,0.37250343000178043,0.633419860815918,23.598828563081298,0.05442807732865222,4.996469332676585,0.06869719875500223,11753.974947895393,7.100315962664373,0.0016136822811251238,51.84682316888236,0.02267203743113839,0.09625407078667134,0.7555994033597203,0.45581702785307165,16.39858733534413,35.97624997157864,39.05124837953327,38.948684188300895,30.610455730027933,42.1070065428546,8941.0,27.18363301364497,0.5762811294558199,3614.990184258907,0.40431609263604823,8996.0
IMG-200CA22DBE,R1,dual-habitat,1,1,extractable,none,,1.488169550895691,2.3918718099594116,22621.58273780038,2.6619406295264407,0.43735671043395996,6.928698896400197,5.318916320800781,1.9460323232081893,0.28969299751359623,1.9359833598136902,0.48693808913230896,4.831978231668472,0.18565648448779057,1.9858979266141379,0.7165378700153776,45243.165475600756,0.2002145421318099,0.1567487719592683,53.812438059847565,361.65916366345516,11.888541717468796,7.2003945904940005,2.821233102324958,0.4363711094009632,1.2397658068389146,2.0243194475162416,1.2718247931908626,0.5657989630271901,0.521139540434038,0.9937788806947269,0.9465618225811785,-0.0702448447385228,0.5410580225972196,0.47314292637009486,7.260646751822425,0.047906228815738035,5.07155453882557,0.5263144797350023,0.108387343828506,14.521293503644852,3.3737464307458307,2.505406923204741,6.092081552708607,485.7168758716876,0.08467867431514776,11.244448432080828,1148.4306136680614,2.6095115583099426,56.249302649930264,51.09100418410042,2667.6328451882846,1.0902429893216745,0.02240719587650838,0.10442577917967338,7.11877530097576,0.0026512525085950413,849.6788893102819,0.1861372561763616,2.907728309206381,57.1165685725612,1.9423681350890891,106.83617404740896,0.042844102022201236,0.022611649217955745,3.6307493153965242,3058.406194861299,0.6684510040237518,0.7956764295676428,0.3548087184054427,0.8442624463217713,48.84567556100257,0.019219350767293173,69.27422303473492,0.12664391779659034,7.895805273237102,74.28702010968921,9365.202925045704,500226.0219378428,181.96589914743205,0.026128970321514615,193.14259597806216,0.3530943253712288,0.6157463290245669,46.15571892017013,0.016959049549454274,5.38017050722971,0.09536262203626221,9255.240671236494,3.773679316560108,0.0012780299960316126,161.01169036650953,0.013507199319935808,0.31764587919998116,0.810681892745671,0.5120863538076008,20.9431911583937,40.897772421919285,47.53945729601885,45.35416188179427,36.87817782917154,47.70744176750625,11353.166666666657,33.155083556083234,0.398769514503491,6125.950979365291,0.5395808199796206,11471.999999999998
IMG-CEDD7846C8,R1,dual-habitat,1,1,extractable,none,,1.6487600445747375,2.9289607048034667,14355.683395293912,3.0375973350549836,0.6511362195014954,3.2294827118441676,4.334653854370117,2.2870549354091296,0.3926215608749826,2.2654775381088257,0.9604647159576416,3.3741891384124756,0.27391025436561617,2.339890812457594,0.36775364890371126,28711.36679058782,0.14187875751794501,0.24446873664420082,45.23523832128375,340.6877835689189,8.801501402139213,10.46579180202916,4.313573050621909,0.41376810841211253,1.5642707981099215,2.2869244663747046,1.8457508689616036,0.5122242279021527,0.4536644701445191,0.9820827403427622,0.9112594163076834,-0.06611011338394382,0.5523197905823056,0.43527351200660075,6.6103336285925245,0.025804136031429368,5.7379807666725835,0.4408690558233462,0.053400256590881476,13.220667257185049,3.7168980408977434,3.6948412131627673,6.221784887651116,279.00686498855833,0.10640994088045704,8.050690600743227,372.00610221205187,4.046495620871567,48.86803966437834,32.708619374523266,1363.7040427154843,1.0162440554377774,0.031466852195312485,0.1540057075191166,9.145574089360663,0.005845601620386023,304.54508865512037,0.1370501586049622,4.291214032003977,49.86852396991871,1.6247388132105167,76.70159459227692,0.05082709531302997,0.03160764210268928,3.779636982435176,1649.6920698972647,0.7409609059631072,0.8474740362612218,0.2272737147947138,0.8843288031172789,44.7956666804059,0.028071257924557412,39.836633663366335,0.09860552886971866,8.516714047642386,64.39603960396039,1271.2029702970297,50847.10396039604,35.74959336419583,0.037890949833950624,141.19306930693068,0.3494877953141849,0.6134337873816242,39.114045174456834,0.02633773514304755,5.511449223936222,0.15408085430968727,1229.081585138712,2.9772485710532783,0.0029044988362865454,109.8351163247009,0.043566683403881,0.24711939143065528,0.8308588347123794,0.6321464541694426,18.424072108553318,29.145258961802025,29.068883707497267,30.528675044947494,30.805843601498726,34.02939905434711,5155.916666666669,24.215595898393364,0.4207618186572838,3430.191716402817,0.6652923113709781,5243.999999999999
IMG-70D081DD25,R1,dual-habitat,1,1,extractable,none,,1.6819869875907898,2.8543484210968018,19927.317683567606,2.952181060627827,0.6443237960338593,3.2284627890808073,4.278778553009033,2.256021968568095,0.37121882478392443,2.234337568283081,0.6873424053192139,3.5914361476898193,0.2613162797408673,2.303358991138247,0.31736727550001625,39854.635367135204,0.15026337696391487,0.2158275193955403,58.734990915507154,262.6831594831806,6.012008395073593,9.420256249128679,3.5446884083521057,0.44924437369624726,1.4409187622225517,2.15971694845986,1.4427406927584383,0.525272503252059,0.46951142003007296,0.9867662608155574,0.9215664163850109,-0.07251428899433611,0.5581647019788785,0.4491481055364331,7.567420394254193,0.028425473092490168,5.561496451246429,0.46140525369106344,0.052526213830407016,15.13484078850839,3.6455062347211826,3.241236164370195,6.185047809789872,395.2257720979766,0.10522517893982337,7.3917188657182935,564.3892438764643,3.576913785653285,60.8136315228967,34.30670926517572,1986.9866879659212,0.6963224791736327,0.021926073893478854,0.1295456394218101,9.009880289689454,0.003531011905945567,457.86313248140266,0.14531031396978863,3.804371862890755,61.296227773553355,1.6700197926660005,100.20196740118445,0.035961152562917736,0.0221895221062725,3.7330909992805394,2297.6651075969853,0.7270571421284635,0.8389243876464325,0.24119908774601104,0.8767146536210689,54.06804936167087,0.01965011508066379,45.25376344086021,0.09731992137819401,8.533814313793503,71.88172043010752,2306.3655913978496,125531.50967741935,46.07090068139199,0.028788756311300304,150.2731182795699,0.3231679963001503,0.5878470202746227,44.293633064477035,0.01845448551644691,5.716228069125197,0.12380191693290735,2241.120887963927,3.1099471226291597,0.002143050564628134,113.07461251107335,0.02969515047992524,0.21978741105080882,0.7180516771665401,0.6026468603163395,22.54315812804944,37.4069120947816,41.048751503547585,38.27531841800928,34.785054261852174,43.497126341863094,7348.166666666665,26.860095967279268,0.37197323673159827,4913.886218853725,0.6687227497362688,7511.999999999999
IMG-6685A85474,R1,dual-habitat,1,1,extractable,none,,1.9288365840911865,3.134054183959961,38632.82134265946,3.0080373309426895,0.613899827003479,3.514895389671742,4.9222307205200195,2.5115799551710816,0.3771748137401176,2.4926576614379883,0.7791979908943176,4.143032729625702,0.25804966658661666,2.557376837620668,0.27347624459590547,77265.6426853189,0.14850202402230914,0.23214241838151708,57.60019708962903,257.35719770195715,4.812899416137563,8.76486588869481,5.160613576260786,0.2560380996235061,1.7135515377963477,2.4023577728993937,2.19995555777702,0.4930543990694869,0.42910872652589316,0.9832444249443785,0.9137676704836466,-0.03176356459566097,0.3831709108689428,0.4126448243637667,7.52985221541165,0.02637385867673963,5.776696828943141,0.279653192920694,0.05670115682913904,15.059704430823302,3.5979660166713474,3.4813698662389,6.088160709460441,679.3792111054681,0.1150125632479208,7.12339742391012,877.20145589978,3.853061887046753,61.55595056712375,27.266124936515997,1535.4465887929575,0.5599961342615308,0.02290533024115986,0.19446738748751777,14.016014160956056,0.0055946718427491975,728.7612405543716,0.1424635966425073,4.123146414396955,62.249128144503594,1.5342575287104279,92.5799525878486,0.03432488240056652,0.023243420402041897,3.6906162051092988,3947.8846581173743,0.7703325102093251,0.8658436535531506,0.1952258308834941,0.8993438040784288,56.45221238383346,0.02115542344641635,117.5784716516023,0.09661337029712597,8.441504865676539,73.3253903040263,1488.6384552177485,79141.72144617913,29.689233885844075,0.029404515352789207,462.8290879211175,0.3803032768456183,0.6406516391736596,49.304400672394316,0.020273660734072402,5.547946748949364,0.20602674792618927,1465.07967583312,5.106706247408019,0.0011873575970027905,162.4908157243099,0.03596705837108475,0.13521789031552725,0.9541323656788412,0.7715828262570258,34.234011257809044,44.36855006724215,49.67896939349688,53.075418038862395,46.40043103248072,57.48912940721924,11360.000000000015,42.333469637397855,0.27370956322487855,8928.524755705515,0.7859616862416817,11813.999999999998
IMG-55BC476FD3,R1,dual-habitat,1,1,extractable,none,,1.5403658628463746,2.967978501319885,220842.99003428547,3.2193852458661287,0.7444431781768799,3.400178508830698,6.192661285400391,2.269531564882832,0.4441062616012201,2.2709920406341553,0.48603737354278564,5.706623911857605,0.3085478638624421,2.337977767948352,0.22905248526925187,441685.9800685708,0.12595934740811038,0.3153665194212426,74.59795248575838,684.3155416533633,2.6420398136567727,14.884214136035375,4.92159163169121,0.5021861523838129,1.6546870035657641,2.3665046608690288,2.158155085676076,0.5021546699813466,0.441059371994107,0.9917544978851235,0.9383966558264942,-0.08180040485901917,0.6230714308967567,0.4237609015842594,8.491503869962406,0.020600428776062527,6.11780066238256,0.5462468319675249,0.043797097844550464,16.98300773992481,3.980940242658341,4.951451441931645,6.529851217343363,4123.536706103659,0.10206268764179145,8.220265322176058,5089.009553982476,5.159497858977061,79.50732636998168,35.834117122914705,2527.0916043760208,0.6420371782621674,0.017481023315986895,0.13455621236356777,13.202796279433187,0.0024675834897460187,4135.865076279496,0.12239765631049565,5.434807148445761,80.89539612981235,1.6905630929081366,130.54559967443637,0.029691786261516466,0.01744601261960726,4.010697857340301,24583.086157052723,0.726245448613206,0.8363504472360469,0.25605743914137336,0.8766222436790994,71.87529663598396,0.015275348872271551,434.70380761523046,0.08711499150605821,11.051056060015826,105.76412825651303,19448.586773547093,1370897.8855711422,299.92790157330586,0.01868818808249678,1859.582364729459,0.37266179653896975,0.6336768799267081,68.622601309826,0.012203376331323117,5.895674377090495,0.12350873719122815,19383.031952321475,18.520734591693113,0.000209454551406117,269.03774608032415,0.02555705237350296,0.05358827481175263,0.906590731814838,0.7564386803615092,52.55723126540679,69.47983046066496,71.25307010929424,73.34848328356898,74.63243262818115,80.98147936411138,80590.66666666673,62.98977034370511,0.24516129099667788,36803.46626179851,0.4566715698484334,80803.99999999999
IMG-F1FDCA2F9F,R1,dual-habitat,1,1,extractable,none,,1.4545851945877075,2.533739995956421,58742.23596596349,2.8377086079555713,0.5632429718971252,3.4267519470190706,4.121582508087158,1.991149135448054,0.3387449465646557,1.9766117334365845,0.6491588354110718,3.4724236726760864,0.2344701575307981,2.036849523943368,0.3530920469608499,117484.47193192695,0.1644519061489067,0.18408110359279212,43.05632465435738,235.84427933269322,5.1983869957294075,8.703284950183665,2.813002704446398,0.511009124763024,1.2596360215883164,2.0310079352066817,1.2154808147684137,0.5592089950508569,0.5128694518981123,0.9880354037084857,0.9265588728233657,-0.08720675464262664,0.6100137708204113,0.4724663191222325,6.448516520066848,0.034386302042632634,5.353783274484958,0.5231278945524429,0.06784692504327022,12.897033040133696,3.5990090291422967,2.879071913657516,6.44333567548143,1150.4163429620735,0.08124982999944018,11.694165794277707,2328.47453916237,3.0507626148421276,45.305812557383994,57.086870541704926,2388.5950278974506,1.6862187308324494,0.030850710602553823,0.09187586369797868,5.311469541108345,0.003290267031985997,1731.3105589166973,0.15690188121082765,3.3175687303110304,46.11785521259442,2.0560014270122626,90.73172269439215,0.06244918546036497,0.03115602017372192,3.854905724752732,7165.008462639312,0.6482008660104792,0.779330352534675,0.40324603043461776,0.8325481972001114,38.96383444414297,0.026142790521216007,111.41481481481482,0.10316186556927298,8.20812671467764,63.641666666666666,23466.867592592593,963439.6824074074,640.3810413266585,0.037772123745396034,444.9240740740741,0.4119667352537723,0.6674242494848308,43.77342768846864,0.02598855078316982,5.3862113270420355,0.07627657320432234,23294.990637002742,14.579879508754285,0.00055621075505775,93.93826161290941,0.026765338333700213,0.05512332332003529,0.9267523170661508,0.4725612263317898,24.414548606982954,51.6643077056882,53.33854141237834,60.82762530298219,49.25444142409901,61.122827159744496,28194.49999999994,47.88001687586513,0.4829322029311501,9276.287991551113,0.3290105514036827,28317.999999999993
IMG-94DF99FE42,R1,single-H-low,1,1,extractable,none,,1.113565981388092,1.6278223991394043,4424.228896735903,1.838074998258207,0.257743239402771,3.7605184949859005,2.420104742050171,1.3669622911330126,0.15862059630771289,1.3622876405715942,0.7159762978553772,1.7041284441947937,0.10747871414207243,1.3821319819454168,0.3581278548841848,8848.457793471804,0.33576031869610223,0.04170291013675058,16.399937487466506,11.283494462984871,0.5918146453897687,1.857448443052055,1.0186653593435258,0.29089481469975065,0.7236289215865563,1.4628110539119514,0.4929243084433051,0.6834870552818965,0.6675614724457694,0.9848445507890045,0.922778472283476,-0.04182989407957981,0.3631264872926709,0.5011377994158626,4.023687689858416,0.12461841973351251,3.5221573263620725,0.30183189558881635,0.255642841183194,8.047375379716833,2.4804252060469922,0.7190284505988951,5.667423324605319,144.99481865284974,0.06260570753577277,19.607561425959233,777.6208981001727,0.7603475932239792,16.729274611398964,89.48445595854922,1447.8778065630397,6.079300827160167,0.07378801380223937,0.07961507181618248,1.5723587963350687,0.007305598910359079,503.13884153262757,0.30270715058174325,0.8898906264085977,16.920025428380274,2.6534178292008344,43.74241900504815,0.1890788938414585,0.07560251504893303,3.097157050720677,967.202708798622,0.5779302431405704,0.7169523050352065,0.6727970345195196,0.7867879086564964,13.45092920962474,0.06063323485891403,31.506172839506174,0.1944825483920134,2.587105624142661,20.728395061728396,9699.222222222223,154216.64814814815,650.4087736992946,0.09798011848772431,68.44444444444444,0.4224965706447188,0.6751964900662443,14.440417058360568,0.0678179789942737,4.215151409083443,0.06994818652849741,9494.838134430727,8.181191481232164,0.0029297326838630257,16.34452767304441,0.015603788929640849,0.0753137888893706,0.59742316234353,0.5430321686295523,17.438852430513485,32.11384783064295,32.31098884280702,35.0,24.73863375370596,35.510561809129406,4581.666666666669,19.185556526001626,0.41610427002280426,3206.0056123900176,0.6997465869167006,4631.999999999999
IMG-0471D6CDD7,R1,single-H-low,1,1,extractable,none,,1.1128638982772827,1.745370626449585,39029.05256759307,2.1334500370137515,0.33568263053894043,4.057656581851002,2.773298978805542,1.4259083412401539,0.2025802254804394,1.4076115489006042,0.6360548138618469,2.137244164943695,0.13811431356940249,1.4494989438347037,0.5885181130103769,78058.10513518612,0.2716445768613294,0.06783259055967428,17.98305091081081,32.78912734573379,1.8619899427637772,3.0630657852676153,1.2312535416853672,0.4255272258359052,0.7925398649903342,1.568462931453864,0.6009412244558979,0.6664046796014217,0.6465476517186592,0.9882213798938777,0.9311137024485194,-0.07661158055481448,0.5141528667308128,0.49994229984453376,4.186255535780323,0.08931294071828105,3.990785437656137,0.435958348224456,0.17683745626508746,8.372511071560647,2.836750962162518,1.073579831738246,6.104043776065849,1085.291451335056,0.058424389068424634,21.703002519713692,5046.069659776055,1.1770482764522179,19.06745262704565,110.5165805340224,1925.6569229112833,7.444085733758265,0.0697683695336885,0.05924296904501119,1.6211016627181725,0.004590193824080178,3108.4940034268316,0.247509692243555,1.3910961357769378,19.748949259430763,3.0409081533799194,55.621993198878414,0.20849876248068785,0.07057090907994915,3.5538344812612714,6668.3816632415,0.5295645348721794,0.6759963227986485,0.8386225151115791,0.755059981767289,15.389855217023106,0.05374967187225466,147.05333333333334,0.1633925925925926,4.071450617283951,30.823333333333334,93095.17333333334,1591849.5633333332,6057.766781854337,0.08156567880238515,362.18888888888887,0.4024320987654321,0.6591651325613068,20.789530858620434,0.05442846490305094,4.758353379308107,0.04844961240310078,92669.16373333332,46.532016363573874,0.0003892010891992491,29.04776523490826,0.016255506792590982,0.019127383221920573,0.6596195241451009,0.52049737121599,32.09323237768375,61.658778991923214,63.245553203367585,67.53517601961218,44.2718872423573,71.11258679024411,37157.99999999998,40.67133445802034,0.3757848054239131,14330.008972835643,0.3856507070573134,37151.99999999999
IMG-16B74920F6,R1,dual-habitat,1,1,extractable,none,,1.4229835271835327,2.4359021186828613,21322.871842610362,2.7692739948977074,0.5002014338970184,4.613606258673708,4.040754795074463,1.9052723264528053,0.32300095394692196,1.8559030890464783,0.7371782064437866,3.3035765886306763,0.21224722176290017,1.9520187971205794,0.8707984045341723,42645.74368522072,0.1793479565972018,0.18031474636518774,39.48425437394151,332.9398652429482,20.22183853702468,8.95933048269028,3.0418196668930295,0.4932578244277236,1.2721141761021053,2.07615888416104,1.4161166715770928,0.5640378025224039,0.5190831268215708,0.9872323959483976,0.926377897183701,-0.08454373141286034,0.6041503292454827,0.46835165747539975,6.164787268641287,0.04003236675241139,5.283126627784238,0.5067653030019659,0.08402172538031684,12.329574537282575,3.5597986816780613,3.0002875373958267,6.293664147293691,460.43924231593996,0.0822800647455218,12.01788919482465,1003.6311651179414,3.0173728962942485,40.88956397426733,52.348105789849896,1814.860972122945,1.835377925414933,0.033859220273475946,0.11018641808563362,5.970399440478546,0.004043538377572741,751.196978569755,0.16899470159609445,3.306370358263407,42.11635502760111,1.9456990639042775,75.87612508288909,0.06640383336494982,0.03373871627374147,3.734545465177354,2970.263858582948,0.667129360430023,0.7942074008907463,0.35448855419980696,0.8437373965688552,36.36569419741853,0.028416605956479598,58.966728280961185,0.10899580088902253,7.82187432733932,59.7097966728281,7749.001848428836,263902.3918669131,248.09619474812186,0.037302146332068194,224.55268022181147,0.41506964920852396,0.6698559949715779,40.48563210015001,0.02633240412983843,5.255734073256985,0.09667619728377412,7642.007489382638,6.450942960904677,0.0013244707721012218,96.23035077240374,0.02678478598867972,0.14431904144317498,0.693395106894531,0.46093556055883517,19.83453857496234,43.03104440654368,47.296934361541865,46.690470119715,37.48332962798263,48.21825380496477,11139.83333333333,29.837515636058665,0.3950336573950273,6106.173690297757,0.5481386936038324,11191.999999999998
IMG-182FA24923,R1,single-H-low,1,1,extractable,none,,0.8063673615455628,1.1491463899612426,5528.061877602913,1.3264211192309938,0.17506647109985352,4.1611028573869815,1.7231874465942383,0.9737408711127474,0.10702106717164535,0.9639265537261963,0.5908991694450378,1.1322882771492004,0.07357173837601265,0.9833369344255164,0.6472573635618969,11056.123755205825,0.45892314759025404,0.018780242529959953,5.79672330924828,2.4806935404337533,0.35864866308810794,0.8667843366217503,0.5797546548039267,0.19829323777570823,0.5065861208710333,1.1800251578652554,0.3225569468695098,0.7585805888758151,0.7540237929577727,0.9783272755036285,0.9172881516381715,-0.024706425498409637,0.24050915960558547,0.445596324707839,2.392682784927534,0.22557011967335283,2.5581949227959004,0.20394708277643356,0.36099302960988394,4.785365569855068,1.9095269654956817,0.36163474785641914,5.454145422375025,277.27951722931607,0.04850087759827113,31.506379204878556,2623.6636347734825,0.3801794812148504,6.190834353682001,177.9134161273395,944.9345810739899,38.1955067245836,0.21481181855285406,0.04444340871231624,0.384147429800915,0.017226488003438064,1334.6313344023683,0.40715136628325127,0.4786342293588408,6.639076697409606,4.7078061960392725,26.51870706595029,1.0138731662297193,0.21923328818985505,3.1256019901970307,1409.2471131971229,0.4283532697328346,0.5730816323784664,1.6285565308668466,0.6769231058094761,4.7352792795069885,0.15380626088591348,73.37209302325581,0.34126554894537586,2.184835045970795,9.43720930232558,68326.73953488372,372921.3813953488,14318.446784237727,0.44964082687338497,102.33023255813953,0.4759545700378583,0.7159775749266923,6.717656867686072,0.3395193948613342,3.3730936092308386,0.0376071366101102,67619.67433207139,75.00768174903843,0.001004783538255798,4.83472897096677,0.016938349115517802,0.010708748999397662,0.8223119611525032,0.5593468909805084,22.994433701646717,41.109433291635135,43.416586692184815,41.2310562561766,40.311288741492746,45.97825573029059,11370.916666666662,33.80477871191249,0.46317780478594844,5279.588030401183,0.46430628111786804,11433.999999999998
IMG-84841D4C1F,R1,single-H-low,1,1,extractable,none,,0.9687212109565735,1.4807506799697876,10778.06395759789,1.8087740173998959,0.26564157009124756,3.819424993850346,2.3300435543060303,1.2135191329023407,0.1591318356719943,1.195136547088623,0.5655037760734558,1.7645397782325745,0.10985454454937184,1.230268445924612,0.5714631035736965,21556.127915195775,0.33842454977249337,0.040931763117711566,11.686869291801953,13.942582542658434,1.4187580170745842,1.9864090613076921,0.9137584702751641,0.3695106476210178,0.6649663408437038,1.4156734864903504,0.4701156119358249,0.705159367074505,0.6921720024552707,0.9863993232716576,0.9287819761119269,-0.06476671151190336,0.447315804665979,0.4818036258693388,3.37914695027313,0.13090830621027505,3.4604414559456385,0.38260208427037107,0.26155437231124695,6.75829390054626,2.5064861136116394,0.725041882895714,5.8831907831232355,369.96615643870246,0.05195424188157596,27.609813128298985,2409.9212189299255,0.7450971127386355,12.15433225670552,135.450498525488,1508.1211908439825,13.81609775456548,0.10878423113616556,0.048770892916440184,0.7520092071377458,0.006808963152021364,1349.3607830683795,0.29645754701528965,0.9095585866923153,12.562321937830935,3.610509462171789,41.80549542168255,0.3809339481976659,0.11186530419987409,3.3600201060147463,2274.762764919947,0.49780714413551713,0.6390524234928112,1.1376823116520347,0.7317706951796947,9.419033675189471,0.08392168022576593,55.8984375,0.218353271484375,2.5301361083984375,17.63671875,62785.55859375,683094.40234375,6398.1901124320175,0.14686788061578798,102.875,0.40185546875,0.6587153815068109,11.689794591664455,0.1053520071168708,4.282726961663621,0.03595000702148575,62011.80613708496,28.359185712361512,0.001014276187299343,15.894827822106812,0.013861509655685375,0.031291942740426,0.9797486169775687,0.4811690470925675,21.800683060855214,45.30774203491354,44.598206241955516,51.22499389946279,43.68065933568311,52.009614495783374,14134.333333333343,44.390197597082995,0.4478613595286761,6312.345329830276,0.44659660848267374,14241.999999999998
IMG-3BC56FB663,R1,dual-habitat,1,1,extractable,none,,1.7137611150741576,2.9312131643295287,26008.172916724718,2.9952749469750684,0.670432060956955,2.7892344244111373,4.074100017547607,2.332216778313153,0.3848782369258502,2.3432880640029907,0.9280185103416443,3.146081507205963,0.27372991059882607,2.3803925326105815,-0.04299531741232463,52016.345833449435,0.14426977278444664,0.22703350826283628,47.745534020807554,328.10874053855326,-5.607498876657202,10.841506629485366,4.21622061104553,0.4408854460297768,1.5724798597760785,2.267613288951077,1.711410448242368,0.5067389933473286,0.4459336279750525,0.9799242236071556,0.9050561699313726,-0.06812675348580755,0.5586059993774896,0.4304159407175038,6.788742863649886,0.02411113867302463,5.791810007638737,0.47862870660541,0.0450365548117733,13.577485727299772,3.7516902983676323,3.7644318101327228,6.23726625903422,499.3333333333333,0.10878721859114016,7.42559528386518,662.19825708061,3.748183272340648,50.96514161220043,34.14030501089324,1575.6993464052287,1.0182322576760048,0.03040406867143878,0.12673429097992875,7.662566928323831,0.005100998754914146,543.2140175381951,0.14092108522007113,3.9123618254063164,51.64586149610772,1.6653842615391214,83.09123579412609,0.050083607606951346,0.03061187710019906,3.763210338335554,2810.8317509218728,0.7273923848668307,0.8396681749622926,0.2394641421350069,0.8771039659339113,45.78638113575328,0.026998791479665336,52.47791164658634,0.10537733262366736,8.607393429138241,64.76706827309236,4131.570281124498,197382.2168674699,98.13684872019289,0.04427441651149921,189.09236947791166,0.3797035531684973,0.6403346907838925,42.58308671247914,0.03185605263919784,5.420510414303666,0.1084967320261438,4046.6196351671742,5.266443942534972,0.0017132733216474465,87.75874686112773,0.043886594222335686,0.11675601255035675,0.775127859311249,0.6486061298813671,22.02269889530162,33.953886466243645,36.49657518178932,32.802438933713454,39.92492955535426,41.09744517606904,9135.5,26.318603331876623,0.46333345193086517,4561.195449959386,0.4992825187411073,9180.0
IMG-CE5F36D2D1,R1,dual-habitat,1,1,extractable,none,,1.2437680244445801,2.4110408782958985,22491.642753593012,2.9203211257289814,0.6613597869873047,3.2043651951553533,4.27109432220459,1.8355980374648064,0.3701527003117416,1.8316105604171753,0.5271579623222351,3.7439363598823547,0.26770051807178935,1.8917247564777928,0.290712135800629,44983.28550718602,0.15033647690672886,0.20920239912631589,36.51206762325052,325.4909778481229,5.320149525539867,10.961312429916903,2.585917439904561,0.6179072074284215,1.2045397943374776,1.97102911387687,1.1214414955851322,0.56818688049905,0.5248045159732647,0.9902734922091762,0.9333474286157569,-0.13843832624904848,0.7349078943243176,0.4836071492049773,5.866670438838212,0.03157748168012861,5.398450887683753,0.6560748778447743,0.05717160186168114,11.733340877676426,3.7313573303018353,3.3868074674553657,6.4890238626292644,521.5349244232299,0.08298089489629752,11.236374669393165,944.8647573587908,3.478399315464267,38.06252983293556,56.87462211614956,1983.7875894988067,2.3116215079802287,0.04302948042989229,0.08586353339389627,4.184291185830196,0.004636420566929396,712.2755156665179,0.14555065232927739,3.7182508177843308,38.81444262869342,2.055933871981128,76.09316924607894,0.08660577794747334,0.04360927441660631,3.9261512851055964,3171.804245137094,0.6465701564503555,0.7786304387736368,0.39797193394994423,0.8313763055056017,32.80931519645993,0.036638535802808174,40.875894988066825,0.09755583529371557,9.421147065692269,55.298329355608594,12195.171837708831,426911.57756563247,445.3928039466584,0.06283954274826246,178.07398568019093,0.42499757918899983,0.6772034644902393,36.866506830996805,0.04257165484618133,5.2265182510985,0.06666666666666667,11970.171837708831,6.73270267709273,0.0013749260255541509,93.64871519090893,0.02890265378938084,0.15274278459644958,0.8357617710644449,0.6926415821902709,23.32138455364436,33.67020570710971,39.96248240537617,38.41874542459709,31.240998703626616,40.55859958134649,12508.08333333333,28.14027075387819,0.5764676836645198,4520.3250878959025,0.36139230667335687,12569.999999999998
IMG-B1DBEB52F4,R1,dual-habitat,1,1,extractable,none,,1.894619309902191,3.201306915283203,15077.679463290082,3.128226169479416,0.646022379398346,6.488176803061781,6.739046096801758,2.5236287057082984,0.41633420563612344,2.4741469621658325,0.8007251620292664,5.9383209347724915,0.27310724900216127,2.5840760113202585,1.0078541353767947,30155.358926580157,0.14109227617815523,0.30874698800587363,56.67187984630752,670.6911137434593,29.594103346365493,10.616519703009242,7.187639692391585,0.18959566837939373,2.0043402152725958,2.5865302068514215,3.1302064534770975,0.45903428368366694,0.38744119188564485,0.9890757063665804,0.9294611644992765,-0.03870030022246037,0.4430680173021763,0.383936993999355,7.4708614561943,0.024150970260289083,5.958309861727126,0.3275773135364879,0.05284424219265549,14.941722912388606,3.6618488191624254,4.451039848850207,5.763425383476808,336.98317094774137,0.1492396682673788,4.9134313112476375,318.5863596102746,5.011898448268963,63.59743135518158,18.062887511071747,952.9419840566874,0.39872428241323854,0.023056553542210364,0.2512192319743151,21.306549994223715,0.006084833799119863,275.28679886880695,0.1355875128616656,5.3199464248184665,64.71456983841463,1.370824574201163,84.58656695238626,0.031400371979100436,0.023149488436115404,3.6671323361034145,1664.2947854502784,0.8178329736610471,0.8989916195407781,0.127896735960851,0.9224377275981935,60.519967963934896,0.021426100370698385,61.505359877488516,0.09418891252295332,9.822897734334875,83.20980091883614,83.739663093415,4253.609494640123,1.7898947615586078,0.02451164195363954,230.09035222052069,0.35235888548318633,0.6162753162968185,58.69122922712413,0.015217321984595047,5.6245008096530915,0.2891939769707706,71.78268282329876,1.547810234141987,0.002999792655928269,324.572875844381,0.034636189749051895,0.7959729406523613,0.6861212204377815,0.6032113976456008,33.07888038582875,54.837956502379086,50.60632371551998,57.99999999999999,51.97114584074512,58.07753438292641,4243.666666666699,37.625485641726314,0.29774482784625683,4257.2982284525215,1.003212213129956,4515.999999999999
IMG-825C59B3C8,R1,dual-habitat,1,1,extractable,none,,1.6422215223312377,3.0826538085937503,52817.474337378306,3.2115076437601218,0.7167739570140839,3.2408214716516,4.488524913787842,2.334555382597134,0.4430304053380395,2.2913448810577393,0.5420103669166565,3.9465145468711853,0.30394050386366406,2.4012704592550755,0.3947944801084693,105634.94867475658,0.12767903453404778,0.3159509840778299,62.67319347414528,603.2862756389427,12.383434439113785,13.81763420267885,5.110772290674752,0.45684584701901876,1.6730102316455993,2.39025600260722,2.2798174313496347,0.5034781549558253,0.44315643240690633,0.9834900892468142,0.9159241933088401,-0.07492353063742276,0.5918213890517475,0.4223102682964713,7.77787703807078,0.022203904671695415,6.0540106030415854,0.5009225262288972,0.05186716137138269,15.555754076141552,3.92609526762842,4.732101623338401,6.470151151391907,967.8371179039301,0.10565907400697927,8.51024479891688,1169.5399563318776,5.168727665376329,67.23078602620087,33.46877729257642,1890.774672489083,0.7478499037326168,0.022350321678372698,0.154679074040931,13.128103375891616,0.0038477941225924035,953.7807159062475,0.12302762613411324,5.469577409969156,68.77128562188331,1.6387324552491758,105.93978601702419,0.03660427250572165,0.0223840053750533,3.9636283632107725,5755.1514820640305,0.740276990023281,0.8463134027544508,0.2347571800334419,0.8837135488752483,61.844772439400074,0.019812667425218387,129.2301754385965,0.09068784241305017,9.65069867651585,91.28350877192983,2814.102456140351,158828.17263157896,54.64860402138926,0.025095484827582986,494.52701754385964,0.3470365035395506,0.6111261654370126,56.56016686730722,0.016560270534888406,5.826667984802373,0.15556768558951964,2772.7823699599876,7.116786182520301,0.000913542845011783,142.55938172973669,0.04439828235860778,0.0966788686816906,0.9574083161787241,0.5437394202789461,26.836430042533046,49.355314405502504,55.60575509783137,49.39635614091387,52.39274758971894,57.46303159423456,18052.583333333303,47.25318845944368,0.29099626039811427,11436.407514697132,0.6335053163045262,18319.999999999996
IMG-5A2D81D110,R1,dual-habitat,1,1,extractable,none,,1.4622153997421266,2.312993168830872,64203.60727881667,2.514402286994867,0.4406208097934723,3.487269321339297,3.6445515155792236,1.878689296877686,0.26639917502904065,1.864822506904602,0.5362553000450134,3.10829621553421,0.1834271175435033,1.908980147539965,0.2559879676094826,128407.21455763333,0.20767628814796,0.11473172949893276,37.63206090282827,95.1875691025564,3.030610033232165,5.402314133655229,1.918205686368886,0.47527147028766736,1.0267836069927738,1.8075223852285238,0.8568741094341983,0.6055899505576456,0.5715766446488021,0.9890948963702422,0.9306555082757726,-0.08264244221291948,0.5675078512487475,0.4972020534276267,6.063080022803577,0.05349327517356646,4.744972669544965,0.48597721341342137,0.11516709123274257,12.126160045607154,3.252272827663315,1.8301299550060288,6.299288936841317,1253.807583153593,0.07116628352557572,15.385432609176975,3658.8408445907594,1.9337437159369135,38.57134748552617,75.53638324440912,2848.8551481439436,2.2801832073282684,0.03312824989486956,0.07379666974617614,3.243324893729039,0.0032177500608238803,2540.412347103519,0.19480551836501364,2.157966248038853,38.84917877860136,2.3826221165531174,91.00132952381738,0.07622937947511903,0.03392470414346434,3.6850315101434252,7869.222702055282,0.6017457305883563,0.7401652156448387,0.5457949326169417,0.8035819462578887,31.41705196766026,0.027785269469504346,135.32022471910113,0.12670433026133063,6.509931405967259,46.52621722846442,52225.76779026217,1892437.7621722845,1553.3197971542697,0.04889939229450335,424.4812734082397,0.3974543758504117,0.6553120250717245,31.2525873553643,0.03301247895069674,5.158239432527114,0.06061982063798388,51953.64137174038,22.254770705535876,0.0004310741774851783,58.60278884208341,0.018884374577715662,0.03260781460538795,0.7468676000178152,0.6090274017231598,34.134161821930356,56.04700498754639,59.135437767890075,61.741396161732524,45.39823785126466,65.60487786742691,35144.08333333333,41.85969210323528,0.42208749724686406,12292.770770360396,0.349782085757263,35235.99999999999
IMG-43B8CB3C00,R1,dual-habitat,1,1,extractable,none,,1.2987017393112184,2.5453305006027223,49069.450668290214,3.0086450715235453,0.6811036169528961,3.3325066699072905,4.6298828125,1.9026129776124068,0.39377722775337576,1.8667469024658203,0.5550874471664429,4.074795365333557,0.28073632967597834,1.9645563688295662,0.4706289251894859,98138.90133658041,0.14310619003045397,0.23954558372966175,40.82180751885017,467.3143603097156,16.526457266280815,12.320527753152895,3.2380612540684126,0.5834679798733592,1.3490811061143868,2.1122297509989685,1.4004655666898636,0.5449383630107802,0.4947088306070017,0.98925272937286,0.9301381502545389,-0.11098925017321994,0.6855343238799918,0.4605250797553258,6.208866173233508,0.02701504463069806,5.66455551228532,0.5974943017135496,0.05130373856893838,12.417732346467021,3.8259080163675416,3.8896472518053264,6.574969526614844,1119.9413245241467,0.0880872522041959,10.770610897916578,1819.452100047192,3.951907490374819,41.7133868176813,51.25719679093912,1918.4240994179645,1.89692643100326,0.039236229422121044,0.09168559624517131,4.399251887422017,0.005195048181502066,1397.9116657370944,0.13852485399183376,4.20100384286062,42.47106902962655,1.954371172622398,79.17897477150254,0.07487093358547338,0.039875789478424996,3.9626644372584403,6746.8767545770925,0.6671370416295221,0.7937343449377429,0.3601099675459315,0.8435549611510422,36.32965909582224,0.03409782594194558,88.07916666666667,0.09174913194444445,9.632708333333333,52.208333333333336,18192.552083333332,674374.9604166667,582.553234177374,0.06598206814287386,350.8375,0.3654557291666667,0.6260080358877949,31.77227117478483,0.04490355964123137,5.642042676909545,0.07550731477111845,18017.15516927083,11.247400106662736,0.000684448798915456,132.030788994425,0.026959395902322082,0.10406252390015788,0.8618581693406051,0.5172606150246669,27.9812139378894,54.09500187164848,56.92099788303083,58.41232746604093,49.72926703662542,59.531504264548865,25312.166666666657,46.62221928357556,0.4615211881248973,9033.27769952913,0.35687492969240614,25427.999999999996
IMG-84EC128C44,R1,dual-habitat,1,1,extractable,none,,1.6731342792510986,2.7894431591033935,56215.14741853471,2.8795233963696845,0.5763633251190186,3.442910586583449,4.6023030281066895,2.2317002131488346,0.3469474970895644,2.222210645675659,0.7651214599609375,3.837181568145752,0.2392198113022925,2.2748448768455125,0.2695273189469757,112430.2948370694,0.16067298941113134,0.19443337234171998,43.55874406211236,258.97009179960145,3.7687945381962673,8.96410410917218,3.2325668837058976,0.4691399444552938,1.3585040600823002,2.110245691380225,1.3664419239163483,0.5416237220951909,0.490540132905949,0.9879147550009091,0.9257335397816023,-0.07441887568363191,0.5663685007016006,0.46029938708651447,6.490426131463652,0.03185505839723381,5.474376571835074,0.48161676562632216,0.0639359736984214,12.980852262927307,3.619832263076376,3.0491677482195194,6.308911303309981,1013.97615759919,0.09334218517897357,9.279397750441763,1745.3906839731198,3.217797290887456,45.09822332688944,45.3888428610881,1912.1728804197735,1.3560476876571008,0.03262401005559597,0.09879500422439873,5.241523199118425,0.004591345117209851,1352.4828259544686,0.1542098363128736,3.4617680708336143,45.669541016811245,1.8555670852540724,82.05904026597229,0.058967440586677675,0.03321085668374861,3.789714247533158,5990.340556590483,0.6810656546841106,0.8073417882862788,0.31250877879451494,0.8514099360289564,39.282918438874326,0.028711614547115398,95.4410480349345,0.10419328388093285,9.398470423904959,58.383187772925766,15525.315502183406,634011.3362445415,413.91416807259117,0.0519435124491627,311.81441048034935,0.3404087450658836,0.6050236774922525,35.097808769605955,0.035417295488690714,5.658375452936996,0.08432293105035442,15384.675581844358,9.798460594168361,0.0007579494300571788,112.23117907230882,0.025023955893717312,0.09022419236156463,0.8910613436214951,0.5371709474436694,27.696590068595942,51.560104284121486,51.19570294468081,55.758407437802596,49.9799959983992,57.16642371182581,21543.83333333334,45.9432158006737,0.3920994822281759,9549.262740367842,0.4432480790497438,21725.999999999996
IMG-F279B634FE,R1,dual-habitat,1,1,extractable,none,,1.2018057107925415,2.1158141613006594,113196.80759140327,2.616725426883672,0.44942110776901245,4.183852038624907,3.9010934829711914,1.6385312540656425,0.28585420167883613,1.6069096326828003,0.40717020630836487,3.4939232766628265,0.18915445961424193,1.680494053763879,0.6531980775485964,226393.61518280653,0.19871060105728058,0.13927559418582808,37.521192849088905,185.08333051532497,10.936274515134196,6.771692645432016,1.976058385842845,0.5469528700248424,1.035255349318982,1.8235157360395857,0.8959263056716461,0.6052067397284668,0.5709901593279766,0.9915075336935774,0.9385528022004928,-0.10479532909704613,0.6337342609626524,0.4949051535607735,6.026744043668306,0.05136936088757109,4.87549875416476,0.5674782098151159,0.11140793402997831,12.053488087336612,3.377530410411154,2.1869377578187157,6.434120551583685,2771.003592545468,0.06913164165719801,15.71657906468582,7964.917022178978,2.3368794137066917,39.357408377616444,84.02721852156775,3023.75957388419,2.7351800576650867,0.03324708966700349,0.06095456568933087,3.070268323493346,0.0024226609715257636,5322.045694727741,0.18425711826851554,2.6283080423981278,40.34867246216477,2.5533162803224863,96.9217378040234,0.08405808348570327,0.03350394621969591,3.8678644600737604,16704.261874665975,0.5767626496078806,0.7205759587317855,0.6151596685560774,0.7873008589612451,32.4151199660275,0.026557486641400913,231.32183908045977,0.12085780516220469,7.7253316321795396,56.455067920585165,146934.4644723093,5173280.769592476,4492.602228754287,0.042744975283437465,701.3730407523511,0.3664435949594311,0.6287204599092524,35.916708033956816,0.028716123327434635,5.488380493868876,0.047750916847541354,146495.89684571367,39.58707679619491,0.0002039257825833006,80.47104271751003,0.01663239244348644,0.024710022506774718,0.8271726386657735,0.6045876324232863,38.786788300194225,64.15412128880378,72.11102550927978,70.2353187506115,61.84658438426491,73.81734213584231,80013.83333333333,53.06653378774389,0.5375805902923115,16703.876209246817,0.2087623541251844,80166.0
IMG-51BE456A2B,R1,dual-habitat,1,1,extractable,none,,0.9924862742424011,1.8781896591186524,23168.98217625565,2.539963396837333,0.47151029109954834,3.396918384569838,3.3379757404327393,1.4229122668905023,0.27792009663956196,1.4047430753707886,0.4634416103363037,2.8745341300964355,0.19569889364211543,1.4650152800716811,0.40070387755171333,46337.9643525113,0.1999293927999621,0.12159045157603805,26.76400965002199,95.62975780388845,3.679136417466835,5.668161473299073,1.885244198668475,0.4993672868767001,1.016912076568686,1.7936219072930994,0.8439967703945249,0.6073735074346561,0.5739571348707295,0.9892890690832518,0.9312516592073699,-0.09307035337013139,0.5971742798870256,0.4993119117925785,5.080825945831974,0.05072347575780004,4.7476246175871495,0.5119216669908518,0.09635087196130634,10.16165189166395,3.2828500915941197,1.888351417991887,6.254859041393347,797.8303844372394,0.07390740013313937,14.050011453932942,2158.2377952755905,2.032866639020476,29.240759610930986,68.67299675775823,1742.9135710977305,3.3869224511304163,0.047936254293333015,0.08138255828013567,3.2875085960176516,0.004300030774149728,1556.2910796403544,0.1911333966436389,2.2107098610766784,30.1957640789726,2.252907524397568,62.67771420282085,0.10900722234435765,0.04774757775457107,3.6427820406642306,5026.079541498875,0.6151913525796562,0.7542024441514947,0.4817315355742769,0.8118915239937758,25.148333784539677,0.03870384565142791,100.73477672530447,0.13631228244290186,5.196262366764874,45.01082543978349,25369.240866035183,644154.6657645467,1141.2592417194624,0.053899311302425215,294.8322056833559,0.3989610361073828,0.6569340541472962,30.453534174589493,0.03801751518631509,5.125916137923809,0.06845761926817971,25155.85953662284,15.805785732286783,0.0007234627256174538,61.049801969600495,0.01980741994737817,0.06089473117596766,0.7011284725651126,0.6281604535205637,31.67116135243115,50.41890360166448,55.036351623268054,56.824290580701486,42.720018726587654,60.69596362197407,21377.666666666668,35.35012887064268,0.37317417193971897,9981.889257675813,0.4669307185540586,21590.0
IMG-347471A6EE,R1,dual-habitat,1,1,extractable,none,,1.405514121055603,2.105720067024231,27186.415595292274,2.260247082308646,0.3603857755661011,4.964972859748557,3.6329703330993652,1.7395600481289377,0.22412795902614488,1.7065527439117432,0.880885660648346,2.7520846724510193,0.14864082274621665,1.764287601016111,0.8926526273657485,54372.83119058454,0.25419414579095706,0.08664157805283164,20.251308436415602,58.631071131961406,4.7217045709288765,3.725027061238793,1.6046391506244193,0.3967459904372394,0.9051218725547625,1.7115537461733754,0.7825009160190513,0.6395781791638055,0.6133877151985335,0.9893603862784028,0.9339612664106726,-0.06419037874718689,0.48765497012160297,0.49611392922311714,4.440810178389569,0.07811085384753334,4.2551057523210085,0.4328696939344875,0.16449265333303822,8.881620356779136,2.9491290597914355,1.3324165529658032,6.108129510771249,540.0425921685368,0.061832218017922685,19.715915035896188,2220.1316693382187,1.4779583606024933,21.63121135791161,93.76574307304786,1760.6057934508817,5.772766722203725,0.06235173654344714,0.06871496986133914,2.199584610187833,0.0048288701766713545,1419.5294492518647,0.22969446938107507,1.7404440058622712,22.584281897766477,2.6922030572280766,54.88066674613702,0.1668862234295984,0.06263901099252242,3.568004157309279,3505.2267982893422,0.5658897948785246,0.7074915009423824,0.6835519716823968,0.7802940547096322,18.260460306424456,0.04907654474048468,72.4745417515275,0.1476059913473065,5.1252898403441165,37.13645621181263,35847.77596741344,669046.3808553972,2109.5377019717503,0.07113774550925739,198.73523421588595,0.40475607783276163,0.6605031683162317,24.714813147155436,0.05055974169515394,4.861532309787779,0.05621708266544539,35531.35635740684,16.601925135243544,0.0008274954893691593,48.95219575408375,0.015485212967507342,0.06929319763703419,0.8527991213087713,0.7501223252874801,29.205941048005634,38.934904432837165,43.82921400162225,46.01086828130936,40.792156108742276,49.32544982055409,17442.416666666668,33.20365228856452,0.4640218045583712,7009.442975870911,0.4018619156866209,17467.999999999996
IMG-752909BDF6,R1,single-H-low,1,1,extractable,none,,1.2253580451011659,1.850966799259186,5640.142647110173,2.1661356473318456,0.321323961019516,7.148853447277467,3.296722650527954,1.554331240295309,0.20620002178104305,1.5379661917686462,0.8578143119812012,2.438908338546753,0.13320190094983775,1.5797589497860995,1.2017770783754875,11280.285294220344,0.2767667789176912,0.07969273487132696,14.756519333726946,70.88297513995239,5.79603288191865,3.3748650666069007,1.632945848348513,0.3471842939154878,0.8879978840699371,1.7101940711833319,0.8407110108774632,0.6487270728347038,0.6238728830698874,0.9873640135313029,0.9303415066175316,-0.061978877959825054,0.4690598329373827,0.48715008626310075,3.7842501664322894,0.09452703340653966,4.046781121605189,0.38567971560277636,0.19776790570299832,7.568500332864579,2.8207618541672925,1.2519527287388537,5.8642244185540005,144.22743362831858,0.06381744850810557,19.797085911191168,625.4929203539823,1.3770780797243323,15.476106194690265,82.93628318584071,1158.558407079646,7.165256957937053,0.0989639855202925,0.08536416622348135,1.9483739073914426,0.01218313495455435,412.2018647543139,0.24876385962669156,1.6394689461742353,16.017306162760967,2.4802755491397828,36.762241348312344,0.23289250211905535,0.10242178801093803,3.3732429883664903,997.7177691215895,0.5998005563376259,0.7328454731109599,0.6004918536603253,0.8019481736199986,13.240372189245203,0.08428476489981401,26.556818181818183,0.15089101239669422,5.24919292355372,25.244318181818183,6607.170454545455,88838.11363636363,545.8682423527049,0.16015917183154185,63.07954545454545,0.3584065082644628,0.6202264022424211,16.618450162045693,0.10671316982104252,4.795586631305478,0.07787610619469026,6442.281508264463,5.792777437597228,0.003102562291715987,41.37607953844636,0.016969272975862162,0.23580834682308968,0.6602235983803255,0.5479299801353653,16.108209190168964,29.39829864062093,32.7566787083184,32.2490309931942,24.515301344262525,33.49626844888845,4467.0,19.409450514770178,0.4596011503442501,2853.954111052216,0.6388972713347248,4519.999999999999
IMG-31A6F1A42B,R1,single-H-low,1,1,extractable,none,,0.9107149243354797,1.3517792582511903,7924.196869191346,1.6678435223591461,0.22795766592025757,4.070611490599381,2.156522035598755,1.1284240901470184,0.13925850435379508,1.1183249950408936,0.5716158151626587,1.5849062204360962,0.09485047417618944,1.142571225988369,0.534238686420527,15848.39373838269,0.3792912994742827,0.03212807923243801,9.180699372805082,8.171793753151476,0.6119575798555505,1.5290154513416898,0.7954119966379891,0.31540402886976343,0.6128183226733337,1.3429361014994543,0.41873385066364516,0.7218076926040206,0.7117067299981288,0.9846160416805867,0.9258560865361509,-0.05083889077065622,0.38341549357757615,0.4729654491503269,2.9995241121512666,0.16137039748373916,3.19057304779822,0.3199400762954712,0.3225412165656726,5.999048224302533,2.333575403571234,0.5811068619949198,5.731005189528728,307.6560131795717,0.050684680919204556,29.291531148137185,2302.2981878088963,0.6087948399914235,9.822570016474465,141.67248764415157,1251.3464579901154,18.354393346520375,0.13707200293626512,0.04865865646412491,0.6863178523203509,0.008672432844966686,1243.7287674909328,0.3245046049957289,0.7631200903785749,10.282859962840815,3.7448998049400077,34.82407964782888,0.49651136069715146,0.14042974379590725,3.2589128052213994,1883.9870283796472,0.48887147190081265,0.6307312127740464,1.1905736881959592,0.7247867497353331,7.746887004601134,0.10375002729070015,51.73362445414847,0.22591102381724223,2.4631109246581873,15.790393013100436,57558.48034934498,521886.5982532751,7001.556697486854,0.19676298903841014,94.1528384279476,0.4111477660609065,0.6665451725521049,11.084815818689988,0.13801030707230405,4.2007836921439745,0.037726523887973644,56855.88314486756,31.300434200208635,0.0011675879769252318,11.318710167037413,0.014369143667748588,0.025775547276183093,0.8450737986110615,0.7244669035547581,26.008299912621066,35.8999145233627,36.89173349139343,44.181444068749045,46.486557196677836,50.57667446560717,12040.749999999998,30.338077136070535,0.4489721340053351,5658.488407999011,0.46994484629271527,12139.999999999998
IMG-1252F541E2,R1,single-H-low,1,1,extractable,none,,1.0945740938186646,1.705816698074341,27810.123075052587,2.057337716381356,0.32121503353118896,3.673166953754974,2.871452569961548,1.3995127974059545,0.1916317641977876,1.3906861543655396,0.6296331286430359,2.241819441318512,0.13274268360246702,1.4204618604192778,0.38694114215231573,55620.246150105166,0.28178507204325176,0.05907582680275569,17.317023830211703,26.23123529059484,0.9186465790100693,2.8480428893507814,1.13278668235206,0.43018028276053377,0.7703407585361766,1.5182539187290127,0.5369067033692296,0.6693942223766212,0.6506878437338396,0.9890752081747647,0.9326278228770319,-0.07805107912980903,0.5133674017183459,0.5056806661455517,4.1095250615292604,0.09163786024678583,3.9088759548068444,0.4371839458134407,0.18470231083767902,8.219050123058521,2.79358242043317,0.9952073929257101,6.062005833239569,815.0732786766306,0.05913612991922155,21.115106962407317,3883.8436479721395,1.0328684697912112,18.02822317347457,110.47747224842198,1845.2336211274758,7.778089648016158,0.07274656363334013,0.05446654956058027,1.2295958716287527,0.00467766308335976,2415.894385940352,0.2596664025337846,1.1931472821372575,18.501278505298966,3.0635068318598146,53.30365589020788,0.21927381793289033,0.07377024246860939,3.4726705433528595,4928.572388750866,0.5274625277106678,0.6748781944312671,0.8460021950946519,0.7529040004897356,14.229588560774307,0.056250349650746725,102.79661016949153,0.17423154266015511,3.4296926170640614,25.28135593220339,79258.71355932203,1357091.693220339,5105.5669017689,0.09008738165699424,229.42033898305084,0.38884803217466246,0.6480389755442195,16.267920162029277,0.06045882235780831,4.740233194616261,0.042806355655517665,78712.97644642345,34.151506891390646,0.0005266176240527629,28.42507402463581,0.013485812158463825,0.02761172099700004,0.6138441576005984,0.5318386663102272,29.312111883538993,55.11466867743859,59.40538696111658,55.569775957799216,46.40043103248072,60.67124524847005,27449.250000000004,33.83181736573838,0.4501872925103606,9774.875042904097,0.3561071811763198,27565.999999999996
IMG-14459C284D,R1,dual-habitat,1,1,extractable,none,,1.6040986776351929,2.568624782562256,27921.196651904113,2.6963156032533786,0.49419403076171875,4.204256451692514,4.391530990600586,2.0816131085468585,0.30305216723070905,2.064401149749756,0.9532768726348877,3.4382541179656982,0.2066172136872276,2.1178604287078513,0.4698781405367667,55842.393303808225,0.1841478685827648,0.1522196618124898,34.77885223553488,181.4502187385246,5.11325355391271,7.025725889436278,2.525254177719921,0.47032364541652616,1.1746751470095862,1.9608951775729024,1.1354450307442738,0.5769484820803995,0.5354573265486082,0.9892753384154792,0.9311627686276187,-0.08167388164824554,0.5800419165634029,0.48229939443090364,5.801129353225036,0.04230952535330668,5.087259792715653,0.4901093504091858,0.08392845815634907,11.602258706450073,3.4370164992211185,2.38774501678905,6.322805348461301,484.04192771084337,0.07775773939130014,12.951489169529527,1146.320481927711,2.5502064547346013,36.99437751004016,59.83823293172691,1999.3542168674699,2.1918161747277938,0.038237654983145006,0.09527315272745934,4.611998750264504,0.004255310518933731,841.4547237554798,0.17436848616162465,2.8128067216763317,37.84471108189921,2.0902188682063265,74.65347672641059,0.07888085073546325,0.03861970879673905,3.7310562636346236,3112.7133758549285,0.6433287979877966,0.7751004016064258,0.4166770593456051,0.8292171254389452,31.9628932977682,0.032297409970215726,57.250950570342205,0.10884211135046047,7.352401364773239,52.97908745247148,10486.34030418251,337929.8441064639,361.37259625407216,0.04794993801935609,202.39923954372622,0.38478942879035405,0.6432398317406371,34.97220845681089,0.031595943949658,5.2423840829409025,0.08449799196787149,10346.28252902312,6.919820516734446,0.0012332000045903841,92.35164269843916,0.020850344861791038,0.1446017246181735,0.9101431037722681,0.5907886182344423,21.989695766062717,37.220919779697844,40.70626487409524,39.395431207184416,41.23105625617661,43.04648650006177,12363.166666666666,33.876363453552806,0.5059566659983852,5110.428129919637,0.41335915528003647,12450.0
IMG-E0E0FAFD6E,R1,dual-habitat,1,1,extractable,none,,1.4698492288589478,2.9470388889312744,196831.61119829802,3.2644142453290192,0.7571988105773926,3.2286541395596484,4.891354560852051,2.186581164652706,0.4578775518263295,2.1493189334869385,0.426620751619339,4.464733809232712,0.31527022768563956,2.262231981664412,0.3549261841839019,393663.22239659604,0.1227481213753399,0.33655634925130856,69.53129949078904,794.3996620455588,13.11600369702402,15.898624066483357,5.136941798851292,0.5109826518454335,1.6844726130419603,2.3972030611149573,2.269208332114989,0.5009633746586605,0.4394848622300898,0.9865408273266747,0.9231144752635729,-0.08342554516565572,0.6295341561478308,0.417704039258328,8.175580383525578,0.020090989707108372,6.188782961600124,0.5416613685440279,0.0460667599725209,16.351160767051162,4.033629861146007,5.258891466333662,6.6244888698376325,3825.1042614596604,0.09945410315539535,9.01894807437837,4721.015496216947,5.5235811008122,74.2163490288864,37.51823925534958,2346.0343984815786,0.7755319975835583,0.019733389092517938,0.13458027968546726,12.671582670254717,0.002768562126090386,3804.8358959320694,0.11873273546530369,5.820097338731742,76.00253496872637,1.7104628912268516,121.90702945606535,0.03408564172150423,0.019623321100001614,4.068096662713989,23181.4756324712,0.7220734082283904,0.8331356638992946,0.26450313309050744,0.8743311734200334,67.67682439110183,0.01708497137874773,412.4647828797008,0.08569806417612733,10.805533303325378,102.01537502597132,19173.03864533555,1209417.1059630169,329.92700189605245,0.020757834030344265,1736.1070018699356,0.36071203030748716,0.6234314384284692,64.72322789277901,0.013712182574064377,5.9529470842295975,0.12513975195652738,19109.18151170416,23.575947119962397,0.00022171987495315962,185.63137753090254,0.0376270948192419,0.0326159594891848,0.9351270309577263,0.6786354587891555,45.83697549769613,67.54285368389094,69.46221994724903,78.23042886243178,78.5175139698144,78.74642849044012,76795.75,63.16114822782907,0.25473178818153497,34299.86712460662,0.44663756945672933,76922.0
IMG-BA54202DCF,R1,dual-habitat,1,1,extractable,none,,1.5960073471069336,2.542288303375244,36865.16776135902,2.642449950798388,0.5117065906524658,3.148958340375082,3.845546007156372,2.0687065837967746,0.2973372557331841,2.0595823526382446,0.925014317035675,2.920531690120697,0.21097906007635758,2.1016912546911866,0.2468172324172015,73730.33552271804,0.18485144851572557,0.13755920020129084,34.93200903014328,123.40098816896443,2.1408808285272203,6.699944315471086,2.138400501697525,0.5157584613747882,1.0923005131756034,1.8702388593659085,0.9370901583187821,0.5911117967829379,0.5532336423113857,0.9878803604034178,0.9266497714164695,-0.09590472385518309,0.6177110125394374,0.4908793799818587,5.813048766720176,0.04292655344972755,4.970086619496747,0.5324987924514185,0.08297885711839904,11.626097533440353,3.4063569200532027,2.2095862042921532,6.346003471559591,640.7804936496525,0.07677695826140098,13.372055209367167,1542.7701893122453,2.313596618545992,36.112508986340764,63.49221183800623,2167.457824107357,2.2769385218167284,0.03805844272491936,0.08781916854985376,3.849245442670682,0.004292251547822741,1134.1635097328622,0.17734668380198337,2.513702850509108,36.58967260934468,2.1546102718562508,76.33456596536834,0.08019676240943018,0.03864848233212175,3.7040652401283296,4045.042821607757,0.6309369547788555,0.7661708049917972,0.44152711832801983,0.821902201453524,30.40592843041386,0.03217267973501019,67.36124794745484,0.11060960254097675,6.940414850046242,46.47126436781609,16164.436781609196,546727.6371100164,544.0695665650373,0.05368466512126731,256.74384236453204,0.42158266398116917,0.6752524887296808,33.03819291427493,0.03791450780833318,5.171527474963405,0.07296908698777857,15976.625284120782,11.247157225024377,0.000936345964870145,61.553145782545066,0.023876177801694893,0.06858198621372066,0.8490552658380649,0.7307579844921193,28.502469626648686,39.00397974639724,43.266615305567875,43.266615305567875,39.45883931389772,46.8187996428785,16566.916666666668,33.11653439231981,0.42907821270314456,7324.457331303028,0.442113489110508,16692.0
IMG-6FB428CEA6,R1,dual-habitat,1,1,extractable,none,,1.8633848428726196,3.049032497406006,32685.92191022225,2.958165434625057,0.5959925651550293,3.6575043024520633,4.642852306365967,2.429229946424722,0.36964691514872183,2.3822906017303467,0.8073598742485046,3.835492432117462,0.24919748748445011,2.475216306858832,0.5314373360122103,65371.84382044449,0.1547060006728216,0.22553763313321998,52.56083329208995,286.51963670545405,12.522666666993713,8.98115971795294,4.6609864979192945,0.31366137234058333,1.635197599441245,2.3352545354624947,1.9646304973530526,0.5009880156529734,0.4397044723294433,0.9829005380401371,0.9126568823942875,-0.03924376295750268,0.4226929703357121,0.4282272775674577,7.1749891075649534,0.028745172340213402,5.675754675624878,0.3266946369309957,0.06419474360722902,14.349978215129909,3.5960195384124134,3.4105365539680594,6.032716347789244,593.0386129334582,0.11116000242426585,7.308944258574303,825.3565135895033,3.703287076115799,56.391565135895036,29.81049671977507,1453.2762886597939,0.7051867174213597,0.02422413050443492,0.1673110174483761,11.91076339425063,0.0045592492761854465,673.2721646532477,0.14739983182171115,3.9754089261728964,57.464307112509275,1.5797738871625735,86.33131797266796,0.03801270486944565,0.024323778322022697,3.6809787223570507,3448.7712244318473,0.7534701297045403,0.856016148799654,0.20938139960707078,0.8907366812976879,51.94922881004513,0.02173914535429126,89.49318181818182,0.10169679752066116,8.532019628099174,75.51136363636364,1991.6738636363636,99042.60795454546,42.20901939961716,0.027691525277634833,334.6818181818182,0.3803202479338843,0.6407003561497276,50.16618893949419,0.018802961904519154,5.48787197637994,0.16494845360824742,1954.9199573863634,5.066355712175163,0.0013763199589128712,129.23317506079607,0.03564343300605413,0.13759187747983137,0.6197442384901184,0.5084115287620967,23.484650228231857,46.19220631249913,52.80151512977634,37.21558813185679,40.311288741492746,55.39855593785816,10511.416666666659,28.627353725318212,0.34165078285223094,6792.18029273523,0.6461717300460834,10669.999999999998
IMG-5D365168EC,R1,dual-habitat,1,1,extractable,none,,2.2109665870666504,3.179511070251465,3931.3892433903975,2.6953492476661163,0.50553297996521,3.952031042075735,4.2573418617248535,2.67951449218081,0.304627344599809,2.6761239767074585,1.3711014986038208,2.8862403631210327,0.20705241030486393,2.7082616978858995,0.36616315123224974,7862.778486780794,0.18497995099131212,0.15488351042883214,38.988141111035766,128.19624572272676,4.082560204746444,5.373579805645345,3.7686390577367868,0.17273727179310108,1.4800090342903434,2.1915469770789864,1.5622232835765677,0.5218162172787799,0.4642524953886563,0.9792266832657257,0.9041052421402842,-0.06721093881919701,0.5371531265401532,0.4365388345118619,6.21170086495756,0.041103016953837064,5.047753816553735,0.5167299782414159,0.08465371588660417,12.423401729915119,3.177294732516187,2.285554715845533,5.387441803433324,77.7723880597015,0.14509773891735353,5.81883492982847,99.14925373134328,2.560815326353308,42.13805970149254,19.630597014925375,735.8470149253732,0.5969538180195352,0.03305763437332933,0.25796499614450047,13.218394414686813,0.010093453264460638,85.67465219800944,0.1784658549938118,2.7140073963771467,42.657779512267524,1.3884399245904493,57.44908733007084,0.0451461702862947,0.03333003686375303,3.233923697624324,391.6810694285507,0.8139897803468108,0.8955223880597016,0.13604549185048495,0.9204826675078687,39.677721221268115,0.030857136166427872,21.35151515151515,0.12940312213039487,4.848705234159779,49.86060606060606,39.2,1463.5151515151515,1.1810169933555827,0.03824250432315726,57.303030303030305,0.3472910927456382,0.6095273514961346,33.673155809627076,0.0258249807430384,4.9604727672632,0.30783582089552236,28.647346189164367,0.8407959693083795,0.011828172083629138,81.92152550976162,0.03698016946261847,0.734834818718437,0.5264147003678497,0.32913399257974985,12.71464320797928,38.630598767152556,23.769728648009426,31.25699921617557,31.144823004794873,33.1058907144937,970.9166666666678,20.335715075041232,0.37215180782291707,1274.1443387850015,1.312310708558922,1071.9999999999998
IMG-1D973558E3,R1,dual-habitat,1,1,extractable,none,,1.7385808229446411,3.1191487312316895,27817.384298603673,3.18088671293731,0.7180590629577637,3.530424597370493,5.326573848724365,2.4185785070585744,0.4342350534110468,2.397106885910034,0.7983479499816895,4.528225898742676,0.29994772650531937,2.480509482855774,0.41858105256993544,55634.768597207345,0.12934575852637065,0.3034052997317362,52.49171048897904,578.2121092697687,11.8769240329504,13.454258914664708,5.801317657463869,0.39657050751354517,1.8196690981472206,2.471741232500606,2.4656675605746523,0.4789741295436236,0.4118183137521664,0.9848514942886859,0.9174423861824287,-0.05859462538994954,0.5430555629449796,0.4024569230861322,7.11171672818389,0.019804126767461298,6.130818542770459,0.4357390060955828,0.04225735281722528,14.223433456367786,3.900797992601793,4.813894143032145,6.147596812538602,590.0639239106392,0.1305162406349567,5.582338773354907,584.7721742977218,4.975696644541307,57.1692103516921,21.904224729042248,1077.6129174961293,0.6076622738814432,0.028118826837444225,0.21541875516072737,15.112263729299835,0.007080223979274009,504.9166639416783,0.12645803211126222,5.176005262691642,58.079092522563556,1.4416232691106976,80.22409993459101,0.0403225398212344,0.02820886491724238,3.781808562305988,3171.990580130572,0.7931999866557919,0.8830755619076787,0.15541393738853077,0.9109219956694955,53.56789059815363,0.025763093759745774,101.98679245283019,0.09621395514417942,8.509821110715555,72.13301886792453,208.90471698113208,9533.035849056603,5.8115321641242845,0.032299562008750046,387.23018867924526,0.365311498754005,0.6278838472254877,47.508737397533146,0.022729175976191732,5.7011049315833295,0.23446140234461402,190.71368725525102,3.5226722471349365,0.0016418912213697783,220.37400223927295,0.03773928416682319,0.2765845985809758,0.8298616680797296,0.42817964424846267,25.683966209761852,59.984089750091066,61.554853586049575,55.072679252057455,56.142675390472796,63.8200595424354,8551.166666666666,49.778496778254784,0.2651012682866671,7628.20870092185,0.892066427690785,9042.0
IMG-B43CAB599F,R1,dual-habitat,1,1,extractable,none,,1.8124613761901855,3.004397988319397,18113.218233950225,3.0196889546597028,0.6098212599754333,5.35393648866136,5.841244697570801,2.4246540156486716,0.3796137525142197,2.409224510192871,0.9070442914962769,4.934200406074524,0.2538579626736907,2.475401187666753,0.6120715934562305,36226.43646790044,0.14907914180190837,0.24866394430074248,52.26846924924128,374.1506127796166,8.452577087090733,9.5186766274672,4.430473618375055,0.36092132123294446,1.5574813120599253,2.285770364785437,1.9845463960268437,0.5149467048306989,0.4573673480190155,0.9904150284638699,0.9343246197059414,-0.06061340406047963,0.5277909022865388,0.438540943808667,7.141102233858756,0.0288740376638684,5.650697327016451,0.4132285418224003,0.060438729134822324,14.282204467717516,3.638181781539056,3.487287561460564,6.121517653514253,320.19891745602166,0.10832169061435103,7.6566388217995645,440.67794316644114,4.1049395417865275,56.72631935047362,30.674560216508794,1548.9259133964817,0.723690915366779,0.026005390431924794,0.17018147542471648,12.291655150056402,0.005616936644593618,360.2100318065195,0.14268901236885162,4.426828382794612,57.66521147694053,1.5881051792466485,87.69666132805689,0.04038619908554992,0.026382427598965603,3.7471322703226466,1895.5943361470916,0.7491382757144172,0.8539346309982304,0.2106147932226961,0.888453545888008,51.9184504279161,0.023718218274397976,50.80534351145038,0.09695676242643203,9.58281495833576,74.47137404580153,1159.9770992366412,58251.498091603054,25.234380991216238,0.033935911670270075,189.25190839694656,0.36116776411631024,0.6239231612180003,49.95687714478341,0.023027229668792594,5.617407398960636,0.17726657645466848,1128.1537206456499,2.211705010838308,0.0026337863810912913,173.92034746910562,0.03028298847234089,0.433188385348173,0.8714540291374712,0.6337242080233726,22.194726471766383,35.02268998211886,36.76955262170047,39.962482405376164,34.13209633175202,42.30839160261236,5739.249999999997,30.52066429615003,0.3575038535515082,4336.175243966605,0.7555299462415137,5911.999999999999
IMG-ED52B7F24B,R1,single-H-low,1,1,extractable,none,,1.1088773846626283,1.6981422781944275,15203.0001709284,2.0098709835300563,0.3066045045852661,3.8515000090398406,2.8219428062438965,1.3915331568896068,0.18594925392405043,1.3699259757995605,0.6907979846000671,2.1311448216438293,0.12765907152070777,1.4115698747358962,0.6009383119003356,30406.000341856794,0.2926293224132511,0.05616498453875864,16.884676344218832,23.328493506869872,2.0916909117060984,2.6491593785839807,1.1871518304151292,0.3807492547494242,0.7886742504288434,1.5419989793977926,0.5619811300814088,0.6644988718829405,0.6449034570277404,0.9885862044565299,0.9312066009182585,-0.06225679356067157,0.4566903856882832,0.5073247597471883,4.064335500106872,0.09671586650571468,3.8549996540281564,0.3903814341537621,0.1925317031477664,8.128671000213746,2.718030274125652,0.9590778022497773,5.87560593296701,483.96697247706425,0.06342948525256412,18.550146503850257,2232.761730013106,0.9881466721862552,17.74338138925295,97.38034076015727,1570.8115334207077,6.92969116127957,0.07208346824604316,0.06332259194996105,1.529004357504671,0.004973894669630508,1431.2200801069469,0.26905943597273335,1.140601799386994,18.29537285138488,2.79837057686676,47.657018849009916,0.20025823553315503,0.07250627364733223,3.344930456391957,2935.6340112199373,0.5495765587801297,0.6969755015626575,0.7192679931320876,0.7685062618687135,14.428975324523133,0.056025657606145085,74.4950495049505,0.18439368689344182,3.393754288795216,26.571782178217823,38446.90099009901,611647.6633663366,2669.6034887952023,0.08322557213204314,160.07920792079207,0.3962356631702774,0.6544133879459146,18.15689207616127,0.05278369523264771,4.573442980006902,0.05294888597640891,38090.21475835702,19.71759413702056,0.0009126338318246456,29.260649873592776,0.013196235070440876,0.04892574305131297,0.8970907863978914,0.5540788256744825,23.482369992988,42.38091929321214,46.17358552246078,51.62363799656122,50.487622245457345,51.71073389539158,15083.58333333335,38.01953221701324,0.40930847479690696,7212.786418882876,0.4781878589116999,15259.999999999996
IMG-0A000C0269,R1,single-H-low,1,1,extractable,none,,1.1807348728179932,1.9416521787643433,7623.66031872724,2.3174912640489866,0.4110502004623413,3.088392991543388,2.720494508743286,1.5395675203908608,0.23747913648264715,1.515614628791809,0.8479335308074951,1.872560977935791,0.16755375722547797,1.5679452206642768,0.46453940102188623,15247.320637454477,0.231922668837725,0.08818406516148333,14.33440005989353,59.26585821391113,3.340354955356651,4.601880794177739,1.1836656647217074,0.5903201892017736,0.7915845428766466,1.541062365135385,0.5551243419585344,0.6630989231431251,0.6429828361303493,0.9825290364253184,0.916236587738974,-0.14147280391330458,0.6874505728027013,0.5064591740890235,3.6713588974061606,0.07038457827565063,4.263309175192183,0.602042502238032,0.1299309812412253,7.34271779481232,3.120183164838183,1.4463866147248614,6.269488170601882,198.0493389229281,0.06386628149723576,18.492055438525046,719.1921960657852,1.5022429335659686,15.033537568526281,97.97839406643018,1343.527571751048,10.166328516384517,0.11414392191897718,0.05796725891581357,1.1686078958381363,0.007983051947725679,472.5431036856015,0.2190780042295722,1.6715282328318775,15.476870919752333,2.7644093798448472,39.93360292076519,0.303103310967209,0.1176129094020031,3.6354644120092487,1177.5573627935073,0.5442972551358664,0.6955572644060228,0.6841291870557937,0.7650255445008691,12.135248277360526,0.09221167209033654,19.014598540145986,0.13879269007405828,3.966860248281741,22.26277372262774,14703.262773722628,195047.97810218978,1417.5580806830033,0.16818502035850838,59.02919708029197,0.4308700516809633,0.681132391447619,15.755287054336947,0.09592955554023681,4.522893711481062,0.04417929700096743,14190.917896531513,12.863410766990913,0.0026224502927347194,16.11990296153709,0.03227040240535625,0.06371129480496823,0.9633487018108524,0.7007897163397555,18.174423903329856,25.934204625968807,32.802438933713454,29.73213749463701,28.017851452243796,33.301651610693426,6147.4166666666715,24.983682358924057,0.5861325056144464,2768.747921722288,0.45039210319602313,6201.999999999998
IMG-08E659F23A,R1,single-H-low,1,1,extractable,none,,1.1961721777915955,1.9513379335403442,19712.787893545,2.3172097450085016,0.3777858316898346,3.91314717223885,3.0094540119171143,1.545460104912317,0.23590282177755,1.5083597898483276,0.7887978553771973,2.220656156539917,0.15892287469738298,1.5750695809841162,0.7361831626557869,39425.57578708999,0.24079992124033295,0.09239724906589017,14.555021516542787,95.6190914767983,8.488686444709082,4.855491081967364,1.4716915572520106,0.5349791023659896,0.8867225230210547,1.6634244334407613,0.6820932436784886,0.6394463802161009,0.6137019755475743,0.9859891113730017,0.92359478890678,-0.10448703019710934,0.61385713153612,0.5035697895035999,3.7025205883476833,0.07009851450071693,4.390494673747792,0.5524925865251956,0.14251943501868283,7.4050411766953665,3.112057029199815,1.5817956598048435,6.135285566303022,555.3702491819784,0.06989305929800885,16.011876352137563,1913.396174175686,1.5694766283285575,15.353511200604078,79.40120815504656,1040.8470928769193,8.387459233260989,0.10888036893985903,0.0667656065400632,1.3674777540190168,0.009166344348484139,1315.9248649501237,0.22610923803904667,1.719075033085495,15.921363686938232,2.433572821171231,35.28431838993164,0.26139859939867327,0.1105408096624288,3.5101508503464487,3437.2296585518757,0.5885343423299862,0.7322407016592769,0.5536287276311666,0.7947723665354995,13.011209850617252,0.0892433168523862,71.11467889908256,0.1631070616951435,4.161455264708358,23.03211009174312,28992.995412844037,353014.70412844035,2782.537804617451,0.16079047971550156,148.4816513761468,0.340554246275566,0.6041671526627472,14.155724175483755,0.09122166124732009,5.019020155106448,0.05487037503146237,28660.85314788318,24.013110193690288,0.0009430486686021738,31.833944818802756,0.02279716756494208,0.05011326052880842,0.8954493827475375,0.7148695359222045,28.266140123801502,39.5402779156581,50.24937810560445,45.48626166217664,42.579337712087536,50.33885179461288,15801.333333333334,35.40631745324214,0.375544054884404,8108.721598345593,0.513166922517863,15891.999999999998
IMG-1A71CBBE7D,R1,single-H-low,1,1,extractable,none,,1.1829467058181762,1.805894660949707,15903.006202501747,2.085703348981002,0.31550729274749756,3.998864356073164,3.042710065841675,1.5047857145721215,0.1933409192739585,1.5044039487838745,0.7505386471748352,2.2921714186668396,0.1317645120903736,1.5251298605324566,0.22029835203967033,31806.012405003494,0.2798712081397092,0.06164104470741986,12.84553673963486,28.640747079058006,-0.3042317391883444,2.8993044815160536,1.0964332883727395,0.4497763519455881,0.7379267438104845,1.5067829005063988,0.5494599551957287,0.6828730341375319,0.6660260044387051,0.9894741726619736,0.9355086543800694,-0.09343827694796478,0.5541878800492713,0.49297425979885584,3.520612404068136,0.09736599445220502,3.8774578148393704,0.4924738408266759,0.18430291090086412,7.041224808136273,2.7955496558600723,0.9989344424721985,6.137336805031229,382.6513090536785,0.055967721084346715,23.812358565120153,1913.479450051192,1.0802135323998816,13.647067427234168,118.14114377651016,1509.2483545414655,12.047954446548472,0.11689230907586301,0.05563669192114422,1.0418172107658157,0.009021553513626894,1164.1037981378631,0.2560222099392241,1.2677207725069621,14.027102642250668,3.1909450412771325,42.14049443411023,0.35019517069775546,0.1226933447943177,3.5367749570660596,2365.5875848803585,0.5178826084460515,0.664911510896592,0.9027138166205292,0.7462579855028871,10.731365542459312,0.09525238047519632,46.98,0.1566,3.9251555555555555,21.453333333333333,40947.45,533739.31,3688.7844700643536,0.1837720154111027,127.52,0.42506666666666665,0.6757918234432387,14.733961014692035,0.12183331300572407,4.529697291850573,0.04387889425186485,40428.0659,18.612074263763155,0.0011108489126423953,29.288586411650595,0.013667068093393107,0.06757545055619193,0.8551630233788569,0.565991669736393,21.049403203740653,37.19030566924117,39.84971769034255,42.80186911806539,38.8329756778952,43.88621651498338,13613.75,31.803774236492117,0.49620374322440464,5556.601720298605,0.40816099313551407,13674.0
IMG-EDE71F65A0,R1,dual-habitat,1,1,extractable,none,,1.3097940683364868,2.4499872684478765,19592.620395006037,2.8421854906202744,0.6211000680923462,2.7555729609668087,3.4535422325134277,1.8474087378481896,0.3550968140402255,1.7978459596633911,0.5785670280456543,2.8749752044677734,0.2552737901745376,1.8983076398065222,0.3975662734921787,39185.240790012074,0.158293085723949,0.1906528506699682,38.63843605114249,262.7367888763107,9.52948859874958,10.071423058161825,2.3728990069156715,0.6178304802386367,1.1607851969091547,1.9282944198790206,1.0127313218521201,0.5764093226222935,0.5346461902012526,0.9843636088577358,0.916910812095674,-0.13047245646308364,0.7139940478272232,0.4841967506353777,6.058911624397388,0.03336139126267564,5.302847226962361,0.6276011052975471,0.0696328739943274,12.117823248794776,3.6778037551808955,3.111080516269374,6.456567864770073,467.98436637851756,0.08607400521951766,10.83072946627697,860.6395070811109,3.1487268905156665,38.242964870332905,57.05922383667464,2049.030163693213,2.1429769847686932,0.03887487802006239,0.07906335679007215,3.125073907686217,0.004031820103274432,652.1890268490624,0.15438316544135658,3.2894895978279752,38.62645632394661,2.0693394062439103,77.67877643953524,0.07940026528640327,0.03930796518244495,3.843372315473351,2723.140339430155,0.64236619334147,0.7769556174926784,0.40039737744579107,0.8285136081370104,32.214858820835246,0.032912474431053725,38.598784194528875,0.1173215325061668,6.560951949815688,39.56231003039514,11666.592705167173,404328.5258358663,403.15459506067094,0.060576074922373886,132.93920972644378,0.4040705462809841,0.659951562881837,25.97705339067433,0.04050934008606949,5.10193771916589,0.06051131138495494,11393.489454088562,8.57899834247594,0.001597097335715286,49.133564561028855,0.03853738159876174,0.08413958938280053,0.7300295654987277,0.42657212828867397,19.333583007216678,45.323127614500564,44.27188724235731,44.94441010848846,38.91015291668744,46.49731175025068,10799.166666666666,33.08722315945724,0.510094760052119,4631.909777745479,0.4289136301639459,10874.0
IMG-2E8214BE2B,R1,single-H-low,1,1,extractable,none,,1.1236608743667602,1.5558955907821657,3969.885467701177,1.617520652008697,0.22366589307785034,3.5464659864717794,2.0329091548919678,1.3361343636488774,0.13532710937972756,1.3310648202896118,0.7700981497764587,1.262811005115509,0.0922761921763068,1.3473008916322777,0.3614998097023859,7939.770935402354,0.3857777459983538,0.029964654869740412,8.199350407623292,5.674912834550162,0.43611679678606546,1.2679659917808124,0.813848255414462,0.2166494833014572,0.6318954420968534,1.3464855836314389,0.4126881454217503,0.7129536835648594,0.702226727791905,0.9788518095217368,0.9129098646705935,-0.030335634039211412,0.2824078447776337,0.4859896876208806,2.8435359370914006,0.16718727328606128,3.0766919468309024,0.23771429816740347,0.3100916900818078,5.687071874182801,2.196985109367847,0.5204535617988186,5.51655070962174,120.60859625057157,0.05514796353478352,24.98389849484703,843.6959304983997,0.561963081926728,8.778692272519432,119.27892089620485,984.5628715134887,16.668302469135803,0.1562575572829345,0.05390438834885946,0.6413174146561788,0.013023150101668154,492.1440571797035,0.33818846917358064,0.690702792228757,9.02135355937399,3.1895033411939857,27.22100744020761,0.47217428024209257,0.16250376352107446,3.0630851485414707,751.8171875813575,0.5130499343316627,0.6649783686820724,0.8854699150187505,0.7418589464407853,6.872827951758215,0.12446859372632792,27.520833333333332,0.2866753472222222,2.1873914930555554,14.364583333333334,18135.010416666668,145280.19791666666,2554.0667968750004,0.2527112268518519,33.333333333333336,0.3472222222222222,0.6100404966894547,8.29581249457567,0.1960576146781685,4.000290759951521,0.0438957475994513,17616.025065104164,15.932975775809194,0.00310478386140751,8.079378985529578,0.01911261683531262,0.041730875008341016,0.6453860320352375,0.602069302595904,17.26310364589744,28.672951056406987,32.2490309931942,25.45584412271571,28.861739379323623,34.698703145794944,4308.416666666667,18.505122109035074,0.5066597140484733,2527.238422269641,0.5865817115188428,4374.0
IMG-90A2CAF22A,R1,single-H-low,1,1,extractable,none,,0.9918901205062867,1.7281237721443177,59115.404924584334,2.344218215290949,0.3745737373828888,4.647879393065632,3.7072596549987793,1.3510648139068768,0.2340773812590441,1.3267323970794678,0.35675930976867676,3.3505003452301025,0.1562217638791228,1.3852194521289722,0.6637107498556651,118230.80984916863,0.23891230258780716,0.09345679917926586,24.30470005915665,75.45938290891618,4.439084529711446,4.338652592143803,1.4683970300170286,0.49234152220076166,0.8767548662648983,1.6551455054414579,0.6936185667638998,0.6430249588869896,0.6182824832838508,0.9927252989662231,0.943894624311078,-0.09523345769848938,0.580098561264642,0.5041591339670041,4.8566019848884725,0.07208103589000112,4.357268569287606,0.5046657141288804,0.14173381653105513,9.713203969776947,3.0756614476355226,1.451762405540208,6.22974487460461,1955.9347572059205,0.06348788487425086,18.329818114906196,7360.410218125162,1.5934723665832309,25.870715398597767,101.86756686574915,2392.867858997663,5.064226109700387,0.05171040339548169,0.053037754475614984,1.8964624212160035,0.003311445216419692,4614.49350715764,0.21802744293873813,1.8630945525717115,26.723699849378228,2.907282441654578,71.99785503705162,0.1475721925090854,0.05246440489087378,3.729714497800903,11422.910468971651,0.5376155873173774,0.6869269720152608,0.7686405401593024,0.7600936532836102,20.882279750384708,0.04037629257358683,178.0737951807229,0.13409171323849614,5.9315938452605605,40.855421686746986,154081.61295180724,3555104.375753012,7286.19711147947,0.06866782429544546,466.67469879518075,0.3514116707795036,0.6136676969957786,25.410556819996092,0.04275882197056709,5.338444785173696,0.043105686834588416,153543.42885397014,39.6825293808961,0.00025601125184074834,65.99897952861646,0.011373291897428708,0.03423084990797168,0.7603184376628964,0.5630428032569211,35.383859852254126,62.843996313559444,69.99999999999999,70.57619995437554,63.245553203367585,73.82411530116698,61417.666666666606,47.781449093618335,0.4670217324816474,16119.166301468935,0.26245162306397646,61615.99999999998
IMG-1AEFA3EFE6,R1,single-H-low,1,1,extractable,none,,1.034123182296753,1.5782185792922974,22749.43652276923,1.9295153596517025,0.2745766043663025,4.177349819257927,2.720417022705078,1.3027760955114778,0.17054710641861742,1.290030837059021,0.552657961845398,2.16775906085968,0.11545460652667164,1.321284832766401,0.4782828670488739,45498.87304553845,0.3130429440993293,0.04856805426240582,14.178229161614844,18.582097986218603,1.099468861045662,2.3261204117537444,0.960434308540034,0.41425101887725735,0.6821664354346247,1.4379534321703624,0.4929479495987106,0.69993835701688,0.6862607664266853,0.9886456234229241,0.9342071915043638,-0.08012149891907784,0.5016305873523077,0.4858984344504473,3.71977252490307,0.11591621250502794,3.630863248249088,0.4278212937082892,0.21081811701083192,7.43954504980614,2.640176733935755,0.8216386800734448,6.036566714595694,706.5394060317703,0.05421989149196304,25.018857524927967,4079.2626045583606,0.8723190093485037,14.826106975673394,140.8913360448162,1984.3926789962397,11.598496467926097,0.0899808042488135,0.04519627271332293,0.8658012298847491,0.006503764059372569,2284.3082250214306,0.2807024223898908,1.0623234976482032,15.198826821265895,3.743771867375514,53.974554220654596,0.3216408191416151,0.09367056784438864,3.5513816080636214,3870.6194428555236,0.4735026688234586,0.6244458480664451,1.1487155164298082,0.7129277684569851,11.090350082278151,0.06922521543257193,83.80085653104925,0.17944508893158298,3.761895372989926,20.96573875802998,106963.83511777302,1459206.601713062,8677.378624917252,0.16679271649178348,193.42398286937902,0.41418411749331696,0.6686943550153742,14.274208998382788,0.12245678005195319,4.612436181588793,0.03583761798787507,106185.22197818322,40.29710919021196,0.0005525931185140725,20.836968952114923,0.013006759474876341,0.02351526311518586,0.7547652083577088,0.713090410042538,33.6480191787297,47.186189443667445,51.855568649856686,47.16990566028302,46.647615158762406,52.507142371300304,25969.916666666653,35.614494107055975,0.5244150059949754,8087.036155744439,0.3114001580961732,26061.999999999996
IMG-DA4569F340,R1,single-H-low,1,1,extractable,none,,1.19086754322052,1.9934793710708618,19669.21941710123,2.3763145053652726,0.4433131217956543,2.9044315426759932,2.8147037029266357,1.5794995165188437,0.25262799884528747,1.554660439491272,0.7434825301170349,2.071221172809601,0.18256064438683037,1.6096967485614289,0.3763071717988481,39338.438834202454,0.2196482529344346,0.09630489964597505,24.377362706487688,67.54134015205281,2.9584150945289123,5.096745563878453,1.2628558462114159,0.6027388162652059,0.8190706989506121,1.5757522411080085,0.5870490377816208,0.6561169612963786,0.634317713187406,0.9878683742066715,0.92877767969318,-0.14443669945397802,0.6967223133164551,0.5055794837636085,4.839289833299215,0.06329314450223103,4.381351901084382,0.6121463740299107,0.12075471754042756,9.67857966659843,3.192920569193264,1.5899003525224669,6.314029361075281,491.5219338690555,0.06475061702925246,18.038599849946067,1667.349888025293,1.6280450257596404,25.16032143327625,98.29574496113818,2239.270451850876,5.469928303714378,0.05356556188125607,0.05487661162053887,1.6908526685759877,0.0035232537514922058,1113.9200548864521,0.21139419348603505,1.7619105027049202,25.864644155286385,2.8242782857301774,68.18069104559333,0.1535015779856815,0.05337567596769978,3.691819547533343,2879.84315242345,0.5435014508770448,0.693898645156714,0.7188978310904293,0.7639038865678909,20.19211460697607,0.040836082260470655,43.559270516717326,0.1323989985310557,4.966546872257277,33.130699088145896,33897.954407294834,772962.3343465045,1713.3553843670475,0.07251780324873393,121.790273556231,0.3701832022985745,0.6321909778482934,21.62984849332034,0.04571286803052041,4.976041425952429,0.04334079831379265,33365.59346273593,15.855605580883926,0.0011221700116388483,26.567584008208875,0.02188499811012476,0.044858360409897616,0.8930344041017453,0.842199359740593,28.6734721192277,34.04594385830388,40.311288741492746,42.0119030752,36.400549446402586,45.65084884205331,15080.083333333334,30.40419918558188,0.5025403823301458,5873.752636549404,0.3895039905758304,15181.999999999998
IMG-72D76DF319,R1,single-H-low,1,1,extractable,none,,1.0893886804580688,1.6052872657775878,192653.66845513572,1.859775611302263,0.26625707745552063,4.401154993124777,2.873551368713379,1.3427702395032834,0.16352570005548658,1.3277115225791931,0.6492494344711304,2.2243019342422485,0.11068137274940577,1.3593452728552213,0.6482137844454364,385307.33691027144,0.32910850870139063,0.04478765473813062,15.518863010446458,19.54045473541065,1.7402319409274343,2.151297914684125,0.9811289202510167,0.3733187833069259,0.7028208022383642,1.4446019308093812,0.4857349081818831,0.690590507811366,0.6760890922556074,0.9905090353023984,0.9381497279233888,-0.06016182218461915,0.43928697385987076,0.4983856128813899,3.9020912902765854,0.12070618321872882,3.57189557076357,0.384420715304928,0.23522668742685446,7.804182580553171,2.56475018865908,0.7831067087337853,5.893357938171651,5734.007615576444,0.054997195622256315,24.420952403626977,34312.853117206985,0.8056051305135912,15.996758104738154,147.7702474582774,2212.366545175523,11.09941867403511,0.0780616558463088,0.04163300880331796,0.8435855518821855,0.004121100954819538,18454.224426880202,0.2895396273584201,0.994615544850969,16.491653992561513,4.01160512510352,61.90032028554296,0.30572227325080287,0.07959216400640876,3.5315447779480897,29835.38556582867,0.4670799055327767,0.6112972007850197,1.322025935621857,0.7084034105131256,11.988703139741832,0.05735257915966806,688.8398773006135,0.2113005758590839,3.4547159283375364,22.297239263803682,1047484.5300613497,15509351.226993864,77311.42342044711,0.10875611482663956,1446.4030674846626,0.44368192254130756,0.692709336881865,15.442094142769497,0.0781225348852314,4.393564493874166,0.03126798388643775,1046461.7076367196,277.0501120669821,6.549574977965685e-05,27.949257680782477,0.009885158491693061,0.004038029565148283,0.9468944109431702,0.7805486910656921,58.688109025219795,75.18827421911661,90.13878188659974,96.04686356149273,87.6584280032445,103.30537256115966,208430.08333333363,71.19535662654397,0.5434008756479961,31285.08879956237,0.15009872039214905,208520.0
IMG-49ADFFE3F2,R1,single-H-low,1,1,extractable,none,,1.0321011304855348,1.5522367238998414,13355.435249075113,1.8294127100068014,0.272133469581604,3.9084128292729656,2.3239381313323975,1.2736780339005613,0.1652991657988364,1.2457224130630493,0.742245614528656,1.5816925168037415,0.11330302945598913,1.2910154857841638,0.7353969054594202,26710.870498150223,0.3347321896065904,0.04446525049372082,13.074185096193052,14.195449389479892,1.7310866474153075,1.9857283478713808,1.0022184096052509,0.32897337229570023,0.7036852385701823,1.4654646037284613,0.5052899258160526,0.6931643253857579,0.6777255365754912,0.9851353861989129,0.9250088166405169,-0.04909170573917331,0.3924042093578933,0.48531450942976073,3.5816433799533436,0.1286350119091706,3.496581835846022,0.33717487585585226,0.24039266867876583,7.163286759906686,2.4913271093986946,0.7469866893691581,5.815752451124192,430.65256458255334,0.05374423618901202,25.890323425980263,2682.209035317609,0.7896624181885641,13.8723324597529,127.30550355672032,1505.028952951454,12.094821737203972,0.09185988637936142,0.05582087379795355,1.0631614981077293,0.0058091490204141925,1546.6873700799106,0.29630735382322065,0.9483538949971828,14.637470381131854,3.4031923180305172,43.66315332899562,0.31771549302806795,0.0913464098905585,3.3376672641082084,2653.0252061422284,0.5067263755077168,0.651134214593593,1.02503594335995,0.7384210280587123,11.260352705299738,0.06744676576519876,83.5195530726257,0.23329484098498798,3.129740020598608,20.312849162011172,56462.00837988827,681414.0251396648,5127.02238441629,0.11398584270766035,155.23463687150837,0.4336163041103586,0.684544590433946,14.562305324202061,0.07662250953472122,4.227565662115966,0.04467739922625733,55961.02394588183,32.94549266559665,0.0008331674805373797,16.27594337964049,0.015691583671405333,0.024472867966910703,0.6595278667871715,0.45671599357181014,21.93549455023854,48.028741841705596,50.566787519082126,50.99019513592785,37.013511046643494,51.19570294468082,15975.249999999998,31.676293651331854,0.4450955052893999,6891.747509678644,0.4314015436176989,16025.999999999998
IMG-F86458F022,R1,dual-habitat,1,1,extractable,none,,1.612649130821228,2.9612450599670415,81253.34156768865,3.1140609766469884,0.7216338515281677,3.1443698585718227,4.7668538093566895,2.2448936732499787,0.42289685804995136,2.190239429473877,0.806567907333374,3.9602859020233154,0.2979355733616299,2.3061489937876716,0.49092950920022776,162506.68313537727,0.1342732100335809,0.27877557735010616,42.55214475237244,457.57133802829077,19.042276365292345,12.176108788679942,4.495127619828006,0.45767734893010226,1.5955118714846952,2.3144636031588437,1.9198233724273979,0.5088802441042674,0.4491973184193414,0.985290364996771,0.9189887746429874,-0.06753066442414549,0.5543922925106526,0.42888582168276623,6.374191794718188,0.024271187751655134,5.872458850663573,0.46899693007914406,0.051123464842559904,12.748383589436374,3.8137143572861905,4.167809102126986,6.352402174311129,1636.934284592224,0.1071432310899479,8.369258276520775,2051.4261028930487,4.591611206477752,47.15532137714361,32.36117292839377,1226.0488938342714,1.1414566788792793,0.03526158317207029,0.16184138331424894,10.02192158684405,0.00656536483003744,1681.0754304144907,0.1294235773569093,4.849786651374629,48.42236118491296,1.6236354471005776,73.06549978043347,0.05709615408453878,0.035346336914700585,3.8529620102021336,9743.94653896377,0.7479513407904056,0.8500709919743824,0.23157525485190952,0.8875353231036642,43.84419215800915,0.03144097020514002,237.6990521327014,0.09387798267484258,8.67910773692315,65.6303317535545,3869.774881516588,131898.66153238548,125.80237782317684,0.04121170286752411,884.3301737756714,0.34926152202830624,0.6120862239659367,41.999599396475176,0.02741405879286399,5.802348457679274,0.16572849849456736,3833.3661449403407,14.46836121290826,0.0005287007778680858,150.4270651152882,0.03784951095509677,0.06892551634300365,0.6749991968150695,0.6594300517559171,49.063136396325255,74.40233617755351,67.67569726275453,82.21921916437785,68.41052550594827,86.94826047713661,29739.58333333336,50.2215171610134,0.23056183736283445,20133.531249302083,0.6769943957733794,30555.999999999993
IMG-5499170604,R1,dual-habitat,1,1,extractable,none,,1.8224636316299438,3.0547614097595215,4551.513176430093,2.973771410089184,0.6702864170074463,2.734497751651294,3.6182453632354736,2.467585269108559,0.38424839540904093,2.5046274662017822,0.8972329497337341,2.7210124135017395,0.2762291037207683,2.512524294547937,-0.29932619348302075,9103.026352860186,0.14520016697413243,0.22380127037204947,58.16176575468391,250.1372325975617,-9.464923134540536,9.2859156442478,3.8414051332656314,0.4115020504108825,1.5091514572425457,2.206598010509554,1.5342120751978356,0.5148971057523002,0.45601166754720557,0.975333783762771,0.8954419335866928,-0.08165672351580454,0.599316692665263,0.437225012930114,7.536447569493835,0.028416329559581822,5.5215106648258745,0.4498454537076776,0.06031400214504008,15.07289513898767,3.600333552598236,3.281830194378358,5.941684238945448,88.69764216366158,0.12302030813267903,6.036449606706666,104.68932038834951,3.7305714631974007,58.56449375866852,25.624133148404994,1565.748959778086,0.5067804722079577,0.026832458697837017,0.17136218025947575,8.829881313950532,0.008542393987446795,88.28937657475882,0.1410275649417463,3.909790033558014,58.216615213004964,1.5173585413844595,89.75867918864893,0.03826393007926428,0.027822227967399766,3.6154451265377485,484.74758873039,0.7716053638984655,0.868238557558946,0.18254012365662586,0.8993243059433266,52.1081175824043,0.025738097354774073,15.437956204379562,0.11268581171079972,6.264372102935692,50.77372262773723,173.7007299270073,10700.34306569343,3.2288710036166157,0.04965866175785363,39.46715328467153,0.2880814108370185,0.5527490007859573,25.719792154081937,0.036652710728002816,5.344448756941443,0.1900138696255201,146.00394267142627,1.0021708607889146,0.010677008694042315,63.42426793999562,0.0618241238762345,0.5011227908597792,0.778836357485912,0.6871005097592333,14.098404681327759,20.518693380489527,21.2602916254693,21.93171219946131,22.02271554554524,23.93741840717165,1377.6666666666667,15.980704412830756,0.43827071613926716,1366.1690365985592,0.991654272875799,1442.0
IMG-E9EDC2335C,R1,dual-habitat,1,1,extractable,none,,1.6104992151260376,2.7120522737503054,54583.80763047847,2.8466864283188937,0.5691371560096741,3.0002605936747555,3.8221237659454346,2.1769240864393837,0.3401484890009811,2.1905351877212524,0.6784178018569946,3.14370596408844,0.23684625264561537,2.2185342652044495,-0.1457691788595333,109167.61526095694,0.16206875299317572,0.18289580776630035,53.500017788173075,220.0601993127461,-4.2578796158489345,8.724433140371262,2.6504687169261762,0.5326273214576999,1.2177021253527247,1.9967334285235343,1.1567111549811233,0.5676382466392401,0.523472025642493,0.9871083128966293,0.9243399879110652,-0.09644012325686822,0.6337720269938232,0.4763804285972364,7.209811679740312,0.034897714417565735,5.322189877174641,0.5426074086343547,0.07219843316497067,14.419623359480623,3.6006055420168916,2.8437254643243595,6.464521229644396,913.4847610459874,0.08237013174445333,11.781239128013196,1797.3424706943192,3.04727924896799,55.5346257889991,54.84039675383228,3074.3063119927865,1.1712372040301635,0.024491053988286726,0.09766051063872525,5.716755050995327,0.003258549249775728,1356.4061678542532,0.1555991932119477,3.2739233425353045,55.52385190297137,2.0061979025242835,111.48096268684813,0.0472115699527708,0.025151831592500427,3.8333782774257465,5735.698586174714,0.6562476056829567,0.7860789345911077,0.37917469412694527,0.8370996493500094,46.47863995984088,0.021519850027788386,96.75,0.10336538461538461,7.9249762583095915,60.89102564102564,16094.628205128205,874485.3472222222,321.88859289221784,0.03708365796078965,367.93589743589746,0.3930939075169844,0.6516444999676896,39.76112196647674,0.02510851414154197,5.386807238229276,0.08440036068530207,15954.246215026666,10.847958735962678,0.0007330556997376093,75.72630634855287,0.02990115790883087,0.05474802993714561,0.6178119859564416,0.5891877883486706,32.28484542184356,54.79551012475835,60.166435825965294,59.464274989274024,43.04648650006177,61.91122676865643,21994.083333333332,33.85332293167326,0.37651369217513203,10082.632262524057,0.45842475495413043,22180.0
IMG-4D0EB0D8B3,R1,dual-habitat,1,1,extractable,none,,2.0340545177459717,3.094089984893799,10221.620680035174,2.8215118726691673,0.5580803155899048,3.477036033500298,4.318169593811035,2.548760035083155,0.3338399400663908,2.5242323875427246,1.2484314441680908,3.0697381496429443,0.2295514395421865,2.5838796697290127,0.32962364373234965,20443.241360070348,0.16681890185032944,0.18025643120182513,32.32457661144566,141.17328646333465,3.642933004200081,6.7177051269989025,4.382226508075814,0.20897871808473484,1.5933650758589102,2.2976898737928364,1.8252080739201328,0.5063233695445005,0.4460125613125029,0.9761182544733219,0.8979740957270727,-0.03460114578429086,0.40182556196286784,0.4303713156227159,5.633662800884604,0.03192119346823997,5.440643733810656,0.2578650419067061,0.06516294653468875,11.267325601769208,3.3964720295603397,2.7749829087686786,5.701026567784884,191.64271717831483,0.12517486425755378,5.369127728661014,255.39973873285433,2.996403097150507,35.92945787067276,24.366427171783148,771.5754408883083,0.9599209315050157,0.044873659735674615,0.1781517631627722,8.328727324899178,0.010816721587521566,214.7787888500606,0.16107634152826286,3.1852834791449194,36.477231918535466,1.5012755017291666,52.56526902101059,0.06550608562221223,0.04563351251813526,3.473080031415829,1033.0148392382196,0.7733735389332678,0.8708234939456362,0.17808662888429264,0.9010374679852605,33.25739821656339,0.0416841896202765,32.248275862068965,0.11120095124851367,6.833103448275862,47.793103448275865,269.18275862068964,8040.110344827586,10.062235292010111,0.062292762731476305,98.66206896551724,0.34021403091557667,0.6060409374958367,32.098952488097304,0.04230153984254551,5.392063521780528,0.18941868060091444,241.31164090368605,2.5766263029142653,0.004495837241917968,82.95954089448651,0.04425654074805242,0.2739934937406873,0.7157169641725187,0.4424207368725247,16.54963930105136,37.40701536288936,37.16180835212409,37.16180835212409,30.14962686336267,37.49666651850535,2958.0,26.77283547428194,0.36438864537711796,2734.752756105144,0.9245276389807788,3062.0
IMG-B0E51AD8F2,R1,single-H-low,1,1,extractable,none,,1.0580369234085083,1.6757651567459106,21231.697860258395,2.068865102464633,0.3173428773880005,5.693005956508343,3.649043560028076,1.3560210784051827,0.19555363923678912,1.3290358781814575,0.6335058212280273,3.015537738800049,0.13202129108139268,1.3798613644171163,0.9717411855376766,42463.39572051678,0.2863583737610388,0.06522421993191115,15.564897227452162,38.929630235541744,3.7550883173357708,2.9334073872210507,1.2315988850429893,0.4077007015885438,0.7831148078963568,1.563257114756051,0.6158781629750869,0.6704142483799387,0.6511439445004756,0.9929403779836232,0.9460875074788084,-0.07090707885467973,0.490383773476565,0.49645257215821326,3.890907351552263,0.09777694815764502,3.8938119103375444,0.4223040647523233,0.18128361737609547,7.7818147031045255,2.7663637972196513,1.0412515680660102,6.0075624849147005,645.3840014348489,0.057876782480033084,22.29877506499045,3193.1822258093443,1.1283077287646306,16.77302484082145,109.43834633665142,1574.6698950766747,8.826016430676232,0.07987612073246597,0.05938126394397507,1.4872737088244838,0.005376638149841916,1964.3734236525922,0.2591953468321525,1.34194298864039,17.61925676553944,3.0017407133615355,47.09318961792734,0.24021684114045957,0.0799872962849907,3.479067483752184,4046.842198018148,0.5319253041376918,0.6794285438353236,0.8145544811855128,0.7563410752683786,13.878772835679145,0.06068698611471217,88.63736263736264,0.16233949200982167,4.4944518241221525,28.157509157509157,45423.06043956044,692854.26007326,3322.0651720035216,0.09723694483206073,211.65567765567766,0.3876477612741349,0.645941364889923,19.159374935577738,0.06345762760481777,4.811112335835194,0.04896421845574388,45005.95836855452,22.883549895774674,0.0006449397750671261,47.77688902725285,0.01029061772371129,0.07488710786983147,0.3829009152870117,0.367029491664233,34.61165248254852,94.30210178917191,82.73451516749222,49.99999999999999,42.638011210655684,98.49365461794989,22211.416666666653,36.10836108856287,0.41617081631807284,9181.846081295032,0.4133840816679878,22301.999999999996
IMG-9739F308BF,R1,single-H-low,1,1,extractable,none,,1.1616811990737914,1.7551581382751464,24938.634970660103,2.0234660441623187,0.30566778779029846,4.739127975866309,3.3965117931365967,1.446319428872067,0.18752721485935417,1.4215572476387024,0.7311392426490784,2.6653725504875183,0.1279382013582655,1.4663741195011684,0.7981058618228852,49877.26994132019,0.2926841213770467,0.05841316801000417,18.647948562384904,29.628720744347063,2.938277684532227,2.60896878341665,1.213200094822612,0.36398416655255156,0.7901038094262314,1.5580679535390591,0.587046599802698,0.6659336760652376,0.6462364910375238,0.9918293714531128,0.9414534605168304,-0.05603033074518594,0.4364490014948432,0.5027888287502432,4.277716066957485,0.09988302789805426,3.829976706626669,0.3883972596504853,0.2037866517865005,8.55543213391497,2.6874868869186797,0.9555422195598157,5.95762048925155,680.4669770650112,0.058671061999052525,21.670706614923496,3394.5504397309883,1.033041713758558,19.661665804449044,106.66390757027074,1899.553888601483,6.730628310919539,0.06363638674763676,0.06432532219853161,1.6506019728374242,0.005014978931478625,2097.9073239791533,0.26447376650625726,1.223328834741729,20.33370026971786,2.960291428401178,55.63679068080179,0.18748078985907746,0.06394470894511123,3.41382951134378,4296.2394979195515,0.5401017702029743,0.683877856924934,0.808317377891798,0.7625297089253625,15.943601566832003,0.0490032212225533,106.20391517128874,0.17325271642950854,4.146292003864075,28.0652528548124,58526.2969004894,1044383.7879282219,3570.524444140716,0.08310226714331855,270.20391517128877,0.44078942116034053,0.6905251648161951,19.3569569451953,0.062180506324622034,4.534676418468789,0.05285394033454044,58168.328031317105,22.077235769560293,0.0006028411805013468,46.64549464316495,0.009690391990383731,0.05922488553596416,0.868010006922895,0.5408632930605152,29.173262020820054,53.938328585289966,53.851648071345025,58.8302643203309,48.33218389437829,66.64833081180653,22996.666666666668,46.81900896872693,0.4069811469126058,9609.182166910708,0.41785108712468655,23195.999999999996
IMG-E518F85E8B,R1,dual-habitat,1,1,extractable,none,,1.9334221482276917,3.1271212577819827,25861.2265851072,2.990689491958857,0.6136997938156128,3.2451076864311696,4.1911492347717285,2.499998227508369,0.3764849181853161,2.4700454473495483,1.0185747146606445,3.172574520111084,0.25772356935369933,2.5452432442935673,0.3005774529563533,51722.45317021439,0.14955687928964145,0.22827203507705765,42.91188828717095,271.3922515910888,7.801694286439956,8.882926525888603,4.661853282722103,0.30673320509145935,1.625871248988969,2.3383432259937553,1.9964316119127117,0.5047078520259959,0.44404587969176246,0.9748724337537951,0.896519439412516,-0.04213506501942345,0.439952845957611,0.42571530742303854,6.469590878967183,0.0285260285656707,5.686818674178993,0.32493075808358596,0.05608935864495424,12.939181757934366,3.593460471102818,3.3861949521526764,6.060652041728809,467.6102204408818,0.11713682876775595,7.530884414118819,597.0310621242485,3.7860655554596163,46.62099198396793,28.016032064128257,1112.1951402805612,0.8728221420057893,0.03492570796685185,0.18198995685410735,10.062659866062917,0.00846395520188842,494.94461768638547,0.1434247179290442,4.025246367167897,47.435972289169314,1.541274980488392,69.68540928033097,0.052429913203597675,0.03550277092406153,3.67302705865549,2653.991557701282,0.7673206064595296,0.8643826113765993,0.1970448618074549,0.8977016639407402,43.145363326878105,0.03230066321081525,80.68726355611601,0.1017493865776999,7.520170979042664,56.87389659520807,494.64312736443884,19395.86002522068,13.732545041930358,0.04757912595674876,256.43505674653215,0.32337333763749326,0.5882431909990667,34.618757537440025,0.03143646122800543,5.686268912758674,0.19864729458917835,469.3014889106924,6.062751600062166,0.0018304224921667357,79.14157708583923,0.057343965960908516,0.09919685515829191,0.4743226831865318,0.29755282150558665,19.48235887770243,65.47529537486386,40.0,54.03702434442518,54.0092584655631,54.479353887504935,7677.41666666668,31.056417784636146,0.2916014416416968,6454.132324279259,0.8406645886892398,7983.999999999998
IMG-6DD5C1D207,R1,dual-habitat,1,1,extractable,none,,1.725998830795288,3.0841329097747803,26297.402068848518,3.12127295364142,0.7592153549194336,2.591972556759579,4.253938674926758,2.4087307626503285,0.4277200348244779,2.4201698303222656,0.7917298078536987,3.462208867073059,0.3114529987650745,2.464691857537157,-0.016217683931387613,52594.80413769702,0.1297620985770674,0.27272206567192814,53.630748103675906,395.77550764322217,-7.401899470343353,12.186996840050897,4.7830093325957295,0.43539376137051783,1.6928171165277788,2.3462967533861727,1.8807179009172919,0.48848778928847825,0.4227970433116164,0.9800580384131121,0.904409850448354,-0.06359753428575275,0.5467148862103,0.41408706846626653,7.1957345318412145,0.020683851620205092,5.95967249305304,0.457575357986068,0.03762871177297449,14.391469063682424,3.829427616406979,4.242501543161657,6.08060788020725,593.999768999769,0.1372140838530305,5.293431285115278,561.7401247401248,4.4875165692906505,55.996072996072996,20.814737814737814,1139.4070224070224,0.5315654386849004,0.02934174466252431,0.21253138025106438,12.73532111268614,0.00794279912471358,490.2674055201859,0.12768558450240478,4.626370218445364,56.19201657886693,1.4297539832267414,79.65308639666478,0.04090678674035864,0.02974790222660306,3.7008407436206747,3081.4929715207227,0.800940949900231,0.8869342715496563,0.15371378341683128,0.9145197193652093,51.54867168725382,0.027483312100244486,105.275,0.10122596153846154,7.223771264792899,60.3875,190.95288461538462,11491.714423076923,3.7760699900365933,0.037412570360200445,333.3076923076923,0.3204881656804734,0.5856174912765953,36.29043768496441,0.02480162735535397,5.766528951143249,0.24024024024024024,173.62647836538463,4.656403907512684,0.0017726969898888988,113.4912221907507,0.05068845076701498,0.1392498170579245,0.6917921355545154,0.34511634591262474,22.172741363681574,64.2471491897842,56.85947590331799,56.0802995712398,49.193495504995376,64.31951492354399,8177.583333333335,44.44567254129036,0.22281656563693344,8809.541399426675,1.0772793183919462,8657.999999999998
IMG-FF9305570E,R1,dual-habitat,1,1,extractable,none,,1.911959958076477,2.847752857208252,57872.73816902504,2.6322145197628566,0.48418498039245605,3.224793872665468,4.347522258758545,2.3865734513100207,0.2914797863689568,2.386458158493042,0.8134555220603943,3.5340667366981506,0.20274946935496707,2.414747681360784,0.019913938120348817,115745.47633805008,0.18945099835669282,0.13527352613945945,49.99743889849448,117.25548019497758,-1.2481727134529153,6.1399964952206725,2.477016776768247,0.42431942063293104,1.1951418820476802,1.9516880397410223,1.037485004163716,0.5678910466837674,0.5239801379130462,0.9893706931168361,0.9297401965692473,-0.06326837246235266,0.5115094020581041,0.482331787651094,7.005781883639661,0.04246478028931692,5.030768404767327,0.43590563578569685,0.08825479539811386,14.011563767279322,3.350236285283926,2.15425331799723,6.138849207768153,845.4542065491183,0.08518430292686331,10.744656805131687,1880.3011586901764,2.259169707313668,52.60695214105793,53.20251889168766,2666.63879093199,1.1969183469072389,0.023523746297067223,0.09258173111717877,5.6981123985235405,0.002469196419277033,1409.068954540225,0.18020892755755763,2.4629038455607875,53.15921264457913,1.9930788094909528,103.28565298027637,0.04621650506794975,0.023738445471620333,3.616859021245278,5160.924899537285,0.658448219118421,0.7878473164115483,0.37397026174847636,0.8384155362274244,44.967927354840256,0.02004481205954045,97.30530401034929,0.12588008280769636,6.349616503968845,66.27684346701164,18992.280724450193,965768.0931435964,397.0847060196778,0.02792915827358369,301.3699870633894,0.3898706171583304,0.6481631322871424,43.61774577941664,0.018575973192035255,5.182891837426306,0.07788413098236775,18827.425755067958,10.140697992198481,0.0007476330931895247,77.42024565200074,0.02143166361321189,0.0644787186720384,0.6552460454160203,0.5151054716290819,27.503384086191193,53.39369430343749,58.82176467941097,59.36328831862332,36.89173349139343,59.89991652748775,19679.75,34.98600704247931,0.38672495140875135,9115.104437341532,0.46317175966877283,19850.0
IMG-A94AF0E2B7,R1,dual-habitat,1,1,extractable,none,,1.789070725440979,2.964648723602295,27417.61208077957,2.9764010817842856,0.6068973541259766,3.7524030762382576,4.76785945892334,2.3731271827152156,0.3709212967042045,2.362736225128174,0.810110330581665,3.957749128341675,0.2537980928022739,2.4201678823328363,0.31459922608639646,54835.22416155914,0.1521809680198684,0.22547995333354812,49.73385521512058,322.93712944080113,4.755623061332126,9.560204687139986,4.127025872422815,0.3956889310623263,1.5316544395802316,2.255950165875445,1.759985872807028,0.5155437087614684,0.4579548303680091,0.9864486429605374,0.9217740976811946,-0.0590329712568631,0.5196730831004857,0.44112234261577005,6.9552282187053445,0.02853898878954599,5.6602267382251945,0.4416828799986237,0.05731839813921279,13.910456437410687,3.6605777526601346,3.4218076398907,6.223015135901077,473.5379192480239,0.10116170033070368,8.316596735424413,712.3591113010041,3.7158993291319673,53.291817987609484,36.12582781456954,1722.0989104892117,0.9370278386028668,0.028607696850891297,0.1355592593896491,8.956815182497971,0.0049928797023408335,570.3776328233778,0.145819288533795,3.9936887312815945,54.16870742484564,1.6911609990967962,87.69471089073068,0.047217411989059106,0.029080420584397422,3.7758520580445807,2834.960343650055,0.7234828597479634,0.8356366982728871,0.25405910658346076,0.8751985598982436,48.018494280766234,0.025815320513227453,58.19597989949749,0.09748070334924203,9.433184908349675,70.44053601340033,3679.455611390285,175245.12060301506,84.51000488275908,0.04024949927899364,218.7889447236181,0.366480644428171,0.6266077608464463,46.25291188304151,0.025700757790579117,5.5175023161405745,0.12753685110019228,3617.9763530101654,4.073981056171305,0.0015848261528750816,146.15345976761876,0.030319864214895912,0.20653125784655843,0.8866718179362041,0.7258754855625,24.300871038319094,33.478015887928365,36.76955262170047,39.05124837953327,33.60059523282288,39.81205847478876,9251.916666666666,29.684013208246565,0.4259027690829755,5004.1248398528105,0.540874396100211,9362.0
IMG-8BF8DD5DE4,R1,dual-habitat,1,1,extractable,none,,1.5827792644500733,2.7414902448654175,45161.06917596719,2.911144982488877,0.6121761202812195,3.0598505785745003,4.593403339385986,2.170646709291908,0.3597658857022386,2.1677552461624146,0.7568184733390808,3.8365848660469055,0.2542955865830151,2.2165477919522996,0.12202494912343906,90322.13835193438,0.15337356773703398,0.20137697744882652,39.728682602390464,295.009357689972,0.4350931152057841,10.145409299396606,2.698761883811559,0.5792854392136204,1.2362080660353068,2.0028733978034956,1.158791053423839,0.562308779637585,0.5169910961473749,0.9898452284127472,0.9317366716190277,-0.11323354487690641,0.6830777982784159,0.47724229996049744,6.153569747159457,0.03141924109543924,5.4388725118079755,0.5954664303054608,0.060621038093626,12.307139494318914,3.7079629197465946,3.2110427958020415,6.503017083177188,765.9967362924282,0.08333297827376286,11.138235721303044,1409.8098346388163,3.3392591237054052,42.06929939077459,55.59138381201044,2143.5051131418627,1.9735256572121302,0.037751471274679385,0.0867611476117358,4.56371513127405,0.004183249621978066,1066.1829248813403,0.14831289282994634,3.562076008638969,42.837551718209774,2.0297505807581726,83.09586075911655,0.07492306809730362,0.038311847688995315,3.905835405288834,4684.663877058981,0.6502377786899246,0.782026176608422,0.38719963107159294,0.8336141453480439,36.242344959190284,0.03231756486999167,65.24186046511628,0.10115017126374617,8.126977946036897,57.30077519379845,16064.071317829457,624108.9875968993,490.79588306541194,0.05664526813982567,242.83875968992248,0.37649420106964726,0.6374501421296568,37.86074920171258,0.03582745130815072,5.478025817024494,0.07016971279373369,15860.975676942493,8.318697423463203,0.0009340890889137012,107.23269941881628,0.02434662107615051,0.11846338658417581,0.8550299381751759,0.6312898181233731,24.483877755238627,38.783894579547514,40.496913462633174,46.69047011971501,48.010415536631214,48.010415536631214,18303.666666666668,33.161390984543054,0.529025046622056,6348.9214767080875,0.34686610023718856,18384.0
IMG-16B3264BD9,R1,dual-habitat,1,1,extractable,none,,1.4852715730667114,2.918922185897827,14445.992795070328,3.207923473260041,0.8105297684669495,2.7808397717083433,4.416330337524414,2.2307704395533743,0.4586817286649462,2.254970073699951,0.6841381192207336,3.7321922183036804,0.33381399682015733,2.2999206197651514,0.018163073297872256,28891.985590140644,0.12278072890277099,0.313298103235763,59.22490257842766,649.7401261694332,-11.840443431832872,16.138284521898417,4.03070509271886,0.5994015006073149,1.5144084608846529,2.24056180057574,1.7159390127834617,0.5178519628628484,0.46057330098482363,0.9851384485008677,0.9183328628879196,-0.12845889700163643,0.7402300028586969,0.4413774859837463,7.4964929830807465,0.020914493402243998,5.976761096938107,0.6604014969006771,0.04189858069390211,14.992985966161495,4.003052707983604,5.042247403654319,6.451938522202621,290.5679238374222,0.10639616398294478,7.7431269416967075,335.3141706334676,5.1222084852154515,60.79970706700842,33.719150494324424,1909.5942878066642,0.863932922973436,0.027103581817630923,0.13911172152621826,9.86387251457026,0.004730978858328371,277.6820059765077,0.1206953403243996,5.308621153427323,61.432350742173234,1.6517557125262161,98.8259043032575,0.044033577353186054,0.027382203228516873,3.958655785629977,1689.8367582558674,0.7326085940870792,0.8424358504915078,0.2357922350587945,0.8798014164484302,54.50672584306287,0.024295186622462592,31.659025787965614,0.09071354093972955,10.355300859598854,74.35530085959886,1293.4183381088826,78647.29512893983,27.34861561427626,0.03638622490488956,127.99140401146131,0.3667375473107774,0.6288838099019278,48.700446685594684,0.02460549239431566,5.535793297336353,0.1277920175759795,1232.184349882185,2.334164478391028,0.0031377030297134964,117.77793373361224,0.046372454680585574,0.29606681585508926,0.8487353165298809,0.4020126703771226,12.979106432157328,32.28531682840196,31.256999216175565,31.38470965295043,32.202484376209235,38.83297567789519,5416.333333333331,27.401688597621227,0.46616996863019866,3199.4605157050682,0.5907059848061548,5461.999999999998
IMG-A3C8C2DD06,R1,dual-habitat,1,1,extractable,none,,1.252629041671753,2.152357006072998,26052.14605156143,2.5986100549427267,0.4345743656158447,4.843814676180859,3.709062337875366,1.6781957414422661,0.28244835118939987,1.6395206451416016,0.4927022457122803,3.216360092163086,0.18446111835748957,1.719332478072041,0.8321290186254661,52104.29210312286,0.20376084817090848,0.13976322355838722,38.60767770323256,169.1120291463465,11.239611008760717,6.085437888451553,2.3022719008071997,0.4486468776067645,1.1214553279324548,1.907356499903486,1.0361802332286156,0.5868269948423157,0.5481242372162065,0.9887853657560707,0.9297911964070675,-0.07332865100183678,0.5416248340968979,0.489394705071466,6.136809283201033,0.052845351711562225,4.867623504213705,0.4824637367030578,0.12030746092325144,12.273618566402064,3.2793164334214424,2.0969274473146884,6.181251966315555,667.6817201860887,0.07576100308477121,13.577350254256626,1795.7443549302168,2.3438955137926447,41.373425621241346,64.32418018835811,2365.4878021105187,1.9748117015695725,0.030991474770485437,0.08540646509311525,4.786409091986879,0.0028230513227035813,1263.9144006225083,0.18758706811686604,2.644399807726887,42.5134479346041,2.164797598992476,86.05591849768712,0.06683470337816574,0.031053015424082515,3.687280459981862,4248.108520614149,0.6289990990057496,0.7644738105421187,0.4449674985644252,0.8207172394820603,35.683925591709986,0.025513546033883,78.14331723027375,0.1258346493241123,7.313916310765712,62.87761674718197,22265.8115942029,801740.3768115942,659.2010163287272,0.03350798032690918,246.7938808373591,0.3974136567429293,0.6545423206473692,42.10767524412419,0.023190396589137893,5.146372816609084,0.07046408714399183,22064.40933406977,10.253787381483432,0.0008473164435537011,74.06706777640133,0.021486891419407794,0.07679140809881865,0.6925405244124408,0.5480162505973089,25.74988237302143,46.98744306387887,55.47071299343465,50.59644256269407,36.89173349139343,57.758116312774604,17555.166666666668,32.54070846025838,0.4592941930310987,7112.077403227338,0.40512730743431685,17626.0
IMG-9CAFFB700F,R1,dual-habitat,1,1,extractable,none,,1.7871104717254638,3.031458926200867,38876.110149299275,3.0581397890775146,0.647675096988678,3.9206605333517803,4.911381244659424,2.392378109014951,0.39575212320824343,2.3592042922973633,0.788712739944458,4.122668504714966,0.26980976116080607,2.4455960465639293,0.5435448124903611,77752.22029859854,0.14327162130177515,0.257467006475165,50.01448868048475,416.19975666706625,11.894448449067983,10.691835796148066,4.781764642806295,0.37961581509968406,1.6500521340539434,2.3535993533023887,2.0388222141630314,0.5003563719057732,0.43863443175319244,0.9844132195031972,0.9165250188410288,-0.0515315225136827,0.49672058650548867,0.4237759933266396,6.966750175284859,0.025054288169929075,5.840206122189235,0.42655394631474075,0.04854749170608072,13.933500350569716,3.7348331823825442,3.8684001097385905,6.249341333871102,698.9289230769231,0.10752752662721894,7.714392899408284,931.2655384615384,4.2421709822485205,54.70461538461539,32.453538461538464,1504.5126153846154,0.8862749941401249,0.027166493503781686,0.14812173534491094,10.286555776143517,0.004565341085030952,760.4249551275338,0.1380900000541672,4.513163732436099,55.911666002477986,1.631800139100014,85.99250798909591,0.044270782683382,0.027204374075126894,3.8103363367277407,4095.883282628541,0.7424442581941316,0.8471597633136094,0.23348620170147802,0.8851063544301563,50.32246276047667,0.02411730251540569,88.00540540540541,0.0951409788166545,9.592753834915998,75.94918918918918,2319.5978378378377,117079.64108108108,50.66594628593872,0.031779068168194965,330.33837837837837,0.3571225712198685,0.619732058473332,47.370494049616795,0.021108308754787055,5.684267543699472,0.1423076923076923,2270.21872899927,5.868932263699494,0.0011430293302848644,153.3740939005248,0.03700614534834127,0.14037470211746864,0.8090230534312999,0.653070216217806,27.092282695996587,41.48448669562511,41.61730409336962,41.86884283091664,40.718546143004666,46.27094120503709,12825.166666666672,33.56190609652476,0.35053471919364276,7558.955056635363,0.589384547826697,12999.999999999996
IMG-34B5A93F0D,R1,dual-habitat,1,1,extractable,none,,1.3312932848930359,2.354114460945129,133760.17367328494,2.772643983719459,0.5233897864818573,4.417885241901153,4.37205171585083,1.8262769137154502,0.32342017821379393,1.7900347113609314,0.3188106119632721,4.053241103887558,0.21883699049904587,1.8736545654735233,0.7100641570264955,267520.3473465698,0.1758448319756874,0.1752940651497472,46.64676557753699,274.92428183925,14.316694306941258,8.224604854726648,2.4929604364990636,0.5330235590935157,1.161491193475069,1.9563251843607499,1.1330894804153497,0.5809361353255923,0.5403724310160468,0.9916761643214465,0.9390918149814241,-0.09630140818405306,0.624824960309516,0.48191700131290044,6.724015137918131,0.04068691828724135,5.1753331140603125,0.5404057466179452,0.08291319266084743,13.44803027583626,3.5266197722354367,2.6793913228064263,6.4654514116275354,2852.126974961944,0.07485504632202887,13.954700601270018,6700.039787937641,2.9133987113500153,49.69085612303816,68.92278620544853,2995.2607474673246,1.850103454700756,0.02613887995545555,0.07515821017156307,5.002479565530794,0.0021635766534514817,4758.1265803476235,0.1657741795487557,3.2305548548526066,51.203948016432385,2.266191080736015,107.41928321600223,0.05974053972773728,0.026051337505130855,3.895296468024398,17742.460803932674,0.6166589286081451,0.7533059035867288,0.49464623166821325,0.8131150554877343,42.62136129824249,0.021155147315356823,247.1040312093628,0.10711054668806363,9.040740483957062,75.13827481577806,94291.74338968357,4089406.476376246,2362.115948766701,0.030271760578067467,871.2548764629389,0.37765707692368394,0.6385785511431051,48.644314954397316,0.0204850651269977,5.610897614539176,0.060548002729515514,94018.97103273448,28.801592558950837,0.00021939015106370573,114.1686095580231,0.017712834149993913,0.034083000960675874,0.7642689927295514,0.6778117862088057,44.09208772755036,65.05063592087998,71.21797525905941,72.20110802473879,63.06346010171025,74.25631286294788,76038.83333333333,49.71618399166772,0.42654133124882515,20349.1669246027,0.2676154542692357,76203.99999999999
IMG-D1AF77C161,R1,dual-habitat,1,1,extractable,none,,1.0660071134567262,2.9168312072753912,34829.618831724045,3.5203964153504472,0.9361919164657593,5.025555194027335,5.889921188354492,1.8920085058928364,0.5892791482771507,1.7497047185897827,0.38892561197280884,5.500995576381683,0.3926152832273015,2.0427214723853924,1.2008758087949591,69659.23766344808,0.10596563411493348,0.5930148273735019,51.814728619736336,2847.6575515345603,126.86300020838411,25.68150235977496,7.130085403738098,0.5613863796237524,1.8909986518776678,2.5606443643481507,3.5200931233749815,0.4856260303355237,0.42214238427697176,0.9874921428579633,0.9287110978756856,-0.10481625897870149,0.7023722290575238,0.40504325879660874,6.868140488090652,0.017695753678473793,6.476930258747357,0.5989236848233258,0.038748480869932406,13.736280976181302,4.254468130480264,8.202896940878269,6.66247853589155,896.1247154666347,0.10735889726448242,8.397908847963045,884.4951479573499,9.678296669776412,60.17730921289086,30.64370432490715,1196.5602012699173,1.2062974045351664,0.03513650666018984,0.19576937109469533,18.861502638112153,0.0069566255513171015,724.8384565360207,0.10131197105825061,10.306295151005033,63.08645165414404,1.5807274734526908,87.3493114937677,0.05684942808961732,0.03472639825652828,4.2384571945652585,5430.745063133285,0.7580113098068154,0.8570559666761896,0.21536632611792939,0.8932654608445668,58.37552691089464,0.03077241100916968,109.22087378640776,0.06627480205485908,18.156017296634932,104.61893203883496,1710.8925970873786,56022.96359223301,62.360704050424566,0.03502580643969167,731.5315533980582,0.4438905057027053,0.6928471627503279,76.4794112968981,0.02560507913525607,5.878607567946552,0.19743620462441597,1685.2391097034356,5.293599595563907,0.0010367583049140225,348.2792084923236,0.052145880330781214,0.3138327374453674,0.6829010176929826,0.5072684412158842,32.56631249692992,64.19936635299236,62.801273872430315,75.07329751649384,50.24937810560445,81.39410298049852,16296.083333333321,43.84181261770311,0.2943673716917774,10559.660255533383,0.6479876200641294,16693.999999999996
IMG-9F1071F4E8,R1,dual-habitat,1,1,extractable,none,,1.3564292430877685,2.956741905212403,38660.31253267128,3.3468663967860772,0.8811935782432556,3.0447399222211082,4.9589762687683105,2.1184256741312812,0.5047806705370015,2.0663070678710938,0.3765456974506378,4.582430571317673,0.36200449011050684,2.2082633241447396,0.4554291455244479,77320.62506534257,0.11281057774256913,0.38869957194420296,66.22478625772725,997.1205170626757,25.742996552854308,18.65292157319972,5.637177679976899,0.5348596205196048,1.7723008379117582,2.449969639317182,2.4519719578051213,0.4888388796931741,0.42437303708560764,0.9852858440333541,0.9195513805942758,-0.09262521851910675,0.6594633941215704,0.4079001852530298,7.935381561531742,0.017216624519864967,6.322711623680274,0.561727149902938,0.03771166022886943,15.870763123063481,4.130608326234349,6.072524813294155,6.583441571252293,877.7363773965691,0.11071346839008188,7.383372081834391,894.3622603430878,6.3607292671123865,70.55259838546922,31.145307769929364,1856.8089051463169,0.7397343302498002,0.022076064831885626,0.1485875058567343,13.122237730574522,0.003276212160599852,745.4502374138503,0.11049291424549611,6.591507861264682,72.02704112569005,1.608332581227145,109.5509538388537,0.0359775312138194,0.021896718984085066,4.071758838342668,5045.977441926156,0.7462425803014417,0.850976092525033,0.2213892975423793,0.8870346206510411,64.91834918038259,0.019299451349233818,96.8560411311054,0.08299575075501749,11.029754994716898,95.1439588688946,1561.19794344473,84248.50471293916,34.348979423384016,0.022009445647572227,382.38817480719797,0.3276676733566392,0.5919861447776339,57.68271742310493,0.01362822283039352,5.99389515781396,0.14719979818365286,1515.0464700133416,5.285774388528327,0.0010978828396189515,191.6074035098514,0.04454792638326761,0.16134211677136978,0.6044909263847593,0.39317515380484747,25.07667667540591,63.77991191135319,55.90169943749474,56.356011214421486,51.264022471905186,58.42944463196617,15610.166666666666,38.55437803603223,0.34099911024613155,8858.00467834439,0.5674509995629594,15856.0
IMG-C870A6AC1C,R1,dual-habitat,1,1,extractable,none,,1.5020848512649536,2.738391470909119,118621.64347807782,3.016670972869098,0.6606082618236542,3.3239614717965953,4.697327136993408,2.1101596163835037,0.3880247677018502,2.083738327026367,0.6296853423118591,4.067641794681549,0.271645899379675,2.16583180496316,0.37580548982848844,237243.2869561556,0.144194716786692,0.23805380077420413,49.841884426184656,381.3144334840915,9.17294962838829,11.198238658818944,3.5064281619841706,0.5222137835012789,1.4085862198093335,2.1642651551216465,1.507021227757197,0.5351179009768479,0.4820526719776811,0.9883907822274508,0.9273712441130034,-0.08658520953691731,0.6214810315856917,0.45157360259282286,6.922325547128844,0.027067062905292705,5.6882155583788245,0.5338262210410265,0.05253209212974857,13.844651094257692,3.778615050201638,3.676166705200779,6.503172530600705,2249.104239164821,0.0889395855411587,9.844134025879507,3646.3959981018666,3.9235694705252375,52.63500474533375,47.69329326162607,2286.1573078139827,1.2748477293452705,0.02770856611077845,0.10242182749902798,6.857555034594885,0.0034456233012522173,2818.4799218988874,0.1389978122014686,4.207363787916975,53.61262732253273,1.89695547766433,97.08276880247318,0.05193469725719752,0.02793309239139365,3.946691669162531,13750.955237288505,0.6770580111083713,0.8018397293943007,0.3363319503059214,0.849471088641971,46.23503657196781,0.023888492611491636,199.44696282864913,0.09041113455514467,10.146871344861005,74.13236627379874,31356.075249320038,1461359.933816863,761.759187917903,0.035839087534697424,856.1387126019946,0.38809551795194674,0.6472685034820752,48.613874138146556,0.024946938115051987,5.66875308723928,0.08723505219867131,31224.66841606465,20.908427196825023,0.0003209630391243684,134.57752028704226,0.02906865725477856,0.0427091531517709,0.717407282094265,0.5047657048514586,34.06185702467103,67.48052947593713,73.348483283569,70.49113419430843,57.55866572463263,74.92663077971676,50491.00000000002,48.41102324561399,0.36456177559487113,18121.28435006342,0.3589012764663685,50575.99999999999
IMG-30F089654C,R1,dual-habitat,1,1,extractable,none,,1.862615203857422,2.799511766433716,119809.6904922626,2.660353905374907,0.4829230308532715,3.6625857161613227,4.801042079925537,2.323721748915465,0.29384290921901957,2.312847852706909,0.7410034537315369,4.060038626194,0.20074079449726204,2.3538999461322003,0.19458055001464014,239619.3809845252,0.1892604203694242,0.14116219001842586,61.92100578633827,137.79127216575705,1.6950490065939783,6.286055522536829,2.4492641726996918,0.43764141683495095,1.1709526850319727,1.9486602959897743,1.0681655974449575,0.5756698358931979,0.5337440176089854,0.9926455355300975,0.941542110786885,-0.06804881654378384,0.5288169795278658,0.48281986772943947,7.807797909871668,0.044653372826569664,5.022296784235843,0.4497526963704229,0.08679305865715313,15.615595819743337,3.364000859863768,2.1838299238091308,6.2559053048092235,1700.24201082181,0.07863118026276697,12.593614486078037,4092.37806964806,2.3685869620456286,63.85353558710632,61.39698469222587,3707.2825694861954,1.1134139719612155,0.01866051848147498,0.08533347707593048,6.297905087518968,0.0018701425679817267,2958.7362581171783,0.17775546129369885,2.6343267024778965,64.66311720763862,2.1326549010627978,133.53874445419044,0.03938733532934004,0.018804884733196067,3.7236927366406594,10631.847419423315,0.637267076361111,0.7697715039896976,0.43684295066610535,0.825810941391582,53.93061363511016,0.01563603668519218,178.72859025032938,0.11773951926899169,8.008523540960386,78.9874835309618,46549.83596837945,2832573.1798418975,802.8772921149338,0.023268685623635002,592.364953886693,0.39022724234960016,0.6492595967245076,51.761866109609734,0.015896710972930658,5.41936744971167,0.07020302455718448,46346.93302200559,14.803768503910499,0.0003544754447507609,115.54877270056143,0.014712252215528616,0.053696341081770474,0.6191472889462342,0.5380992162841257,34.40776460372932,63.94316059654215,65.76473218982953,64.00781202322104,52.32590180780452,72.71863585079137,43156.666666666664,39.59023453000274,0.3865175044795985,15393.837099248092,0.3566966192766222,43246.0
IMG-7D9C529BB1,R1,dual-habitat,1,1,extractable,none,,1.5100024938583374,2.5042617321014404,47904.890037909856,2.7386727699431113,0.48093003034591675,4.1816706441842095,4.460090637207031,1.9901973444555539,0.30987729056216445,1.9666122198104858,0.422585666179657,4.037504971027374,0.204295754280417,2.0312113343498095,0.5299178454730784,95809.7800758197,0.18384001770837308,0.16493401491319518,56.13292002411242,190.87483369016383,7.258007343434362,7.036288617548892,2.6902753112758564,0.44422340579525127,1.2060160072729846,2.0010364053278136,1.2254868160430674,0.5730364265241836,0.5304922262791633,0.9910448135185651,0.937010389140677,-0.071899386277044,0.5474749850574281,0.47757516188912813,7.4192334389117045,0.044196565617541254,5.119668595618284,0.4862481071353918,0.09345028740267322,14.838466877823409,3.426091463733148,2.4316409822061873,6.368971749258356,876.9379898372233,0.07552648263174777,14.230850542572977,2134.56644561192,2.743324981587219,59.001722504521574,61.36792696580829,3316.7709068986305,1.2551639349085475,0.020996563478399,0.10030117485920444,7.4694768587328015,0.0023297161807362063,1533.509462100713,0.17052943443867896,3.0821149144175926,60.21512219373145,2.109908222036614,120.82228293652717,0.0438905921797506,0.021117574280051895,3.7895740572354835,5823.051396783615,0.6460271455987701,0.7743982827954922,0.4331388933882004,0.8310919504570363,50.881354739042415,0.017629183040642274,106.729044834308,0.10402441016989084,7.972341917171096,80.72027290448344,19291.924951267058,1023132.1374269006,382.30469148912874,0.023873357921232304,411.55555555555554,0.4011262724713017,0.6578229639931957,54.21341686008936,0.01636019638843679,5.357677023843928,0.08836448195676513,19163.855800835205,9.393306256864443,0.0006560926508218365,105.47351080017764,0.020582435248145323,0.07994754887066569,0.8270742840355508,0.47907375786130124,24.112159672563564,50.33078785238823,53.33854141237834,59.405386961116584,42.720018726587654,64.4980619863884,23142.41666666661,41.6273003279592,0.41426658585596887,9480.036840213568,0.4096390181181132,23221.999999999996
IMG-2D53CE5376,R1,dual-habitat,1,1,extractable,none,,1.949617052078247,2.943076992034912,54861.689772719634,2.7206746261182464,0.5120885372161865,3.431407405036614,4.272392272949219,2.4665512556944584,0.30992969313950613,2.4868927001953125,0.8932202458381653,3.3791720271110535,0.2125968973647014,2.497848267065362,-0.21320879313538113,109723.37954543927,0.18035935478953627,0.15537086831352306,55.35754327396417,156.97151925090964,-7.08645113304982,6.849158371729829,2.812231196921638,0.41670242313544625,1.2682796600580346,2.02692510100691,1.1923975757961793,0.5556496105056359,0.5084225471104719,0.9880283741229419,0.9259991544147594,-0.06257688216294267,0.517422506978076,0.472983961979522,7.372111820957928,0.0391853468569289,5.174663390339417,0.4556881906716586,0.07912835125888178,14.744223641915855,3.40940326202561,2.415347392162867,6.188348091912157,763.9077675423632,0.08687680740843436,10.605563348811591,1585.8998066643921,2.5851680530850403,57.57397930171727,49.04048675082452,2757.880359376777,0.9883556648917502,0.022572700744956556,0.10642695159870016,6.850984652014048,0.0030884803139427782,1205.141289622993,0.17130907341692095,2.82192549118132,57.88645591246329,1.9103376623784338,109.16499902345848,0.041697233296459905,0.023056759334117622,3.662940534374229,4759.936738851981,0.6752366187923733,0.8000157467915913,0.34131701997371644,0.8482502121709659,49.334606709481584,0.019891266589499516,92.77199504337051,0.11495910166464747,7.297245753928221,66.79925650557621,13425.399008674101,783680.5006195786,246.11414843027657,0.031796444886254195,322.5365551425031,0.3996735503624574,0.6570848737071203,45.48904767939304,0.02141701162272993,5.244346676687929,0.09177755032412147,13306.678136933802,7.82794377991331,0.0008467463062369038,92.78437192531977,0.022748135057028124,0.07973733504226935,0.6310844558941038,0.48755204929496493,25.18129892252449,51.64843211907005,54.3323108288245,62.16912416947821,42.01190307520001,63.30876716537765,17438.583333333332,32.59452268164688,0.36645659886611837,8874.332812933837,0.508890696182345,17586.0
IMG-E90D2F9CF7,R1,dual-habitat,1,1,extractable,none,,1.5555355548858643,2.981984519958496,14190.55528186812,3.1913129944678524,0.71550053358078,3.9048705334096234,5.464806079864502,2.2598341616116335,0.44127476917525393,2.2248990535736084,0.8429937362670898,4.621812343597412,0.30179688040027874,2.32950608029948,0.6124639054563698,28381.11056373624,0.1287221464634463,0.3197481401652897,41.256755092491716,635.6096957661811,20.443005184401237,13.952682356429438,4.915086437319729,0.47782099317983145,1.6620085698365101,2.3591584947049378,2.111597984560322,0.500250748251413,0.438699151310742,0.9870746754996199,0.9238563372861841,-0.08951769856173564,0.6380019509562248,0.4232539019153734,6.244248339542183,0.02220310954060941,5.956780742015853,0.5254501750247969,0.04671519235354034,12.488496679084363,3.9087570684234176,4.716942198437291,6.197541062767957,311.00229445506693,0.11893013172277894,6.712994965798873,336.608413001912,5.212296465822636,48.53537284894838,26.238240917782026,942.304397705545,1.0839067159187021,0.03622220387659604,0.18709096509339532,12.736216661425164,0.006401992278832368,285.4180271032232,0.12563397270188673,5.436198361688397,50.08655465485512,1.5219656610180092,69.97418796726373,0.056365958861897804,0.03570838114149252,3.83896886949153,1762.078157702672,0.7732929263450489,0.8685100750110311,0.18796775485678793,0.900410038336077,46.20341392600357,0.03177546253790218,52.31669865642994,0.10041592832328204,8.202732822233928,72.63339731285988,449.10748560460655,14233.781190019194,17.072360652443393,0.03233221840965881,178.04030710172745,0.34172803666358437,0.6048430750649862,46.37677620194033,0.02137362719142892,5.642854585920915,0.19923518164435947,423.91517862076853,2.5533270791815106,0.0030430778738527327,157.29633355151404,0.045449835675831156,0.4138376308633787,0.7552463120713385,0.7142501079548742,25.813026447636613,36.14003856652894,35.38361202590826,39.96248240537617,34.88552708502482,40.90232267243512,5016.75,27.294630845486925,0.340852260303684,4157.825442300473,0.8287886464943385,5230.0
IMG-5257F0B748,R1,dual-habitat,1,1,extractable,none,,2.0028398036956787,2.9828264713287354,15238.065057983433,2.7245187611002297,0.5138595104217529,3.668723990312292,4.305444717407227,2.509115231436019,0.3102749168842327,2.5147864818573,1.133119821548462,3.1723248958587646,0.2121831268475334,2.5404866564295476,0.0012971546098742427,30476.13011596686,0.18035793058921432,0.15841320687235677,43.582089431525574,139.30364217524777,-3.2065876902325012,6.380206918538497,3.703155185851379,0.26531118019152183,1.4198321251298665,2.1759582642517974,1.6663750008501539,0.5360158823565758,0.48370128310828203,0.9825604635601178,0.913748697259227,-0.04974408758834609,0.4659446646296531,0.4534704106077735,6.550747540802111,0.03731154774639438,5.26291183945086,0.3584422777119889,0.07417976297905332,13.101495081604224,3.3576814802120802,2.520840526097469,5.919881502950298,246.13002964845404,0.10424821247287337,7.747298011721966,425.8250741211351,2.610076814736719,45.932232105040235,34.04277848369335,1509.2367640830157,0.8955519935032249,0.030409620229128246,0.1438190300238348,7.436036940373545,0.006074930235474333,343.468478482686,0.17291604899239518,2.8088068965012103,46.22905562655587,1.6522582239891384,75.09126796723939,0.048580453074126936,0.031055647640081403,3.500100379014069,1450.993086116832,0.7288781627087406,0.8412341576255172,0.23303228373277374,0.8779028216831263,40.79311368993497,0.027732447160257877,40.10030395136778,0.12188542234458292,6.862316497445516,53.79939209726444,1642.112462006079,72072.60790273556,39.75028619741904,0.04519916246061555,120.59878419452887,0.36656165408671393,0.6287801402258033,34.78222649804525,0.03129788151515319,5.2599120451592976,0.13934773401101228,1590.6132981033065,2.77117946992202,0.0030205764535598837,87.89477229957095,0.02939420831923942,0.22800369665207137,0.6251712783495407,0.5286505838258105,18.987015244843374,35.916001657343415,33.541019662496836,36.05551275463989,26.925824035672516,40.85339643163099,4597.83333333333,22.453652669325606,0.36228133647115485,3690.968280345514,0.8027625215526552,4721.999999999999
IMG-9C7F306FC4,R1,dual-habitat,1,1,extractable,none,,1.9684495568275453,3.0193012952804565,22278.9949597561,2.7833781592954767,0.5236848592758179,3.4543010148586193,4.565875053405762,2.5043016854154367,0.32467362730268434,2.5247507095336914,1.0306470394134521,3.5352280139923096,0.22198998537152098,2.5382553085725728,-0.1370006793490936,44557.98991951219,0.1728836595202916,0.17121307992225046,42.37223761725504,184.4595636268033,-6.307124071895074,7.535904173542152,3.6916039801927463,0.34262414260384866,1.4669688912747851,2.194557055810206,1.5220639761382562,0.5232501898516184,0.4667404445949851,0.9844339489123164,0.915788525014061,-0.04671713846501419,0.4591055086078831,0.44303404373623806,6.435049795661801,0.032648550392607695,5.435255249549085,0.38334311277171385,0.06962337532788232,12.870099591323598,3.48247030508007,2.8068770384337247,5.9926328319432045,351.2787738577212,0.1015843764770738,7.819762959028124,597.8316946211683,2.816540951970619,45.92423366107577,36.19433198380567,1525.5373048004626,1.1045695832779818,0.033070397916177136,0.13109404643174183,7.282382788397892,0.005183411983591923,478.7069547217776,0.16607468755558272,3.0065838421318243,46.52093468806835,1.6970827904638845,76.39523505815588,0.05481927665497664,0.03347417342562256,3.5835374185139273,2076.1146236421255,0.7188875844090623,0.8335854428971837,0.25293725852513466,0.8726091310707151,41.03320754871391,0.02944183955316937,54.17590361445783,0.13054434605893453,6.908427928581798,58.78313253012048,3472.0578313253013,154339.51807228915,83.49591586580826,0.04435069400933507,159.6265060240964,0.3846421831905937,0.643820666228419,39.65820155234594,0.028253340191130707,5.082238707198675,0.12001156737998843,3402.626773116563,4.104528900260804,0.0020730005758427036,93.72652159997729,0.032300193673814495,0.17119070786829058,0.6495934595362004,0.4656336173895566,16.916602892149065,36.33028686156129,43.08131845707603,38.63935817272331,28.635642126552703,43.289721643826724,6846.333333333342,23.59991672834417,0.41645912779724686,4186.81494805954,0.6115412066886705,6915.999999999998
IMG-D6AD15F9D9,R1,dual-habitat,1,1,extractable,none,,1.2968885898590088,2.192134141921997,120408.95610812904,2.601866195235697,0.4458709955215454,3.892058032058525,3.830399751663208,1.7501184467862485,0.2799068906232017,1.7447017431259155,0.5129114985466003,3.3174882531166077,0.18734609843925798,1.7873539547510062,0.29743124680491984,240817.91221625806,0.19914886426290962,0.13171958178255078,30.968723390442392,148.17611627770887,0.9955797416135435,6.456780556796802,1.9109854192642006,0.5425496885850569,1.0148158208941072,1.8042529399586393,0.8734849082098386,0.6099442095897829,0.5770753000184228,0.9906073814451226,0.9358522763184152,-0.10983951632832412,0.646646607004082,0.4973160388746971,5.461848821032199,0.05144150319571742,4.84692514654889,0.5739035358822606,0.10067139860849825,10.923697642064399,3.3772015473180166,2.0919414940152503,6.406787252814423,2617.903133374015,0.06945698265830079,15.530898038687608,7506.119842933326,2.212138826153834,32.82613886604229,83.6215276856544,2484.172508025789,3.618737680383143,0.04392535108623057,0.06338668111465869,2.8331460789114757,0.0033232937099190295,5072.4332052783275,0.18662291537273684,2.4622695128595256,33.781605763103705,2.546881403913805,80.34371724977086,0.11095024995247721,0.04417391088141797,3.8398526104424775,15740.516976774521,0.5772995772891011,0.7210882826547044,0.6093431573756687,0.787500530148214,27.249720765102943,0.03494627992454351,238.36315789473684,0.12545429362880886,7.081966481994459,50.71842105263158,131007.51105263158,3959688.0589473685,4796.23434495062,0.05789974870015444,736.1294736842106,0.3874365650969529,0.645801919651617,33.427253398423076,0.03900112888311569,5.281579992070937,0.050409912180626675,130613.989866759,45.277677258916945,0.00021171450571104723,70.45896451186067,0.01830694037500972,0.022028696907950843,0.6341836942181276,0.5698631732771816,43.1380968271359,75.69904294579415,79.40403012442127,83.54639429682169,63.34824385884742,86.92525524840292,75220.41666666672,48.007098704140425,0.4641458575601607,18566.076497934882,0.24682230331439098,75381.99999999999
IMG-893073F906,R1,dual-habitat,1,1,extractable,none,,1.7193851351737977,3.0481809377670293,18483.007131616025,3.1032359778674667,0.6994812786579132,3.133423135226795,4.409834861755371,2.360700527406221,0.4124063251331679,2.3303868770599365,0.9566117525100708,3.4532231092453003,0.28815019858269153,2.416952292757659,0.37302535540846987,36966.01426323205,0.13579503772689275,0.26875140537049585,49.18541382672777,439.5163322086731,14.293923796804608,11.333891129880591,5.450721038765307,0.35223199686585865,1.7788439913886458,2.4142277329731043,2.199259555386708,0.48334870649402295,0.41705897372566203,0.9775825880916179,0.900718666884531,-0.05988177999791388,0.5180528758976716,0.40510450000645803,6.907342920878472,0.022552050403176312,5.9365977162041865,0.45768508894920656,0.0467267183140231,13.814685841756944,3.761950153255324,4.196153042161472,5.938262910182405,458.2218710493047,0.1448236002052164,4.773625058136654,429.65549936788875,4.43167444752198,53.325537294563844,18.833754740834387,883.4342604298356,0.5160828813412572,0.02911540286871879,0.22701513790250705,14.049426127771232,0.007606398165029783,375.17350185912085,0.13254055473050746,4.6100416421609,53.94796241119533,1.4101683105897902,73.65598198620863,0.04053603106139147,0.02932012872554022,3.6499269449254377,2316.672565774293,0.8141776689282026,0.8942429252163765,0.1462674774006372,0.9194557450187288,50.03975347653442,0.027105057389339736,85.61944777911164,0.10278445111538012,7.026388946935318,62.69267707082833,104.82833133253301,4457.817527010804,2.984984762303911,0.03312201003321957,263.4345738295318,0.3162479877905544,0.5810129747317138,38.2204591363686,0.020964089420583365,5.731767423060398,0.26327433628318586,90.40110161711743,3.6688465070909113,0.002351468568566795,114.71089895626157,0.051057633294163594,0.18900102106559036,0.8085492288963017,0.3722129956077979,22.43658220947633,60.27887922838093,50.0,55.036351623268054,55.731499172371095,57.445626465380286,5977.083333333333,48.7384413188407,0.25813043668127794,6170.273986137911,1.03232189381185,6328.0
IMG-3C4E938C01,R1,dual-habitat,1,1,extractable,none,,1.8531326174736023,2.88820903301239,360911.90025692666,2.8206784227904285,0.5370236039161682,4.069015030222453,5.393165588378906,2.3792035637675366,0.32853548419430195,2.3801417350769043,0.5375275015830994,4.855638086795807,0.22307482750313656,2.416608860787035,0.17126035229376435,721823.8005138533,0.17054016296435937,0.17938878819026557,65.67024113024658,226.65769001568262,-0.00871963449241728,7.859161581761194,3.2847300424791777,0.409066865256198,1.3480956131956199,2.119806670867819,1.4535644565351857,0.5463489259533885,0.4966062102433718,0.9920629789400629,0.9396796563426165,-0.05861847703246614,0.5076589453875708,0.4611080093997885,8.032842710525124,0.03531107524109082,5.381628829360197,0.43365745181949866,0.07264663524124379,16.06568542105024,3.5225531269867827,2.7859729060600933,6.358933598451879,5115.293106796116,0.08277173311967827,11.559156136823033,10539.382071197411,2.9823507815691084,67.98273462783172,54.47352750809061,3561.346100323625,0.9333610890827657,0.018363495753987904,0.09472865942596446,7.586520438379254,0.0020634883754335922,7825.021681182038,0.16099040750106589,3.2978605873115785,68.63826193827263,2.012155321967703,134.9506250652513,0.03615642953503442,0.018621069643185086,3.8226542282784304,32125.179453631317,0.6597706632105482,0.7865036096589495,0.3894497899361546,0.8393946045551652,58.0875774600369,0.01580522751016182,508.0680989055533,0.10297286155361843,9.671131657785484,86.26023510336441,105780.58897446291,6946333.206526145,1699.328833464278,0.02325456877798254,1904.8942034860154,0.38607503110782637,0.6450911207281903,56.97020590071494,0.01539921482966434,5.625061306686836,0.07983818770226538,105623.70497227367,34.349794456555415,0.00012294347828361495,189.41899055994983,0.015257919273039667,0.02808242349098294,0.6946455713101473,0.5655579390598888,47.74915400989867,84.42840372689446,72.83543093852057,97.32933781753577,98.47842403288143,98.80283396745257,123269.75,58.647816741672365,0.3363593916968808,35611.06069480813,0.28888726305365375,123600.0
IMG-674546F2D1,R1,dual-habitat,1,1,extractable,none,,1.786393642425537,3.0285165309906006,37498.95352161047,3.0227220880907333,0.6279690265655518,3.2609368562441774,4.393050670623779,2.3780976431378402,0.3848355461074845,2.3454196453094482,0.9461597204208374,3.446890950202942,0.26325653472131016,2.4279899024611824,0.3742431281002822,74997.90704322093,0.1460291168171001,0.23978656615571117,50.46270395787202,313.28898779708203,9.938506983426283,9.674047273241008,4.527634034206532,0.35947979326348256,1.618307857976137,2.3193436675196706,1.8846329104910586,0.502636128592248,0.44109650882757134,0.98118002959478,0.9084200836912968,-0.04598821934284104,0.4605879780514891,0.4257431743517518,7.012499014256514,0.027074879190697263,5.747646445575105,0.3665129497779953,0.0594569691790604,14.024998028513028,3.6614447508657344,3.5504203268618846,6.135753512781242,720.9107058638579,0.11333292027414839,7.244446654456624,928.8912120735733,3.9725509567283597,53.73258921553215,29.551171199496935,1413.8071058009748,0.7382889908769832,0.027356694226552805,0.16003203530566182,9.998838827477613,0.0056994049533740316,761.0325334377341,0.13962111229963023,4.244584727496022,54.513334859271666,1.5823631742673538,82.89549457125986,0.04237946247041736,0.027714117278779957,3.7396209656685175,4136.5737765142385,0.7571737357263325,0.8568077104470754,0.21405627645130051,0.8925346800100146,49.18904846404492,0.024991703360279692,101.58348968105065,0.09529408037622013,8.67557349985392,65.19324577861163,2319.687617260788,107985.70825515948,53.64112247176682,0.03651038915665978,335.0112570356473,0.3142694718908511,0.5782631275732243,38.35979001854717,0.023965763044417734,5.821966709140464,0.16758371325263324,2284.0805355011985,7.003748531107168,0.0011662068825200914,111.43129642822903,0.04404912993046427,0.0953309980843395,0.6880432979049359,0.5129830062254757,25.742357031947282,50.181695532878,59.09314681077663,57.584720195551874,44.553338819890925,60.108235708594876,12444.583333333338,34.52717928890277,0.2913340127032081,8914.148006802794,0.71630747032935,12721.999999999998
IMG-27DA8AE9DB,R1,dual-habitat,1,1,extractable,none,,1.739861822128296,2.8293174266815186,40865.0749929663,2.8543121815851578,0.5573338270187378,3.4056786398323986,4.47053861618042,2.3068210835854694,0.3393730493943753,2.32731032371521,0.681796133518219,3.788742482662201,0.23254451805102383,2.346947985377255,-0.11887430626853301,81730.14998593257,0.16475512022633226,0.18674133439191667,60.276041876911385,249.66356715828536,-8.534038364313595,8.859814365861446,2.7299977793094814,0.5282362027719318,1.2452818353552582,2.011570519455259,1.1678652030428185,0.5608102808097397,0.5147997791764716,0.9897232181376558,0.9312746130909915,-0.09608822629973214,0.6350355498936645,0.4739826171627082,7.66432950833689,0.03545856841014936,5.338285847831534,0.5620781901808495,0.07489248623065581,15.328659016673782,3.5991942169505386,2.897453036292731,6.349566583387007,641.7788111605338,0.08650475955796384,10.789183540779302,1222.3182369591589,3.1023939891530325,63.503302331850655,49.41191535247338,3010.2718695241947,0.949842885660942,0.02073249149366958,0.10717493478693191,8.017659757317135,0.0024811393061767574,932.9178380121377,0.15727549863855608,3.3537559366548253,64.12259957560943,1.9160990666478386,120.04079956276541,0.03888749875231031,0.021012129060896858,3.792599620855862,4007.7821480614866,0.6739303189298417,0.7994338859684595,0.342968691971813,0.8473332221982086,54.79677688295355,0.017990829391249765,74.82471264367815,0.10750677103976747,7.6723807636411685,80.02011494252874,9780.228448275862,601427.7341954022,170.94886058424018,0.02477214494715238,275.10632183908046,0.3952677037917823,0.6529217693869149,53.384983774904796,0.01563301694920383,5.340233813435978,0.09381318236959159,9666.60387559453,6.126104920534805,0.0010825793167397217,90.76801872161467,0.026882078774095937,0.10156324387558346,0.7745523449013508,0.655427154293333,28.849801801782124,44.016793647933824,49.929950931279706,47.423622805517496,38.013155617496416,51.07837115648853,14709.08333333335,34.09331073504603,0.3722610669238603,7798.784365790847,0.5302019295871035,14837.999999999995
IMG-BE686C84B9,R1,dual-habitat,1,1,extractable,none,,2.0113291501998902,3.070035195350647,12305.57855442952,2.882656660554318,0.5592698454856873,3.7905044080020054,4.721433162689209,2.5311219172927957,0.343095413159278,2.5270153284072876,1.0976226329803467,3.6238105297088623,0.23172895948455483,2.5693783748336965,0.0984624417362955,24611.15710885903,0.1638562830407633,0.19512707286309033,44.30660362030354,239.81768863602085,-6.692937763823884,7.819424323268422,3.9911064263471796,0.32145730177893833,1.515002841219349,2.2374220049819793,1.6728925484660466,0.5182490218816229,0.4605078818664398,0.9832880128685656,0.9135416969971236,-0.05855883543697123,0.5126461792697352,0.43642103050960573,6.583935847613069,0.03298397466286264,5.455395955235321,0.4645498828639928,0.06738521576875157,13.167871695226138,3.4824610718445763,2.9526326874039004,5.845265544853255,229.48819742489272,0.12311598574296818,6.6403875554900615,305.4281115879828,3.2562109727569126,47.83905579399141,25.356223175965667,1117.7178111587982,0.733341972291434,0.03377779632395468,0.19419146002573828,11.256202714654751,0.007937946590143736,256.6372250410612,0.1578442124825316,3.4573494992492297,48.375005212677856,1.4958240841767403,70.2941301184523,0.049080514916829104,0.0343217385377015,3.5299392489971444,1263.9814503807886,0.7754482794683726,0.8720699900957414,0.1742735669510164,0.9018063572179454,44.0259272977852,0.03132116269703556,45.63703703703704,0.11268404206675811,6.621063862216126,57.54074074074074,172.8246913580247,7489.279012345679,4.603447432218062,0.04233533478411542,134.93086419753087,0.33316262764822435,0.5976647576456521,37.59869222085212,0.026484603644105542,5.420406801108705,0.217274678111588,151.64196921201037,2.1092087377057505,0.003731773745538312,110.82777276136663,0.03486937481512817,0.3388516746028826,0.38655177432960003,0.35316127915680234,22.649211340061836,64.13277071070316,51.66236541235795,41.182520563947996,34.92849839314596,55.118055118082665,3545.9166666666442,24.79063631089571,0.30974748307486993,3630.463055930872,1.023843309702962,3727.999999999999
IMG-EE9195B25E,R1,dual-habitat,1,1,extractable,none,,1.8924702644348144,2.9106019496917725,69474.93610842501,2.7684203895816233,0.5399619340896606,4.234667886271951,5.208040237426758,2.4171741109827067,0.3211476286548957,2.4248456954956055,0.8661035299301147,4.341936707496643,0.22256198769797925,2.4516244627054755,0.2074635238202614,138949.87221685,0.1732687946838542,0.16773182333087452,52.256838073407806,167.81097469807267,-1.2587072262353216,7.212740240671976,3.1306335294043146,0.3938826352256566,1.327374171947826,2.0888937929753597,1.3565337340858419,0.5473123245691812,0.49769486773613314,0.9907015067264422,0.9345223657320422,-0.05816420532026797,0.5051401353211563,0.46396604703145045,7.157937947213687,0.03601555151312588,5.2785118335602785,0.43533187529168454,0.07080870023429861,14.315875894427375,3.454103438395142,2.5858434425190717,6.22899873006438,1008.6561986330997,0.08726154499810534,10.838132556382309,2002.8139977506705,2.7952123456542304,54.81001816766156,47.17423652565101,2455.952158491219,1.040708091313199,0.02351196765355905,0.11706711252301696,7.565771666753186,0.003294678259130025,1539.1262820435984,0.16506792987333563,3.05109066403969,55.376865068531814,1.8738122531204175,101.15042932741855,0.043187892536803,0.023805722772190993,3.6844900542367305,6402.907079287601,0.6853784667183056,0.8066175540870584,0.3304994345236318,0.8540653503387863,47.70149842897487,0.02053338720749859,133.63080684596576,0.10890856303664692,8.092532259425091,67.79869600651996,13476.830480847595,727762.5289323553,269.9692730151534,0.029622614885876038,484.94784026079867,0.39523051365998263,0.6533245897510003,46.20291826998754,0.02009258830177172,5.362689648730181,0.1061510511289904,13388.08394657293,8.463215112099569,0.000637180698900925,154.09821188196315,0.01789615093086236,0.11110825799935568,0.8566742982936193,0.4362391459179766,24.15009011687056,55.35975013441678,63.52952069707436,60.92618484691126,54.12947441089742,67.1863081289633,22981.4166666667,47.42527510011159,0.34316050706377654,11391.24925365348,0.49567219544719665,23117.999999999996
IMG-1719460986,R1,dual-habitat,1,1,extractable,none,,1.4640594720840454,2.825348234176636,50871.99882519359,3.1338852106906683,0.7533996105194092,2.7473589001791265,4.23430871963501,2.1365501125434254,0.4273349581337414,2.1245988607406616,0.5539330840110779,3.680375635623932,0.30796840515919865,2.2002871828943453,0.17771899420811296,101743.99765038717,0.12938040645233556,0.27641730379981055,52.112207864928386,479.9690672139261,2.4714107343584413,13.512639846822712,3.9555999016953693,0.5456880549013363,1.5120295477055226,2.2320939078158175,1.6420255821143035,0.5172148164952566,0.4594898267456907,0.9853365508073648,0.9183189212340745,-0.09547429073321978,0.650801306857805,0.4397149621384591,7.051432262249133,0.021976140313347867,5.906049045296261,0.5650543945945006,0.04109649449643108,14.102864524498262,3.9118267861157228,4.367059937129519,6.496389449317689,1081.5824133993149,0.1029294264750014,8.196731650719757,1359.5293110011419,4.573253186181565,54.781023981728204,37.94842025123715,1882.5353064331937,1.0784488578960876,0.028951287068100018,0.11539542137163925,7.352492321721317,0.004422077201037878,1103.7245448775063,0.1267622097528456,4.764273921293827,55.563781198697555,1.7332260999577458,92.55388889288695,0.049851179765553984,0.029141146340554945,3.9463810630557865,6229.883972132652,0.7136428973472053,0.8286726596585752,0.269886660976532,0.8696108645128681,48.82899328674228,0.02550698609798261,94.57358490566038,0.08922036311854753,10.060719117123531,68.97358490566037,6878.450943396227,346672.4160377358,162.85099933063853,0.04150730938689762,364.3566037735849,0.3437326450694197,0.6082507979050312,41.8489686812109,0.028956897470347034,5.86292860020355,0.10087552341073468,6780.179259522962,9.09321827035347,0.0008415146784588037,114.45066984530717,0.03882262246418902,0.08317615072402783,0.9662008121523162,0.692073324131899,28.424553107017733,41.07159186155892,47.16990566028302,45.48626166217664,44.94441010848846,49.20365840057018,20944.75,39.68340541302669,0.372858343282129,9855.009476259997,0.47052409201637624,21016.0
IMG-A58F224B6A,R1,dual-habitat,1,1,extractable,none,,1.803615641593933,2.888551616668701,68061.3727943277,2.830957710278456,0.560376763343811,3.4583036252567676,5.021203994750977,2.385416587022337,0.33783444332591483,2.4265923500061035,0.6539091467857361,4.3672948479652405,0.2322120929863058,2.423621791935577,-0.2718190858518383,136122.7455886554,0.16738258993360788,0.18373029670372193,66.21932388150357,219.27231855444427,-11.741036564326503,8.263361408265068,3.194027010104617,0.4412786398635265,1.3549868212640013,2.1060730766536944,1.3467344172599833,0.5410467847905096,0.48972340827271105,0.9914226193661977,0.936336986726633,-0.06720750890837732,0.5456245616702013,0.46078558297909616,8.059275785164333,0.03499823419886557,5.3765728580507055,0.484693185146327,0.07480830107981527,16.11855157032867,3.5198674782778165,2.864347104592421,6.2799635654264705,989.6999223267455,0.08541468217198114,11.089447795320984,1939.4620695607146,3.0556693926925433,68.44118408561319,51.131354103736946,3513.6596185380167,0.841455241273262,0.018732873138211228,0.10131120188609036,7.8318321562920135,0.0023851842662599874,1450.4872582773617,0.15745456112418427,3.345692902278089,68.55247451904782,1.9485667941081908,133.26779807843198,0.03517229599792312,0.01916177336626574,3.791953770667358,6194.1210418650435,0.6713889928891115,0.795082021629014,0.3621082919728877,0.8462001188031587,58.1317305855173,0.016496475979705858,111.96987951807229,0.11241955774906856,8.702508830502733,81.56827309236948,17869.039156626506,1246616.403614458,272.70520142290803,0.025395390691678055,392.60642570281124,0.39418315833615586,0.6523949411186987,55.29541060544651,0.017216604971621644,5.333878561516056,0.08595840165702943,17733.70004012032,7.466957530259478,0.0006435279802130237,152.21267271128607,0.0197980860449946,0.10383037991352366,0.7787593518109265,0.5782999658218607,25.61139801109251,44.28739326431474,48.75448697299562,47.53945729601885,43.278170016764804,53.75872022286245,23064.25,34.489221671913334,0.55963856447028,7001.687367056974,0.303573164835491,23174.0
IMG-41987B3798,R1,dual-habitat,1,1,extractable,none,,1.601737654209137,2.972674036026001,102294.06005356493,3.1385612227274806,0.7360978126525879,2.8789981599671584,4.448240756988525,2.2761051423368044,0.4274309250530126,2.256554961204529,0.485993891954422,3.9622468650341034,0.30493839070177603,2.3367376179815547,0.2045983253384061,204588.12010712983,0.12995585776628674,0.27968807631806536,75.06126362684105,474.9410780553278,5.235171463357957,13.160115476811367,4.527226077065588,0.487311448543084,1.6051616485214169,2.321922091799259,1.9243161564118503,0.5073202260356046,0.4470811504562654,0.9851729046391657,0.9185218736732235,-0.07551871487594627,0.5946042048421822,0.4265083427622548,8.538278756868726,0.021420763149035713,5.9837441440923556,0.5099020241536482,0.04228047336875256,17.076557513737445,3.895159322674778,4.421835388469239,6.470780900005355,1932.8557702572862,0.10317368262289346,8.354248859386095,2434.593039393616,4.59514531507725,79.33169638091171,36.25547133553966,2526.214689868688,0.6359731209687087,0.016646645697950144,0.1304417049883491,12.351098397320314,0.002289642201956007,1987.5363549573958,0.1270093651543148,4.7987588592837565,80.69190821212818,1.6936922183777237,130.45868587442533,0.028489153531284554,0.01656431207211536,3.928466717193722,11344.379427749496,0.7233942713395339,0.8353015085693637,0.2545221795010859,0.8749921856636912,71.52434787326361,0.014448773165177611,207.7199642697633,0.09277354366670983,9.407014512516255,101.1353282715498,9569.011165698972,689463.2568110764,142.56363000154212,0.017820607416400413,803.1688253684681,0.35871765313464404,0.6219453091719079,64.05884601106821,0.011675019960081138,5.821851340694363,0.11951531973951104,9499.0023316812,13.01656045088702,0.00043955331907818566,138.95756172181265,0.03745571436623932,0.0470210652679848,0.9304499216085529,0.7267129033353131,38.71086583136846,53.26844432471408,60.46486583132389,60.90155991434045,57.28001396647874,65.49045732013177,37067.58333333332,49.56361984613978,0.2839008985698737,18937.10290295198,0.5108804297452713,37467.99999999999
IMG-96B898FDD0,R1,dual-habitat,1,1,extractable,none,,1.9136813879013062,3.0026767253875732,21175.97297882454,2.8719329729979304,0.5343269109725952,4.341595541511299,4.883350372314453,2.489940165735306,0.33827056502497604,2.5047574043273926,0.7955309748649597,4.087819397449493,0.2253209317486987,2.5289607944243797,0.2832223250545463,42351.94595764908,0.16693766082343975,0.19584067079362494,55.873104162178024,223.10907595613463,-0.9720049943147703,7.747903347564702,3.825077652847753,0.33458426062564617,1.4539068110191096,2.210749184678969,1.6978684475608705,0.5305386840293183,0.4765835176372338,0.9874504116572643,0.9254909258848887,-0.05417842186328311,0.49461971285321005,0.44733066068960553,7.40892151238861,0.034929171288997314,5.419869484548954,0.39546495146045074,0.08116642031813003,14.81784302477722,3.4878647410595223,2.8932452501031136,6.062229209662428,346.09936575052853,0.10453016180928075,8.962391180072904,552.730594986409,3.278081600361808,59.56659619450317,33.63726970703715,1894.6871035940803,0.6868703307320957,0.02260955050187956,0.16819358188865438,12.441311911410159,0.004510234162182224,445.8791728702529,0.1588846283158422,3.546401594774889,60.20276156734326,1.6361068402627816,95.85699307560596,0.036146115230390824,0.02291632722116904,3.627639240181469,2091.00776521888,0.743074753975492,0.8474084055479405,0.23570957635004453,0.8850911109034801,53.754331770556206,0.020494471172476304,58.063520871143375,0.10537844078247437,7.9091307340884915,76.97096188747732,1282.201451905626,75453.76588021779,23.24132184520178,0.02724891923869875,219.10526315789474,0.39765020536823004,0.6557719971450937,54.0473188811257,0.018982299478646967,5.3727571358056,0.16641498036846875,1246.0924766387461,2.6011641827468996,0.0022169477452822447,140.50868848276235,0.02604651991373271,0.2805258735289601,0.8333736322901407,0.6471069545352333,22.93735942232358,35.44600975397909,39.59797974644666,38.2099463490856,36.05551275463989,44.98888751680797,6399.916666666667,29.539769898865313,0.3322384160546051,5017.458891099911,0.7839881599135265,6622.0
IMG-5CBD2CD4FB,R1,dual-habitat,1,1,extractable,none,,1.602756667137146,2.5678728818893433,60132.214818514214,2.6986471038316693,0.4956708550453186,4.282191422970226,4.721491813659668,2.084236043646176,0.3027282780658536,2.0712465047836304,0.7126608490943909,4.008830964565277,0.20628418219718664,2.120425120860056,0.40144442923559254,120264.42963702846,0.18457090799038706,0.15216280754051922,47.25837840741092,166.71122525050467,3.9563755868112898,6.762343255625857,2.522850050338963,0.4553869723708854,1.1674684622874347,1.9610264048076615,1.1519890485043867,0.5793742114961685,0.5386277697214438,0.991591380336765,0.9388124138339851,-0.07565850432541145,0.5617295931552451,0.48327269474267187,6.796896749530587,0.04330612330976348,5.074915525548786,0.468985042294582,0.08880472656544389,13.593793499061176,3.4135988197131675,2.3212983264912053,6.375032906655076,987.4589502018842,0.07383422687317813,14.208272619564614,2468.4513234634364,2.5427417719607064,49.84410049349484,65.06370569762225,3036.1460296096902,1.5856997839069253,0.025577684532389764,0.09456350711645077,6.162652884832715,0.0026807732759552374,1770.4932184439808,0.17322989116740584,2.8493088356511933,50.723744096501996,2.186630770864741,106.3598864949448,0.05499849709856187,0.025848045607684163,3.782417251693619,6484.891819877226,0.6332882618811256,0.7641807870610025,0.4668362838938692,0.8235291428564063,42.40063409651347,0.021457031591225986,122.48148148148148,0.11340877914951988,8.018844307270232,70.10740740740741,25774.935185185186,1204698.150925926,593.4725279523395,0.02973550117459627,478.1296296296296,0.44271262002743483,0.6920990462270505,51.28713453734894,0.020599777767918614,5.14560726835309,0.08075370121130551,25621.588240740744,10.516335656059352,0.0005753616885044269,121.0740664220542,0.01629815984323622,0.09054545207364945,0.6521428335427741,0.5464313447847645,29.681099655160068,54.3180766228761,53.85164807134504,59.03388857258177,47.70744176750626,60.530983801686226,26624.500000000004,35.423144401435934,0.45138509092318385,9552.665146128054,0.35879228327773494,26748.000000000007
IMG-3F82CE680D,R1,dual-habitat,1,1,extractable,none,,1.674338161945343,2.982886695861817,21448.840303832847,3.077347087194159,0.7141174376010895,2.6405975136477764,4.066135406494141,2.320022824873558,0.41132193181923116,2.309415102005005,0.6212287545204163,3.4449066519737244,0.2950661191084654,2.3745518313011087,0.053861306855672995,42897.68060766569,0.13419849159830655,0.2559904916011628,60.70218071570255,402.566277260202,2.087673638291695,12.65776094969779,4.241363303053867,0.4972884033616526,1.597556238788726,2.2692481608993798,1.6613582519084982,0.5000065351704659,0.43769926494862993,0.9821641939243789,0.9089996487552361,-0.08046689468012375,0.6079071456647769,0.43006606298717825,7.654668457453313,0.021310307582789498,5.903246523968995,0.5070657610197414,0.04100752436423753,15.309336914906622,3.856311830601234,4.224781063187915,6.110951678514078,485.86487907465823,0.12772473161794382,5.303520783369324,510.49106203995797,4.213102028303817,65.42192429022082,23.736593059936908,1410.0817560462672,0.515692989751437,0.021433716094680623,0.17455446386936083,12.80797925359963,0.00412038752448981,440.3250332900157,0.13254005009373485,4.322836979129523,66.09469555978207,1.4890011681712083,95.72987502387663,0.031878500854801234,0.021439730335570194,3.708264201665478,2587.8849376631724,0.7773902926664399,0.8733317156030089,0.1729456481506089,0.9030450949476564,60.17813036205724,0.019358340883752472,77.21067415730337,0.10844195808610024,6.509050309304381,75.96910112359551,529.2050561797753,27464.692415730337,11.375492175697884,0.023502897009134455,219.68539325842696,0.3085469006438581,0.5733540294643242,43.87980138048682,0.014731630446688355,5.709030770853494,0.1871713985278654,500.6606489079661,3.6908983320320807,0.0020377628622775335,105.6686170609367,0.044248899507964075,0.16384484530879825,0.8054771984421372,0.5112291041486975,24.736738565633583,48.38679637933639,42.485291572495996,53.0,47.265209192385896,54.12947441089743,7236.5833333333385,38.97446118921802,0.28476894925585666,6353.512228208721,0.8779712656583402,7607.999999999999
IMG-49DD8ACE53,R1,dual-habitat,1,1,extractable,none,,1.8906649947166443,2.95570707321167,15588.372571684075,2.8406292929900494,0.5372463464736938,4.745977743032862,5.437861919403076,2.447963711196331,0.3349093097027988,2.465972423553467,0.8584190607070923,4.579442858695984,0.225986300029213,2.4861529740748494,0.13476234481615273,31176.745143368145,0.1680975850265483,0.1884302791671067,54.01471186224335,218.02107124349823,-3.5185587171130193,7.993238694227069,3.394416328276324,0.4021659500906813,1.4006549958460783,2.142603427593943,1.4199955296189553,0.5336246243597169,0.48011641679985606,0.9908935817091543,0.9343877523261829,-0.06384599525145804,0.5344047831953437,0.45343724638381183,7.2707488563909815,0.03399776564976419,5.39214324043226,0.4596818334013684,0.07448478042568568,14.541497712781965,3.517548819124629,2.846913755625848,6.047245095415509,252.7755749405234,0.10022822162590142,8.488534520328956,423.9421094369548,3.1308894103027383,57.00951625693894,35.65900079302141,1936.295003965107,0.7579073376476457,0.023772941025228984,0.1478228275220538,9.843886535964703,0.004525905127883554,338.77153672371463,0.16027938765250688,3.392543549796412,57.482295655972024,1.6807682567628426,94.56890529145679,0.03881967591379904,0.024199830923491206,3.6305505672330574,1540.0265440080752,0.7270518461363784,0.8379796254498875,0.2503847225583478,0.8768834520995353,50.75532202091248,0.02152104535940889,39.83018867924528,0.10735899913543202,8.263380824027724,67.77358490566037,1106.1725067385444,62397.21832884097,21.286045586667946,0.03212078118054521,137.2210242587601,0.36986798991579545,0.6314458854369235,45.647552673513935,0.02167988884895727,5.362148438579068,0.1471054718477399,1059.9618282343197,1.998422447987072,0.002900978869480317,147.71178955077983,0.0236548575267247,0.467433534141206,0.8815488329669126,0.442826962802882,15.312962838455311,34.58001459877603,34.40930106817051,33.24154027718932,31.38470965295043,38.28837943815329,4933.9166666666715,30.48397151352981,0.4133057705405403,3391.099469611232,0.6873037585983878,5043.999999999999
IMG-73F9CFC758,R1,dual-habitat,1,1,extractable,none,,1.8001845598220825,3.1509579181671143,9896.918023636978,3.157258877192014,0.6981954574584961,5.521898919794681,5.641380786895752,2.4454549334473183,0.4358701828142234,2.3713738918304443,1.0783003568649292,4.563080430030823,0.2912804052561469,2.511530836088356,1.0355188523578913,19793.836047273955,0.13498101562255638,0.32753730910084794,39.76636433641359,753.9772683523847,34.96543661099173,12.506124601899213,7.307786882157876,0.25838602670058164,2.007990943730566,2.600439279348723,3.22698181634335,0.4631798801617242,0.39252109953699327,0.9813722994942767,0.9104638761423037,-0.0543695277782443,0.518387895932976,0.3801337817287286,6.201904174272164,0.021609852109909542,6.046523980858141,0.3758888886635604,0.05124479722983629,12.403808348544326,3.7791814232370253,4.953477871014271,5.944079969798994,223.20267686424475,0.14225792024489786,5.126377418441513,211.78521351179094,5.382182104599106,45.44486934353091,18.975780752071383,672.4837476099426,0.7327988877627811,0.0393091539227649,0.25021989151977153,15.36468327838517,0.01045152745915157,183.9187302132536,0.13091364177658765,5.654057362612763,46.47185699501352,1.388908411220694,60.69656578845351,0.05431190938178535,0.039410794728922505,3.7047534442120686,1144.8115367225162,0.8133172469627179,0.8953277442761188,0.13683026483464847,0.9204124920621521,43.52850242472697,0.036337328183274474,42.148648648648646,0.09492938884830776,9.377830533235938,61.25675675675676,74.31306306306307,2571.6058558558557,2.627612082019769,0.042407677312993386,165.981981981982,0.37383329275221167,0.6337112448189343,43.25036282614789,0.027193514631874617,5.506763502084308,0.2829827915869981,61.82543523252983,1.7049912776961225,0.004348094006827159,224.80008689097798,0.05077648840393146,0.7144280532087979,0.5936261623151778,0.37710042344136235,18.00823588043783,47.75448331799087,44.181444068749045,47.16990566028302,39.319206502675,51.234753829797995,2970.5,28.348310665403098,0.3226606885079381,3097.118146266453,1.042625196521277,3138.0
IMG-91F93A3B3A,R1,dual-habitat,1,1,extractable,none,,1.7229245901107788,2.653866767883301,20263.756344084028,2.623973540433238,0.4755202531814575,3.5962841521294444,4.083078384399414,2.1810273289018367,0.28871505976243084,2.1689324378967285,1.1024142503738403,2.9806641340255737,0.19689229689622326,2.212113275732358,0.3677967996577258,40527.512688168055,0.193104734048481,0.13656493525466123,28.438700541188748,113.15278320459149,2.448025020264615,5.882806881829127,2.4782446739306603,0.4058715227223997,1.1762911072117261,1.9563847231774691,1.0809258224693818,0.5759825796242309,0.5336702943670875,0.9860495676433186,0.9217293985845794,-0.06541466817113652,0.5129599284435914,0.47805333963825747,5.252374837607655,0.045368678616590774,4.964938816639691,0.42872997336669394,0.0937829593925029,10.504749675215304,3.3115287101462942,2.090262888939946,6.006577457684656,373.55687032117845,0.09020933840163692,9.85363987538752,799.6467036947597,2.278227613079424,29.974643805844,46.275054334701764,1273.1598647669646,2.078488768219607,0.04992982236180044,0.10632649465628197,4.129623150424539,0.006766442349877872,612.0699200268473,0.18326394076409985,2.4926890411418254,30.494443742447565,1.8707000926206754,54.688276683611775,0.09046682339503359,0.05094121713540297,3.5392286210415373,2283.5890073132773,0.681100235110902,0.8063455501272454,0.32016554742425113,0.8509993098146478,26.332926608945357,0.044058737056999885,50.23152709359606,0.1237229731369361,6.453371836249363,41.63054187192118,5095.288177339901,140182.10591133006,197.65040166051332,0.0708212873131647,136.02463054187191,0.33503603581741853,0.6002479292859509,26.590318665716193,0.04288387338882211,5.368642335176223,0.09804395073653707,4991.258226358319,6.3327682217809045,0.0018235424821357782,67.20705295917338,0.025035415290245895,0.1413481037764817,0.8441488422725333,0.6068219214129502,21.86797482725051,36.03688999291947,38.47076812334269,38.47076812334269,35.22782990761707,40.70626487409524,8167.0,30.420498966625612,0.34003330242983276,5767.722734413379,0.7062229379715169,8282.0
IMG-D2B5AD3D4B,R1,dual-habitat,1,1,extractable,none,,1.5799333453178406,2.855001878738403,33745.167715391886,3.061716198565966,0.6639626920223236,3.5923871119770676,4.950472831726074,2.188289342643186,0.40086850889233894,2.140969157218933,0.6609417200088501,4.289531111717224,0.2753295704396551,2.2469198184992707,0.5480137366759252,67490.33543078377,0.14212038824728954,0.2600384236390473,53.70717320500208,419.6143457198074,17.733855317866684,11.040771018988467,4.145929141603663,0.45111392241039305,1.5454322672035379,2.266026054122983,1.7362600756457947,0.5132722876371985,0.45440659871226846,0.9877563056943527,0.9249135439237093,-0.06622052204299624,0.5518107855213193,0.43417680463134317,7.209889136129217,0.02640422961926131,5.756948377749832,0.47307369009012706,0.05403183177313013,14.419778272258434,3.744859009760397,3.796675040148032,6.289149376232158,698.084380610413,0.10444111020502886,8.17909020030864,949.9326750448834,4.284545907749367,57.53261520047876,33.71454219030521,1665.0071813285458,0.8263539180165084,0.025309905911657462,0.15187727998182188,10.804535314249264,0.004475725281941838,769.4118889528805,0.13636155513418258,4.5850478462087665,58.69145278710046,1.647396215709583,91.59063594919704,0.04129691172249064,0.025494694912400088,3.8292592260432405,4169.687193798962,0.7372926290200824,0.8441053261520046,0.2373664989522838,0.8823228900287579,52.584461026391295,0.02263913022246323,91.15522388059702,0.09070171530407663,9.625949852726418,75.95522388059702,3123.8248756218904,142637.56616915422,74.38394559894371,0.03092178058467107,368.22985074626865,0.36639786143907327,0.6281873355846194,48.30171372701171,0.02008147188077154,5.683670673574623,0.15035906642728905,3079.592449691839,5.749280098190676,0.0011512018588598699,145.61476813943136,0.0348680348619638,0.1488401918064052,0.8362464157716277,0.41174418263177953,21.06463969711034,51.15953202415571,55.326304774492215,51.884487084291386,55.326304774492215,57.34980383575867,13139.5,42.781975287754015,0.32046179886467546,8402.859160612546,0.6395113330501576,13368.0
IMG-A24EA009DC,R1,dual-habitat,1,1,extractable,none,,0.671405291557312,2.60171356201172,14817.641713441419,3.539639206289832,0.9454949200153351,5.557706445802358,6.15883207321167,1.51049759921866,0.6221808600334363,1.326472520828247,0.17064455151557922,5.988187521696091,0.400204062153044,1.7237324624354045,1.4313914497550613,29635.28342688283,0.10671640389737601,0.6896506048082881,48.46478279487448,5855.613728001483,250.79657211250526,33.900808009789856,11.397849427400526,0.4964429660155136,2.346027630899327,2.8412739675095104,5.815599703189935,0.4498977883023482,0.38023291524310326,0.9834690752042109,0.9204621447107825,-0.08285810979511363,0.6498445339379101,0.3677707615906222,6.545061207071357,0.015112009857792154,6.7966283846087086,0.5218311613780563,0.041624186056853925,13.09012241414271,4.364829147180402,11.3246643592976,6.629713945808436,567.1495889312212,0.11372560435757392,8.079045703308248,532.1947062362142,11.25428556597263,54.44134750350912,29.429115700822138,922.522358131141,1.6931327070007733,0.046561486328529,0.18081248088002008,16.381467907226654,0.007522012636750371,438.389122656936,0.10212206878557185,11.883795964536255,57.41866246816391,1.561108481292052,76.94704127959527,0.07626611105966083,0.04538085938758659,4.2384755629942505,3279.723672701961,0.7632411463523266,0.8607456309481576,0.2083741449267058,0.8960693646611037,53.50174719571034,0.039908146099733637,59.75580110497238,0.06602850950825677,19.72152742590275,100.64198895027624,1049.539226519337,28972.427624309392,57.57642430397201,0.03974701647255041,340.4696132596685,0.37620951741399833,0.6369723397752357,68.08477440210622,0.027069029185458983,6.065274819806744,0.18147182674954881,1019.1736467140809,3.658820681021731,0.0014890788649938144,524.2390631908014,0.05935658464247806,0.6626690236463098,0.3691980468700454,0.24376277173986646,14.959585332154816,61.36944220555166,57.97413216254297,58.24087911424414,31.575306807693885,59.84145720150871,9871.166666666648,22.657478199793804,0.4798652348945579,4637.4277892358305,0.46979530848118317,9973.999999999998
IMG-859B16287A,R1,dual-habitat,1,1,extractable,none,,1.9835712313652039,3.024162769317627,66141.97957458548,2.821175702641507,0.5223729610443115,4.977270025855362,6.227323532104492,2.4988173056606096,0.3296204932626584,2.477715849876404,0.9544915556907654,5.272831976413727,0.2196943462415249,2.5358019672692196,0.6023014137270382,132283.95914917093,0.17217150075599855,0.18620369013749583,55.308478530606266,209.85453745632444,4.818225504689916,7.3478907550176595,3.7490039665646466,0.3224497200610718,1.4382931094225893,2.1979871156410424,1.6647059851497663,0.5327502438271791,0.4794320811405331,0.9931261770288466,0.943628730152406,-0.04399044137383853,0.4426016197076987,0.4497830140053815,7.3760809064583555,0.03537799316207525,5.387390473645214,0.41778344197480816,0.07247536600706553,14.752161812916711,3.4666295279968202,2.7742236803955764,6.078826343372406,1028.5020416099553,0.09999047653217531,9.10462397065547,1770.9560567762007,3.080977453350603,59.97005638732257,35.47423682675481,1882.7641454404045,0.7582253169487659,0.02117045882076861,0.16056918082101307,12.054829887585417,0.0035952554566236333,1421.5939573110793,0.1643140469458526,3.3313569561420384,61.07241164262939,1.667381412336194,97.04201958227625,0.03533149070069435,0.02116107985454619,3.604899219674828,6360.457386743921,0.7332379590339934,0.840956340956341,0.24595871534938182,0.8799312905685012,54.51522608312734,0.01861764525580753,188.2042502951594,0.11110050194519444,7.351457815555701,78.29279811097993,1902.4616292798112,96577.95867768595,39.56046016687934,0.022236110025606843,636.6056670602126,0.37580027571441116,0.6360805656793072,52.08579138913282,0.014886556997609818,5.491921033481211,0.16468986972584096,1865.5922158768565,6.991396370415856,0.0006993408211657773,192.54603280880988,0.019185197030239215,0.15538607312916597,0.5998058466444879,0.4410929858728861,36.40212840272279,82.52710781760908,74.65252842335616,70.17834423809099,71.84010022264722,84.73488065725942,19979.41666666663,49.50024177566195,0.23985081016595503,14845.613082711661,0.7430453716639218,20571.999999999996
IMG-42499E799F,R1,dual-habitat,1,1,extractable,none,,1.7454179286956788,2.691408443450928,49706.93907293991,2.676973094551085,0.4954852759838104,4.045358634121787,4.353436470031738,2.2135828231309596,0.30069967165840467,2.191617965698242,0.7274705767631531,3.625965893268585,0.2051408888096389,2.247101593205999,0.4639816429843738,99413.8781458798,0.187120894156893,0.14951665532851047,53.755433197427706,126.74206716729131,5.177518628191269,5.960555200315538,2.9761518550594586,0.3325535824857035,1.2984808895475801,2.0601186628954986,1.2779334667010191,0.5514680583415564,0.503177952181286,0.9888526712146647,0.9286865611305788,-0.04196072525595282,0.42003713881201626,0.46926817327554016,7.280696785744947,0.04160015499085767,5.1003798582204825,0.3458497138036632,0.08665920509421869,14.561393571489894,3.315294477245172,2.2341767638437484,6.025058798453109,910.5672490857376,0.09249972054914034,9.55517705626712,1842.018082080455,2.4820630936473265,57.14648516863064,43.87830150345388,2297.955505891914,0.9249873989119246,0.021305717369278696,0.11496631535887696,8.308544207492908,0.002625029501140495,1422.056009396564,0.17764746716934587,2.716296462875463,58.06747704209835,1.825749248671496,101.75434248158841,0.038773404480830616,0.021356703211211078,3.5719381259627188,5554.107665180417,0.6924370932060671,0.8131309974056825,0.306818908548973,0.8580549597175572,50.475982923158455,0.01836376734270136,119.6491935483871,0.12061410639958377,7.296289672216442,77.84274193548387,14167.552419354839,730379.2439516129,289.30987064078556,0.02336247016471289,399.43951612903226,0.40266080254942765,0.6592839366716183,53.53796342179749,0.015908034404191144,5.248677013951947,0.10077204388459976,14069.078807882415,8.54499498788261,0.0007195534097785386,112.40629104612555,0.019880708714450895,0.08440313982474199,0.7008016019370703,0.5091547756756326,26.5099027860966,52.066491472890114,59.093146810776624,57.58472019555187,41.23105625617661,59.10160742314881,19554.583333333318,36.4882806314442,0.3038513823037649,11551.949607704117,0.5907540657239331,19687.999999999996
IMG-D488A0943C,R1,dual-habitat,1,1,extractable,none,,2.229845094680786,3.287010097503662,261.2840090158751,2.745763645443195,0.4324674606323242,3.0886375679929787,3.5231807231903076,2.703510785102844,0.3091847583225795,2.728256940841675,1.6911567449569702,1.8320239782333374,0.19744368018109776,2.7322623227745857,-0.16966813694207283,522.5680180317502,0.1787755102040816,0.15628683528617704,28.139682539682546,38.413367610147624,-3.400589506172836,3.0236816578483245,4.242063492063492,-0.4869595462051093,1.6087301587301588,1.3342316274219326,1.3392019400352735,0.47115457294028723,0.4220808170808171,0.9553046855804681,0.859381610453039,-0.6492228888566707,0.9278848270107821,0.5915548941798942,5.322619047619047,0.24962962962962965,2.8024595498499782,0.8763871148471496,0.27222222222222225,10.645238095238097,1.5478301152969816,1.816436287477954,3.5328743603470416,14.885714285714286,0.4253061224489796,0.473469387755102,6.257142857142857,2.9877551020408157,32.457142857142856,2.942857142857143,96.45714285714286,0.13409261058920924,0.07230835402944247,0.6412698412698412,20.67936507936508,0.06077763380484468,5.9372594997595,0.175048408319174,3.073173871701841,32.44094215969216,1.1029040404040404,35.829515392015395,0.0769774425968524,0.0736942206380352,2.8967708303695834,31.845538720538723,0.9369360428782778,0.9682539682539681,0.03153197856086113,0.9742739898989901,31.59379885161135,0.0728734151483309,3.923076923076923,0.15088757396449703,3.841715976331361,32.42307692307692,2.1923076923076925,70.92307692307692,0.12497640366687987,0.08612588910207959,15.0,0.5769230769230769,0.7873931623931624,25.40491452991453,0.07930974669069907,3.5616073922012106,0.7428571428571429,0.3801775147928994,0.13935479129923578,0.15503548941645484,44.47467550854286,0.12888222499884308,3.258104082705449,0.32901812285581034,0.1325974814284303,7.109064481016805,53.613872634933365,25.059928172283335,10.44030650891055,24.596747752497688,37.33630940518894,40.0,17.639935733376273,0.44858417785479315,126.08986139300707,3.152246534825177,70.0
IMG-7D01A47448,R1,dual-habitat,1,1,extractable,none,,1.8560586094856262,3.0136030435562136,20578.446768456837,2.935677084746549,0.6315492391586304,2.995773097809041,4.097132682800293,2.4480016995367335,0.3658374662063194,2.4496461153030396,0.9345512986183167,3.1625813841819763,0.2573587453307601,2.490394250463501,-0.08094822288661965,41156.89353691367,0.15206296159440114,0.2093512018069271,54.99988471483599,221.24003946893296,-3.5414788307644667,8.740099522810818,4.787284041478104,0.2919281500614893,1.6856613810375,2.355759090610669,1.927301800667414,0.4909539627144063,0.42571042853949215,0.9773402644601835,0.8991331184985213,-0.03558112824764799,0.4152638650301795,0.41307913173449623,7.349207663829278,0.025302053486462507,5.739132837944063,0.31283163871650815,0.04843024733051628,14.69841532765855,3.5991302720044454,3.3818458910722304,5.941163036048305,396.5901145268234,0.11952685790440729,5.891503084169095,504.544906570223,3.4469450067053478,57.27335744424352,25.77697408077155,1439.6398432790838,0.5524378030181105,0.024925076641969607,0.17822590608709782,10.60442594743959,0.006432401135136599,424.27070969772745,0.14748892120377097,3.6368921836781953,57.43929887356199,1.5169888079723788,86.44879982324856,0.03657645709474341,0.025437908735847833,3.6055389211193205,2211.2721696984163,0.7675545869079757,0.8669495061900125,0.18290349122746544,0.8982213181265758,51.71085041906727,0.023230017798475437,62.0504347826087,0.10791379962192817,7.865103969754253,60.45913043478261,1120.208695652174,62345.852173913045,21.82219735217605,0.03810988358525134,233.2713043478261,0.405689224952741,0.6619259884853651,40.04727757726779,0.028289102368408914,5.298578474738245,0.17329716696805306,1086.9107780718336,4.086886178884689,0.0020136840105886207,101.48599662977747,0.046625649552738194,0.13521863108860369,0.4856481457845817,0.44462945842572144,22.696941972565774,51.046869572987276,48.75448697299562,47.53945729601885,27.784887978899604,49.68903299521938,6427.916666666664,24.790817556228657,0.3333312171115777,5015.585385788415,0.7802816442530758,6635.999999999998
IMG-60A9582A2E,R1,dual-habitat,1,1,extractable,none,,1.300284504890442,2.23942494392395,32151.917996602053,2.6279708478690074,0.503818154335022,3.322724833002063,3.797813653945923,1.751331289486471,0.2957921335271475,1.725278377532959,0.5698763728141785,3.2279372811317444,0.20708508130282152,1.790322738387324,0.4251361882020665,64303.83599320409,0.18855646787154018,0.13809422205234104,31.419574624190787,130.2808898065624,7.205662439267348,6.514893565391697,2.3920467879516996,0.4625141300743572,1.1699521596563787,1.930832693093181,1.0132883770404804,0.5731298695685818,0.5306564865921424,0.9882759181960229,0.9267785778753324,-0.07394624092053426,0.5515835060474791,0.48528225807035635,5.512592483776111,0.042635826158324716,5.014600956317087,0.47744606165810793,0.0857859723982421,11.025184967552223,3.3678113107884307,2.226735088335849,6.200062777565337,823.930515402253,0.08213842243069017,11.447861027683883,1891.4099292194198,2.301934345469032,32.9794636626458,56.06749077858638,1695.5807995214834,2.2670482010110025,0.04233527383036916,0.0921201745968331,3.6581593066960894,0.005032170817036633,1411.3030625766742,0.1800158481348652,2.4965969898041505,33.55467738334295,2.040620556771024,65.44936151310388,0.0850041942702122,0.04286630233125872,3.6349563698308596,5115.6387231210865,0.6510287352438684,0.7815464368151038,0.3953722183994867,0.8340495365958369,28.362870215992977,0.03616080646028371,95.63225806451612,0.12339646201873049,6.4492087408949015,43.04,19508.628387096775,570947.6993548387,751.6102801063902,0.05942289966329744,307.77677419354836,0.3971313215400624,0.6551495349645177,28.406043696396768,0.04159416735310396,5.151637475146377,0.07726049247333266,19341.101292819978,13.791683578633938,0.000719908750650002,82.23582422565681,0.02195713410283837,0.07202925209239315,0.781769266250669,0.6251104351598352,27.994418023119714,44.78315582103791,47.63402145525821,42.80186911806539,47.67598976424086,51.117511676528224,19948.333333333314,35.01009486660218,0.4274968395302144,8320.618827926224,0.4171084716146495,20061.999999999996
IMG-4143CC5E40,R1,dual-habitat,1,1,extractable,none,,2.0418230056762696,3.0494513511657715,4714.36498054747,2.709347964866373,0.5080284476280212,2.8697856299519655,3.8462257385253906,2.5506404904322437,0.3118372894793824,2.5549561977386475,1.413061499595642,2.4331642389297485,0.21750012359375745,2.5804471704809844,0.022460993827375923,9428.72996109494,0.17684892591528617,0.15294068821088308,32.44805990635674,112.54663495999347,-0.3537890686615726,6.440712103374295,3.2828623281557126,0.3244359365715506,1.396954554801405,2.0976275400313638,1.3094023535040369,0.5296100633293102,0.4753931792079259,0.9749747958519184,0.8945370991128949,-0.06920682497139191,0.5487459989263177,0.45888022877642304,5.626048444404604,0.03565502757488696,5.175262200123144,0.39933165531434717,0.0706266976746318,11.25209688880921,3.35571137295906,2.4308936078825023,5.568944720721188,95.00564971751412,0.13418877078744934,4.823063295987743,125.2090395480226,2.512967218870695,35.68926553672316,21.163841807909606,696.132768361582,0.8203276929227262,0.04257885633536054,0.20589884389458907,8.127780700641397,0.012163285259758128,108.3358185179969,0.17321187219931253,2.612115921935071,35.987886897145486,1.4482873581814717,50.922146667167326,0.06036631386669303,0.04313530831099212,3.2907202581236783,496.674031390492,0.7908291047308427,0.8829856584093871,0.15487156720489292,0.9087369714951838,32.915179354094235,0.039621004980879074,22.92982456140351,0.13409254129475737,4.274546014158203,40.485380116959064,130.28070175438597,4261.883040935672,4.645153931128369,0.055185988785739416,55.058479532163744,0.3219794124687938,0.5863743744749355,24.049288744701904,0.04022379704223083,5.116079847512917,0.24152542372881355,113.13819636811326,1.4764539938019485,0.009679598342379712,49.60762115979479,0.04600718234733175,0.3879222317862846,0.8026482492325114,0.34974834097546936,12.474248807101896,35.66635590696573,29.732137494637012,42.43819034784589,25.0,43.45112196480086,1294.25,28.627538125229684,0.3516119520111872,1633.425298690387,1.2620632016151339,1416.0
IMG-32C3789F8C,R1,dual-habitat,1,1,extractable,none,,1.819193959236145,3.220126485824585,15035.650710058566,3.1577400176610935,0.7218250036239624,2.9912562037736614,4.452922821044922,2.5410688343871333,0.4259620760888974,2.5452035665512085,0.7081459760665894,3.7447768449783325,0.29876872167072444,2.596621702250879,-0.04282330195270014,30071.30142011713,0.13029942287196605,0.2854134435066686,78.20816830797663,303.9392747438795,-3.3286418284525876,9.814072688581184,6.49718396581437,0.19546396316851358,1.973729589361791,2.5417518806757693,2.5759046836955384,0.4554245356005272,0.38151664553963616,0.9765257464511259,0.8968593378507221,-0.03831812620152489,0.446666200400461,0.3783809531893171,8.796210950784833,0.021313080621361093,5.991003245985559,0.27050428017504535,0.04560548889954315,17.592421901569665,3.6649566454045583,4.077814163598889,5.66462459766938,423.4206278026906,0.18987472098775363,4.040375635946832,290.5677130044843,4.683831164913833,80.80358744394618,12.789237668161435,1019.0143497757848,0.18296779271654526,0.017287178275187092,0.3561493704920328,29.347641331494405,0.007481573280171276,262.4398491271374,0.12724699262343392,4.864397025683123,80.86735661263548,1.2729331896940417,102.63072462940889,0.02146236192807694,0.01752071510145273,3.575577300110282,1789.6098780110524,0.8662841969859092,0.9246981717833737,0.09965660084313521,0.9445693399786576,76.41515510525487,0.016717631033312752,95.2034632034632,0.10303405108599914,7.05204526714267,81.62012987012987,53.94155844155844,4235.961038961039,0.7293321774672058,0.020649054068077998,399.6060606060606,0.43247409156500066,0.6832243608572164,56.805435955573124,0.015248043794893248,5.164721137787929,0.41434977578475335,48.11696276306666,2.0524728739537523,0.0029929322400286417,157.91752703887556,0.05750306211082158,0.25309597190123767,0.6178226105194229,0.5452812000292508,29.640941807268536,54.3590019345587,65.0,67.62396025078685,49.658836071740545,71.97916365171243,3944.25,33.58422048043941,0.21974902517954012,5493.7234060830615,1.3928436093257428,4460.0
IMG-EF83CC90EA,R1,dual-habitat,1,1,extractable,none,,1.5602645397186279,2.609048080444336,39188.824686675674,2.7852096410360336,0.5385764837265015,3.5240857481410623,4.449851036071777,2.064650684689526,0.3259502685107347,2.0341943502426147,0.8299076557159424,3.619943380355835,0.22432804445761742,2.1057369638614842,0.4130159694196919,78377.64937335135,0.17182189316935176,0.1713457111836534,34.82587043008824,188.5476499338394,7.167438683955282,7.685941960391711,2.9861207931405334,0.4398209554997543,1.30006535106085,2.0660775017209567,1.2825412259255737,0.5522376414605623,0.503827914294875,0.9873349159555502,0.9244598558610548,-0.06693981488397506,0.5375159839856002,0.4660680407144522,5.800917560976936,0.0364637240836904,5.289507539610213,0.45228750410171636,0.07640742920041131,11.601835121953874,3.498821386208256,2.668015688383062,6.222007533229625,784.8759900429961,0.08880696877608013,10.01087048198185,1518.561891830731,2.8526852892688432,36.4265670966282,47.7336501470921,1580.2278796107717,1.7944799366040227,0.04197104368667361,0.10356242045651425,4.896347144468619,0.005977420870806401,1157.955023786165,0.1632977174505318,3.106619521286393,37.08707109573535,1.8893038565877194,66.96163588490309,0.07665586623907042,0.04289592331534868,3.718371980615073,4800.434651805858,0.6754718643587322,0.8022351036607654,0.3281464153146393,0.8483589055267156,31.9343233324084,0.037042509611368346,85.75923566878981,0.10924743397298065,8.474057365410362,50.88152866242038,13721.992356687899,436517.6025477707,479.6630235152406,0.06658880225600555,300.3248407643312,0.3825794149864092,0.6423496520745988,35.070430753634575,0.04353296495371056,5.352663540622932,0.08882100022629554,13595.236311412229,10.753958261883575,0.0008340406081525723,102.41266624050222,0.025902390255449357,0.09393781497919707,0.763897260432132,0.6960749638256225,29.951474572810145,43.02909331517554,48.25971404805462,49.39635614091387,37.656340767525464,49.48737212663449,17564.833333333332,32.869806502341156,0.41195378099730906,7932.285190870091,0.45160036764008155,17676.0
IMG-EC52437D3C,R1,single-H-low,1,1,extractable,none,,1.0920658111572266,1.562538504600525,9648.403868487723,1.7540614654308866,0.24424517154693604,4.297566918362126,2.47948956489563,1.3198252560093577,0.15068656034629338,1.3049501180648804,0.7429501414299011,1.7365394234657288,0.1020581953360612,1.3340989225530842,0.6295289172221308,19296.807736975443,0.3512008153470413,0.03788122875713302,14.506299798444347,10.027516074946899,0.9036491411229276,1.6340768732868949,1.009900952562781,0.23591337020687211,0.714530019194133,1.4567696196688982,0.4975058967072913,0.6868106918831759,0.6718104482509248,0.985035091435146,0.9237549017794126,-0.028919218336308984,0.29514222907504,0.501515540554417,3.788170122160042,0.1342236558666519,3.391187198785194,0.24388141190484133,0.2385857487015202,7.576340244320084,2.376277917980703,0.6609944564624188,5.646766891655605,308.34144991698946,0.056879072111601085,23.1629093728125,1903.8596199963106,0.6931171252177093,15.109573879358052,111.80612433130419,1568.411547684929,8.759276986574006,0.08083575839485398,0.058900570391363725,1.1693814281733865,0.00576757294943702,1153.152579670006,0.31434199755515946,0.8409651321203467,15.544214232462934,3.065645831765254,44.81394507575531,0.24348605102439183,0.08180977685859353,3.171650677751646,1964.372523617869,0.5331754189962751,0.6763441317951554,0.8566779911375584,0.7570778889729379,12.068743845086688,0.06253216014509946,59.205533596837945,0.23401396678592074,3.2172038307113064,21.778656126482215,38440.976284584984,542215.1264822134,2963.275959820028,0.1074488227438538,102.1304347826087,0.403677607836398,0.6587183670312955,14.669290880483901,0.0739929384627149,4.123835171757009,0.04667035602287401,37981.865206455346,20.611513052415802,0.001204438182280056,16.30644493542529,0.01384192176735823,0.03397877296573422,0.8933065853079746,0.7521271735120575,25.521340093822218,33.93221384975406,39.59797974644666,40.45985664828782,36.138621999185304,40.70626487409524,10718.083333333332,30.311870086063767,0.4478219058495736,5249.56773162626,0.4897860530063298,10841.999999999998
IMG-35E5834CF7,R1,dual-habitat,1,1,extractable,none,,1.4206678867340088,2.3162825107574463,49789.47235520989,2.6149983128797505,0.4564347267150879,4.281839793720932,4.159921169281006,1.8597490805022956,0.28421293411865095,1.841058611869812,0.6378670930862427,3.522054076194763,0.1904615960249917,1.8960926480916735,0.47343163754024276,99578.94471041978,0.19805465425520064,0.1365006877181605,35.68839460373236,122.2267544094731,4.205027473440887,5.566694626517507,2.8585124889291325,0.319918522639264,1.2701030962875328,2.0374191500746988,1.2347081458082296,0.5567016887078552,0.509829519909915,0.9878671553860952,0.926006076816227,-0.03847916538428338,0.39963493695936736,0.4726809544614461,5.9169914424200645,0.045611624199581945,5.023027309207994,0.33297684701218583,0.09344007024853504,11.83398288484013,3.263512713345818,2.1063017788616603,6.077736504327983,1141.263845765037,0.08240767172828632,11.532463166193958,2742.8589067802727,2.28411706530043,37.95819192721496,54.47664091270128,1888.1960430355982,1.800196337019617,0.03559660834301577,0.09752688931171902,4.774017229832008,0.00437802693313499,2009.0923467871778,0.18446267398765823,2.5569077502490307,38.70749105636375,2.0104660387197866,74.15924951298754,0.06980535059031988,0.03615662555401917,3.6194554041411533,7187.170389431026,0.6585440732627142,0.7864161255741876,0.386420236184699,0.8385303793212636,32.99352272873637,0.03068934788556796,149.4054747647562,0.12780622306651515,7.630871947904264,53.300256629597946,26944.77758768178,930723.6928999145,836.1962460549646,0.04866613218896521,452.7673224978614,0.38731165312049737,0.6467299066076883,35.54076289310701,0.03326196896206761,5.239807379062071,0.0844104267456134,26804.429077077424,16.271358429764405,0.0005009048257263301,100.98101597514949,0.02045742483454584,0.057725694621905736,0.5558618585950532,0.43748037073258195,28.273850537544153,64.6288437814895,68.24221567329127,59.80802621722272,40.792156108742276,69.40461079784254,27566.833333333332,35.9247092232281,0.4465056529824327,9883.598236090591,0.35853223025582404,27698.0
IMG-7A14B18C9E,R1,dual-habitat,1,1,extractable,none,,1.576957631111145,2.519101047515869,65986.77921213795,2.6616237099146924,0.48666226863861084,4.4414474047608214,4.941243648529053,2.0420406010483356,0.29606750537188653,2.0231950283050537,0.581201434135437,4.360042214393616,0.20296418292200805,2.076946607729156,0.4446489659996326,131973.5584242759,0.18765556021841173,0.14377739502779993,45.44539205730694,157.96301133392114,4.319654972327646,6.681937405144369,2.344726022778464,0.4794108815190877,1.1282985833915433,1.9155094407799358,1.0634451578159938,0.5857494283225334,0.546649192346586,0.9929944160175187,0.9436030457270881,-0.08372585727423364,0.5841298965121465,0.4878770559116702,6.660396520254226,0.04435176587760617,5.01729460592983,0.49419893258512115,0.08858654758807218,13.320793040508452,3.4055093039942554,2.2566658569807094,6.349628547570526,1163.0981891874223,0.07603439819490242,13.815740948683928,2870.5671046610446,2.4111295569787883,47.40288945544878,63.107210564162905,2810.887363535334,1.614682801046064,0.026840043131200694,0.08804652862146421,5.145586771119955,0.0026448860111429433,2081.9546312799525,0.17711225277542075,2.6719438799503274,48.13141207535293,2.1505529475220766,99.7103730986746,0.05678802787088189,0.02712023456643178,3.7262866807785033,7511.44060228854,0.6370820365787074,0.768431215773832,0.4465412641489912,0.8254529549218209,40.24163422014088,0.022565111237197347,131.6153846153846,0.11375573432617513,7.153960448183206,62.764044943820224,29313.46845289542,1274064.9057908384,726.7791357451654,0.03207182683016797,426.6369922212619,0.36874415922321685,0.630070849736366,41.159599964142416,0.020218657592489597,5.416601985249464,0.075635745571027,29138.666687085264,11.362957135331504,0.0005014394384531367,137.23556040103344,0.013190849798866502,0.10438140728355155,0.8448865863318699,0.7318012286469084,35.894870840578946,49.05002811617045,54.378304497290095,56.85068161420758,52.354560450833695,56.929781309961136,30493.833333333332,41.44171081455349,0.376810252276699,12526.68323391489,0.4107939824089534,30594.0
IMG-ACAA7C268F,R1,dual-habitat,1,1,extractable,none,,1.60183287858963,2.7750031232833865,30716.492877973757,2.94436199727981,0.5927698612213135,3.4918028571125923,4.335554599761963,2.169677388935517,0.3635167963657453,2.1393606662750244,0.697834849357605,3.637719750404358,0.24772339045239605,2.2186741275569664,0.3885205679713806,61432.985755947506,0.1548377403846154,0.21501491223262345,52.777189151508374,301.391924294488,6.638927014279089,9.46121645142434,3.3708994932637006,0.4731461490010268,1.37047831856815,2.1341636253078344,1.4790702331358125,0.5418064900470095,0.4911478074389296,0.9874877721353086,0.9253357213397048,-0.0791369926013861,0.5908808547284325,0.4607505422715532,7.159204360799094,0.032163895956793004,5.5129364492181185,0.4997978601621534,0.06706491295588338,14.318408721598189,3.652218800067623,3.20802898617201,6.367499392225148,565.2153846153847,0.09057938856015779,10.217689739480605,966.1875,3.5550879098865877,55.76266025641026,43.39455128205128,2137.8764423076923,1.056781228163934,0.024599919027823068,0.1282212697657084,8.717377875939578,0.0035564359375766658,752.5241196955938,0.14762150990897707,3.8301069165535067,56.887930631607134,1.8119645492410341,97.66115862331038,0.044448900769989544,0.024666916302281967,3.8158612333702058,3581.4609085542074,0.7013013510745323,0.8169255424063115,0.3080564488655545,0.8629875406895124,49.842994279121065,0.02134453673312459,73.58366800535475,0.09850557965910944,8.223473098104154,72.37349397590361,5535.5341365461845,272565.46854083,122.36969339153876,0.028110875009807315,293.03212851405624,0.39227861916205653,0.6509119168283557,47.54710203336851,0.019732330923894256,5.42637815214228,0.11971153846153847,5465.754616861019,5.663516190975208,0.0012186179290101413,116.74955639963072,0.03040465234769331,0.13206361510246326,0.8400136477682486,0.5824925595167643,26.977663677156407,46.3141772995986,49.4064773081425,50.60632371551998,39.20459156782531,53.301031884945715,12285.666666666642,38.90454101682123,0.3744378726933341,6876.543171807926,0.559720799723901,12479.999999999998
IMG-D487331940,R1,dual-habitat,1,1,extractable,none,,1.4901025533676147,2.8888305187225343,77152.7690581444,3.186407399015844,0.736143171787262,3.192046813567105,4.981639862060547,2.158451455186309,0.4372216175559524,2.1221859455108643,0.2499702125787735,4.731669649481773,0.30527414356637467,2.2273200938682813,0.357963105118508,154305.5381162888,0.12873613836601808,0.3020421161535138,66.72686876638555,515.9725568476681,17.251045692259236,12.780657226889266,5.310234021532787,0.41076499610590883,1.7829708203080277,2.41765974980766,2.1063697897008247,0.476865902271448,0.4084847555713649,0.9872735836366986,0.9220481833868407,-0.04985049830985644,0.4941591554307634,0.40459610439690824,8.053451503434907,0.02062081024498208,6.080763026587876,0.4178888637408934,0.04196078040960571,16.106903006869814,3.8611035478670317,4.5227228121055125,6.290591044133612,1798.6014660493827,0.11565081443218768,6.475790233534861,2002.1044238683128,4.955595699486603,71.79610339506173,28.532921810699587,1821.4185313786008,0.5374433429699298,0.019676099300434128,0.15633763482365526,13.247882099742034,0.0036825527209011157,1657.0760770217619,0.124212867312742,5.24456868537862,72.80310351694048,1.5696887725460147,109.91353573749605,0.030552219079166228,0.01982468589344147,3.8994512072778864,10108.577747534311,0.7568606807831914,0.8578268439379548,0.20786989301752173,0.8928548617286599,65.67940261883155,0.017817586634485693,197.08188153310104,0.08583705641685585,11.130251520596339,89.68728222996516,6636.956445993032,385418.8863240418,121.60882949165551,0.024672887381415244,853.1350174216028,0.37157448493972245,0.6332966847598918,57.81911243280813,0.016676801468628173,5.844125530103062,0.1476337448559671,6591.075884131165,9.955572758921527,0.0004772076381009151,238.54857735224573,0.033172341144786954,0.08818813216434196,0.6583216548294479,0.5721656814813287,36.7748880319603,64.27314538815163,63.56099432828282,62.68173577685928,49.9799959983992,67.7421582177598,30772.166666666668,42.312403433021686,0.32033890084457145,14824.492250385772,0.48175003115539816,31104.0
IMG-EE852B744D,R1,dual-habitat,1,1,extractable,none,,1.8599314451217652,2.7639067649841307,50505.915955425626,2.619452019305746,0.4714221954345703,3.6669203652952036,4.140104293823242,2.310181767377714,0.28486619501497085,2.309321880340576,0.365814745426178,3.774289548397064,0.19530381406548233,2.3385823950303815,0.03828342897947283,101011.83191085125,0.19431509971393057,0.13202782002161634,77.52536370804414,126.25600200541086,-0.3214023316261285,6.236327463351686,2.102452636992405,0.49453483415142746,1.0716076769908922,1.8626461911726508,0.9470822845192959,0.5976440445865591,0.5611302597819962,0.9920374896532118,0.9401397466147186,-0.08983985245380868,0.5971015901776682,0.48919193725473564,8.745953417680651,0.04775709976554232,4.909707961941056,0.5084987562423975,0.09438401705082991,17.491906835361306,3.3613513681301486,2.084695025086023,6.365721489752442,671.5537628586898,0.07271832840917052,14.947902124899125,1794.4999458581483,2.237758181443503,79.37693557119654,68.95408770979968,5309.6840281537625,0.9616655256954104,0.014425182609442762,0.08454670849387656,7.471194413632712,0.0014248198297450983,1278.1856024240585,0.18310775862387257,2.4915891698348513,79.9916924240554,2.24360890915731,175.97186102065427,0.03197803519112803,0.014560240939948527,3.7312452519594355,4340.999331292809,0.6203519836600725,0.755811919536879,0.48334961323059233,0.8154389592496517,65.62933134598383,0.01197111430470717,77.59125188536953,0.11703054583011996,7.155973237421202,92.83710407239819,21450.47209653092,1659834.8174962292,288.52792896039483,0.017589697435772992,262.8340874811463,0.3964315044964499,0.6525554888222497,61.40698396988245,0.012090382979757591,5.176614253164629,0.07179209528965891,21256.451988197532,6.495920375654461,0.0008511516120674464,81.87379250005581,0.01690479686251083,0.08978226868906752,0.561690644505952,0.4670577229414017,25.115163335066082,53.77314644729063,56.824290580701486,53.14132102234569,42.720018726587654,58.957611891934704,18391.5,30.203873285091614,0.4308433375090527,7820.649888314948,0.4252317586012532,18470.0
IMG-040E40FBD4,R1,dual-habitat,1,1,extractable,none,,1.3015517711639404,2.209866428375244,50420.104373074864,2.612897666868721,0.4701547920703888,3.4835108763150164,3.7584526538848877,1.7581862434906783,0.28520330933442717,1.7489405870437622,0.260755330324173,3.4976973235607147,0.19556927218804956,1.7953772981814706,0.18506092114573627,100840.20874614973,0.19470476420848593,0.13216077602553464,43.18362438713559,96.69582290569686,1.6298580731525534,5.356834232665193,2.8416726666240226,0.3055006749948713,1.2850923660780107,2.0354410884584864,1.1792124254166398,0.5514898867220746,0.5028399501603064,0.9878699923142015,0.9250195598831721,-0.03400298427769838,0.3732904885488489,0.4692127882727338,6.523397749862638,0.04356246786297253,5.030690375393612,0.31043055468999914,0.08566677066454649,13.046795499725278,3.249739869814941,2.049626724822304,6.05903291878554,1316.2974044239868,0.08415147707607638,11.083503164667315,3045.571921749137,2.211840771555852,45.341516430124024,53.072113540467974,2268.2570003835826,1.3835382036026607,0.028286806493473694,0.096484943204574,5.074495525908753,0.0037770289862911655,2251.3117505140162,0.18236622308916686,2.4605715090277354,45.88513667541144,1.9942528250063025,88.74738442722577,0.054897133370533466,0.028807729286124246,3.602122317350388,8205.595884929287,0.6635691986490391,0.7892360803753209,0.3832128037387162,0.8415812841405835,38.98522227113146,0.024611246074540107,153.2873194221509,0.12302353083639718,7.460916344823499,55.9454253611557,32336.83467094703,1389761.6902086677,805.5281916166228,0.04322494564879872,504.2857142857143,0.4047236872277001,0.6614636423703628,37.62496861955703,0.0313123049894439,5.202923303293815,0.07965733282188979,32179.2374777458,18.921554774547197,0.0004309618816359069,86.62266125339634,0.02322850031928015,0.03833259924523361,0.9371983629917339,0.5369406175122127,26.169799827004304,48.73872263241302,51.42956348249516,56.462376853972415,54.589376255824725,58.18934610390462,31115.166666666668,45.677851065405655,0.49079510318617586,9747.621515919507,0.3132755681608489,31284.0
IMG-5DD43F3C7F,R1,dual-habitat,1,1,extractable,none,,1.3639077425003052,2.5906358242034915,27267.694888579143,2.9639531206576546,0.7065705060958862,2.4824843108770653,3.545926332473755,1.9732782569823086,0.3882660890044042,1.959768533706665,0.46643877029418945,3.0794875621795654,0.2860811355907718,2.0284566348303397,0.12177888264515749,54535.389777158285,0.14295740962484135,0.22080923990808735,57.200706033417504,332.25720445491305,2.6886195293160116,11.816980334731408,2.8729874727557743,0.6090990428054901,1.296772477365058,2.0359467198649677,1.171423058471756,0.5489444793309451,0.4996730036236941,0.9859808285453917,0.9196648003745467,-0.12054863237327508,0.7026776088426856,0.46833324241825297,7.413806871615955,0.02656957424758917,5.570662262733535,0.616965863649323,0.046000392156503526,14.82761374323191,3.7984078168381186,3.6724919518717956,6.461821101558095,614.9716312056737,0.09279789213907857,9.167765679764722,947.3787535838237,3.648912887725425,58.838992002414365,49.03078315980081,2725.5201448619287,1.1468375639716706,0.02300887596325892,0.08420333234116198,5.378352471839985,0.002258081863362999,745.3907735075439,0.14136313075768792,3.7480261957962946,59.39678912942293,1.936868137585099,112.17426796067161,0.04464180152592108,0.0230164986310061,3.890607789531548,3523.3754283728167,0.6662773909083858,0.7956262840825992,0.34757158533231036,0.8429080305871673,50.42692606861563,0.019423376537682814,45.53947368421053,0.09986726685133887,7.697983995075407,67.42105263157895,10395.594298245614,582677.9649122807,216.49680431496586,0.02893296190289767,152.390350877193,0.33418936595875653,0.5976828856253212,39.93170224971193,0.018465915201653357,5.495277588496993,0.06880941602535083,10184.38926881348,7.399808014428481,0.0013295897272474087,64.78773890789734,0.041251652004502655,0.08403289467848045,0.9188316568277126,0.6662624467647579,23.416148051652858,35.14553186264236,40.607881008493905,45.69463863518345,37.36308338453881,45.967379738244816,13207.833333333334,32.292827271442846,0.5741675338301261,4706.158459409349,0.3563157060387913,13254.0
IMG-51E5F6AA41,R1,dual-habitat,1,1,extractable,none,,1.7780018687248231,2.8175529718399046,4444.959534527403,2.778110616939915,0.5639757513999939,2.764247423381607,3.4755420684814453,2.3156407766081206,0.3272941207189978,2.297783374786377,1.2306100130081177,2.2449320554733276,0.2305787586452944,2.351288292614143,0.06244327578330853,8889.919069054804,0.16745872626915176,0.16636442869407178,33.50926218720881,147.75448759935549,0.6716665750169752,7.398017214588804,3.1493814680151613,0.4016477882843273,1.3753316679946033,2.0801540583174196,1.232276859693866,0.5328557136238705,0.47871312390172815,0.9711185211302702,0.8871968466930613,-0.07442989983250473,0.564008833526109,0.4559818243960763,5.695937632593739,0.033549631878930876,5.276529649978414,0.4481409304691976,0.06474099176994952,11.391875265187478,3.4591752758010594,2.6368496706509914,5.879733800449957,87.46019900497512,0.10878134204598897,6.980891562090047,134.63681592039802,2.7794036657508476,36.56094527363184,32.6318407960199,1062.4191542288556,1.2924714757263693,0.04307768347573044,0.13631247764084195,5.7909453727691185,0.007393313595779085,110.45617299519995,0.16282677516442237,2.9284584028246394,37.08855186907676,1.6567419893915287,59.161627119198144,0.06964253196679024,0.04373889999543434,3.513408118601433,501.75296725765963,0.7359561260946685,0.8436662839647914,0.23798123463152648,0.8806244970217383,33.035899585313125,0.03899414984992844,12.481481481481481,0.11556927297668039,6.16898148148148,43.175925925925924,598.5370370370371,19468.15740740741,21.212524269395686,0.0623942527971408,34.092592592592595,0.3156721536351166,0.5812895066263545,26.247632971777012,0.03521798314243562,5.0723087917212455,0.13432835820895522,543.1172839506171,1.9638751318534604,0.009077084478089912,38.052166222115346,0.06089228299838144,0.2807525096358646,0.9771243041650233,0.6635296158948834,11.435647089564268,17.23456921231969,19.72308292331602,22.022715545545235,20.80865204668481,22.226110770892866,1554.7499999999989,16.840316449171812,0.5484835229038785,1183.2983240973717,0.761085913553544,1607.9999999999995
IMG-44D24E8682,R1,dual-habitat,1,1,extractable,none,,1.6959880471229554,2.8572906732559207,57382.17726115782,2.9558717460186803,0.6085683107376099,3.339628010989154,5.113162517547607,2.284859476119957,0.36530042001532104,2.285408854484558,0.6991836428642273,4.41397887468338,0.2530163669725078,2.331076639934004,0.03371263190222132,114764.35452231563,0.151911748880854,0.21333547563084046,59.85816906090205,294.6891220776218,-4.121149914953546,9.846328507400337,3.2439175580990423,0.5033628571652783,1.3568977724662679,2.1151026478356227,1.388114869630745,0.5425220832797181,0.49156568305082493,0.9913051235256329,0.9363314827478294,-0.08426955788799737,0.6080582711395635,0.45949707392966893,7.629357738657945,0.030241079000884682,5.552375480775198,0.52440441552269,0.06031393345231594,15.258715477315889,3.6896424900589793,3.2725615163748447,6.439191681501001,942.0774621212121,0.08921188088269054,10.39422689250459,1604.1880681818182,3.5456559917355372,62.59090909090909,45.72689393939394,2756.4948863636364,0.904822438108823,0.021763890056680762,0.1149262013156958,8.23307880972648,0.0030926396162026517,1244.1130531850129,0.14547557016544846,3.8196122618834525,63.11278171019838,1.850803702966501,114.40736256852782,0.039236311040812814,0.022113373687764705,3.8562366239966623,5908.0404458979165,0.6894304430444644,0.8098412004662005,0.3195057483440756,0.8563495578664937,54.41428003588062,0.019173981743358617,103.53187613843352,0.09429132617343672,8.81953692920727,74.94990892531877,8091.1985428051,449925.91621129325,159.65111002277914,0.028540463355248482,408.1876138433515,0.3717555681633439,0.6319436774448667,48.470520999669,0.019242080629399107,5.561933936580536,0.10397727272727272,7998.7024993281375,7.241337693652048,0.0007370154242693638,155.02765128709518,0.023424910204845495,0.11791181227451193,0.7540825319000948,0.5169803130428866,28.283167531926644,54.708403431177445,60.82762530298219,60.16643582596529,48.373546489791295,64.25729530566937,20952.08333333333,41.25465137559412,0.35164467508131264,10451.971600077584,0.49885118504894516,21119.999999999996
IMG-829951450E,R1,dual-habitat,1,1,extractable,none,,1.693541407585144,2.8208306789398194,39889.92374012459,2.877557159206073,0.5863514542579651,3.1399251891780944,4.554718017578125,2.2820448187073077,0.34896467961768024,2.3037943840026855,0.7183428406715393,3.8363751769065857,0.2442639744237961,2.3237936119771927,-0.07570440206120349,79779.84748024917,0.1587782157632283,0.1922881964771376,61.1044803795085,254.4432645653583,-7.01849168285015,9.24541845838186,2.8927690044110346,0.522805223265716,1.2896529936136387,2.047201681758084,1.217815770317807,0.5521064203300017,0.5035321999833665,0.9903225410331972,0.9327361386663048,-0.09237593826160967,0.6286142292178687,0.4673563204440606,7.714669846349419,0.03250516928094428,5.414988644847739,0.5563337476136477,0.07100086673474444,15.429339692698838,3.630923498456684,3.034546865698224,6.415224606625193,628.6052524705564,0.08509614897394834,10.808407211956935,1172.8946798429674,3.201547125740105,62.18153512928117,52.604710978746446,3228.135237579532,1.01900446632518,0.02111409400931225,0.09612871918699571,6.5639804700899935,0.002548314971908611,887.8480344119606,0.15218286542463116,3.440629399811382,62.44252405725831,1.9803971921397714,122.53855424866914,0.04072245458988498,0.0214674121222618,3.849383486845058,3866.540069966661,0.6615227046029529,0.7898074580083515,0.37087820876151717,0.8404522495164538,52.68301701002626,0.01828252031179933,60.03304347826087,0.10440529300567107,8.908927032136107,71.69043478260869,12428.565217391304,778065.7339130435,218.07527700396406,0.02945754631025763,244.00173913043477,0.4243508506616257,0.6771685883919722,49.076097623573695,0.020591537303784033,5.243565120980135,0.07783944767835387,12263.520925519848,5.775088387161274,0.0010682380262924643,109.37132995716426,0.02493565518508437,0.12155807093687017,0.7529133597232194,0.4962555058868849,19.782076611757326,39.86268439763447,45.34313619501853,39.395431207184416,38.418745424597084,47.549973711874955,14657.499999999995,30.013147637409322,0.561706831109736,5156.4129156881945,0.3517934788120891,14773.999999999998
IMG-1420B80C94,R1,dual-habitat,1,1,extractable,none,,1.2836908102035522,2.3753552436828613,55377.08572587656,2.85241745603736,0.5635286569595337,3.5001936447154876,4.524847507476807,1.8163807754998964,0.34092604266968696,1.7947630882263184,0.3164971172809601,4.208350390195847,0.234514430795889,1.8673517179427275,0.3628330540382792,110754.17145175312,0.1640297240795795,0.1877633168980508,47.473864416354495,259.94387651575073,7.603739913740492,9.088428835843674,2.740055343842575,0.53613688372959,1.2337487096095194,2.0134086081601477,1.2069100861276787,0.5651674946904346,0.5204406035778966,0.9918123097789799,0.9387635590778479,-0.09645625491239322,0.6368250039482484,0.4751305828851989,6.773961434571756,0.034981107538415164,5.362473516995744,0.5448272078062497,0.06921692916642828,13.547922869143516,3.6274216986902084,2.957121044921562,6.4958833221232215,1264.6549335684151,0.07963320531253794,12.217236017481746,2604.956048107802,3.1142242159579916,49.3312763679869,59.03123229015805,2714.1240476040552,1.5444708624167347,0.02776482646867921,0.09109962491557222,5.571699038888137,0.003086600780292183,1923.884364587038,0.15625001700732627,3.392965056340834,50.115427972630684,2.0877141033917654,100.61590858023115,0.05676740622988268,0.02815350085054504,3.8870248722776566,7943.50091517824,0.6438214093490957,0.7753047909209361,0.41661935197914857,0.8298490776569409,42.13164126098271,0.02362752334278029,121.88925081433224,0.09925834756867447,8.458744257233498,65.89983713355049,26755.779315960914,1184155.0830618893,664.7904006864462,0.03669275377342334,490.2312703583062,0.3992111322136044,0.6562577139105074,45.04947872276245,0.02472072819068732,5.445636048213607,0.07732510547194761,26588.532076600277,13.924509403670196,0.000507890611556994,110.29238398478022,0.023442325719015944,0.06649786112627386,0.6418677315207644,0.5690921599532801,30.350687346980184,53.33176150146197,52.81098370604357,62.96824596572466,52.478567053607705,64.8074069840786,31737.666666666668,34.23193677294983,0.4617045155150245,10499.533385686018,0.33082247337084275,31762.0
IMG-A531957523,R1,dual-habitat,1,1,extractable,none,,1.7284846305847168,2.8092050552368164,108462.08043472774,2.8573703947366407,0.5549678802490234,3.8450506302949035,5.117496013641357,2.261519895396275,0.3389617126969661,2.2468528747558594,0.693006694316864,4.424489319324493,0.23143313761557305,2.3029350564173483,0.35245460886137836,216924.16086945546,0.1648491974652817,0.1890376368027946,58.00674089085405,220.72586141767528,4.104012699190074,8.05698423103979,3.604684543344936,0.3805555698873932,1.4304528636283154,2.1797763015638725,1.5457060679982069,0.5307589641350736,0.4768607676851856,0.9903773575038811,0.9332502075640002,-0.04904134625923737,0.472715573007283,0.45165062390626787,7.542782422324067,0.0326541191144588,5.474910312299647,0.4312312991223624,0.06496773365935896,15.085564844648133,3.5427272396933662,2.9154171935961832,6.27813802930841,1854.5787981027822,0.09068401535879822,10.238427594461916,3371.330937362476,3.1405594992280585,60.730037650970615,44.26820204390983,2506.77140482128,0.8886301431876983,0.021137958094438213,0.12128206791061312,8.88692352665624,0.003019656651144863,2608.098804985049,0.15664513675985955,3.4276269359916887,61.51504994879464,1.8262418882467546,108.71185507460788,0.03801059565757777,0.021347578236901657,3.749814071366802,11617.823020984182,0.6967183221520118,0.8140959817650445,0.3127327586460763,0.860537574322011,53.485194195850426,0.01851760058620249,224.24049473202015,0.10272125274027492,9.106398524894296,78.0123683005039,23504.160787906552,1319205.433806688,443.82531582392926,0.02625395113314929,909.7237746220798,0.4167310007430507,0.6711326896508972,54.11440040679119,0.01831344635503089,5.398983702628119,0.10674294655518067,23416.395733575293,13.756183225978731,0.0003563227629357638,182.3708997219623,0.01919164063421914,0.06926699125485859,0.747950109736511,0.593533293093933,38.829718010431456,65.42129727554514,70.76722405181653,67.11929677819933,54.08326913195984,74.4983221287567,40718.58333333334,48.9318664763489,0.3350002292723877,17085.753119437977,0.4196057848960357,40901.99999999999
IMG-5B8FDFFA35,R1,dual-habitat,1,1,extractable,none,,1.420708131790161,2.3993433475494386,425062.522317818,2.7297291090611138,0.4913445711135864,4.1537882157300885,5.079455852508545,1.900207825837095,0.30753748822145655,1.8809833526611328,0.025766192004084587,5.05368966050446,0.20610475647653487,1.941680468443404,0.414417458902219,850125.0446356359,0.1829275530596515,0.15933326016205657,67.18559618765447,225.85387323351233,6.117925320193826,7.7607688276570315,2.395383880948779,0.5274244069706892,1.136480350083129,1.9322232228135339,1.092655647621213,0.5859499753905408,0.5466406400782132,0.9946940554092989,0.9506846054505128,-0.09712936619778766,0.6254894530504556,0.4840067057350975,8.114437316395437,0.04270000612031361,5.140731525916975,0.5361297369531364,0.09402647915055778,16.228874632790873,3.5081326421775763,2.5390381771514523,6.5215119388408915,8145.298053128742,0.07224531511932894,14.666832577071682,20624.166969710408,2.658897196384797,68.84930595591823,78.32711871923367,5129.209889573817,1.3260407891903636,0.01726586153129708,0.06131251121651702,4.954698235327588,0.00116734212769946,14121.84497358675,0.171211813997004,2.9717234810112583,69.79796096074257,2.456028646808053,165.80479447737665,0.04205683018762257,0.017364754325257668,3.938044082087543,48829.37562773249,0.5905761543437469,0.7315869371658986,0.5771295315259775,0.7964637397824822,56.22053328858321,0.013895434204036898,532.6152358855375,0.10298051737926092,9.143942238503595,88.40970610982212,397730.0001933488,25827806.43368136,6429.63027343029,0.020133975320290248,1923.1836813611756,0.37184525935057533,0.6319804367258877,56.3832622509418,0.01302872724744802,5.654771544913477,0.045873431194287995,397254.7989705934,56.32380961068066,7.320600146574455e-05,160.09476446334827,0.011289963646517813,0.018793249138407297,0.9536868048536452,0.8354806625002411,62.164523756551354,74.40570027140923,88.45903006477066,87.32124598286491,91.4166286842826,93.30058949438636,225395.66666666642,70.95973455473828,0.5579009834665397,32103.868835127087,0.14243338973594785,225489.99999999997
IMG-3731863B90,R1,dual-habitat,1,1,extractable,none,,1.4702385306358339,3.025276017189026,43967.93999886504,3.3238873923360215,0.838347315788269,3.0708790138841326,4.641514301300049,2.214227021033459,0.4858341779455365,2.1696187257766724,0.5099256038665771,4.131588697433472,0.3424497116476469,2.295794263802841,0.3743322065416528,87935.87999773005,0.11574576681440465,0.36787000103532,56.36752518510657,793.0312192056105,17.906967656147945,16.314911740491418,5.809817312943608,0.47280069911438366,1.8271456677842262,2.474463804584923,2.436146605767474,0.47789263609347976,0.4105022240997652,0.9812423062565224,0.9087661841340987,-0.07020808710904856,0.5861967692793948,0.4014492086048574,7.330747097452582,0.017814058321549,6.296817583448441,0.4899140060566699,0.03650761795140612,14.661494194905158,4.041420052419749,5.531182263358757,6.458573616325841,976.1335411172381,0.1170143300308365,6.637286912332823,965.5511867657636,6.0273459596265875,60.78770079117717,27.96835291297051,1453.4508511148406,0.7702328492630719,0.02911448591612114,0.16340620836861422,12.394173596857293,0.0057432794985411845,807.391673602318,0.112437247222861,6.32998047483029,61.89938960068507,1.5537936843985845,91.48988170751547,0.044625727896407986,0.029365119219728154,4.018203775438037,5469.21360479471,0.7603672660151587,0.8608247422680412,0.20017653179510936,0.8944778827832317,56.14084065233384,0.02644883556526809,106.13253012048193,0.07991907388590506,12.185480816337638,81.05798192771084,2396.5527108433735,123019.734186747,51.95419500357673,0.03733391052266437,481.93524096385545,0.36290304289446945,0.6255873865933042,52.63630425284511,0.024557227376828018,5.912904653079747,0.1591944377847039,2357.093879282189,7.557337219140643,0.000978567401689723,155.54174958849882,0.056366952445832334,0.10442857629931705,0.7250906061911258,0.5135796980348337,26.05868717795207,50.73932493372163,53.33854141237834,52.35456045083369,39.11521443121589,54.09251334519408,16490.916666666657,36.79060787392072,0.32451925817987914,9654.731074338302,0.5854575139448469,16683.999999999993
IMG-8F0C09D99C,R1,dual-habitat,1,1,extractable,none,,1.8911508798599244,3.098343658447266,10405.70064400331,3.0231389614878807,0.6169408559799194,3.859227648945171,4.753068923950195,2.5067370602329695,0.3812052666819159,2.5015201568603516,0.941230297088623,3.8118386268615723,0.2593664677911426,2.5542024678995237,0.2914714269910199,20811.401288006615,0.14780161358477215,0.240219557878588,54.83559984294728,330.8853688557758,6.007133849215458,9.460973338319024,5.766384534129301,0.24158459439185492,1.8540965609443292,2.4608450521919614,2.294013590902494,0.4694971975866981,0.39868307356233773,0.9812785005755663,0.9071790659090184,-0.0424849973324464,0.45258371783042706,0.3909070862602985,7.34221666030972,0.023987061825709977,5.855156016270221,0.33253577461168177,0.05126019286777406,14.68443332061944,3.6388268666027415,3.806839468112081,5.874512757327535,213.02382445141066,0.13355725670934837,5.538878745295349,235.7435736677116,4.000011792336947,61.59811912225705,21.224451410658308,1163.3047021943573,0.46573248096351383,0.023251760094707145,0.2280908855979933,17.14322457054465,0.005997561472719517,202.55905935617858,0.14329285126720187,4.2166036753212675,62.40163264751293,1.4308398978515746,86.20784738842342,0.03293236940232507,0.023392289149199726,3.6090075011638185,1132.131179056652,0.7999750236649614,0.8861345551000723,0.1544417478236127,0.9142274118341972,57.63813445718602,0.02148943517807946,41.733333333333334,0.107008547008547,7.611729125575279,76.8,250.23333333333332,13186.433333333332,5.080972822112186,0.02596118415804191,156.67179487179487,0.40172255095332016,0.6591041140712581,53.40419413945563,0.01842824785947557,5.263971449463213,0.2445141065830721,233.50733070348454,1.4639888396358993,0.004155500723588124,169.30213819545827,0.03918945263689541,0.4797858186136749,0.6725785173659352,0.510073239586878,17.600518061415222,34.50586444344807,36.76955262170046,33.241540277189316,30.67572330035593,40.64480286580314,3031.8333333333353,23.20790314780424,0.3749849536000992,2701.5136418627417,0.891049521806192,3189.999999999999
IMG-7F8152B0FE,R1,dual-habitat,1,1,extractable,none,,1.799136757850647,3.2471234798431396,42662.0432331862,3.260192232255247,0.7374051809310913,4.119470004852473,5.544590473175049,2.469276282019522,0.46060326146872854,2.398094415664673,0.8576064705848694,4.686984002590179,0.3084946536239198,2.5403130961971927,0.7352073488680809,85324.08646637239,0.12717131170367105,0.35586526976681265,53.71172360975309,846.4701426576726,29.97064356374333,14.67824796749728,6.389776959465315,0.3895731171593568,1.8925442930825354,2.5278935144875163,2.768681920043006,0.4732179057843879,0.4051933023973208,0.9849880451331707,0.9184619976469427,-0.05659928185477333,0.5267927456685008,0.3962840176556948,7.185675021386732,0.02072109295783456,6.200892021442477,0.42438758055613,0.04670868139388424,14.371350042773466,3.9379419948825904,5.267006231740651,6.181767453608007,864.287853577371,0.1307348137312617,6.0833703520905384,840.7295416729693,5.838713734650295,60.83088791408259,22.606716079261837,1067.6204810164877,0.6327147314085501,0.027383992920482967,0.21554443799155637,17.810912468795127,0.005860708377323848,715.73548523467,0.1227130354445997,6.139273757168569,62.369275495742954,1.4535065014882786,84.57659711938193,0.03992608619574471,0.027321688541911138,3.871212013167242,4644.5455707492965,0.79492262242677,0.8821195443491615,0.16387183473202713,0.9115453893983669,57.9431581731109,0.02485232761820725,142.4748743718593,0.08949426782151966,10.061055513118355,84.17022613065326,208.41645728643215,8697.195351758794,5.801153964157717,0.02741983170385215,556.6959798994975,0.34968340445948337,0.6131303894850741,56.31652074045597,0.016944940587718057,5.905773602606334,0.24081076992890638,191.172053341456,4.639995456394594,0.001178980279476871,243.06697800218708,0.040517931778190054,0.22302908435023577,0.8303481376217421,0.4495060250489095,29.32593243761038,65.24035453010781,66.2117814289874,63.56099432828281,51.62363799656122,67.23094525588644,12587.749999999984,54.1722068818572,0.23007461887199956,11374.024320295182,0.9035788222911321,13221.999999999996
IMG-A7BAC44F4F,R1,dual-habitat,1,1,extractable,none,,2.1089829444885253,3.065113115310669,20269.9006550091,2.7062964139177295,0.4914863109588623,4.487476619871836,4.78445291519165,2.5814901203809266,0.30222294462417393,2.5732550621032715,1.2353949546813965,3.549057960510254,0.204602975181269,2.6111291640344296,0.4477363940671282,40539.801310018185,0.18454338853470903,0.15390426964680923,46.44344327707598,124.035112304181,3.422468978882838,5.761332705326381,3.933691245187262,0.1878055356221467,1.4747406707288444,2.226773071827091,1.7445685233516353,0.5274177428362523,0.47247057437248363,0.9855485529701513,0.9204543775488351,-0.029717687151714436,0.3644354594032183,0.4436371310792096,6.781267085693657,0.038328368511517046,5.239010661979342,0.3030300205261897,0.0794807123153882,13.562534171387314,3.288604241242326,2.4237559876284105,5.790912261475544,324.74032963336697,0.10922984515081298,7.254559111383548,548.6474941136898,2.5984530128709684,49.87621930709721,29.642448705011773,1348.6989572822065,0.7294302166025038,0.02599775500445783,0.17700921056187488,10.706412204587888,0.005459176419624298,449.8328355088433,0.17662447273548493,2.803695252068415,50.506115720885155,1.5736473040122172,76.94915444736472,0.04032542713088169,0.026224523347844256,3.4269240006704837,1919.0962456951934,0.751921256866704,0.8564775285259644,0.20445695199030522,0.8900029364889244,45.42169484644906,0.02350139783047382,63.715328467153284,0.11626884756779797,6.370381346901807,61.34124087591241,618.8923357664233,27632.032846715327,14.62807206503184,0.031246937571823247,205.46350364963504,0.3749334008205019,0.6367547374430949,41.88160016869688,0.021444473777246214,5.325686037806758,0.1843255970400269,589.4597308061163,2.9737067481685604,0.0022257102466574463,129.41082131310796,0.023827048501694856,0.2590826004353581,0.6088658094917767,0.42398830425002304,22.6907079638255,53.51729690742823,53.225933528685054,50.358713248056674,31.24099870362661,53.81449618829484,5650.4166666666715,32.584852303353045,0.28826949463947565,5321.969981310753,0.941872130015913,5945.999999999998
IMG-A770337F54,R1,dual-habitat,1,1,extractable,none,,1.713999080657959,2.7858588695526123,33790.09115975932,2.7965426371706967,0.5528469383716583,3.110952311999613,4.003168106079102,2.2269925575698855,0.3309986183023526,2.1975257396698,0.9087982177734375,3.094369888305664,0.23111018513275833,2.2654254265520253,0.31832681464150214,67580.18231951863,0.16819125196174978,0.1726565117967662,41.92115056256411,160.2441351749001,4.206688108352166,7.416390780286819,3.1149359107429597,0.40528703027199176,1.323046729815591,2.090618768774327,1.3498017712521924,0.5494854202665174,0.5003124315568198,0.9849781083285762,0.9186114130498187,-0.061209259755109685,0.5107939698560847,0.46248926905753307,6.39105131120273,0.03543823347088097,5.301985978508626,0.42282036022235364,0.07702309437360945,12.782102622405459,3.477356706084591,2.632831672757445,6.183034195187609,617.960510328068,0.09385791469138335,9.509998095460256,1107.3712029161604,2.8690710127574635,44.52095990279465,41.80498177399757,1702.1360874848117,1.2237416537273145,0.030953451779927376,0.12435038045885166,6.691399680829985,0.004693000087201485,869.2259158102618,0.1610249631344846,3.086500009050284,45.18540597727134,1.784844739051959,77.57037381439842,0.05440032824812451,0.03129030692419364,3.6562501351804366,3798.451931989437,0.7016854992013652,0.8198897093186278,0.28924514611076446,0.8629444904846104,39.45890011599527,0.027247855082624,80.52702702702703,0.10882030679327977,7.343323593864135,57.37027027027027,5655.989189189189,222592.5810810811,154.2346188057984,0.040126214944053364,292.05135135135134,0.39466398831263694,0.6530012599042356,38.337944593913356,0.027690953780725266,5.298517043252215,0.11239368165249089,5576.827289992696,8.013784088326261,0.0011278559361905473,84.79184697369365,0.030872248522252555,0.08778946508829141,0.7297350361848929,0.6312322876765913,27.705533138403155,43.891185034878866,41.725292090050125,47.507894080878806,43.41658669218482,51.19570294468081,13007.416666666648,32.028935499625156,0.3224241275632355,8295.653923344307,0.6377633726920656,13167.999999999998
IMG-EDA063D47C,R1,dual-habitat,1,1,extractable,none,,1.5229380011558533,2.484416103363037,36276.287826522566,2.668595870386228,0.49669745564460754,3.946679899737651,4.476232528686523,1.9746489665870155,0.3018604614581243,1.9379938244819641,0.731833815574646,3.7443987131118774,0.20586278211566406,2.012136386476209,0.614126672413097,72552.57565304513,0.18779471261160713,0.14945429653836773,40.60145928686998,164.6779188754629,9.50720941009821,6.870587701121834,2.0715957867978596,0.5337098043328404,1.0377703937886134,1.843452050048379,0.9818599433446079,0.6091318523813771,0.575646271084643,0.9921975610857401,0.9420968598180429,-0.11129417190878915,0.644245548710249,0.49010073402498705,6.276827169342164,0.0499810434708796,4.894491984118233,0.5569959183832279,0.10691614608428354,12.553654338684323,3.3963723756514943,2.235545871979923,6.4272375542416285,615.0703125,0.068646240234375,16.485680355149874,1682.640625,2.4919571109693877,43.89888392857143,76.92589285714286,2887.327232142857,2.3614210745176454,0.029415585734741283,0.07737261977036766,4.623575722691089,0.002257467814447883,1161.5915264543141,0.17527602411997228,2.7787975420495887,45.56095280591815,2.403120791340169,99.56613154584946,0.07184532701664098,0.029166141148178164,3.8346764982305492,3998.197883822003,0.6007258249425562,0.7394488324175824,0.55384491865144,0.8025887321315552,37.63952853437675,0.023280407217333352,70.53565505804312,0.11697455233506321,6.928068337142371,65.5787728026534,20827.63184079602,778764.3582089553,599.9279196423648,0.031011208584056635,218.43946932006634,0.3622545096518513,0.623633215891622,42.526641733024825,0.018052565348097474,5.38992966151142,0.06729910714285714,20606.84082627218,7.539642152008697,0.0009434714471473143,94.4608424708947,0.01600868922494535,0.1297510429888122,0.6216952806647257,0.5652405251264101,28.598861995313314,50.59591576332479,51.62363799656123,52.69724850502159,40.718546143004666,56.92099788303083,17801.166666666668,31.45524205096902,0.43756372702409513,7534.858874787632,0.4232789353574746,17920.0
IMG-F2DB83A884,R1,dual-habitat,1,1,extractable,none,,1.6494673252105714,2.792043972015381,402996.1300392111,2.903968281323111,0.6127063632011414,2.974258342883185,4.632796764373779,2.2365977337612915,0.35739748044089514,2.248077154159546,0.585551381111145,4.047245383262634,0.2522109194383363,2.2805900441527007,-0.01537421659555859,805992.260078422,0.15501396711830517,0.19872152682227204,56.974723329183945,279.6058814067605,-3.9989418297489814,9.979479994450516,2.8335359484319187,0.5573535194161934,1.2740859405850542,2.0343349876921044,1.1969385610908305,0.5551062716955903,0.5075106723008879,0.9905151166861736,0.933485342119275,-0.10064110544648532,0.6522336954261747,0.4703251889592758,7.428846865993061,0.030759993517710263,5.476462046803756,0.5726763448906277,0.06132166646035071,14.857693731986128,3.6973999172602126,3.2032539857206093,6.533549420014777,6405.681000993766,0.08267208292133457,11.275369293570337,12010.947214227637,3.2931668436891406,59.370326394176786,58.94385865286579,3338.6413923054088,1.2775529598482533,0.02257211937498604,0.07863699582577803,5.442702246219737,0.0021213502733710005,8954.27722980333,0.14952407222913228,3.5208680592608728,60.030114930829015,2.1028156601420247,122.91894442578554,0.046724683786756635,0.02279155045004471,3.9389202175176377,38372.033068243145,0.6395088192797233,0.7729139592903257,0.42182596147752893,0.827260623294481,50.127090458193564,0.018997815094735596,477.79119017365525,0.10118407246371351,8.879252737687693,75.58407454468446,162268.37293519694,9293255.4030072,3140.359308610031,0.029693318503167053,1829.3091910207538,0.3874013534563223,0.646440292540584,49.05057437118795,0.019879761326095237,5.59000122535436,0.06094240026844598,161999.11972529927,54.0124067260812,0.00010856731683261767,120.0049659023699,0.021671613376892048,0.014501847265128274,0.9630967278721211,0.8938537544138974,59.84498357763941,66.95164984441998,79.98124780221923,83.54639429682169,78.51751396981439,87.11486669908874,155057.5833333334,64.48091489080088,0.40737356336455105,34262.571634285516,0.22096675891452477,154965.99999999997
IMG-D316ED2AE7,R1,dual-habitat,1,1,extractable,none,,1.6420342445373535,3.022386074066162,60800.65396661634,3.1333913147310333,0.7626253068447113,2.7085279980458297,4.816503524780273,2.323126717878866,0.4304189210458344,2.3075122833251953,0.8256734609603882,3.9908300638198853,0.31156588977465677,2.3824228361997135,0.1712421733294699,121601.30793323265,0.1286889522739708,0.27902082312325405,48.28349277522701,472.6464877478484,6.057847356227116,13.426801884010018,4.636323111097385,0.48637675130955993,1.6391531531227146,2.3350349330427584,1.9233904899473993,0.5000747140983735,0.437724276726898,0.9848037591825347,0.9168452128071386,-0.07325398390341945,0.5892152424486148,0.4217097320717433,6.788581571392617,0.020323170180906607,6.010858576648929,0.5003170683100815,0.0393433027785709,13.577163142785235,3.904558812890225,4.51578124877685,6.436654041178039,1156.8446601941748,0.10799520726233894,7.906364390846,1378.5160567587752,4.589019224773428,51.38984316654219,33.074682598954446,1490.046863330844,1.0641385284060434,0.03244668423344952,0.1429162550226024,8.311272590431999,0.0064089803187282,1145.6576342393996,0.1264983095546616,4.746604074283235,52.165312906350714,1.6389160185852818,81.88452211591887,0.05276218144801084,0.03269775783682498,3.880322098549067,6707.973520674709,0.73930381450016,0.8455075544321251,0.23529714293571682,0.8835092539932428,46.582865018820264,0.029113544471052334,133.1373092926491,0.09232823113221159,8.953913311955002,61.11997226074896,4248.1067961165045,186721.6477115118,112.11988395089368,0.047946528106718705,505.621359223301,0.35063894536983425,0.6146577460752433,37.54303231538897,0.03402239696027258,5.807069691813053,0.1346153846153846,4192.923122647117,9.591382713473301,0.0007497917750947442,152.52540607342513,0.0383365253445678,0.0928893202855572,0.6201500527805885,0.42129223101567276,25.30263940254986,60.05959175071653,58.591808301161,58.137767414994535,46.173585522460776,59.74110812497538,21201.58333333332,37.245958994187454,0.3083417448912793,12014.268372655763,0.5666684503589324,21423.999999999996
IMG-5B04889B9C,R1,dual-habitat,1,1,extractable,none,,1.5853369951248169,2.8780394077301032,85637.34049893502,3.137737415624329,0.6432495415210724,5.04950304401327,5.786267280578613,2.2222202461580207,0.4112596860580898,2.1888381242752075,0.3886481523513794,5.397619128227234,0.26840807756339696,2.288754816791392,0.7454865147855889,171274.68099787002,0.14066643482000762,0.3001357889511842,72.85242955920317,623.163914975861,17.886640660865844,12.140680610104775,5.709615427789547,0.3588569192922465,1.6871007776283766,2.4260908117069135,2.841400396504186,0.5106364881705603,0.45297579315801156,0.9898424021373619,0.9355723840685755,-0.05855342005507798,0.5335469272897749,0.42535549944168444,8.440631909209328,0.02565550410917655,5.964275779897283,0.42479605427706,0.05870705801884027,16.881263818418656,3.8171715759888376,4.462574009473581,6.515365683306955,1543.5501590408612,0.09441828719359317,10.522332562579889,2299.614876437485,4.930506599368075,76.00299730853926,38.95546855884512,2653.87772204551,0.6614423477686899,0.018006543311882974,0.1631826589843019,15.822196617010338,0.003333656306675784,1818.818650944756,0.13348579851075268,5.398357029726309,77.39244163774649,1.7188458474057622,126.8084450195389,0.030482348364343017,0.01817929624138569,3.9602623678120485,9909.44408449772,0.7261010752213688,0.8333741130413507,0.27410133071662374,0.8764443534363935,68.79639030971494,0.016055859480180144,214.99473089951073,0.08091634584099011,12.527542658282302,100.95972901768913,6751.712457659014,475547.0052691005,100.63966850701104,0.020900742774389577,1102.3127587504705,0.4148711926046182,0.6697193009314107,71.53254870247953,0.014399748840882848,5.763215300620397,0.16252752630291167,6713.855461652554,8.500488786394717,0.00046067387698037025,291.8852166152812,0.026870620946042905,0.12201030538980541,0.44443097813998206,0.3906290502376934,33.90510831006228,86.79617731817795,81.9084855189009,95.524865872714,41.61730409336962,96.46242791885346,32290.83333333337,38.57490998432915,0.2747762431841213,17846.694046395412,0.5526860784968508,32695.999999999993
IMG-999D48C03B,R1,single-H-low,1,1,extractable,none,,1.3053418278694153,2.147463750839233,40361.5690079194,2.498080507353362,0.44480717182159424,3.7072472053352223,3.651418447494507,1.719384425383179,0.2653102648499248,1.7064905166625977,0.48229750990867615,3.1691209375858307,0.18489585354217372,1.7518145139354073,0.35009827145405076,80723.1380158388,0.2079526195862267,0.11257128898450368,41.499983172920345,85.93628899645753,3.013059023843809,5.122533969952764,2.2111463122072266,0.396431987540504,1.096779786104186,1.8870159165845748,0.9998525419987045,0.5924109637766196,0.5551640788417441,0.989196449099382,0.9311992555468731,-0.06074582627192346,0.4930996787057615,0.4912978422740822,6.385293538622806,0.05073482944065866,4.79284636292443,0.4105631753849573,0.09744068872739337,12.770587077245612,3.2128729294059215,1.8334200705399968,6.193268829035336,984.1389902676399,0.07482808624297749,13.919227936986816,2734.9928527980537,1.9038424165364283,43.01307785888078,66.8683090024331,2705.0001520681267,1.8545191603505786,0.02845274747092034,0.08545048623567786,4.240759744746948,0.0029593873647756185,1961.6472746519503,0.1965980391665688,2.113364679500212,43.62155536193983,2.217478944759054,93.33295324128919,0.06243876020242966,0.02869641758974574,3.5985462462127256,6218.07285661882,0.6214574695739423,0.7585918491484185,0.469090323113069,0.8159656894772849,35.99030207828658,0.023602931102531925,117.82402528977872,0.12415598028427684,6.25094797807242,53.14963119072708,31576.49947312961,1286220.9989462593,830.7271589882578,0.03629040931841485,394.1485774499473,0.4153304293466252,0.6699892771215816,35.54977840948698,0.026154286126103196,5.1042945073266965,0.07215632603406326,31384.433170738208,14.719348045829154,0.0005522237052207103,73.87428457385593,0.01704039235622999,0.05054703651232422,0.6332360972643074,0.5642888028619372,31.28212676165477,55.436376910190916,56.08029957123981,59.665735560705194,46.09772228646444,61.48170459575759,26188.25,35.10431496108246,0.42589533374294025,10013.492144191887,0.38236583751078773,26304.0
IMG-B02B210E10,R1,dual-habitat,1,1,extractable,none,,1.8377755284309387,3.0259565114974976,20884.622930340745,2.9266731970365414,0.6254833340644836,2.85878791053496,4.1469950675964355,2.426775071054471,0.36525336534078906,2.427531123161316,1.156419038772583,2.9905760288238525,0.2589573275540543,2.4689917567509,0.165800952838972,41769.24586068148,0.15118326972510956,0.20668304941246446,38.64807041458239,221.3239980652236,1.3830534203479918,8.972506313511836,4.3280291757974725,0.34853718845734494,1.5841732822205388,2.285054454999968,1.791085696827326,0.5062884381127953,0.44538408242432526,0.9764658229503882,0.8984153462044756,-0.050969293185763126,0.48512451873601253,0.42875533567116536,6.122533297471569,0.026250000651036418,5.664087186478015,0.38079488440166226,0.05023090216131255,12.245066594943141,3.6150989092771653,3.325133872327328,6.000497581253647,413.4232340922358,0.12067228082085109,6.115186944791197,517.9538820782253,3.415374140062139,42.527145359019265,25.561587857559836,961.6444833625219,0.904128402094546,0.03679360056897362,0.18103795993454222,9.317394954917598,0.007760978211512631,439.57904931249465,0.14766533673695095,3.5632977751811215,43.14337522013143,1.5145933366282025,62.87409562806749,0.055179435850557186,0.03702517555259272,3.5812874305226683,2301.3265760445715,0.7708024523072514,0.8688535632493603,0.18245544391609508,0.8993866945984645,39.24691946757759,0.0334775611305037,74.82370820668693,0.11371384225940263,6.093125525447843,53.32218844984803,504.3951367781155,18668.35866261398,15.766530233583133,0.043617106276124064,223.8693009118541,0.34022690108184517,0.604943280292496,33.755741273948786,0.02832426721040203,5.4792006242210896,0.19206071220081727,477.2855479901332,5.30221662997448,0.0020968925432220684,79.2966266437944,0.049299084643616084,0.12113976278007443,0.7524904744101769,0.5021079276197298,25.708702976770134,51.201547640651,52.15361924162119,51.61395160225576,39.962482405376164,52.933921071464184,6525.250000000005,38.528676874648745,0.288578987768829,5851.728780504796,0.8967823118661802,6851.999999999999
IMG-DC114FA4AE,R1,dual-habitat,1,1,extractable,none,,1.6226304054260254,3.376018238067627,365.08897948006216,3.3700984159768135,1.0286702513694763,2.4784472581651342,3.932039499282837,2.4887916597453033,0.5476574450879057,2.4082443714141846,0.909505307674408,3.022534191608429,0.3959765349161696,2.576428039959983,-0.050369594077113465,730.1779589601243,0.10942148760330575,0.443897519474259,54.631794433361826,342.35833215479937,-2.189982626408347,9.998117009518497,20.705908615939965,-0.21664580327784166,3.7984484341851115,1.3423786891609437,1.9473066202049474,0.29789496133148174,0.19915991508407752,0.9017977632529331,0.7908736306807256,-0.772422246223535,0.9580394608847798,0.23601700358958907,7.546458313542953,0.24920968477711317,2.9194704528195263,0.9248594744096419,0.26064801621227957,15.092916627085906,1.7138872633475701,7.676006406364615,4.339828576885665,23.654545454545456,0.4300826446280992,0.7451239669421488,6.0181818181818185,7.338842975206612,62.90909090909091,3.3636363636363638,201.0909090909091,0.09954618679318977,0.04648598194490939,0.6729797979797979,43.718434343434346,0.0386705802896317,5.803131770190595,0.10823899355095185,7.438070828877977,63.029016865487456,1.0873642533936652,68.11888111888112,0.049144366012291635,0.0471439334330298,3.4789804498918646,51.12446706887883,0.9514260337209101,0.9742424242424241,0.028886983139545023,0.9800107885034358,61.84729154287978,0.046681618183150086,4.121951219512195,0.10053539559785842,8.444973230220107,64.8780487804878,2.4146341463414633,142.2439024390244,0.08899932239766185,0.05408431441704571,27.146341463414632,0.6621058893515764,0.8377371273712737,55.05724932249322,0.05019385952935255,4.076348955520984,0.7454545454545455,0.6151100535395597,0.12772920706744234,0.09742046631086407,126.94457842616457,0.19571673505557802,4.896337546931182,0.1999612754364749,0.17234109526711539,11.355667800754084,65.89065587144886,30.066592756745816,40.24922359499622,22.20360331117452,40.36087214122113,77.66666666666667,13.175579587400767,0.4841666269462325,181.8217016557909,2.341051952649668,110.0
IMG-1559B21C16,R1,dual-habitat,1,1,extractable,none,,2.226228713989258,3.171803951263428,376.4250034032156,2.541133589368755,0.388533353805542,3.147092294824448,3.5688953399658203,2.6391747267741077,0.28715512590418507,2.593689441680908,1.953345537185669,1.6155498027801514,0.18308987722447911,2.6650250570637515,0.6590640334113818,752.8500068064311,0.20256318974724097,0.13711531633446683,17.688505938505937,72.94510113059302,7.775146930579216,4.388655474967241,3.9648069878839105,0.027510127182828335,1.4600950331719562,1.8997856997493099,1.7462462550683946,0.536501340539802,0.4871360666000415,0.9488671564812249,0.8611292867075547,-0.42782456711279454,0.9096659582856487,0.4626682883067957,4.183484464253695,0.10071110886899264,3.6473497220165245,0.8122742304107737,0.18477089150166076,8.36696892850739,2.343131600175073,2.088365615712788,4.204730719597144,10.69811320754717,0.20185119259522963,2.5681737273050906,10.735849056603774,2.4093983624065505,19.0188679245283,10.471698113207546,152.8679245283019,0.9065734768750268,0.10344978714756342,0.38208595387840666,9.298259958071279,0.04933938940705562,9.69063697697797,0.19643052762047042,2.5307976750989427,19.35874873214428,1.2430992325970251,22.90153497367098,0.1261711313180734,0.10480486283556602,2.852909171587261,43.05253255379499,0.8689173698711158,0.9303338171262701,0.07860776834448445,0.9448047187068662,18.54525538226369,0.10019768084648742,3.8,0.152,3.7664,23.48,8.36,120.88,0.8239357709750567,0.1171468820861678,10.92,0.4368,0.6790382716049382,17.561155555555555,0.09145175177066711,3.8136606896881813,0.4716981132075472,3.8656,0.3258808587635834,0.11421076176369359,26.688119588911984,0.09708934269755809,2.0975788249727234,0.6315364180444509,0.3407390713555333,7.381891045335537,21.664351598919335,24.083189157584588,8.94427190999916,13.601470508735444,24.269322199023193,77.66666666666657,13.68182700803709,0.498161335986134,176.71383472995734,2.275285425707608,105.99999999999999
IMG-0BBC1DBA30,R1,dual-habitat,1,1,extractable,none,,1.2960874319076539,2.6302560329437257,23753.318828563584,3.097460182884589,0.6687362790107727,3.1955208361617573,4.2278547286987305,1.9234410361045386,0.4081843884186594,1.8817945718765259,0.4454708397388458,3.7823838889598846,0.2799838719558849,1.9918540819821786,0.34992306441139515,47506.63765712717,0.13843414810369856,0.26785726453816555,52.7086641870542,533.4830257917314,9.699528121546383,13.126867321119478,2.7074130226119926,0.6562008559227839,1.2048558812998,2.000820820127357,1.2452266576673572,0.5738893060624041,0.5317945321377368,0.9898865736824891,0.9336335281446018,-0.15581176972802763,0.7744181402384475,0.478995393798618,7.078147709668635,0.031046396116218164,5.573440206995839,0.6842824315691949,0.06925542577231461,14.156295419337265,3.8805701341951484,3.9585700859328687,6.714419259666675,484.12677467847004,0.08086299894412394,12.818029956281032,828.8052446968431,4.402527228347797,56.75513612827793,53.28394855520294,2613.2121262735927,1.4557635625288246,0.026472564166978955,0.1136739544969938,8.172107333206776,0.0031023423377080452,628.3537711833071,0.1322012637647148,4.70836166981039,58.295335316522326,1.9636722296430793,106.74609881542113,0.0524344304359236,0.026305935277171663,4.046586138074893,3193.221863937363,0.6697951619256765,0.7937968161786434,0.3668480797383248,0.8447437866616827,50.26791961954119,0.02210675213968062,60.05977382875606,0.0970270982693959,8.705082197822847,77.76413570274636,4639.533117932148,224380.05654281098,109.38766922348648,0.027061916464016615,241.80775444264944,0.39064257583626727,0.6498524980181567,50.86478401080772,0.018859845244506238,5.471002272813722,0.10339067980624687,4545.984533916552,4.855610338087803,0.0015241007899041174,101.42318902792627,0.03350750979468276,0.1594810807471917,0.4840194576889001,0.4266176048688277,23.602327032428686,55.324315647230975,54.405882034941776,50.48762224545735,36.05551275463989,58.71967302361279,11782.333333333334,26.778045256582267,0.3726698246962714,6719.146323248188,0.570272978463365,11974.0
IMG-16345F7C92,R1,dual-habitat,1,1,extractable,none,,1.4885458469390869,2.6371598720550535,26184.670221160006,2.899947430350875,0.6325885057449341,3.468067447722417,4.1303935050964355,2.01556627752343,0.3686792729730253,1.9473981857299805,0.7222995758056641,3.4080939292907715,0.25966905262083645,2.067618968614155,0.6011089698002972,52369.340442320005,0.15848455143690127,0.21254078028340598,43.28087954840362,285.7153837875619,15.853818087670957,9.510306415713991,2.7176527633816008,0.5513650313586578,1.1972180306125215,2.007392930783626,1.2739072784161074,0.5781953484318711,0.5367883967088137,0.9885259291528242,0.9302722063271668,-0.11104695826482927,0.6679980753116485,0.47498848964208207,6.4480550057935595,0.03828313334937771,5.292398742904323,0.5783091469645915,0.08403551581523992,12.896110011587115,3.6111498440052308,3.056989794773898,6.45952276606752,482.08897959183673,0.07870840483132029,13.738988381507705,970.7178775510204,3.4896326530612245,47.049632653061224,56.565061224489796,2199.0871836734696,1.7479375429796358,0.030003310228566976,0.10973383963254389,7.033876106703208,0.0037365912082593968,717.2139314003563,0.1488024272528141,3.81271218008375,48.72669586313418,2.015863983202854,89.55925830738903,0.06093915316082581,0.02992480239585901,3.887193001398498,3196.231797980224,0.6613871857125349,0.7867629513343798,0.391166942746908,0.8399697923415068,42.04507598235984,0.025116752725333938,60.185550082101805,0.09882684742545453,8.784478040126078,69.69622331691298,6785.916256157636,247212.59934318555,208.45635134713436,0.03531686284549629,244.8686371100164,0.40208314796390215,0.6586338098091323,46.94382708169594,0.024981801888199387,5.373919718854892,0.09942857142857142,6684.763527924051,6.143123866978889,0.0013814910646112466,89.29036192632229,0.029909271028355836,0.13125335456953008,0.4696151764114359,0.4267278689203567,25.570546302884004,59.922372465568735,56.61271941887264,55.362442142665635,36.87817782917155,58.41232746604093,12116.083333333323,28.14045551640983,0.367395643740004,6943.710777420403,0.5730986314956353,12249.999999999998
IMG-7350051976,R1,dual-habitat,1,1,extractable,none,,1.4404074668884277,2.643781280517578,59613.75050399352,2.954096343434012,0.6460822820663452,3.04443579446919,3.979499340057373,2.0151001851434556,0.37640624089403374,1.9727885723114014,0.6070514917373657,3.3724478483200073,0.2653055852123432,2.0690720823968247,0.4221408634080687,119227.50100798703,0.1496525178163346,0.22043052598874532,45.915835455202576,323.7827187766451,12.76960565380702,10.34789482709397,3.7195858799245296,0.47033495245044327,1.4652796448187024,2.1984369018717627,1.5500682500248106,0.5245886284848162,0.4688207939623592,0.9821566880770622,0.9108269159533665,-0.06923167641823041,0.5562570779609206,0.4454609495410204,6.652701438529663,0.027302547061523446,5.657196858574616,0.4736208482265119,0.056994906530366866,13.305402877059326,3.7076862958641437,3.516870176754624,6.3536411245870195,1348.1389587073609,0.09681428787844602,8.648120929962706,2083.91131059246,3.6416779348200965,47.18082585278277,43.2749012567325,1863.6017953321364,1.2637623138152687,0.03090920978004831,0.09773168135753729,5.27554636479053,0.003931203619471799,1629.76103765532,0.14411950878878887,3.8754933544996533,47.85455272993455,1.8243431850970597,84.09759537089909,0.05536109285476883,0.03128623505635689,3.842859814716971,7802.733253797961,0.6887271013769634,0.8121364452423698,0.30279021844100684,0.8560826807805827,41.42416156475774,0.027055408570382196,107.92947558770344,0.09758542096537381,9.500639287921546,58.72875226039783,19889.22513562387,803434.8616636528,549.7747103949756,0.04607276022525142,386.2875226039783,0.3492653911428375,0.6122665578156604,35.31881191884604,0.02995508786406443,5.685221006134514,0.07942549371633752,19730.706562756495,16.742165502131947,0.0005808275760850965,83.51919075775189,0.03977185126899584,0.04189019853602643,0.7360844513439477,0.548916198330079,29.23105127208882,53.25230219296854,57.723478758647246,60.92618484691127,43.01162633521314,61.220911460055866,27788.33333333333,39.19819164251335,0.41965763455408867,10572.166544252654,0.3804534232922445,27849.999999999996
IMG-C3D88A4552,R1,dual-habitat,1,1,extractable,none,,1.2224429965019226,2.497310757637024,74889.14249529879,2.999284949677928,0.6831816732883453,2.674108853499533,3.535367012023926,1.8270226843161816,0.3933479047595229,1.7898913621902466,0.3637193739414215,3.1716476380825043,0.28261833159861394,1.890045909529883,0.3163267717646959,149778.28499059755,0.14184705877341777,0.2342616511247371,48.848678399312455,442.12578709747334,14.435952008212555,13.08036428966537,2.1456192181466247,0.7179370865908059,1.0805837285367514,1.871759584003099,0.9686925346045656,0.5959412818112676,0.5595593997043006,0.989488840410383,0.9321065911964043,-0.18257614572373387,0.8099069429364393,0.4922280621668929,6.790768781415564,0.03157853605971949,5.430004294381558,0.72643072953517,0.0636063625599049,13.581537562831128,3.8667694042760816,3.8064958769529986,6.823781556908967,1534.2290593398207,0.07318398489504964,14.423289353559138,2973.68174012593,3.8667221305885913,50.68445907269605,69.34182407937416,3202.7622114100363,2.0175730537472947,0.028576090157399224,0.08000849201921104,4.786586185136758,0.0025755698169096708,2183.185394292333,0.13822138084128482,4.051293554025788,51.703362084274254,2.2748203288260767,111.52355626088253,0.06539990499869984,0.0285541087481716,4.09104475287913,9790.88586398686,0.6179614341948884,0.7534344590726961,0.5012593187801149,0.8137837744943108,42.7009190460701,0.023267354301218957,139.689111747851,0.10006383363026576,7.668337595750446,63.90759312320917,33566.11031518625,1482271.9061604585,900.7569838918682,0.03429823942834094,545.204871060172,0.39054790190556726,0.6494038585399513,41.82397306962126,0.023057366395466725,5.466357168575901,0.0665903453539401,33340.59426030985,20.91503514428551,0.00046155145094621715,67.24294472932736,0.03404932388866042,0.034250936789656065,0.63092827507188,0.5028729125944431,34.71167811946645,69.02674065377771,64.35060217278468,72.47068372797375,54.56189146281495,75.05997601918081,41719.75,43.550922414521985,0.3673161850461429,15836.961378766184,0.3796034582845339,41927.99999999999
IMG-4950E13031,R1,dual-habitat,1,1,extractable,none,,1.4623596906661989,2.455608940124512,46814.981336875484,2.7260030331153176,0.5108064413070679,3.737256236573701,4.364410400390625,1.9589217415622673,0.31023193619820566,1.9465794563293457,0.7438960671424866,3.6205143332481384,0.21154917652536734,1.9988684461522435,0.40011989498547595,93629.96267375095,0.17980785645577743,0.1581006754577385,41.223112527009036,184.17174290567905,5.484833595279055,7.381513871311913,2.5385305891754486,0.48778035787937135,1.1888477844036602,1.9703060624942983,1.115112767323511,0.5730722456384438,0.5307103952708139,0.9904331009258451,0.9341870520144633,-0.08209425783552002,0.5845639248584695,0.4821293822592656,6.325486473548531,0.04061247519935361,5.147895589278942,0.498472257346382,0.0811639822180035,12.650972947097058,3.4750020101520747,2.4800111151218402,6.345448290575736,908.8468891354443,0.07756651780621697,12.76337949463336,2106.8086540923446,2.6339031348888544,43.26269522915422,62.00503541862251,2480.7414013826065,1.823601870705212,0.030955919368923335,0.08755662686693824,4.898158744546127,0.0031071013702040477,1525.59825382318,0.1694050849515219,2.9232578771328406,44.10859984977101,2.1401632978552136,90.14312378546582,0.06504543556806001,0.03129704722456751,3.790266084646743,5734.293826652283,0.6353864391991669,0.7685676958528371,0.4396089418858088,0.8246709017673857,36.98995091176127,0.026017411813407283,93.07251461988304,0.10885674224547724,7.643519715468007,61.954385964912284,24521.912280701756,978971.7742690059,676.9958888481183,0.03719986959416396,347.3883040935672,0.40630211005095584,0.6625255946559429,41.83389583488335,0.02550000226597142,5.304085064275757,0.07297089698728343,24334.110100201768,11.878713399744438,0.0006669603162584,91.272059811426,0.021553237683097623,0.07497746420042063,0.6938786652034497,0.5464919233606791,26.426194219405787,48.356056310762284,50.92150822589606,54.589376255824725,48.05205510693585,57.105166141076936,23434.0,33.55323580741459,0.5051141766429432,7840.170677160277,0.33456391043613026,23433.999999999996
IMG-7EDF670349,R1,dual-habitat,1,1,extractable,none,,2.0516533851623535,2.939087152481079,15377.787724674672,2.5916079579114184,0.4664607048034668,3.1672275548011255,3.8722193241119385,2.4950699098146636,0.2818650625379726,2.500586986541748,1.2694109678268433,2.602808356285095,0.19519205268010317,2.520284311954368,0.005272211918644086,30755.575449349337,0.19614156797169752,0.12645915822074794,30.917329101754017,87.7053892821038,-0.5514052496014202,5.391387957890889,2.50340547307282,0.3631813575033801,1.1803896973568417,1.9594996017545574,1.0958475148211653,0.5752789811749005,0.5335181868468303,0.9806814346261473,0.9094073932994038,-0.06044372113703429,0.49202475344846425,0.4826394899260702,5.495001344115099,0.046745367260482,4.91531248527206,0.395723861525479,0.0929122468197329,10.9900026882302,3.24954749482726,1.973698357740927,6.06346319040626,208.03345724907064,0.08592873079267684,11.652743506025429,474.85873605947955,2.139049733665618,32.751342420487404,48.94795539033457,1493.8426270136308,1.9187306466636356,0.044651998077822296,0.11624861754031612,4.449333131506281,0.006702250855663733,361.5430416768643,0.18583483367996662,2.340016370818122,33.20639659408219,1.9073893956665546,61.103482375228296,0.08215984342459944,0.04570577101370705,3.509891161732639,1337.1828876582558,0.6842864535490774,0.8035776697486734,0.3453722343440866,0.852495458111404,28.61310289589628,0.03970116172225672,34.9644128113879,0.12442851534301744,5.410088524714733,39.09964412811388,2785.4199288256227,87936.6797153025,97.51532043692522,0.06331142065230856,94.7508896797153,0.3371917782196274,0.6005944027037257,24.477431559988617,0.037855967635243404,5.149520983558036,0.1160677406030566,2711.1903597978744,4.548062453401446,0.00305289274139805,44.28764959073584,0.034033238577065965,0.12832345906925174,0.8538108689860259,0.6408863408594517,18.28181178506654,28.525825282139685,36.235341863986875,34.48187929913333,29.681644159311656,37.749172176353746,4725.25,24.35565967268723,0.42374670215291693,3213.618511327338,0.6800949180101239,4841.999999999999
IMG-9F88F07485,R1,dual-habitat,1,1,extractable,none,,1.549909496307373,2.4803873538970946,49443.331635267605,2.6522973310231737,0.4796752631664276,4.354723879798741,4.602287769317627,2.0208063378038568,0.29205612433577605,2.0128785371780396,0.6570261716842651,3.945261597633362,0.19903565870645717,2.0557056649219274,0.4225761104232614,98886.66327053521,0.19038616407334355,0.14226752588386699,46.61372931749748,158.61329279903677,5.078426817412498,6.524659316385481,2.1330388479902402,0.504339519783631,1.0570773786857512,1.8680444949732726,1.0043345574917295,0.605300144784804,0.570475894004992,0.9928505796612624,0.9442159819082517,-0.09899699440645181,0.6145473450474868,0.4857043522723832,6.746339003795153,0.04914917406860465,4.907332366108995,0.5253686176688137,0.10085537795328747,13.492678007590307,3.37913800849334,2.164424541093931,6.420528810184222,823.4205128205128,0.07037782160859084,16.930870742932285,2227.5181196581198,2.394448644897363,46.29923076923077,73.6974358974359,3396.9141025641024,1.7953309121858052,0.027735836269805567,0.07990130160581574,4.032991870358267,0.003235764823768912,1556.9263266012495,0.17773750223159487,2.7167294620062554,46.40307587614737,2.334143051268874,107.58768896201413,0.06187155586408112,0.028646109382693536,3.7911221064474785,5421.575291302204,0.6162191827480469,0.7486785009861934,0.5332882298977026,0.8123428021828659,37.747361931455785,0.023904237164671424,96.08180708180709,0.11731600376289021,8.604420948743291,52.788766788766786,22162.495726495727,993004.7802197802,524.5967944604729,0.04464320204380383,276.8656898656899,0.3380533453793527,0.5995441513347853,32.671815148636064,0.02961661398078341,5.532351864360441,0.07,21958.414093842664,8.803779911785306,0.0007036988116123971,111.09486508393832,0.013670822251592218,0.11987316603809238,0.5120398291119777,0.41133405582289573,29.772193826432424,72.37959854034348,64.25729530566937,69.46221994724903,41.617304093369626,71.56116265125938,23270.916666666668,37.06123726779102,0.3778253955589063,10432.826205006788,0.4483203800884561,23400.0
IMG-6D0390E7BE,R1,dual-habitat,1,1,extractable,none,,1.3600477576255798,2.3535680770874023,15186.854730086387,2.6976501776695754,0.5354800224304199,3.008503083987479,3.3962366580963135,1.8694443632591475,0.31275758115004415,1.8755720257759094,0.6967475414276123,2.699489116668701,0.2222488314120492,1.9093005011692987,0.10190220955290635,30373.709460172766,0.1786056292290492,0.150606176443936,38.176446457349726,151.2625516331762,-0.2706508473653087,7.415966470508331,1.9486817812193786,0.5823947525663562,1.0225333841697877,1.8144961609818853,0.8945046783171695,0.6090017603577863,0.5758835240852292,0.9871374903535819,0.9260753716988013,-0.13132346540356782,0.6990250278613173,0.49612870685377136,6.067020695693372,0.045202600715138534,4.956549407935865,0.6094593494681517,0.09273253297732979,12.134041391386745,3.4770771537471843,2.341162062931927,6.395934450786103,310.49207873259724,0.07453002369961527,14.343104882378876,744.071051368219,2.4948476441780367,38.621699471915505,66.90734517522803,2585.658665386462,2.093390263320988,0.03645880476518378,0.08176606627573749,3.350495391206979,0.004323566857747533,535.8876990629171,0.16934083039340336,2.7352448078485967,38.72121357148721,2.2145186888101596,85.25506401925466,0.07693885957636884,0.03765506402331325,3.780509730539994,1983.356277180719,0.6241757437297508,0.7596107684921894,0.46656234129944235,0.8172243865452627,31.716499345514897,0.03158972700906584,34.20401337792642,0.11439469357166027,6.465453406561448,44.0066889632107,7864.280936454849,297320.28762541804,231.6236178065605,0.05736538380842447,102.48494983277592,0.3427590295410566,0.6049949756675115,25.54606525809774,0.03916581982377852,5.274151085125715,0.07177148343734997,7670.149371930964,5.589841535137651,0.002089985638992457,45.92840801272922,0.02830749265490038,0.11270932191559235,0.7836504891275571,0.4687544168394595,18.284029412220338,39.005561879286375,43.08131845707603,38.99999999999999,37.57658845611187,44.46346815083142,8259.333333333332,30.56672764539796,0.4443778124089315,4446.603652693037,0.5383731922705267,8331.999999999998
IMG-4BA22B0636,R1,dual-habitat,1,1,extractable,none,,1.7401252031326293,2.642536973953247,125116.11661035461,2.578033432963565,0.4713860750198364,3.0876857136488165,3.86494779586792,2.1927290884717325,0.28025535884992514,2.1965994834899902,0.6092974543571472,3.2556503415107727,0.19552017752039458,2.2208645591675644,0.027943523919718063,250232.23322070917,0.19634768497187974,0.12417853473646473,55.053288585607625,110.27227098075608,0.2934386342179194,6.131687678399839,1.6974024178801697,0.5653527407693768,0.9524514625098008,1.7431801329581649,0.7824827847915391,0.6251466921861645,0.5954913457400017,0.9916042441054275,0.9394539657386549,-0.1194657679489411,0.6625467903773411,0.4964444299010153,7.344703410361129,0.052408516196339634,4.75827168718245,0.5730474630389242,0.10306235606406523,14.689406820722256,3.352140316720331,1.957272524070003,6.523231419596892,1647.5750778570584,0.06494954381113488,18.50530216112104,4980.751724681673,2.090470708930885,55.598770055584026,88.38889107896085,4860.706823826231,1.7778972048783954,0.021496386933004534,0.06600835377228857,3.8061793642196875,0.001806381340175828,3348.7367699896545,0.18412394793521553,2.3418984472799385,55.778349469830545,2.616774081046655,144.62952708015268,0.05478548410054133,0.02192989481872149,3.8327326685743177,10527.655965141825,0.5766306432487021,0.7169369047005346,0.6541912073522376,0.7870031332854996,43.98790836915911,0.017556251694005983,157.69955817378496,0.11612633149763253,6.4637765404812155,58.92488954344624,73316.57805596465,4100175.795287187,1375.4994096485048,0.030188585930442567,511.8659793814433,0.3769263471144649,0.6379428022734691,37.72897257516209,0.01993184171800484,5.372924917548761,0.05353411913115465,72967.64776071976,21.145612605318256,0.0003422308723333468,61.498532620238585,0.015966078500109004,0.02918193365599714,0.8467420577517689,0.766199019294718,45.90823773787938,59.91685786825682,67.67569726275451,71.02816342831903,58.13776741499453,74.00675644831354,50544.50000000014,50.73412352538805,0.3659627635680595,18064.661544634815,0.3574011325591264,50733.999999999985
IMG-967D2C803A,R1,dual-habitat,1,1,extractable,none,,1.918972635269165,2.8068986892700196,78556.22805796038,2.5896210489187084,0.45806753635406494,3.78000181208382,4.419349670410156,2.363449668237372,0.2795186199740304,2.3555381298065186,0.9350148439407349,3.4843348264694214,0.1904242067426598,2.390486771867031,0.24902964152081464,157112.45611592074,0.19899036516608484,0.12853267217991649,49.12101957273913,105.16246871178284,1.205130870290408,5.576738397423503,2.2602793315390297,0.4217493418005361,1.1176300017783694,1.9025609157525376,1.0017622979539402,0.5872334352051717,0.5482714031896212,0.9903149279061996,0.9340850551385309,-0.0655559474956512,0.5128701509348469,0.4871865391034771,6.949227384229256,0.04916791375622271,4.880388780746741,0.4317631221299167,0.10604455927404774,13.898454768458512,3.2794636402647095,1.9592544322406331,6.250330264858194,1025.5956208627338,0.07460504989181158,14.357255047013998,2735.520549938168,2.1573887320536635,51.23074125263694,65.25110933294538,3158.990979850149,1.4863016780716372,0.02383182270284568,0.08607258870330214,5.326466177003003,0.0023161227398730755,1949.6388060233696,0.18559961102240027,2.4246461810889066,51.94309801949213,2.1790416911398625,109.47069236166332,0.05108534199640523,0.024091008322023245,3.6754290471290387,6639.792688469146,0.630463617651066,0.7640771972626195,0.456394570487307,0.8216031411471216,43.17498835034136,0.019966835782778837,121.08712871287129,0.1198882462503676,7.080177433584945,66.09603960396039,30694.103960396038,1507898.3396039603,656.9615211187997,0.028721138713716884,366.9683168316832,0.36333496716008234,0.625999133090785,43.33143903114609,0.01781896591934803,5.403993447228465,0.07347057539826872,30508.847604156457,12.176436651594525,0.0005623191103985152,84.20485505046855,0.016775694117458908,0.05830414501105226,0.8709916001940518,0.837645158964518,37.49575372947724,44.763290670513534,52.810983706043565,52.801515129776334,45.88027898781784,53.78661543544081,27370.499999999927,38.988450171062055,0.38237537707286645,11486.367141522287,0.41966230582277697,27493.999999999993
IMG-B6580644D8,R1,dual-habitat,1,1,extractable,none,,1.7692443609237671,2.642866039276123,17700.754910461255,2.550512245953904,0.45258915424346924,3.4740165699634202,3.9187941551208496,2.204069352217029,0.2738492446205598,2.2053444385528564,0.8183369636535645,3.100457191467285,0.18850560126760915,2.231393131058193,0.07749185720012028,35401.5098209225,0.20156274417877795,0.12119359595129138,41.34933554698435,90.47188030036088,-1.10149847433396,5.339608986950575,2.105839635228348,0.4334682524087786,1.084257394768171,1.8551890696964495,0.9202163560692408,0.5918200379398314,0.5546209582187798,0.9880681772636227,0.9271105926426331,-0.07489469747482433,0.5422878009406231,0.4957481140210743,6.3671366764320005,0.05039340334082593,4.792304089885073,0.4666624031702191,0.09408452637578762,12.734273352864001,3.246149498680303,1.8613621555447308,6.087249276290516,296.0632911392405,0.08328081325998327,11.833445494845911,716.5555555555555,2.0232124877106985,42.491420534458506,55.884950773558366,2313.3364275668073,1.548298974756671,0.029983160198957467,0.08999045877855684,4.368852138273259,0.003386359248857367,532.8610928846132,0.19135118110848578,2.2166356720430525,42.81034056234585,2.0365974734355534,85.67554116028883,0.059561617421563046,0.030461999481064914,3.549042071275606,1824.994104197105,0.6531777335251208,0.7831872768581628,0.3939634797944811,0.8350769436065973,35.99122541494392,0.025754840157531402,34.14509803921569,0.13390234525182623,6.9840830449826985,51.95294117647059,8875.227450980392,364436.97647058824,232.58410135255605,0.042198927429299184,102.68627450980392,0.40269127258746634,0.6593709439449345,34.65969827923689,0.028720217616470676,4.830695204573431,0.07172995780590717,8680.871049596308,4.301306359638569,0.002133524083777261,59.981860878968476,0.020653440543912428,0.15092135642566162,0.6985494254696528,0.54376434121895,19.103361672999743,35.13169258244475,32.01562118716424,38.2099463490856,31.06444913401813,40.75536774462966,7052.750000000001,24.541223669243244,0.42956614141127947,4140.24849650528,0.5870403029322292,7109.999999999998
IMG-14A74D9822,R1,dual-habitat,1,1,extractable,none,,2.039365601539612,3.0726611375808717,10630.450064488814,2.7749152882116137,0.5434966683387756,3.1816293586701385,4.142870903015137,2.561595683912688,0.3250296976795145,2.5682811737060547,1.0676023960113525,3.075268507003784,0.22721212184538042,2.593864482236516,0.016615986741337994,21260.900128977624,0.1716263419323826,0.16636050436800065,45.94531543030788,129.95345345658126,-1.7958049155230602,6.4816335966051275,3.964313568240993,0.24032091044169304,1.5171336422081567,2.2372948717862653,1.648269009969097,0.5163485297061283,0.4579598953096148,0.9782431662087585,0.9020740488441625,-0.037907955582156434,0.4168475317272863,0.4359944830303032,6.731685840269477,0.03339499884469463,5.355151358022537,0.356121326374537,0.07152825373801844,13.463371680538954,3.3787852109505243,2.61148679121153,5.91118851944795,172.62151898734177,0.10925412594135556,7.933680499919884,271.16962025316457,2.773664476846659,49.04810126582279,31.315189873417722,1426.8772151898734,0.7951771318981774,0.028178737129216504,0.16324334727311726,9.027988810754286,0.005272010493384617,221.51815985734487,0.1644538651504857,2.963306878110435,49.49313042622976,1.600361329825635,77.25075729024135,0.04400009051415872,0.028596917928580115,3.4984190849465175,1010.4711745592259,0.7489031207359349,0.8524829600778966,0.22002813276959007,0.8884924280664579,44.278680619332825,0.0257034148260543,31.563706563706564,0.12186759291006395,6.311772334938358,56.28957528957529,1077.7915057915059,49512.555984555984,25.068887308919482,0.03613262136462151,95.66409266409266,0.3693594311354929,0.6295454573842505,36.915176976340135,0.02107415376157908,5.034857764559597,0.1639240506329114,1040.5767952177218,2.23535038804786,0.00421964510322137,81.00127525211273,0.040316415413536075,0.24402260325265607,0.6126119808805898,0.5407647393520917,15.219376825294248,28.144173829693653,29.73213749463701,26.92582403567252,30.610455730027933,31.256999216175565,3084.7499999999995,17.241458080056283,0.45468745697231716,2253.812582811751,0.7306305479574524,3159.9999999999995
IMG-ACD9E21F63,R1,dual-habitat,1,1,extractable,none,,2.104602885246277,2.9906026124954224,27653.903799281557,2.569285658485295,0.4690055251121521,3.1543696012162727,3.8588666915893555,2.5421165285507836,0.2767795907031922,2.5421128273010254,1.3919864892959595,2.466880202293396,0.19278895996663037,2.5659818411970012,-0.016836145316770287,55307.80759856311,0.197877664399093,0.12190636462166415,33.363087545774086,71.97860336435168,-0.4817337285562532,4.715501579340069,2.9685400324945097,0.22552886378245413,1.3152501249803719,2.061491411658902,1.2277411448479554,0.5463192857704786,0.4962866060427343,0.9772209696074703,0.9000662794425411,-0.025832207194793122,0.32215961479737437,0.4654128050675794,5.7381356689307035,0.04411456920039362,4.9649662502869045,0.27358828890328524,0.08397891759506439,11.476271337861407,3.1557064975011615,1.9210104029586441,5.823145851151906,412.37904761904764,0.09818548752834468,8.791872108843537,831.0861904761905,2.070172108843537,34.83761904761905,38.32333333333333,1289.4642857142858,1.3119859109346947,0.04086336773438659,0.13086835876143307,4.882984533005132,0.008145648670883422,655.8867754351833,0.18825895126100306,2.2507946244898194,35.02867252361246,1.7277468652910113,59.5770723533089,0.06750328755595147,0.04206669203112962,3.394231974644284,2496.581235905855,0.7152666704665045,0.8294505494505493,0.2688090376424697,0.8706638254885317,30.613010420447054,0.03751538058561021,70.47024952015354,0.13525959600797227,5.742721254342564,38.41458733205374,4048.345489443378,137143.7850287908,128.54118593759796,0.06933936473499397,187.72936660268715,0.3603250798516068,0.6223112052681362,23.968947265028998,0.04721017147853932,5.120714490094532,0.12404761904761905,3983.3589914567074,8.267582643771856,0.001618396624827841,49.05723161668015,0.03641800872079025,0.06575685684281476,0.8686881767643141,0.43764114912971613,17.849401175163557,40.785472779829995,44.721359549995796,43.46262762420146,38.418745424597084,47.21228653645151,8220.916666666662,35.42985798758107,0.3391004385865023,5809.016413638892,0.7066141951289571,8399.999999999998
IMG-C0071AA076,R1,dual-habitat,1,1,extractable,none,,1.7277703285217285,2.5936951637268066,16650.00474973045,2.5276482847424897,0.4408348500728607,3.7755386624311535,4.041452884674072,2.1646998785027725,0.2683715218498473,2.157272696495056,1.1091399192810059,2.9323129653930664,0.18357604174284495,2.1917595203569085,0.23779647162234435,33300.0094994609,0.20543660633392258,0.11788423108522593,28.39698501463349,87.19336673580558,1.2699080521580144,5.1763090374941605,2.093131212543681,0.4227475804565729,1.0632441161500077,1.852705053451519,0.9539561019726535,0.5996117944277584,0.5641125216794735,0.9882041201734777,0.9286004747655514,-0.07412435033201924,0.5382045934956434,0.49346968075576414,5.256049552226078,0.053101042584752914,4.750963084585295,0.45368046443201765,0.11095071501448944,10.512099104452156,3.2230540739426115,1.81736006250946,6.223345120118675,248.61742642815926,0.07173035961574127,14.98687605488516,712.0432775533757,1.9792291051577122,29.1598384304674,70.87824581650317,1957.4650894402769,3.0467698861544927,0.04979311139917585,0.08405542139572088,2.8855488714236754,0.007049616299620452,497.97575551761724,0.19129681266653448,2.2357482883738715,29.56633028758973,2.2722571015075372,65.01936339604048,0.10709368535613316,0.05168876915523595,3.6564970115463162,1597.1663723416746,0.6117293863330995,0.7509210351103024,0.48710237602141376,0.8096949699847721,24.231978864080954,0.04314477913674304,29.11382113821138,0.11834886641549343,6.663246083680351,35.84959349593496,8577.609756097561,242489.9674796748,337.4506816448887,0.09585247150465467,105.26829268292683,0.4279198889549871,0.6792702390172151,25.260837804260355,0.07237237688995483,4.945835330054646,0.07097518753606463,8379.097693172054,5.128655027292256,0.0021760754978320984,63.811295101874116,0.02011657225815816,0.18139802637997773,0.7566070346156126,0.47056199959616263,14.946888022619252,31.763907913190405,34.48187929913333,31.953090617340916,29.206163733020468,36.51027252705737,6883.0,24.03279617400238,0.6426923435327423,2722.698244807312,0.39556853767358885,6932.0
IMG-5F765AF8DE,R1,dual-habitat,1,1,extractable,none,,1.6454373598098755,3.0109015703201294,93283.02516656596,3.1692468881882716,0.7130105793476105,3.7607230944021555,5.635367393493652,2.3136775292935523,0.4290459376262102,2.2794606685638428,0.3507207930088043,5.284646600484848,0.2952915849113608,2.377280294752006,0.4519667699074653,186566.05033313192,0.13139537552034328,0.29835789025826986,75.19375607597848,526.569576151486,7.873755750455782,12.685099143989852,4.967509010807912,0.43425415219034785,1.6668472850642455,2.3772645435150865,2.163830544152834,0.5009559968448959,0.4393314005682842,0.9901422215896207,0.932957547593767,-0.06749848433465372,0.5644927602719424,0.4200603452149961,8.559298822129755,0.022430929049588638,5.988396381007212,0.49292178589018754,0.0459174686042761,17.118597644259506,3.8693033587315075,4.413152038699442,6.37738278721222,1740.9027020477401,0.1054709016144275,8.386624156101462,2168.812068338786,4.880228066683513,82.23409669211196,32.55398037077426,2204.2412456076577,0.5785628070633013,0.016070348930664825,0.1664656266560765,18.200220517959316,0.002416157212151574,1789.8263736238196,0.12765830739176928,5.135459918151482,84.28642173231385,1.618672081333057,127.60581765847564,0.026601097163901202,0.0158631825883292,3.9043062059829983,10468.338128631447,0.745054187425426,0.8493834409864944,0.22678820201867234,0.8864044509335963,76.14583322396389,0.01392241114982148,273.8483327357476,0.09818871736670763,8.947213486985508,114.08139117963428,3526.52778773754,241570.39225528864,56.211829225572075,0.014279337897945268,1045.4861957690928,0.3748605936784126,0.6358606704509228,77.48798739046829,0.008986787637031798,5.710388639897419,0.16896885980855447,3491.502101492045,8.599139515036041,0.000473314871639253,247.3038135814185,0.028018386410032178,0.10049868638891032,0.6357280359091758,0.461739508296004,35.39609985250309,76.65815728683968,77.87810988975015,77.17512552629896,54.378304497290095,77.87810988975015,32508.583333333332,48.733739768379266,0.23608246042249112,20865.034055194687,0.6418315384971053,33012.0
IMG-C9086F502A,R1,dual-habitat,1,1,extractable,none,,1.9277389764785766,3.0204764366149903,15186.427485782831,2.829491293091162,0.5505938529968262,3.2917474174506522,4.326780796051025,2.482622230197414,0.33500104623566734,2.480989933013916,1.192434310913086,3.1343464851379395,0.22852104101857074,2.519164114064588,0.08772314055807738,30372.85497156566,0.1668592525664683,0.1827746957204386,41.9957953817096,202.50498189970313,2.3496941346580047,7.864814474630206,2.9991447875631514,0.444145403641142,1.30334046512053,2.063592712072209,1.280168298553509,0.5519099801226963,0.5033424075594215,0.9854875951469997,0.9195975039309064,-0.07926165872702096,0.574357996515288,0.4649698928064478,6.3857937779828795,0.036389758892089646,5.292171884390238,0.47341738074887724,0.07835736655607005,12.771587555965759,3.516878278439578,2.71598981554834,6.061078714806423,255.94024237358963,0.10695371599397811,8.809406317946776,399.29419139155874,2.986592563733651,44.93021312160468,34.17007939824488,1387.1625574592563,1.0096858430656408,0.032521118528378086,0.14714140058541147,7.824985968339177,0.006075594390375163,324.0100894292487,0.16022643710090503,3.193382303760479,45.55566391717752,1.6662080381830662,73.0449307126842,0.052999749462177635,0.03298533325232425,3.5824734314961435,1506.6328278794385,0.7410286675462133,0.8447716095020733,0.2490116849974444,0.8830302943307372,40.63988339011097,0.029469780895018748,42.58064516129032,0.11446409989594172,6.378157879523644,55.793010752688176,889.8252688172043,34738.95698924731,24.08355452283808,0.04162216519456501,112.31182795698925,0.30191351601341193,0.5642578438866058,32.92884107916167,0.026463126063710946,5.539774922531964,0.1554534057668199,848.4444083130996,2.6528193255403307,0.00335323022910954,79.03156830246152,0.030278209318890557,0.2572653398796144,0.8766501903599672,0.5252726925965572,18.911996616469313,36.004149621756426,36.71511950137164,36.76955262170047,35.4682957019364,39.05124837953327,4560.666666666671,31.56304461966151,0.32054022527692455,4149.099096522065,0.9097571473151721,4785.999999999999
IMG-9B6A580D17,R1,dual-habitat,1,1,extractable,none,,1.7977297902107239,2.8104166984558105,13955.986281737285,2.7510810857313253,0.5581746697425842,3.737596537073221,4.466131210327148,2.315493697508497,0.3230589923476831,2.313329577445984,1.139176845550537,3.3269543647766113,0.22940468110450168,2.3505180677358526,0.21360546750144757,27911.972563474566,0.1717090791007097,0.16342412355111507,34.632039817337585,174.22830237112115,1.3828281024963318,7.678869540054265,2.692863573244279,0.48036858700343915,1.2320849003573786,1.9955825922455537,1.1632329062596913,0.5628873570508701,0.5178048329682942,0.9869376450009532,0.9234680387895936,-0.08866077716944246,0.6073512442580761,0.4786043414035425,5.777966671811277,0.03630979510076116,5.188633154731093,0.5109861955230248,0.06626878303578107,11.555933343622554,3.4937414038096035,2.592933278324637,6.223929567853499,220.9200316706255,0.0874584448418945,10.450160453218437,433.73713380839274,2.731525625184542,36.62549485352336,50.681710213776725,1750.59936658749,1.8878719680484521,0.04239624399882507,0.0974328325989484,4.596013075775107,0.006638502713987176,333.00210919524795,0.1659176625378165,2.947364769990759,37.11461798904702,1.9352524133881397,69.57692956043208,0.07875350575436328,0.04357336140649697,3.699108301000327,1334.476537307214,0.6634147160179514,0.7945063645776235,0.34338172901890646,0.8414363176902158,31.589769282707042,0.03751937261874892,21.880382775119617,0.10469082667521348,8.785604725166548,50.81818181818182,4241.875598086124,143048.73684210525,146.1021303397763,0.07996438797999875,80.86602870813397,0.38691879764657405,0.6455851665465533,35.45983630392231,0.05736324841737259,5.17080400006068,0.08273950910530482,4095.8011950275863,3.084310195559359,0.003136570969314673,78.73299554299388,0.026268007879933945,0.27610367195037505,0.6729217690900481,0.46522619201543935,14.430591225542877,31.01844107922447,33.54101966249684,30.594117081556707,26.92582403567252,34.52535300326414,4952.25,20.87298424544715,0.5730028877417259,2452.0483019304384,0.4951382304872408,5051.999999999999
IMG-8B207B3A13,R1,dual-habitat,1,1,extractable,none,,2.229557657241821,2.9864737033843993,93.40029316954036,2.133937566094915,0.2801938056945801,2.1488041962047872,3.07543683052063,2.6649515628814697,0.22880902657142052,2.69181227684021,2.1361825466156006,0.9392542839050293,0.1363643775751561,2.6804174928765274,-0.48721615921081585,186.8005863390807,0.25443786982248523,0.08267110361410125,7.611111111111112,12.614969135802468,-0.6382716049382714,1.9796296296296296,4.377777777777777,-0.42512522394724656,1.8138888888888889,0.9546594245979847,0.7037962962962964,0.42800925925925926,0.34062091503267977,0.8658400745733156,0.7517361111111112,-0.8190745703133038,0.9535463231077342,0.3807195216049382,2.8055555555555554,0.29247685185185185,2.0477964385229304,0.9806326566036642,0.3277777777777778,5.611111111111111,1.0005742163007092,1.589351851851852,2.719294525666977,5.615384615384615,0.4319526627218935,0.3905325443786982,3.3076923076923075,1.5147928994082842,11.461538461538462,3.0,33.15384615384615,0.8360470085470085,0.23638888888888887,0.5854700854700854,6.8076923076923075,0.0959710351377018,3.232905982905983,0.25527339469647164,1.4959730440499674,11.474358974358976,1.0833333333333333,12.391025641025642,0.2604861111111111,0.2341898148148148,2.174913891790783,12.055555555555555,0.949074074074074,0.9743589743589745,0.02546296296296296,0.9791666666666666,11.245192307692308,0.22761574074074076,2.3333333333333335,0.25925925925925924,1.2839506172839505,11.666666666666666,2.5555555555555554,28.333333333333332,0.6466358024691359,0.2012037037037037,4.555555555555555,0.5061728395061729,0.7345679012345678,8.61111111111111,0.10356310013717421,2.419381945646369,0.6923076923076923,0.4691358024691358,0.2427496693121693,0.37189660457037765,9.492481466945753,0.1664468864468865,2.4771295043817756,0.6232208556252171,0.14154660805453434,3.2942807739032096,23.27347026665596,6.324555320336759,18.681541692269406,16.1245154965971,18.681541692269406,15.916666666666947,14.504512052953375,0.6050948845200834,50.57028375816863,3.1771906026073973,25.999999999999996
IMG-0B6CEA5D07,R1,dual-habitat,1,1,extractable,none,,1.9015298247337342,2.7147404193878173,44278.58697949035,2.4982185917217286,0.4089776277542114,4.513437738692931,4.2873406410217285,2.303746546098907,0.2591253030483081,2.2946927547454834,0.7169343829154968,3.5704062581062317,0.17116050167697042,2.328870708626306,0.3989376276078781,88557.17395898068,0.21674127231537899,0.11639062883495069,60.13665286967658,92.93862115300561,3.0295436924361447,4.73664959242643,2.5013826721156907,0.3077146987996611,1.1658413184373122,1.960308339893642,1.1322984344494536,0.5799593869521846,0.5392962497819034,0.9905960136218219,0.9354745205720595,-0.03989791243380491,0.39681776750262554,0.4824929504103729,7.718657085451553,0.05478050411755175,4.792557806126393,0.36334009138828366,0.11301694314095759,15.437314170903107,3.1431621460748853,1.8095080661355307,6.056885388506315,604.3819206271436,0.07403012256579417,14.050643880316327,1769.4757471827536,1.9515526242888022,62.2078637922587,66.828270455659,3960.7742528172466,1.195276927606182,0.018577414021123353,0.08338090091610283,6.187232494137837,0.0018130493725305157,1232.5681957079587,0.19888103095119564,2.244159480962796,63.00286874066194,2.2230580138657685,135.9033738334773,0.04069881937889048,0.018757883140596655,3.6114809762243434,3883.4918313836624,0.6251251533938702,0.7590453397655749,0.4778276791040411,0.8183034041867417,52.121023897083084,0.015468564325823846,69.11247803163445,0.12146305453714314,7.80494871216731,79.26537785588752,22503.61335676626,1342576.2899824253,391.51151094195706,0.0231470731189518,223.1652021089631,0.39220597910186833,0.6506627096288702,53.200346830728705,0.01566630174509958,5.196106414728034,0.06969622733953944,22297.748857953862,6.917970165422944,0.0008728789979925988,89.11849079556569,0.01597667323511097,0.09279158500903054,0.7750088283975655,0.5549118381008575,22.730109666349755,40.96165932257236,44.28317965096905,45.177427992306065,35.84689665786984,48.590122453025366,16255.416666666666,31.745647600807015,0.5885013685983632,5273.132911070142,0.32439235604973576,16327.999999999998
IMG-65B601FAFB,R1,dual-habitat,1,1,extractable,none,,1.49403235912323,2.362949657440186,55717.7358228377,2.5464871153714244,0.4486902356147766,4.279070071585601,3.8523881435394287,1.912696282120168,0.2747161951513607,1.8806723356246948,0.44207775592803955,3.410310387611389,0.18621157818579137,1.9453536935983857,0.679067614436057,111435.47164567537,0.2056446171681633,0.1259939255605686,51.55112238280937,119.59750258431713,7.842108626622931,5.611054030269565,2.2386677744966965,0.4286783865212969,1.0996707197224498,1.8949676862848537,1.0202248105674379,0.5928770457408175,0.5554077461811294,0.99043735062053,0.9351682958483016,-0.06722066915852434,0.5175192181435159,0.4880260631041601,7.1209016449172005,0.051926171399007945,4.819271894751157,0.44071977323485056,0.10871016832243169,14.241803289834403,3.2502821062911624,1.9624304511915658,6.219200677572516,1067.1400529783332,0.07248115553748104,14.521634046523808,3027.7056985668683,2.1249618708782565,53.73673843645996,70.3673843645996,3434.302384024995,1.5739920476410376,0.02199752556293805,0.07807701279441465,5.204202861800332,0.001833234936149498,2115.15445692276,0.19127703987691014,2.3933752329415174,54.97350619130638,2.27872025102773,118.37360378092067,0.05035273096687938,0.021947604478307587,3.6827875255291067,6797.695353006171,0.6129782603163562,0.7510384066792408,0.4943316455220896,0.8106354605725534,45.39410166088533,0.017767067991100133,121.60144181256436,0.12523320475032376,7.101358553563113,73.14418125643667,39106.0648815654,1898212.4531410916,845.8414075119223,0.024025330583587808,346.54891864057674,0.35689898933118097,0.6169743429767002,45.360918332703015,0.01556741136014987,5.317403248146486,0.06595123276506147,38876.156838745876,13.233507416009978,0.0005072098373445364,84.01761607665503,0.016530925376636554,0.053525904292558664,0.45827125184015277,0.4261957131987906,30.20458828604236,70.8702301563367,69.02897942168926,67.08203932499367,37.73592452822641,74.96665925596524,29337.08333333333,32.47778909194417,0.4229779585995522,10875.37757700291,0.37070411715557655,29445.999999999993
IMG-1D155C70C1,R1,dual-habitat,1,1,extractable,none,,2.136215424537659,3.062499856948853,10382.60111597205,2.581631162114835,0.44530928134918213,3.2060528186761412,3.984588623046875,2.6230165339031037,0.27807183426983456,2.6447665691375732,1.4853556156158447,2.4992330074310303,0.18922282613431554,2.6468478841781673,-0.15846622023379894,20765.202231944095,0.19747450740418993,0.1255879848493873,36.79788307152178,92.49000525503251,-4.245749240060913,5.3953545674014,2.7726483607188928,0.32131374451913747,1.2786635388986625,2.0082590713074597,1.1253144060915927,0.5495288713096226,0.501331410717757,0.9818265169461793,0.9092344607390827,-0.05030297388449641,0.46218046368294174,0.47852056338905025,6.011724733776659,0.04354128858525204,4.9747912236186345,0.36951746552596376,0.0868395874130265,12.023449467553318,3.2318462942436956,2.0420007320300733,5.638734422723301,172.75843454790822,0.11657114341964118,6.25408273096319,292.65721997300943,2.1176147052984895,38.719298245614034,28.883940620782727,1068.3900134952767,0.9311776822674807,0.03534419018868779,0.14871606629994116,6.56372125390144,0.006317429821378648,241.8867200511587,0.190729290909744,2.241358516086402,38.96128430447185,1.5771538464096555,60.45434659030509,0.0546456763688106,0.03579258161802463,3.2925705682141175,952.4863050993276,0.7485390785356816,0.8554967299906573,0.20155512179387006,0.887823589269781,34.76559078646196,0.0321091412788866,31.111587982832617,0.13352612868168506,4.588590690563466,44.93562231759657,676.0171673819742,25635.18454935622,19.19790994115651,0.04406731882701728,70.1587982832618,0.3011107222457588,0.5668125708432614,27.4129146540772,0.026147470881411686,5.249996653499228,0.1572199730094467,635.5610160437658,2.3179722643286618,0.004714567386084852,56.67084956678595,0.029196651994322337,0.2533650238181563,0.8659456413203585,0.6497820667250847,20.340544886982237,31.303641526302833,37.20215047547654,36.76955262170047,30.0,37.255872020394314,2806.4166666666624,27.107251937156914,0.3429603129633752,2805.4876307051413,0.9996689600754742,2963.9999999999995
IMG-F6EA1B7C4B,R1,dual-habitat,1,1,extractable,none,,2.0581528663635256,3.134399199485779,31298.909496631743,2.881011822546479,0.5270991325378418,5.120562220772719,6.107487678527832,2.6039194625126902,0.3384191719115554,2.6074522733688354,0.815039336681366,5.292448341846466,0.22372547760747716,2.6419938430451753,0.21359447445724378,62597.81899326348,0.16653234694713925,0.19973489943623654,62.43472023777378,245.5620664791381,-2.4664265803449132,7.666359889433531,4.549561674747789,0.2528471235281674,1.5880697954418468,2.315565008768668,2.008313328440826,0.5113029025562112,0.4522453406298826,0.9909633924994952,0.9358349457103237,-0.038931080369035524,0.42446243770418884,0.4300017468338385,7.852021330567353,0.03251853048850165,5.541736239771314,0.3455515108572704,0.07289623184713058,15.704042661134704,3.4808310057549052,3.0539803910453296,5.944027591235973,525.1409455842997,0.11711439464413465,7.102222910123098,746.7310437109724,3.3215386793045902,66.77676181980375,26.87734165923283,1677.8472346119536,0.4879719167622132,0.02023531419958467,0.19439225509742536,15.021475613457492,0.0046114901033137414,620.8991564141094,0.15961815089703965,3.5551612724190025,67.39855032031315,1.5204921804746823,99.99782309219316,0.030100674050757423,0.02050031182416438,3.55684172456616,2999.73170706784,0.7696434338822937,0.8674260618952858,0.18641719358506245,0.8990811671237888,61.052284663989134,0.018622768130541974,105.93489861259339,0.11305752253211673,7.247558854583704,78.49413020277481,605.4343649946638,38047.397011739595,10.080934595278817,0.024674288888706403,339.136606189968,0.36193874726784203,0.6249033855974214,51.46357755659099,0.015779448820131655,5.519640874790013,0.20896520963425513,582.5334926404007,2.9907726403425343,0.0015487834400431046,204.53886349227346,0.022795915595752822,0.29907924344916154,0.7938763550177217,0.5194621021172314,29.350559546409073,56.50183031020285,55.072679252057455,59.39696961966999,43.416586692184815,61.71709649683789,8552.999999999987,44.85546709849367,0.24639721189437067,8208.44041338771,0.9597147683137756,8967.999999999998
