影像号,变体,尺度mm,K,聚类中心,聚类中心间距,ROI_Dice,common_voxels,adjusted_rand_index,unassigned_R1,unassigned_R2,H-low_Dice,H-low_fraction_R1,H-low_fraction_R2,R1_H-low_components,R1_H-low_largest_component_ml,R1_H-low_largest_component_fraction,R1_H-low_voxels,R1_H-low_volume_ml,R1_H-low_effective_bins,R1_H-low_texture_eligible,R2_H-low_components,R2_H-low_largest_component_ml,R2_H-low_largest_component_fraction,R2_H-low_voxels,R2_H-low_volume_ml,R2_H-low_effective_bins,R2_H-low_texture_eligible,H-high_Dice,H-high_fraction_R1,H-high_fraction_R2,R1_H-high_components,R1_H-high_largest_component_ml,R1_H-high_largest_component_fraction,R1_H-high_voxels,R1_H-high_volume_ml,R1_H-high_effective_bins,R1_H-high_texture_eligible,R2_H-high_components,R2_H-high_largest_component_ml,R2_H-high_largest_component_fraction,R2_H-high_voxels,R2_H-high_volume_ml,R2_H-high_effective_bins,R2_H-high_texture_eligible,R1_H_high_fraction,R1_H_high_largest_component_fraction,R1_H_high_component_density,R1_habitat_interface_density,R1_H_high_radial_index,R1_signal_contrast,R2_H_high_fraction,R2_H_high_largest_component_fraction,R2_H_high_component_density,R2_habitat_interface_density,R2_H_high_radial_index,R2_signal_contrast,H-mid_Dice,H-mid_fraction_R1,H-mid_fraction_R2,R1_H-mid_components,R1_H-mid_largest_component_ml,R1_H-mid_largest_component_fraction,R1_H-mid_voxels,R1_H-mid_volume_ml,R1_H-mid_effective_bins,R1_H-mid_texture_eligible,R2_H-mid_components,R2_H-mid_largest_component_ml,R2_H-mid_largest_component_fraction,R2_H-mid_voxels,R2_H-mid_volume_ml,R2_H-mid_effective_bins,R2_H-mid_texture_eligible
IMG-9E2C4ABE0B,primary_1x1x2,4.0,2,1.8727847;3.2299623,1.3571776248375897,0.5847432074776374,8727,1.0,0,0,1.0,1.0,0.9988091268518078,1,17.711999999999996,1.0,8856,17.711999999999996,15,1,2,41.92799999999999,0.9998092331171309,20968,41.93599999999999,25,1,,0.0,0.0011908731481922545,0,0.0,0.0,0,0.0,0,0,3,0.04599999999999999,0.92,25,0.04999999999999999,10,0,0.0,0.0,0.0,0.0,,,0.0011908731481922545,0.92,0.0714523888915353,0.0012146906111560995,0.19224163852742587,1.3612501621246338,,,,,,,,,,,,,,,,,
IMG-D0FB6C7AE7,primary_1x1x2,4.0,2,1.8727847;3.2299623,1.3571776248375897,0.6410220412747438,4566,0.07154077801833585,0,0,0.9580852038479157,0.9959288622241268,0.9465497442321745,1,9.296,1.0,4648,9.296,13,1,1,18.134,1.0,9067,18.134,19,1,0.085,0.004071137775873152,0.05345025576782545,2,0.036,0.9473684210526315,19,0.038,8,0,1,1.024,1.0,512,1.024,14,1,0.004071137775873152,0.9473684210526315,0.2142704092564817,0.004178272980501393,0.2580194172137991,1.36244797706604,0.05345025576782545,1.0,0.05219751539826704,0.021975153982670425,0.2755006628648124,1.4172197580337524,,,,,,,,,,,,,,,,,
IMG-1815129EC4,primary_1x1x2,4.0,2,1.8727847;3.2299623,1.3571776248375897,0.8566391650800367,42518,0.0,0,0,0.978558816110317,1.0,0.9209087768497632,1,100.116,1.0,50058,100.116,20,1,1,90.634,1.0,45317,90.634,24,1,0.0,0.0,0.07909122315023674,0,0.0,0.0,0,0.0,0,0,1,7.784,1.0,3892,7.784,26,1,0.0,0.0,0.0,0.0,,,0.07909122315023674,1.0,0.010160742953524761,0.010140421467617712,0.22481822491466247,0.2212510108947754,,,,,,,,,,,,,,,,,
IMG-AD73EFA971,primary_1x1x2,4.0,2,1.8727847;3.2299623,1.3571776248375897,0.7304497493077902,9761,0.0,0,0,0.9977410411746586,1.0,0.993872898261613,1,25.379999999999992,1.0,12690,25.379999999999992,20,1,1,27.89999999999999,1.0,13950,27.89999999999999,28,1,0.0,0.0,0.0061271017383870046,0,0.0,0.0,0,0.0,0,0,2,0.16999999999999998,0.9883720930232558,86,0.17199999999999996,17,0,0.0,0.0,0.0,0.0,,,0.0061271017383870046,0.9883720930232558,0.0712453690510117,0.003526645768025079,0.2882700095233799,0.49719953536987305,,,,,,,,,,,,,,,,,
IMG-D31CF4ABF7,primary_1x1x2,4.0,2,1.8727847;3.2299623,1.3571776248375897,0.708029197080292,4753,1.0,0,0,,0.02476780185758514,0.0025012506253126563,3,0.20599999999999996,0.5597826086956522,184,0.36799999999999994,12,0,3,0.015999999999999997,0.5333333333333333,15,0.029999999999999995,6,0,1.0,0.9752321981424149,0.9974987493746873,1,14.489999999999998,1.0,7245,14.489999999999998,23,1,4,11.955999999999998,0.9993313273152792,5982,11.963999999999999,27,1,0.9752321981424149,1.0,0.0673038093956118,0.01386458473549603,0.33676641966329685,1.4209709167480469,0.9974987493746873,0.9993313273152792,0.3335000833750209,0.00208437552109388,0.3266715081220831,1.767805814743042,,,,,,,,,,,,,,,,,
IMG-182FA24923,primary_1x1x2,4.0,2,1.8727847;3.2299623,1.3571776248375897,0.7349436812292467,5644,1.0,0,0,1.0,1.0,1.0,1,11.433999999999997,1.0,5717,11.433999999999997,5,1,2,19.281999999999996,0.9998962870773699,9642,19.283999999999995,8,1,,0.0,0.0,0,0.0,0.0,0,0.0,0,0,0,0.0,0.0,0,0.0,0,0,0.0,0.0,0.0,0.0,,,0.0,0.0,0.0,0.0,,,,,,,,,,,,,,,,,,,
IMG-B1DBEB52F4,primary_1x1x2,4.0,2,1.8727847;3.2299623,1.3571776248375897,0.6065254849647046,21824,1.0,0,0,1.0,0.020073908481226335,0.023179138775102408,1,0.8799999999999998,1.0,440,0.8799999999999998,16,1,2,2.3179999999999996,0.9991379310344828,1160,2.3199999999999994,21,1,1.0,0.9799260915187736,0.9768208612248976,4,42.89999999999999,0.9986498440337074,21479,42.95799999999999,29,1,1,97.76999999999998,1.0,48885,97.76999999999998,41,1,0.9799260915187736,0.9986498440337074,0.0912450385510288,0.00659245403531183,0.3019880361157395,1.4741451740264893,0.9768208612248976,1.0,0.009991008092716558,0.005824757718053753,0.2915773785019571,1.8941991329193115,,,,,,,,,,,,,,,,,
IMG-825C59B3C8,primary_1x1x2,4.0,2,1.8727847;3.2299623,1.3571776248375897,0.8786427040046584,16598,0.15545032807743264,0,0,0.6611266262516178,0.2811320754716981,0.5946971563747474,4,9.599999999999998,0.9762050030506406,4917,9.833999999999998,17,1,5,24.099999999999998,0.9985911991381453,12067,24.133999999999997,19,1,0.7312989467998919,0.7188679245283018,0.4053028436252526,1,25.145999999999994,1.0,12573,25.145999999999994,21,1,1,16.447999999999997,1.0,8224,16.447999999999997,22,1,0.7188679245283018,1.0,0.02858776443682105,0.03747855917667239,0.3594336373718026,0.7233402729034424,0.4053028436252526,1.0,0.024641466660095614,0.03664186092356217,0.3041326688621656,0.7453250885009766,,,,,,,,,,,,,,,,,
IMG-DA4569F340,primary_1x1x2,4.0,2,1.8727847;3.2299623,1.3571776248375897,0.649894802811227,7259,1.0,0,0,1.0,1.0,1.0,1,15.181999999999999,1.0,7591,15.181999999999999,10,1,2,29.491999999999997,0.9998643883916464,14748,29.495999999999995,12,1,,0.0,0.0,0,0.0,0.0,0,0.0,0,0,0,0.0,0.0,0,0.0,0,0,0.0,0.0,0.0,0.0,,,0.0,0.0,0.0,0.0,,,,,,,,,,,,,,,,,,,
IMG-8BF8DD5DE4,primary_1x1x2,4.0,2,1.8727847;3.2299623,1.3571776248375897,0.717425431711146,9597,0.8179049449004823,0,0,0.9868151852693794,0.9114337917107415,0.9033323142769795,1,18.956,1.0,9478,18.956,16,1,2,29.546,0.999932313523758,14774,29.548,20,1,0.8548185231539425,0.08856620828925858,0.09666768572302048,1,1.842,1.0,921,1.842,12,1,1,3.162,1.0,1581,3.162,16,1,0.08856620828925858,1.0,0.048081546302529095,0.019136455428406578,0.23497430139753336,0.7077047824859619,0.09666768572302048,1.0,0.03057169061449098,0.021002751452155303,0.3394188471593123,0.644798994064331,,,,,,,,,,,,,,,,,
IMG-16B3264BD9,primary_1x1x2,4.0,2,1.8727847;3.2299623,1.3571776248375897,0.6534130404559989,2350,0.7651165094498814,0,0,0.9600689457052571,0.7487231869254342,0.8155545112781954,1,4.397999999999998,1.0,2199,4.397999999999998,16,1,4,6.9259999999999975,0.9976951887064247,3471,6.9419999999999975,21,1,0.8859721082854799,0.2512768130745659,0.18444548872180452,2,1.4719999999999995,0.997289972899729,738,1.4759999999999995,15,1,1,1.5699999999999996,1.0,785,1.5699999999999996,14,1,0.2512768130745659,0.997289972899729,0.3404834865509024,0.057711950970377936,0.44699417227360994,0.5153651237487793,0.18444548872180452,1.0,0.11748120300751884,0.06907894736842106,0.3655990824760899,0.4573667049407959,,,,,,,,,,,,,,,,,
IMG-34B5A93F0D,primary_1x1x2,4.0,2,1.8727847;3.2299623,1.3571776248375897,0.6217367820920603,20720,0.0,0,0,0.9569594764661465,1.0,0.8754470938897169,1,79.62399999999998,1.0,39812,79.62399999999998,19,1,3,46.92999999999999,0.9986381240158319,23497,46.99399999999999,27,1,0.0,0.0,0.12455290611028316,0,0.0,0.0,0,0.0,0,0,3,5.981999999999999,0.8947053544720311,3343,6.685999999999999,19,1,0.0,0.0,0.0,0.0,,,0.12455290611028316,0.8947053544720311,0.055886736214605076,0.018498509687034276,0.31283788797237755,0.7731332778930664,,,,,,,,,,,,,,,,,
IMG-893073F906,primary_1x1x2,4.0,2,1.8727847;3.2299623,1.3571776248375897,0.6702867688813174,9443,0.0,0,0,0.0,0.054266432467412404,0.0,6,0.94,0.8006814310051107,587,1.174,15,1,0,0.0,0.0,0,0.0,0,0,0.9743673292060389,0.9457335675325876,1.0,1,20.46,1.0,10230,20.46,19,1,1,34.718,1.0,17359,34.718,35,1,0.9457335675325876,1.0,0.046223537025053156,0.020153462142923177,0.3483358956607025,0.9255015850067139,1.0,1.0,0.028803502505904716,0.0,0.342601469918997,,,,,,,,,,,,,,,,,,
IMG-EE9195B25E,primary_1x1x2,4.0,2,1.8727847;3.2299623,1.3571776248375897,0.7842258331332213,14696,0.38691686153061283,0,0,0.8208241829221031,0.43588035440676837,0.615987181769628,2,12.945999999999996,0.9893015436344185,6543,13.085999999999997,18,1,2,16.527999999999995,0.5971098265895953,13840,27.679999999999993,25,1,0.8005751258087707,0.5641196455932316,0.3840128182303721,2,16.933999999999997,0.9998819083608881,8468,16.935999999999996,19,1,6,11.501999999999999,0.6665507649513213,8628,17.255999999999997,25,1,0.5641196455932316,0.9998819083608881,0.06661781360335756,0.041036573179668245,0.34996828914281203,0.23328256607055664,0.3840128182303721,0.6665507649513213,0.13352323304254943,0.08358554388463593,0.32073625541810835,0.19545197486877441,,,,,,,,,,,,,,,,,
IMG-8F0C09D99C,primary_1x1x2,4.0,2,1.8727847;3.2299623,1.3571776248375897,0.8005340453938585,4497,0.33355179723299494,0,0,0.49159327461969576,0.13104458865396693,0.17033137194177764,2,0.6259999999999999,0.5,626,1.2519999999999998,15,1,3,1.4039999999999997,0.6381818181818182,1100,2.1999999999999997,16,1,0.9180116204002582,0.868955411346033,0.8296686280582224,2,8.289999999999997,0.9985545651650205,4151,8.301999999999998,20,1,2,10.713999999999999,0.9998133631952221,5358,10.715999999999998,22,1,0.868955411346033,0.9985545651650205,0.20933640360058617,0.05819552020096295,0.40836811756936475,0.5110735893249512,0.8296686280582224,0.9998133631952221,0.15484670176525245,0.05636419944255188,0.38395294256084245,0.3438410758972168,,,,,,,,,,,,,,,,,
IMG-EDA063D47C,primary_1x1x2,4.0,2,1.8727847;3.2299623,1.3571776248375897,0.6419822412522374,9146,-0.00023732314176589238,0,0,0.4776492133522018,0.9997857984363285,0.20844643975777824,1,18.67,1.0,9335,18.67,20,1,1,7.986,1.0,3993,7.986,21,1,0.0006370441153049849,0.0002142015636714148,0.7915535602422218,1,0.004,1.0,2,0.004,2,0,4,30.244,0.9972960495944074,15163,30.326,26,1,0.0002142015636714148,1.0,0.0535503909178537,0.0004284031273428296,0.18569533817705186,0.7041951417922974,0.7915535602422218,0.9972960495944074,0.1044059302568386,0.0508717895176446,0.3814318344753314,0.375455379486084,,,,,,,,,,,,,,,,,
IMG-7350051976,primary_1x1x2,4.0,2,1.8727847;3.2299623,1.3571776248375897,0.784175966709001,14510,0.9717837497791031,0,0,0.9993647656691135,0.976229396539981,0.9738409854423292,1,28.665999999999997,1.0,14333,28.665999999999997,15,1,2,43.47399999999999,0.9998160158226392,21741,43.48199999999999,24,1,0.9736842105263158,0.023770603460019073,0.026159014557670772,1,0.6979999999999998,1.0,349,0.6979999999999998,14,1,2,1.1599999999999997,0.9931506849315068,584,1.1679999999999997,20,1,0.023770603460019073,1.0,0.03405530581664624,0.007730554420378696,0.3322793523678653,1.1750516891479492,0.026159014557670772,0.9931506849315068,0.044792833146696534,0.007704367301231804,0.27261188777133444,1.0348784923553467,,,,,,,,,,,,,,,,,
IMG-4950E13031,primary_1x1x2,4.0,2,1.8727847;3.2299623,1.3571776248375897,0.7374535629854779,10918,1.0,0,0,1.0,1.0,0.9966390320412278,1,23.515999999999995,1.0,11758,23.515999999999995,15,1,2,35.57599999999999,0.9997751798561151,17792,35.583999999999996,20,1,,0.0,0.0033609679587721262,0,0.0,0.0,0,0.0,0,0,5,0.09199999999999998,0.7666666666666667,60,0.11999999999999998,14,0,0.0,0.0,0.0,0.0,,,0.0033609679587721262,0.7666666666666667,0.1400403316155053,0.003977145417880351,0.13007703574014556,0.9139211177825928,,,,,,,,,,,,,,,,,
IMG-9E2C4ABE0B,primary_1x1x2,4.0,3,1.4351036;2.2143322;3.4260761,0.7792285803184724,0.5847432074776374,8727,0.0,0,0,0.0,0.014566395663956639,0.003143905111227552,3,0.14399999999999996,0.5581395348837209,129,0.25799999999999995,9,0,1,0.13199999999999998,1.0,66,0.13199999999999998,9,0,,0.0,0.0011908731481922545,0,0.0,0.0,0,0.0,0,0,3,0.04599999999999999,0.92,25,0.04999999999999999,10,0,0.0,0.0,0.0,0.008694670280036135,,,0.0011908731481922545,0.92,0.0714523888915353,0.003215357500119087,0.19224163852742587,1.7511932849884033,0.9925541125541125,0.9854336043360433,0.9956652217405801,1.0,17.453999999999997,1.0,8727.0,17.453999999999997,15.0,1.0,2.0,41.79599999999999,0.9998086307530379,20902.0,41.803999999999995,25.0,1.0
IMG-D0FB6C7AE7,primary_1x1x2,4.0,3,1.4351036;2.2143322;3.4260761,0.7792285803184724,0.6410220412747438,4566,0.23808631928500168,0,0,0.6703750794659885,0.912363402614099,0.540453074433657,1,8.516,1.0,4258,8.516,12,1,2,9.112,0.880046358895113,5177,10.354,18,1,0.0,0.0,0.05345025576782545,0,0.0,0.0,0,0.0,0,0,1,1.024,1.0,512,1.024,14,1,0.0,0.0,0.0,0.044139704306835226,,,0.05345025576782545,1.0,0.05219751539826704,0.08894456623864704,0.2755006628648124,1.5215972661972046,0.0,0.087636597385901,0.4060966697985176,1.0,0.818,1.0,409.0,0.818,11.0,1.0,2.0,7.668,0.9856041131105399,3890.0,7.78,18.0,1.0
IMG-1815129EC4,primary_1x1x2,4.0,3,1.4351036;2.2143322;3.4260761,0.7792285803184724,0.8566391650800367,42518,0.0,0,0,0.0,0.012645331415557954,0.0,4,1.248,0.985781990521327,633,1.266,10,1,0,0.0,0.0,0,0.0,0,0,,0.0,0.0,0,0.0,0.0,0,0.0,0,0,0,0.0,0.0,0,0.0,0,0,0.0,0.0,0.0,0.005523592632546246,,,0.0,0.0,0.0,0.0,,,0.9973706860976501,0.9873546685844421,1.0,1.0,98.85,1.0,49425.0,98.85,20.0,1.0,1.0,98.418,1.0,49209.0,98.418,27.0,1.0
IMG-AD73EFA971,primary_1x1x2,4.0,3,1.4351036;2.2143322;3.4260761,0.7792285803184724,0.7304497493077902,9761,0.6680695586725843,0,0,0.7142857142857143,0.22450748620961386,0.12610430322029068,1,5.6979999999999995,1.0,2849,5.6979999999999995,18,1,4,1.5219999999999998,0.42994350282485877,1770,3.539999999999999,15,1,,0.0,0.0,0,0.0,0.0,0,0.0,0,0,0,0.0,0.0,0,0.0,0,0,0.0,0.0,0.0,0.015563435776201735,,,0.0,0.0,0.0,0.034233399829011114,,,0.9809877622377622,0.7754925137903861,0.8738956967797094,3.0,19.339999999999996,0.9826237171019205,9841.0,19.681999999999995,19.0,1.0,1.0,24.531999999999996,1.0,12266.0,24.531999999999996,28.0,1.0
IMG-D31CF4ABF7,primary_1x1x2,4.0,3,1.4351036;2.2143322;3.4260761,0.7792285803184724,0.708029197080292,4753,1.0,0,0,,0.0,0.0,0,0.0,0.0,0,0.0,0,0,0,0.0,0.0,0,0.0,0,0,1.0,0.9752321981424149,0.9971652492913123,1,14.489999999999998,1.0,7245,14.489999999999998,23,1,4,11.951999999999998,0.9993311036789297,5980,11.959999999999997,27,1,0.9752321981424149,1.0,0.0673038093956118,0.01386458473549603,0.33676641966329685,,0.9971652492913123,0.9993311036789297,0.3335000833750209,0.00208437552109388,0.3267265081511772,,,0.02476780185758514,0.002834750708687677,3.0,0.20599999999999996,0.5597826086956522,184.0,0.36799999999999994,12.0,0.0,3.0,0.015999999999999997,0.47058823529411764,17.0,0.033999999999999996,6.0,0.0
IMG-182FA24923,primary_1x1x2,4.0,3,1.4351036;2.2143322;3.4260761,0.7792285803184724,0.7349436812292467,5644,1.0,0,0,1.0,1.0,1.0,1,11.433999999999997,1.0,5717,11.433999999999997,5,1,2,19.281999999999996,0.9998962870773699,9642,19.283999999999995,8,1,,0.0,0.0,0,0.0,0.0,0,0.0,0,0,0,0.0,0.0,0,0.0,0,0,0.0,0.0,0.0,0.0,,,0.0,0.0,0.0,0.0,,,,0.0,0.0,0.0,0.0,0.0,0.0,0.0,0.0,0.0,0.0,0.0,0.0,0.0,0.0,0.0,0.0
IMG-B1DBEB52F4,primary_1x1x2,4.0,3,1.4351036;2.2143322;3.4260761,0.7792285803184724,0.6065254849647046,21824,0.6181736881520141,0,0,,0.0,0.0,0,0.0,0.0,0,0.0,0,0,0,0.0,0.0,0,0.0,0,0,0.9885312965546597,0.9577991696701492,0.9768208612248976,4,41.92999999999999,0.9986186529484614,20994,41.98799999999999,29,1,1,97.76999999999998,1.0,48885,97.76999999999998,41,1,0.9577991696701492,0.9986186529484614,0.0912450385510288,0.01382362334048086,0.3040330008863264,,0.9768208612248976,1.0,0.009991008092716558,0.005824757718053753,0.2915773785019571,,0.6431199411331862,0.042200830329850815,0.023179138775102408,2.0,1.3099999999999998,0.7081081081081081,925.0,1.8499999999999996,19.0,1.0,2.0,2.3179999999999996,0.9991379310344828,1160.0,2.3199999999999994,21.0,1.0
IMG-825C59B3C8,primary_1x1x2,4.0,3,1.4351036;2.2143322;3.4260761,0.7792285803184724,0.8786427040046584,16598,0.9550473861534561,0,0,,0.0,0.0,0,0.0,0.0,0,0.0,0,0,0,0.0,0.0,0,0.0,0,0,0.9837687700720423,0.37004002287021154,0.32965354097875904,3,12.937999999999997,0.9995364647713226,6472,12.943999999999996,21,1,1,13.377999999999997,1.0,6689,13.377999999999997,22,1,0.37004002287021154,0.9995364647713226,0.08576329331046315,0.034734133790737566,0.3592904983722969,,0.32965354097875904,1.0,0.024641466660095614,0.034473411857473754,0.31383845512211367,,0.9913725490196078,0.6299599771297885,0.6703464590212409,1.0,22.035999999999998,1.0,11018.0,22.035999999999998,19.0,1.0,3.0,27.173999999999992,0.9988972209969122,13602.0,27.203999999999994,19.0,1.0
IMG-DA4569F340,primary_1x1x2,4.0,3,1.4351036;2.2143322;3.4260761,0.7792285803184724,0.649894802811227,7259,1.0,0,0,1.0,1.0,1.0,1,15.181999999999999,1.0,7591,15.181999999999999,10,1,2,29.491999999999997,0.9998643883916464,14748,29.495999999999995,12,1,,0.0,0.0,0,0.0,0.0,0,0.0,0,0,0,0.0,0.0,0,0.0,0,0,0.0,0.0,0.0,0.0,,,0.0,0.0,0.0,0.0,,,,0.0,0.0,0.0,0.0,0.0,0.0,0.0,0.0,0.0,0.0,0.0,0.0,0.0,0.0,0.0,0.0
IMG-8BF8DD5DE4,primary_1x1x2,4.0,3,1.4351036;2.2143322;3.4260761,0.7792285803184724,0.717425431711146,9597,0.9710099195756258,0,0,0.0,0.0030772189633618617,0.0,2,0.056,0.875,32,0.064,7,0,0,0.0,0.0,0,0.0,0,0,0.997808619430241,0.06654486008270026,0.09666768572302048,1,1.384,1.0,692,1.384,10,1,1,3.162,1.0,1581,3.162,16,1,0.06654486008270026,1.0,0.048081546302529095,0.019280700067314166,0.24122804737074802,1.1562812328338623,0.09666768572302048,1.0,0.03057169061449098,0.021002751452155303,0.3394188471593123,,0.9980329343000056,0.9303779209539379,0.9033323142769795,1.0,19.35,1.0,9675.0,19.35,16.0,1.0,2.0,29.546,0.999932313523758,14774.0,29.548,20.0,1.0
IMG-16B3264BD9,primary_1x1x2,4.0,3,1.4351036;2.2143322;3.4260761,0.7792285803184724,0.6534130404559989,2350,0.4908016532378165,0,0,0.9044585987261147,0.10214504596527069,0.03383458646616541,2,0.5879999999999997,0.98,300,0.5999999999999998,11,1,3,0.17399999999999993,0.6041666666666666,144,0.28799999999999987,7,0,0.0,0.0020429009193054137,0.05075187969924812,1,0.011999999999999997,1.0,6,0.011999999999999997,6,0,1,0.43199999999999983,1.0,216,0.43199999999999983,12,0,0.0020429009193054137,1.0,0.1702417432754512,0.049540347293156275,0.23570226039551584,1.4376401901245117,0.05075187969924812,1.0,0.11748120300751884,0.04593515037593986,0.3199171482253235,1.1447432041168213,0.9711060948081264,0.8958120531154239,0.9154135338345865,2.0,5.257999999999998,0.9992398327632079,2631.0,5.261999999999998,16.0,1.0,1.0,7.791999999999997,1.0,3896.0,7.791999999999997,21.0,1.0
IMG-34B5A93F0D,primary_1x1x2,4.0,3,1.4351036;2.2143322;3.4260761,0.7792285803184724,0.6217367820920603,20720,-0.03839756773203501,0,0,0.32845261801569636,0.5232342007434945,0.1069672131147541,1,41.66199999999999,1.0,20831,41.66199999999999,17,1,2,5.737999999999999,0.9993033786137234,2871,5.741999999999999,13,1,0.0,0.0,0.029619970193740686,0,0.0,0.0,0,0.0,0,0,1,1.5899999999999999,1.0,795,1.5899999999999999,18,1,0.0,0.0,0.0,0.03996282527881042,,,0.029619970193740686,1.0,0.018628912071535025,0.03029061102831595,0.3070647215799474,1.1819322109222412,0.5056301609808992,0.4767657992565056,0.8634128166915053,5.0,37.779999999999994,0.9952057320478374,18981.0,37.961999999999996,19.0,1.0,1.0,46.34799999999999,1.0,23174.0,46.34799999999999,27.0,1.0
IMG-893073F906,primary_1x1x2,4.0,3,1.4351036;2.2143322;3.4260761,0.7792285803184724,0.6702867688813174,9443,0.0,0,0,,0.0,0.0,0,0.0,0.0,0,0.0,0,0,0,0.0,0.0,0,0.0,0,0,0.9533362890711594,0.8977535361005824,1.0,1,19.422,1.0,9711,19.422,19,1,1,34.718,1.0,17359,34.718,35,1,0.8977535361005824,1.0,0.046223537025053156,0.028473698807432744,0.35642224619444257,,1.0,1.0,0.028803502505904716,0.0,0.342601469918997,,0.0,0.10224646389941758,0.0,4.0,1.514,0.6844484629294756,1106.0,2.212,18.0,1.0,0.0,0.0,0.0,0.0,0.0,0.0,0.0
IMG-EE9195B25E,primary_1x1x2,4.0,3,1.4351036;2.2143322;3.4260761,0.7792285803184724,0.7842258331332213,14696,0.73348000684099,0,0,,0.0,0.0,0,0.0,0.0,0,0.0,0,0,0,0.0,0.0,0,0.0,0,0,0.7368421052631579,0.005795749783492106,0.01789211322770162,5,0.10599999999999997,0.6091954022988506,87,0.17399999999999996,11,0,1,0.8039999999999998,1.0,402,0.8039999999999998,23,1,0.005795749783492106,0.6091954022988506,0.1665445340083939,0.005396042901871961,0.2356109263991233,,0.01789211322770162,1.0,0.022253872173758238,0.007922378493857931,0.21727268711177197,,0.9986320109439124,0.9942042502165079,0.9821078867722984,1.0,29.847999999999992,1.0,14924.0,29.847999999999992,21.0,1.0,1.0,44.13199999999999,1.0,22066.0,44.13199999999999,27.0,1.0
IMG-8F0C09D99C,primary_1x1x2,4.0,3,1.4351036;2.2143322;3.4260761,0.7792285803184724,0.8005340453938585,4497,0.00038595044206535327,0,0,,0.0,0.0,0,0.0,0.0,0,0.0,0,0,0,0.0,0.0,0,0.0,0,0,0.6539063859404907,0.8630939920452166,0.3965624032208114,1,8.245999999999999,1.0,4123,8.245999999999999,20,1,1,5.121999999999999,1.0,2561,5.121999999999999,22,1,0.8630939920452166,1.0,0.10466820180029308,0.05296211011094829,0.4099242471529633,,0.3965624032208114,1.0,0.07742335088262622,0.09879219572623105,0.38631771466515213,,0.387434554973822,0.13690600795478333,0.6034375967791886,1.0,1.3079999999999998,1.0,654.0,1.3079999999999998,16.0,1.0,1.0,7.793999999999998,1.0,3897.0,7.793999999999998,20.0,1.0
IMG-EDA063D47C,primary_1x1x2,4.0,3,1.4351036;2.2143322;3.4260761,0.7792285803184724,0.6419822412522374,9146,-0.07868851861481625,0,0,0.0,0.08428831530470172,0.0,1,1.574,1.0,787,1.574,8,1,0,0.0,0.0,0,0.0,0,0,0.0,0.0,0.3566506577573606,0,0.0,0.0,0,0.0,0,0,5,12.018,0.8795374707259953,6832,13.664,22,1,0.0,0.0,0.0,0.0340044982328371,,,0.3566506577573606,0.8795374707259953,0.13050741282104825,0.04880977239507204,0.37487231292047224,,0.8931792047449011,0.9157116846952983,0.6433493422426394,1.0,17.1,1.0,8550.0,17.1,20.0,1.0,1.0,24.648,1.0,12324.0,24.648,26.0,1.0
IMG-7350051976,primary_1x1x2,4.0,3,1.4351036;2.2143322;3.4260761,0.7792285803184724,0.784175966709001,14510,0.9011643652125917,0,0,0.7152777777777778,0.012055578259092767,0.01572228443449048,4,0.24199999999999997,0.6836158192090396,177,0.3539999999999999,11,0,1,0.7019999999999998,1.0,351,0.7019999999999998,12,1,0.9895988112927192,0.023021386732052854,0.026159014557670772,1,0.6759999999999999,1.0,338,0.6759999999999999,14,1,2,1.1599999999999997,0.9931506849315068,584,1.1679999999999997,20,1,0.023021386732052854,1.0,0.03405530581664624,0.014269173137174773,0.3374258557294852,1.5814107656478882,0.026159014557670772,0.9931506849315068,0.044792833146696534,0.014132138857782757,0.27261188777133444,1.6147215366363525,0.9968281121921665,0.9649230350088543,0.9581187010078387,1.0,28.333999999999996,1.0,14167.0,28.333999999999996,15.0,1.0,2.0,42.77199999999999,0.9998129967274427,21390.0,42.779999999999994,24.0,1.0
IMG-4950E13031,primary_1x1x2,4.0,3,1.4351036;2.2143322;3.4260761,0.7792285803184724,0.7374535629854779,10918,0.026745263774925216,0,0,0.08163265306122448,0.02883143391733288,0.1647434461124804,2,0.5179999999999999,0.7640117994100295,339,0.6779999999999999,10,1,3,3.9219999999999997,0.666780006800408,2941,5.881999999999999,16,1,,0.0,0.0006161774591082232,0,0.0,0.0,0,0.0,0,0,3,0.015999999999999997,0.7272727272727273,11,0.021999999999999995,7,0,0.0,0.0,0.0,0.017775131825140334,,,0.0006161774591082232,0.7272727272727273,0.08402419896930317,0.0290163567107327,0.13897195548370286,1.6830381155014038,0.9094385188166633,0.9711685660826671,0.8346403764284114,1.0,22.837999999999997,1.0,11419.0,22.837999999999997,15.0,1.0,5.0,29.741999999999997,0.9980536912751677,14900.0,29.799999999999997,20.0,1.0
IMG-9E2C4ABE0B,primary_1x1x2,6.0,2,1.8815602;3.1698066,1.288246407925611,0.5847432074776374,8727,0.0,0,0,0.9140795122254712,1.0,0.9053970371076073,1,17.711999999999996,1.0,8856,17.711999999999996,15,1,2,38.00599999999999,0.9997895512179723,19007,38.013999999999996,23,1,0.0,0.0,0.0946029628923927,0,0.0,0.0,0,0.0,0,0,9,3.185999999999999,0.8021148036253777,1986,3.971999999999999,21,1,0.0,0.0,0.0,0.0,,,0.0946029628923927,0.8021148036253777,0.21435716667460586,0.04139475063116277,0.32538326070980994,0.4615640640258789,,,,,,,,,,,,,,,,,
IMG-D0FB6C7AE7,primary_1x1x2,6.0,2,1.8815602;3.1698066,1.288246407925611,0.6410220412747438,4566,0.35658781622097857,0,0,0.9817361894024803,0.9843582601242769,0.9633573441904165,1,9.188,1.0,4594,9.188,13,1,1,18.456,1.0,9228,18.456,19,1,0.3816793893129771,0.015641739875723162,0.036642655809583466,2,0.096,0.6575342465753424,73,0.146,10,0,3,0.546,0.7777777777777778,351,0.702,16,1,0.015641739875723162,0.6575342465753424,0.2142704092564817,0.014248982215556032,0.26407676087154686,1.418997049331665,0.036642655809583466,0.7777777777777778,0.15659254619480112,0.027455893099488465,0.18024521654833622,1.233419418334961,,,,,,,,,,,,,,,,,
IMG-1815129EC4,primary_1x1x2,6.0,2,1.8815602;3.1698066,1.288246407925611,0.8566391650800367,42518,-0.0033486774522523037,0,0,0.8232754445443853,0.9973830356786129,0.704972667601455,1,99.854,1.0,49927,99.854,20,1,1,69.382,1.0,34691,69.382,24,1,0.0,0.002616964321387191,0.295027332398545,2,0.25,0.9541984732824428,131,0.262,11,0,8,25.118,0.8650640584102494,14518,29.036,26,1,0.002616964321387191,0.9541984732824428,0.01997682688081825,0.0012385632666107316,0.09609828873174615,0.42376184463500977,0.295027332398545,0.8650640584102494,0.08128594362819809,0.058048324493486965,0.36838704096730096,0.23848628997802734,,,,,,,,,,,,,,,,,
IMG-AD73EFA971,primary_1x1x2,6.0,2,1.8815602;3.1698066,1.288246407925611,0.7304497493077902,9761,0.0,0,0,0.9558194266153188,0.932387706855792,1.0,1,23.663999999999998,1.0,11832,23.663999999999998,20,1,1,28.071999999999992,1.0,14036,28.071999999999992,28,1,0.0,0.06761229314420804,0.0,6,1.3259999999999998,0.7727272727272727,858,1.7159999999999995,16,1,0,0.0,0.0,0,0.0,0,0,0.06761229314420804,0.7727272727272727,0.23640661938534285,0.021513002364066197,0.2948465198917645,0.39000535011291504,0.0,0.0,0.0,0.0,,,,,,,,,,,,,,,,,,,
IMG-D31CF4ABF7,primary_1x1x2,6.0,2,1.8815602;3.1698066,1.288246407925611,0.708029197080292,4753,-0.00042078668497484695,0,0,0.0,0.027998384708574506,0.004835751208937802,5,0.3499999999999999,0.8413461538461539,208,0.4159999999999999,11,0,9,0.011999999999999999,0.20689655172413793,29,0.057999999999999996,8,0,0.9995790359924226,0.9720016152914255,0.9951642487910622,1,14.441999999999998,1.0,7221,14.441999999999998,23,1,4,11.927999999999999,0.9993297587131368,5968,11.935999999999998,27,1,0.9720016152914255,1.0,0.0673038093956118,0.014941445685825817,0.33511912152121603,1.6481701135635376,0.9951642487910622,0.9993297587131368,0.3335000833750209,0.006503251625812907,0.3270347642535173,1.578705072402954,,,,,,,,,,,,,,,,,
IMG-182FA24923,primary_1x1x2,6.0,2,1.8815602;3.1698066,1.288246407925611,0.7349436812292467,5644,1.0,0,0,1.0,1.0,1.0,1,11.433999999999997,1.0,5717,11.433999999999997,5,1,2,19.281999999999996,0.9998962870773699,9642,19.283999999999995,8,1,,0.0,0.0,0,0.0,0.0,0,0.0,0,0,0,0.0,0.0,0,0.0,0,0,0.0,0.0,0.0,0.0,,,0.0,0.0,0.0,0.0,,,,,,,,,,,,,,,,,,,
IMG-B1DBEB52F4,primary_1x1x2,6.0,2,1.8815602;3.1698066,1.288246407925611,0.6065254849647046,21824,0.08416810384862781,0,0,0.08695652173913043,0.017062822209042382,0.0022979318613248075,3,0.5659999999999998,0.7566844919786097,374,0.7479999999999999,14,1,5,0.11599999999999998,0.5043478260869565,115,0.22999999999999995,14,0,0.9917470004854706,0.9829371777909576,0.9977020681386752,2,43.03799999999999,0.9987932234857275,21545,43.08999999999999,30,1,1,99.85999999999997,1.0,49930,99.85999999999997,41,1,0.9829371777909576,0.9987932234857275,0.0456225192755144,0.006295907660020986,0.30193753419504116,1.491569995880127,0.9977020681386752,1.0,0.009991008092716558,0.0028274552902387852,0.2890190009831678,2.2533257007598877,,,,,,,,,,,,,,,,,
IMG-825C59B3C8,primary_1x1x2,6.0,2,1.8815602;3.1698066,1.288246407925611,0.8786427040046584,16598,0.36233901739611785,0,0,0.7250896356207788,0.25197255574614064,0.4815928244049086,3,8.501999999999999,0.9646017699115044,4407,8.813999999999998,17,1,3,19.421999999999997,0.9937576749897666,9772,19.543999999999997,19,1,0.84450313634863,0.7480274442538594,0.5184071755950914,1,26.165999999999993,1.0,13083,26.165999999999993,22,1,5,20.949999999999996,0.9958170928795513,10519,21.037999999999997,23,1,0.7480274442538594,1.0,0.02858776443682105,0.06283590623213264,0.3579519058095548,0.7939250469207764,0.5184071755950914,0.9958170928795513,0.12320733330047806,0.045315657187915824,0.3143651933984207,0.7209823131561279,,,,,,,,,,,,,,,,,
IMG-DA4569F340,primary_1x1x2,6.0,2,1.8815602;3.1698066,1.288246407925611,0.649894802811227,7259,1.0,0,0,1.0,1.0,1.0,1,15.181999999999999,1.0,7591,15.181999999999999,10,1,2,29.491999999999997,0.9998643883916464,14748,29.495999999999995,12,1,,0.0,0.0,0,0.0,0.0,0,0.0,0,0,0,0.0,0.0,0,0.0,0,0,0.0,0.0,0.0,0.0,,,0.0,0.0,0.0,0.0,,,,,,,,,,,,,,,,,,,
IMG-8BF8DD5DE4,primary_1x1x2,6.0,2,1.8815602;3.1698066,1.288246407925611,0.717425431711146,9597,0.901013057807333,0,0,0.9834969412434201,0.7375709202807962,0.7161724243350658,1,15.34,1.0,7670,15.34,16,1,3,23.224,0.9913771023648937,11713,23.426,19,1,0.9548286604361371,0.26242907971920376,0.2838275756649343,2,5.308,0.9725174056430927,2729,5.458,13,1,7,7.898,0.8507109004739336,4642,9.284,17,1,0.26242907971920376,0.9725174056430927,0.09616309260505819,0.05101452062698336,0.30819057535288497,0.5787761211395264,0.2838275756649343,0.8507109004739336,0.21400183430143688,0.08413329257107918,0.3571440630687552,0.5267832279205322,,,,,,,,,,,,,,,,,
IMG-16B3264BD9,primary_1x1x2,6.0,2,1.8815602;3.1698066,1.288246407925611,0.6534130404559989,2350,0.4185961386981098,0,0,0.8897772701313535,0.7606401089547157,0.7918233082706767,3,4.429999999999998,0.9914950760966875,2234,4.467999999999998,16,1,2,6.695999999999998,0.9934718100890207,3370,6.739999999999998,21,1,0.67779632721202,0.2393598910452843,0.20817669172932332,4,1.3159999999999996,0.9359886201991465,703,1.4059999999999995,12,1,8,1.2959999999999996,0.7313769751693002,886,1.7719999999999994,17,1,0.2393598910452843,0.9359886201991465,0.6809669731018048,0.08580183861082738,0.42678364606204355,0.5562529563903809,0.20817669172932332,0.7313769751693002,0.9398496240601507,0.10655545112781957,0.3735156217733843,0.4221968650817871,,,,,,,,,,,,,,,,,
IMG-34B5A93F0D,primary_1x1x2,6.0,2,1.8815602;3.1698066,1.288246407925611,0.6217367820920603,20720,-0.0038313557846153643,0,0,0.9328388957560775,0.9509695569175123,0.8224292101341282,1,75.71999999999998,1.0,37860,75.71999999999998,19,1,2,44.13799999999999,0.9997734891727824,22074,44.147999999999996,26,1,0.0,0.04903044308248769,0.17757078986587183,1,3.9039999999999995,1.0,1952,3.9039999999999995,16,1,5,8.017999999999999,0.8411665967268149,4766,9.531999999999998,21,1,0.04903044308248769,1.0,0.012559027428915908,0.015598312066713556,0.48628492776598786,1.3722853660583496,0.17757078986587183,0.8411665967268149,0.09314456035767513,0.029936661698956785,0.33017547312222406,0.7072787284851074,,,,,,,,,,,,,,,,,
IMG-893073F906,primary_1x1x2,6.0,2,1.8815602;3.1698066,1.288246407925611,0.6702867688813174,9443,-0.0005795877309689182,0,0,0.0,0.08098363686789313,0.009620369836972176,4,0.854,0.4874429223744292,876,1.752,16,1,7,0.146,0.437125748502994,167,0.334,16,0,0.9592770154846532,0.9190163631321069,0.9903796301630278,1,19.882,1.0,9941,19.882,19,1,1,34.384,1.0,17192,34.384,35,1,0.9190163631321069,1.0,0.046223537025053156,0.032032911158361835,0.3487648868058743,1.0159895420074463,0.9903796301630278,1.0,0.028803502505904716,0.007172072123970275,0.3442677020430593,1.5127806663513184,,,,,,,,,,,,,,,,,
IMG-EE9195B25E,primary_1x1x2,6.0,2,1.8815602;3.1698066,1.288246407925611,0.7842258331332213,14696,0.5980852986022869,0,0,0.8902077151335311,0.46246086203450804,0.5766868435107708,3,13.825999999999997,0.9958225295303947,6942,13.883999999999997,17,1,1,25.913999999999994,1.0,12957,25.913999999999994,23,1,0.8829690026006888,0.537539137965492,0.4233131564892291,4,15.849999999999996,0.9821539224191349,8069,16.137999999999998,19,1,9,18.531999999999996,0.9742403532751551,9511,19.021999999999995,25,1,0.537539137965492,0.9821539224191349,0.1332356272067151,0.06198787555792419,0.3819041848979632,0.4440310001373291,0.4233131564892291,0.9742403532751551,0.20028484956382414,0.05741499020829624,0.33850480922473225,0.43279099464416504,,,,,,,,,,,,,,,,,
IMG-8F0C09D99C,primary_1x1x2,6.0,2,1.8815602;3.1698066,1.288246407925611,0.8005340453938585,4497,0.9678381239576401,0,0,0.9705882352941176,0.030563114925685576,0.0647259213378755,5,0.21199999999999994,0.726027397260274,146,0.2919999999999999,11,0,7,0.30799999999999994,0.3684210526315789,418,0.8359999999999997,14,1,0.9990827791790874,0.9694368850743145,0.9352740786621245,1,9.261999999999999,1.0,4631,9.261999999999999,20,1,1,12.079999999999998,1.0,6040,12.079999999999998,22,1,0.9694368850743145,1.0,0.10466820180029308,0.021038308561858905,0.4020352505104074,0.5647566318511963,0.9352740786621245,1.0,0.07742335088262622,0.04552493031898421,0.38459245806197845,0.5515482425689697,,,,,,,,,,,,,,,,,
IMG-EDA063D47C,primary_1x1x2,6.0,2,1.8815602;3.1698066,1.288246407925611,0.6419822412522374,9146,-0.016565480904974415,0,0,0.6157764865079997,0.9512691442647532,0.2716120275631656,1,17.764,1.0,8882,17.764,16,1,2,9.906,0.9519507976167596,5203,10.406,20,1,0.15744458020596963,0.04873085573524687,0.7283879724368344,3,0.774,0.8505494505494505,455,0.91,18,1,5,27.896,0.9996416541245611,13953,27.906,26,1,0.04873085573524687,0.8505494505494505,0.1606511727535611,0.026935846631680412,0.38071952208727067,0.7718758583068848,0.7283879724368344,0.9996416541245611,0.13050741282104825,0.05215076216329088,0.38047981397735436,0.40474700927734375,,,,,,,,,,,,,,,,,
IMG-7350051976,primary_1x1x2,6.0,2,1.8815602;3.1698066,1.288246407925611,0.784175966709001,14510,0.36629872259358104,0,0,0.916653206267162,0.9248058847568451,0.8211422172452407,1,27.155999999999995,1.0,13578,27.155999999999995,15,1,4,36.647999999999996,0.999563604625791,18332,36.663999999999994,22,1,0.5150375939849624,0.07519411524315488,0.17885778275475925,1,2.2079999999999997,1.0,1104,2.2079999999999997,14,1,9,7.933999999999999,0.993488605058853,3993,7.985999999999999,22,1,0.07519411524315488,1.0,0.03405530581664624,0.024451709576351996,0.3520673982754421,0.6996241807937622,0.17885778275475925,0.993488605058853,0.20156774916013442,0.058051511758118714,0.3793525173216703,0.5048871040344238,,,,,,,,,,,,,,,,,
IMG-4950E13031,primary_1x1x2,6.0,2,1.8815602;3.1698066,1.288246407925611,0.7374535629854779,10918,0.0,0,0,0.9999083997435193,0.9998299030447355,0.9975352901635671,1,23.511999999999997,1.0,11756,23.511999999999997,15,1,2,35.60799999999999,0.9997753818508536,17808,35.61599999999999,20,1,0.0,0.00017009695526450075,0.002464709836432893,1,0.003999999999999999,1.0,2,0.003999999999999999,2,0,6,0.039999999999999994,0.45454545454545453,44,0.08799999999999998,12,0,0.00017009695526450075,1.0,0.0425242388161252,0.00034019391052900156,0.12309149097933271,0.7812962532043457,0.002464709836432893,0.45454545454545453,0.16804839793860635,0.002632758234371499,0.12816752708353665,1.2543666362762451,,,,,,,,,,,,,,,,,
IMG-9E2C4ABE0B,primary_1x1x2,6.0,3,1.499904;2.3261729;3.4900949,0.8262688751652667,0.5847432074776374,8727,0.0,0,0,0.0,0.029923215898825656,0.05535178392797599,2,0.5159999999999999,0.9735849056603774,265,0.5299999999999999,11,1,7,1.4319999999999997,0.6161790017211703,1162,2.3239999999999994,22,1,,0.0,0.0,0,0.0,0.0,0,0.0,0,0,0,0.0,0.0,0,0.0,0,0,0.0,0.0,0.0,0.011912827461607949,,,0.0,0.0,0.0,0.022578954889725146,,,0.9845831636511723,0.9700767841011744,0.944648216072024,1.0,17.181999999999995,1.0,8591.0,17.181999999999995,15.0,1.0,1.0,39.66199999999999,1.0,19831.0,39.66199999999999,24.0,1.0
IMG-D0FB6C7AE7,primary_1x1x2,6.0,3,1.499904;2.3261729;3.4900949,0.8262688751652667,0.6410220412747438,4566,0.069249147655588,0,0,0.5838347698812815,0.947932290550675,0.5533980582524272,1,8.848,1.0,4424,8.848,12,1,1,10.602,1.0,5301,10.602,17,1,0.0,0.0,0.01712078505063159,0,0.0,0.0,0,0.0,0,0,1,0.328,1.0,164,0.328,15,0,0.0,0.0,0.0,0.03824726805228198,,,0.01712078505063159,1.0,0.05219751539826704,0.10074120471865539,0.17538226777211108,1.7161461114883423,0.0750260507120528,0.052067709449325046,0.4294811566969412,2.0,0.446,0.9176954732510288,243.0,0.486,12.0,0.0,2.0,8.12,0.9868740884783666,4114.0,8.228,19.0,1.0
IMG-1815129EC4,primary_1x1x2,6.0,3,1.499904;2.3261729;3.4900949,0.8262688751652667,0.8566391650800367,42518,-0.013835109394616253,0,0,0.02634054562558796,0.10455871189420272,0.0008128594362819809,8,8.978,0.857661444401987,5234,10.468,12,1,1,0.08,1.0,40,0.08,7,0,0.0,0.0,0.036456745717246844,0,0.0,0.0,0,0.0,0,0,3,3.578,0.9972129319955407,1794,3.588,24,1,0.0,0.0,0.0,0.03330137041032402,,,0.036456745717246844,0.9972129319955407,0.030482228860574282,0.011695015139507001,0.311013753405417,1.0476438999176025,0.9623171416709405,0.8954412881057973,0.9627303948464712,2.0,89.64,0.9999107620917366,44824.0,89.648,20.0,1.0,1.0,94.75,1.0,47375.0,94.75,24.0,1.0
IMG-AD73EFA971,primary_1x1x2,6.0,3,1.499904;2.3261729;3.4900949,0.8262688751652667,0.7304497493077902,9761,0.12344842061739936,0,0,0.2741031390134529,0.15256107171000788,0.39298945568538046,6,2.8219999999999996,0.7288223140495868,1936,3.871999999999999,16,1,1,11.031999999999998,1.0,5516,11.031999999999998,18,1,0.0,7.880220646178094e-05,0.0,1,0.0019999999999999996,1.0,1,0.0019999999999999996,1,0,0,0.0,0.0,0,0.0,0,0,7.880220646178094e-05,1.0,0.03940110323089048,0.03684003152088259,0.13245323570650436,1.3887972831726074,0.0,0.0,0.0,0.07110287831290966,,,0.8377107754027455,0.8473601260835303,0.6070105443146195,4.0,21.379999999999995,0.9941411699060727,10753.0,21.505999999999997,20.0,1.0,2.0,17.007999999999996,0.9981220657276996,8520.0,17.039999999999996,27.0,1.0
IMG-D31CF4ABF7,primary_1x1x2,6.0,3,1.499904;2.3261729;3.4900949,0.8262688751652667,0.708029197080292,4753,0.34317948608536214,0,0,,0.0,0.0,0,0.0,0.0,0,0.0,0,0,0,0.0,0.0,0,0.0,0,0,0.961926091825308,0.8097994346480011,0.9406369851592463,1,12.031999999999998,1.0,6016,12.031999999999998,23,1,4,11.273999999999997,0.9992909058677539,5641,11.281999999999998,26,1,0.8097994346480011,1.0,0.0673038093956118,0.06467896082918294,0.33962204254368894,,0.9406369851592463,0.9992909058677539,0.3335000833750209,0.028681007170251797,0.3312675137543944,,0.4097222222222222,0.19020056535199892,0.05936301484075371,8.0,2.5559999999999996,0.9044585987261147,1413.0,2.8259999999999996,19.0,1.0,10.0,0.6319999999999999,0.8876404494382022,356.0,0.7119999999999999,16.0,1.0
IMG-182FA24923,primary_1x1x2,6.0,3,1.499904;2.3261729;3.4900949,0.8262688751652667,0.7349436812292467,5644,1.0,0,0,1.0,1.0,1.0,1,11.433999999999997,1.0,5717,11.433999999999997,5,1,2,19.281999999999996,0.9998962870773699,9642,19.283999999999995,8,1,,0.0,0.0,0,0.0,0.0,0,0.0,0,0,0,0.0,0.0,0,0.0,0,0,0.0,0.0,0.0,0.0,,,0.0,0.0,0.0,0.0,,,,0.0,0.0,0.0,0.0,0.0,0.0,0.0,0.0,0.0,0.0,0.0,0.0,0.0,0.0,0.0,0.0
IMG-B1DBEB52F4,primary_1x1x2,6.0,3,1.499904;2.3261729;3.4900949,0.8262688751652667,0.6065254849647046,21824,0.13248457341345274,0,0,,0.0,0.0,0,0.0,0.0,0,0.0,0,0,0,0.0,0.0,0,0.0,0,0,0.9570431013725018,0.9109904648934715,0.9833749625337197,3,39.88199999999999,0.9986478365384616,19968,39.93599999999999,30,1,2,98.42199999999997,0.9999593603316197,49213,98.42599999999997,41,1,0.9109904648934715,0.9986478365384616,0.0684337789132716,0.023062183493772526,0.3053834642654954,,0.9833749625337197,0.9999593603316197,0.019982016185433115,0.00867219502447797,0.2912563251791584,,0.15769593956562794,0.08900953510652858,0.016625037466280346,5.0,3.761999999999999,0.9641209636084059,1951.0,3.9019999999999992,19.0,1.0,10.0,1.0319999999999998,0.6201923076923077,832.0,1.6639999999999995,22.0,1.0
IMG-825C59B3C8,primary_1x1x2,6.0,3,1.499904;2.3261729;3.4900949,0.8262688751652667,0.8786427040046584,16598,0.6187484430482602,0,0,0.9825282631038027,0.029502572898799314,0.031393228524961805,4,0.9419999999999997,0.9127906976744186,516,1.0319999999999998,12,1,4,1.1759999999999997,0.9230769230769231,637,1.2739999999999998,12,1,0.8408617095205003,0.413093196112064,0.2903750431225667,2,14.445999999999996,0.9997231833910034,7225,14.449999999999996,21,1,6,8.941999999999998,0.758825526137135,5892,11.783999999999999,22,1,0.413093196112064,0.9997231833910034,0.0571755288736421,0.07069754145225844,0.3376398920251517,1.5321464538574219,0.2903750431225667,0.758825526137135,0.14784879996057368,0.0583263515844463,0.30607930789457044,1.441356897354126,0.9107237699773068,0.5574042309891366,0.6782317283524716,5.0,18.639999999999997,0.9559954867165863,9749.0,19.497999999999998,19.0,1.0,5.0,27.433999999999994,0.9967301264351112,13762.0,27.523999999999994,20.0,1.0
IMG-DA4569F340,primary_1x1x2,6.0,3,1.499904;2.3261729;3.4900949,0.8262688751652667,0.649894802811227,7259,1.0,0,0,1.0,0.9552101172441049,0.9686059126661242,1,14.501999999999999,1.0,7251,14.501999999999999,10,1,2,28.565999999999995,0.99985999299965,14285,28.569999999999997,11,1,,0.0,0.0,0,0.0,0.0,0,0.0,0,0,0,0.0,0.0,0,0.0,0,0,0.0,0.0,0.0,0.028586483994203667,,,0.0,0.0,0.0,0.018985625169514513,,,1.0,0.04478988275589514,0.03139408733387578,3.0,0.5699999999999998,0.8382352941176471,340.0,0.6799999999999999,8.0,1.0,6.0,0.8659999999999999,0.9352051835853131,463.0,0.9259999999999999,10.0,1.0
IMG-8BF8DD5DE4,primary_1x1x2,6.0,3,1.499904;2.3261729;3.4900949,0.8262688751652667,0.717425431711146,9597,0.6869163459398465,0,0,0.9886518384021789,0.11453024329262429,0.08553959033934577,4,2.332,0.979009235936188,1191,2.382,12,1,2,2.782,0.9942816297355254,1399,2.798,14,1,0.025280898876404494,0.043946533320511585,0.03320085600733721,2,0.896,0.9803063457330415,457,0.914,11,1,10,0.976,0.8987108655616943,543,1.086,16,1,0.043946533320511585,0.9803063457330415,0.09616309260505819,0.06240984710068276,0.25896044279339075,1.2884005308151245,0.03320085600733721,0.8987108655616943,0.3057169061449098,0.04735554876184653,0.24548065058849097,1.164440631866455,0.9558326678542908,0.8415232233868641,0.881259553653317,1.0,17.502,1.0,8751.0,17.502,16.0,1.0,3.0,28.756,0.9975716367168529,14413.0,28.826,19.0,1.0
IMG-16B3264BD9,primary_1x1x2,6.0,3,1.499904;2.3261729;3.4900949,0.8262688751652667,0.6534130404559989,2350,0.3475710127349816,0,0,0.5469107551487414,0.3122233571671774,0.09210526315789473,1,1.8339999999999994,1.0,917,1.8339999999999994,15,1,5,0.5999999999999998,0.7653061224489796,392,0.7839999999999998,11,1,0.0,0.0,0.007518796992481203,0,0.0,0.0,0,0.0,0,0,4,0.045999999999999985,0.71875,32,0.06399999999999997,10,0,0.0,0.0,0.0,0.04579502894109635,,,0.007518796992481203,0.71875,0.46992481203007536,0.05885808270676693,0.20069260732513533,1.0914593935012817,0.8947643979057591,0.6877766428328226,0.900375939849624,1.0,4.039999999999998,1.0,2020.0,4.039999999999998,15.0,1.0,1.0,7.663999999999997,1.0,3832.0,7.663999999999997,21.0,1.0
IMG-34B5A93F0D,primary_1x1x2,6.0,3,1.499904;2.3261729;3.4900949,0.8262688751652667,0.6217367820920603,20720,-0.031218591089605664,0,0,0.5265947554398364,0.6823319602130011,0.23882265275707898,4,53.779999999999994,0.9898766795508926,27165,54.32999999999999,18,1,1,12.819999999999999,1.0,6410,12.819999999999999,16,1,0.0,0.04903044308248769,0.03871087928464978,1,3.9039999999999995,1.0,1952,3.9039999999999995,16,1,4,1.9239999999999997,0.9258902791145333,1039,2.0779999999999994,19,1,0.04903044308248769,1.0,0.012559027428915908,0.05970561639706622,0.48628492776598786,1.4522093534469604,0.03871087928464978,0.9258902791145333,0.0745156482861401,0.07343517138599107,0.23942696192440657,1.3016210794448853,0.4707080998471727,0.2686375967045112,0.7224664679582712,8.0,14.081999999999999,0.6583450210378682,10695.0,21.389999999999997,19.0,1.0,2.0,38.779999999999994,0.999948429683874,19391.0,38.78199999999999,27.0,1.0
IMG-893073F906,primary_1x1x2,6.0,3,1.499904;2.3261729;3.4900949,0.8262688751652667,0.6702867688813174,9443,0.15549024463427755,0,0,0.0,0.00018489414810021263,0.000921712080188951,1,0.004,1.0,2,0.004,2,0,2,0.018,0.5625,16,0.032,11,0,0.8739412057797707,0.7293149671812887,0.9086352900512702,2,15.766,0.9992394473317278,7889,15.778,19,1,1,31.546,1.0,15773,31.546,35,1,0.7293149671812887,0.9992394473317278,0.09244707405010631,0.058056762503466766,0.3723299129132968,1.925281047821045,0.9086352900512702,1.0,0.028803502505904716,0.04104499107091422,0.3529462995489913,2.226815938949585,0.28530973451327435,0.27050013867061107,0.09044299786854082,5.0,5.344,0.9131920710868079,2926.0,5.852,18.0,1.0,12.0,1.552,0.4942675159235669,1570.0,3.14,25.0,1.0
IMG-EE9195B25E,primary_1x1x2,6.0,3,1.499904;2.3261729;3.4900949,0.8262688751652667,0.7842258331332213,14696,0.09983915864888174,0,0,0.0,0.0,0.002848495638241054,0,0.0,0.0,0,0.0,0,0,1,0.12799999999999997,1.0,64,0.12799999999999997,7,0,0.16494845360824742,0.17260675504629938,0.03778707495104148,3,5.1419999999999995,0.9922809725974527,2591,5.1819999999999995,19,1,9,1.2679999999999998,0.7467608951707891,849,1.6979999999999995,23,1,0.17260675504629938,0.9922809725974527,0.09992672040503633,0.032742655386050236,0.3803887738654412,,0.03778707495104148,0.7467608951707891,0.20028484956382414,0.019672423001602275,0.2805505333707266,1.1581299304962158,0.9078271381081898,0.8273932449537006,0.9593644294107174,1.0,24.839999999999993,1.0,12420.0,24.839999999999993,21.0,1.0,2.0,43.105999999999995,0.9999072141034563,21555.0,43.10999999999999,26.0,1.0
IMG-8F0C09D99C,primary_1x1x2,6.0,3,1.499904;2.3261729;3.4900949,0.8262688751652667,0.8005340453938585,4497,0.15645047490941655,0,0,,0.0,0.0006193868070610096,0,0.0,0.0,0,0.0,0,0,2,0.005999999999999998,0.75,4,0.007999999999999998,2,0,0.5488372093023256,0.5118275068034331,0.19046144317126046,3,4.873999999999999,0.9967280163599181,2445,4.889999999999999,19,1,5,1.7359999999999995,0.7056910569105691,1230,2.4599999999999995,22,1,0.5118275068034331,0.9967280163599181,0.31400460540087927,0.15176889261042492,0.37462536493596155,,0.19046144317126046,0.7056910569105691,0.3871167544131311,0.11884484360483122,0.298457743195367,1.5700480937957764,0.7730614973262032,0.48817249319656686,0.8089191700216786,1.0,4.663999999999999,1.0,2332.0,4.663999999999999,19.0,1.0,2.0,10.445999999999998,0.9998085758039816,5224.0,10.447999999999999,20.0,1.0
IMG-EDA063D47C,primary_1x1x2,6.0,3,1.499904;2.3261729;3.4900949,0.8262688751652667,0.6419822412522374,9146,0.08963391740828767,0,0,0.0,0.2098104316161508,0.0,5,2.202,0.5620214395099541,1959,3.918,15,1,0,0.0,0.0,0,0.0,0,0,0.4641350210970464,0.041448002570418765,0.26764460221340575,1,0.774,1.0,387,0.774,18,1,11,9.152,0.8925297444899551,5127,10.254,22,1,0.041448002570418765,1.0,0.0535503909178537,0.0687051515476063,0.4003594959159091,0.983303427696228,0.26764460221340575,0.8925297444899551,0.2871163082063061,0.07433702234286907,0.38917647583850445,,0.8107740443477078,0.7487415658134304,0.7323553977865943,2.0,12.016,0.8593906451151481,6991.0,13.982,15.0,1.0,2.0,28.004,0.9980754152113479,14029.0,28.058,26.0,1.0
IMG-7350051976,primary_1x1x2,6.0,3,1.499904;2.3261729;3.4900949,0.8262688751652667,0.784175966709001,14510,-0.030245063807865125,0,0,0.0889124106906589,0.2459474186078191,0.03148936170212766,13,5.419999999999999,0.7504846302963168,3611,7.2219999999999995,13,1,6,0.5959999999999999,0.4238975817923186,703,1.4059999999999997,13,1,0.0,0.0,0.055811870100783874,0,0.0,0.0,0,0.0,0,0,8,1.7459999999999998,0.7006420545746388,1246,2.4919999999999995,20,1,0.0,0.0,0.0,0.0882372973709304,,,0.055811870100783874,0.7006420545746388,0.17917133258678614,0.04535274356103024,0.3519275083824563,1.1963778734207153,0.8181293778327153,0.7540525813921809,0.9126987681970885,2.0,22.139999999999997,0.9999096739228616,11071.0,22.141999999999996,16.0,1.0,5.0,40.72999999999999,0.9994601491951315,20376.0,40.751999999999995,24.0,1.0
IMG-4950E13031,primary_1x1x2,6.0,3,1.499904;2.3261729;3.4900949,0.8262688751652667,0.7374535629854779,10918,0.6337651118442551,0,0,0.92085507971688,0.5620003401939105,0.643569347972216,1,13.215999999999998,1.0,6608,13.215999999999998,13,1,1,22.977999999999998,1.0,11489,22.977999999999998,17,1,,0.0,0.0009522742549854358,0,0.0,0.0,0,0.0,0,0,3,0.027999999999999997,0.8235294117647058,17,0.033999999999999996,9,0,0.0,0.0,0.0,0.07059023643476782,,,0.0009522742549854358,0.8235294117647058,0.08402419896930317,0.04822989020838002,0.11673728330348726,1.7335044145584106,0.858962925213403,0.43799965980608946,0.35547837777279856,5.0,10.285999999999998,0.9986407766990292,5150.0,10.299999999999999,14.0,1.0,13.0,12.155999999999999,0.9577686731799558,6346.0,12.691999999999998,20.0,1.0
IMG-9E2C4ABE0B,primary_1x1x2,8.0,2,1.9053923;3.2567736,1.3513812383272361,0.5847432074776374,8727,0.1017935120896145,0,0,0.9227502654093549,0.9875790424570913,0.911589577478207,1,17.491999999999997,1.0,8746,17.491999999999997,15,1,2,38.26599999999999,0.9997909808224905,19137,38.273999999999994,23,1,0.14156835530881332,0.012420957542908763,0.08841042252179297,4,0.20199999999999993,0.9181818181818182,110,0.21999999999999995,10,0,14,2.6199999999999997,0.7058189655172413,1856,3.7119999999999993,21,1,0.012420957542908763,0.9181818181818182,0.22583559168925027,0.009372177055103884,0.3257642016212387,0.5191130638122559,0.08841042252179297,0.7058189655172413,0.3334444814938314,0.04906397370552089,0.31724249721758874,0.6011958122253418,,,,,,,,,,,,,,,,,
IMG-D0FB6C7AE7,primary_1x1x2,8.0,2,1.9053923;3.2567736,1.3513812383272361,0.6410220412747438,4566,0.23407601213261942,0,0,0.9628265623201749,0.9817870152131991,0.9442530535546508,1,9.164,1.0,4582,9.164,12,1,1,18.09,1.0,9045,18.09,19,1,0.2708803611738149,0.018212984786800942,0.0557469464453492,3,0.084,0.49411764705882355,85,0.17,11,0,6,1.024,0.9588014981273408,534,1.068,16,1,0.018212984786800942,0.49411764705882355,0.32140561388472255,0.016391686308120847,0.2653209970568329,1.408017635345459,0.0557469464453492,0.9588014981273408,0.31318509238960224,0.025159202421964715,0.2687873220234259,1.4089945554733276,,,,,,,,,,,,,,,,,
IMG-1815129EC4,primary_1x1x2,8.0,2,1.9053923;3.2567736,1.3513812383272361,0.8566391650800367,42518,0.18634242412262847,0,0,0.9293443994080937,0.9814415278277199,0.8445203113251641,2,98.256,0.9999796454232734,49129,98.258,20,1,2,83.108,0.9999037489773329,41558,83.116,24,1,0.24996585165960936,0.018558472172280155,0.15547968867483591,5,1.82,0.9795479009687836,929,1.858,14,1,9,13.132,0.8581884720951509,7651,15.302,26,1,0.018558472172280155,0.9795479009687836,0.04994206720204563,0.005883175516400975,0.09599072486817987,0.519641637802124,0.15547968867483591,0.8581884720951509,0.09144668658172285,0.04643459529760816,0.3898986543872556,0.31098270416259766,,,,,,,,,,,,,,,,,
IMG-AD73EFA971,primary_1x1x2,8.0,2,1.9053923;3.2567736,1.3513812383272361,0.7304497493077902,9761,-0.013569243720407588,0,0,0.9366523231112805,0.9117415287628053,0.9916642918210317,1,23.139999999999997,1.0,11570,23.139999999999997,20,1,1,27.837999999999994,1.0,13919,27.837999999999994,28,1,0.0,0.08825847123719464,0.008335708178968367,3,0.8179999999999997,0.3651785714285714,1120,2.2399999999999993,15,1,2,0.23199999999999996,0.9914529914529915,117,0.23399999999999993,16,0,0.08825847123719464,0.3651785714285714,0.11820330969267143,0.043498817966903074,0.324987361820634,0.42792701721191406,0.008335708178968367,0.9914529914529915,0.0712453690510117,0.0050584212026218295,0.31074310409329314,0.5316272974014282,,,,,,,,,,,,,,,,,
IMG-D31CF4ABF7,primary_1x1x2,8.0,2,1.9053923;3.2567736,1.3513812383272361,0.708029197080292,4753,0.2807349484538141,0,0,0.2987012987012987,0.08318750841297617,0.03651825912956478,6,0.9799999999999999,0.7928802588996764,618,1.2359999999999998,17,1,14,0.18599999999999997,0.4246575342465753,219,0.43799999999999994,14,0,0.9884516680923866,0.9168124915870238,0.9634817408704353,1,13.621999999999998,1.0,6811,13.621999999999998,23,1,4,11.547999999999998,0.9993077189338871,5778,11.555999999999997,27,1,0.9168124915870238,1.0,0.0673038093956118,0.03661327231121282,0.3382276571522262,1.5946497917175293,0.9634817408704353,0.9993077189338871,0.3335000833750209,0.028514257128564285,0.33126979410763796,1.621652364730835,,,,,,,,,,,,,,,,,
IMG-182FA24923,primary_1x1x2,8.0,2,1.9053923;3.2567736,1.3513812383272361,0.7349436812292467,5644,1.0,0,0,1.0,1.0,1.0,1,11.433999999999997,1.0,5717,11.433999999999997,5,1,2,19.281999999999996,0.9998962870773699,9642,19.283999999999995,8,1,,0.0,0.0,0,0.0,0.0,0,0.0,0,0,0,0.0,0.0,0,0.0,0,0,0.0,0.0,0.0,0.0,,,0.0,0.0,0.0,0.0,,,,,,,,,,,,,,,,,,,
IMG-B1DBEB52F4,primary_1x1x2,8.0,2,1.9053923;3.2567736,1.3513812383272361,0.6065254849647046,21824,0.7434246713934014,0,0,0.75,0.013230530589899174,0.014207213507842941,3,0.4019999999999999,0.6931034482758621,290,0.5799999999999998,11,1,7,1.0639999999999998,0.7482419127988749,711,1.4219999999999997,25,1,0.9973138199333086,0.9867694694101008,0.9857927864921571,2,43.205999999999996,0.9987979102131398,21629,43.257999999999996,30,1,1,98.66799999999998,1.0,49334,98.66799999999998,41,1,0.9867694694101008,0.9987979102131398,0.0456225192755144,0.0052009671974086406,0.30205362637238703,1.5441975593566895,0.9857927864921571,1.0,0.009991008092716558,0.006743930462583676,0.29066338461804886,2.1840035915374756,,,,,,,,,,,,,,,,,
IMG-825C59B3C8,primary_1x1x2,8.0,2,1.9053923;3.2567736,1.3513812383272361,0.8786427040046584,16598,0.37857857464320416,0,0,0.7481253453311232,0.2847341337907376,0.5018481099995071,6,8.877999999999998,0.8913654618473895,4980,9.959999999999997,17,1,7,20.125999999999998,0.9882156535402141,10183,20.365999999999996,19,1,0.8445462074341111,0.7152658662092625,0.4981518900004928,4,25.009999999999994,0.9996003197442046,12510,25.019999999999992,22,1,6,19.313999999999997,0.9553818757419865,10108,20.215999999999998,23,1,0.7152658662092625,0.9996003197442046,0.1143510577472842,0.07184105202973128,0.3702564404433908,0.8867504596710205,0.4981518900004928,0.9553818757419865,0.14784879996057368,0.08540732344389138,0.33063272584703596,0.7772712707519531,,,,,,,,,,,,,,,,,
IMG-DA4569F340,primary_1x1x2,8.0,2,1.9053923;3.2567736,1.3513812383272361,0.649894802811227,7259,1.0,0,0,1.0,1.0,1.0,1,15.181999999999999,1.0,7591,15.181999999999999,10,1,2,29.491999999999997,0.9998643883916464,14748,29.495999999999995,12,1,,0.0,0.0,0,0.0,0.0,0,0.0,0,0,0,0.0,0.0,0,0.0,0,0,0.0,0.0,0.0,0.0,,,0.0,0.0,0.0,0.0,,,,,,,,,,,,,,,,,,,
IMG-8BF8DD5DE4,primary_1x1x2,8.0,2,1.9053923;3.2567736,1.3513812383272361,0.717425431711146,9597,0.7701197260443796,0,0,0.973428623785963,0.8427733435907299,0.8544787526750229,2,17.474,0.9969192149703332,8764,17.528,16,1,3,27.89,0.9978533094812164,13975,27.95,19,1,0.8459086078639745,0.1572266564092701,0.14552124732497707,3,3.114,0.9522935779816514,1635,3.27,12,1,9,3.83,0.8046218487394958,2380,4.76,18,1,0.1572266564092701,0.9522935779816514,0.1442446389075873,0.04630252908933551,0.286355268167281,0.6883707046508789,0.14552124732497707,0.8046218487394958,0.2751452155304188,0.06588199327422807,0.3212444167297488,0.6860818862915039,,,,,,,,,,,,,,,,,
IMG-16B3264BD9,primary_1x1x2,8.0,2,1.9053923;3.2567736,1.3513812383272361,0.6534130404559989,2350,0.6625998506479475,0,0,0.9284064665127021,0.6697310180456247,0.7410714285714286,4,2.825999999999999,0.7183528215556685,1967,3.933999999999999,16,1,3,6.293999999999998,0.9977805960684845,3154,6.307999999999998,18,1,0.8699820251647693,0.3302689819543752,0.25892857142857145,1,1.9399999999999993,1.0,970,1.9399999999999993,13,1,3,1.6059999999999997,0.7286751361161524,1102,2.2039999999999993,19,1,0.3302689819543752,1.0,0.1702417432754512,0.12563840653728295,0.46055134025836436,0.6538140773773193,0.25892857142857145,0.7286751361161524,0.3524436090225565,0.16200657894736845,0.3895848270315507,0.57161545753479,,,,,,,,,,,,,,,,,
IMG-34B5A93F0D,primary_1x1x2,8.0,2,1.9053923;3.2567736,1.3513812383272361,0.6217367820920603,20720,0.015866199539198794,0,0,0.9619472575955079,0.9639807093338691,0.8697839046199702,1,76.75599999999999,1.0,38378,76.75599999999999,19,1,3,46.55199999999999,0.9970443349753695,23345,46.68999999999999,27,1,0.01937984496124031,0.03601929066613081,0.13021609538002982,3,2.8259999999999996,0.9853556485355649,1434,2.8679999999999994,14,1,6,5.477999999999999,0.7836909871244635,3495,6.989999999999999,19,1,0.03601929066613081,0.9853556485355649,0.03767708228674772,0.01410378780267256,0.4903329410781276,1.367600440979004,0.13021609538002982,0.7836909871244635,0.11177347242921015,0.02626676602086438,0.3044071213581682,0.7862548828125,,,,,,,,,,,,,,,,,
IMG-893073F906,primary_1x1x2,8.0,2,1.9053923;3.2567736,1.3513812383272361,0.6702867688813174,9443,0.016373985455727397,0,0,0.020512820512820513,0.1200887491910881,0.0256351172302552,8,0.844,0.3248652809853734,1299,2.598,14,1,5,0.372,0.41797752808988764,445,0.89,19,1,0.9466808106750042,0.8799112508089119,0.9743648827697448,1,19.036,1.0,9518,19.036,19,1,1,33.828,1.0,16914,33.828,35,1,0.8799112508089119,1.0,0.046223537025053156,0.053989091245262084,0.35302688901543006,0.9451029300689697,0.9743648827697448,1.0,0.028803502505904716,0.016648424448412927,0.34683429944045324,1.413090467453003,,,,,,,,,,,,,,,,,
IMG-EE9195B25E,primary_1x1x2,8.0,2,1.9053923;3.2567736,1.3513812383272361,0.7842258331332213,14696,0.46293780593036443,0,0,0.8625131748448296,0.5178868829525015,0.6303631831938757,2,15.543999999999997,0.9997427321842037,7774,15.547999999999996,18,1,4,28.29799999999999,0.999011508861117,14163,28.325999999999993,22,1,0.8093227221049212,0.4821131170474985,0.36963681680612426,6,14.287999999999997,0.9871493712864446,7237,14.473999999999997,19,1,14,15.185999999999996,0.9142685129440097,8305,16.609999999999996,25,1,0.4821131170474985,0.9871493712864446,0.19985344081007267,0.07034841116514556,0.3795329529111757,0.46129322052001953,0.36963681680612426,0.9142685129440097,0.31155421043261533,0.0777327755029375,0.32838666704547514,0.438967227935791,,,,,,,,,,,,,,,,,
IMG-8F0C09D99C,primary_1x1x2,8.0,2,1.9053923;3.2567736,1.3513812383272361,0.8005340453938585,4497,0.32578237104349406,0,0,0.4632952691680261,0.062172911869374084,0.2788789098792196,5,0.29799999999999993,0.5016835016835017,297,0.5939999999999999,12,1,6,1.3199999999999998,0.36646307606885065,1801,3.601999999999999,19,1,0.9152935118434603,0.9378270881306259,0.7211210901207804,1,8.959999999999997,1.0,4480,8.959999999999997,20,1,2,9.253999999999998,0.9935580846038222,4657,9.313999999999998,22,1,0.9378270881306259,1.0,0.10466820180029308,0.051392087083943896,0.40145951677341174,0.5687170028686523,0.7211210901207804,0.9935580846038222,0.15484670176525245,0.14811087023846392,0.3905299014000861,0.4238278865814209,,,,,,,,,,,,,,,,,
IMG-EDA063D47C,primary_1x1x2,8.0,2,1.9053923;3.2567736,1.3513812383272361,0.6419822412522374,9146,0.011393371666279007,0,0,0.7012891344383058,0.9644425404305451,0.329557318855711,1,18.01,1.0,9005,18.01,20,1,3,8.776,0.6950736575320766,6313,12.626,23,1,0.1403434386262455,0.03555745956945486,0.670442681144289,2,0.658,0.9909638554216867,332,0.664,19,1,7,25.638,0.998131277738846,12843,25.686,26,1,0.03555745956945486,0.9909638554216867,0.1071007818357074,0.019867195030523723,0.47171394634933617,0.33557844161987305,0.670442681144289,0.998131277738846,0.18271037794946754,0.09153789935268324,0.3665089797028841,0.5289251804351807,,,,,,,,,,,,,,,,,
IMG-7350051976,primary_1x1x2,8.0,2,1.9053923;3.2567736,1.3513812383272361,0.784175966709001,14510,0.20128433267390874,0,0,0.911860465116279,0.9666258002996867,0.8413437849944009,1,28.383999999999997,1.0,14192,28.383999999999997,16,1,1,37.565999999999995,1.0,18783,37.565999999999995,24,1,0.2937888198757764,0.03337419970031331,0.1586562150055991,2,0.5399999999999999,0.5510204081632653,490,0.9799999999999999,14,1,6,6.091999999999999,0.859966120835686,3542,7.083999999999999,21,1,0.03337419970031331,0.5510204081632653,0.06811061163329248,0.016823321073423242,0.30641530303238346,0.8189331293106079,0.1586562150055991,0.859966120835686,0.13437849944008962,0.0556774916013438,0.364571605002435,0.6001896858215332,,,,,,,,,,,,,,,,,
IMG-4950E13031,primary_1x1x2,8.0,2,1.9053923;3.2567736,1.3513812383272361,0.7374535629854779,10918,0.0,0,0,0.9999083997435193,0.9998299030447355,0.9928859511539323,1,23.511999999999997,1.0,11756,23.511999999999997,15,1,3,35.43399999999999,0.9995486600846263,17725,35.449999999999996,20,1,0.0,0.00017009695526450075,0.007114048846067668,1,0.003999999999999999,1.0,2,0.003999999999999999,2,0,11,0.07799999999999999,0.30708661417322836,127,0.25399999999999995,13,0,0.00017009695526450075,1.0,0.0425242388161252,0.00017009695526450078,0.12309149097933271,1.282163143157959,0.007114048846067668,0.30708661417322836,0.30808872955411165,0.00714205691239077,0.12655461806052593,0.8884342908859253,,,,,,,,,,,,,,,,,
IMG-9E2C4ABE0B,primary_1x1x2,8.0,3,1.6310971;2.4108468;3.5982528,0.7797496729688236,0.5847432074776374,8727,0.6040039415538789,0,0,0.7551942186088527,0.21804426377597108,0.3721240413471157,8,1.7499999999999996,0.4531330916623511,1931,3.861999999999999,11,1,5,7.0939999999999985,0.45404505888376856,7812,15.623999999999997,20,1,0.5454545454545454,0.00033875338753387534,0.004334778259419807,1,0.005999999999999998,1.0,3,0.005999999999999998,3,0,8,0.04999999999999999,0.27472527472527475,91,0.18199999999999997,17,0,0.00033875338753387534,1.0,0.05645889792231257,0.10235998193315266,0.2,1.1599509716033936,0.004334778259419807,0.27472527472527475,0.1905397037107608,0.1052731863001953,0.17618477783285375,1.7097060680389404,0.9420761931737714,0.7816169828364951,0.6235411803934645,1.0,13.843999999999996,1.0,6922.0,13.843999999999996,15.0,1.0,8.0,25.859999999999992,0.9877769289533995,13090.0,26.179999999999993,22.0,1.0
IMG-D0FB6C7AE7,primary_1x1x2,8.0,3,1.6310971;2.4108468;3.5982528,0.7797496729688236,0.6410220412747438,4566,0.17215422013020362,0,0,0.7373981285843646,0.912363402614099,0.6741831088840171,1,8.516,1.0,4258,8.516,12,1,1,12.916,1.0,6458,12.916,18,1,0.0,0.0,0.03518112537843199,0,0.0,0.0,0,0.0,0,0,4,0.632,0.9376854599406528,337,0.674,14,1,0.0,0.0,0.0,0.044139704306835226,,,0.03518112537843199,0.9376854599406528,0.20879006159306815,0.12115043323937781,0.27587946701136046,1.6352440118789673,0.13362637362637364,0.087636597385901,0.2906357657375509,1.0,0.818,1.0,409.0,0.818,11.0,1.0,10.0,4.954,0.8897270114942529,2784.0,5.568,18.0,1.0
IMG-1815129EC4,primary_1x1x2,8.0,3,1.6310971;2.4108468;3.5982528,0.7797496729688236,0.8566391650800367,42518,0.03262392748453876,0,0,0.05454342237621549,0.28572855487634347,0.0064012680607206,3,27.954,0.9772075788296162,14303,28.606,19,1,4,0.334,0.5301587301587302,315,0.63,13,1,0.0,0.0,0.00040642971814099045,0,0.0,0.0,0,0.0,0,0,2,0.028,0.7,20,0.04,9,0,0.0,0.0,0.0,0.06406568380678412,,,0.00040642971814099045,0.7,0.020321485907049523,0.005212461135158203,0.05586320102403507,1.2520776987075806,0.8887399287620099,0.7142714451236566,0.9931923022211384,4.0,71.392,0.9983498811355055,35755.0,71.51,19.0,1.0,1.0,97.748,1.0,48874.0,97.748,27.0,1.0
IMG-AD73EFA971,primary_1x1x2,8.0,3,1.6310971;2.4108468;3.5982528,0.7797496729688236,0.7304497493077902,9761,0.08858164887988017,0,0,0.4068627450980392,0.30141843971631205,0.505557138785979,8,5.873999999999999,0.7678431372549019,3825,7.649999999999999,18,1,6,11.049999999999999,0.7786076662908681,7096,14.191999999999997,18,1,,0.0,7.124536905101169e-05,0,0.0,0.0,0,0.0,0,0,1,0.0019999999999999996,1.0,1,0.0019999999999999996,1,0,0.0,0.0,0.0,0.04633569739952719,,,7.124536905101169e-05,1.0,0.03562268452550585,0.1225420347677401,0.1507556722888818,1.655195951461792,0.754670528602462,0.6985815602836879,0.4943716158449701,4.0,17.527999999999995,0.9886068809926678,8865.0,17.729999999999997,18.0,1.0,5.0,13.637999999999996,0.9827064418504107,6939.0,13.877999999999997,27.0,1.0
IMG-D31CF4ABF7,primary_1x1x2,8.0,3,1.6310971;2.4108468;3.5982528,0.7797496729688236,0.708029197080292,4753,0.45171648044538937,0,0,,0.013595369497913581,0.0006670001667500417,1,0.20199999999999999,1.0,101,0.20199999999999999,8,0,2,0.003999999999999999,0.5,4,0.007999999999999998,4,0,0.9694801565120179,0.8060304213218468,0.9176254794063698,3,11.967999999999998,0.9993319973279893,5988,11.975999999999997,23,1,4,10.997999999999998,0.9992731237506814,5503,11.005999999999998,26,1,0.8060304213218468,0.9993319973279893,0.20191142818683538,0.09348499125050477,0.34909781101164006,1.9444568157196045,0.9176254794063698,0.9992731237506814,0.3335000833750209,0.0463565115891279,0.33581079325091256,2.4840378761291504,0.5133689839572193,0.1803742091802396,0.0817075204268801,11.0,1.5179999999999998,0.5664179104477612,1340.0,2.6799999999999997,17.0,1.0,15.0,0.6119999999999999,0.6244897959183674,490.0,0.9799999999999999,15.0,1.0
IMG-182FA24923,primary_1x1x2,8.0,3,1.6310971;2.4108468;3.5982528,0.7797496729688236,0.7349436812292467,5644,1.0,0,0,1.0,1.0,1.0,1,11.433999999999997,1.0,5717,11.433999999999997,5,1,2,19.281999999999996,0.9998962870773699,9642,19.283999999999995,8,1,,0.0,0.0,0,0.0,0.0,0,0.0,0,0,0,0.0,0.0,0,0.0,0,0,0.0,0.0,0.0,0.0,,,0.0,0.0,0.0,0.0,,,,0.0,0.0,0.0,0.0,0.0,0.0,0.0,0.0,0.0,0.0,0.0,0.0,0.0,0.0,0.0,0.0
IMG-B1DBEB52F4,primary_1x1x2,8.0,3,1.6310971;2.4108468;3.5982528,0.7797496729688236,0.6065254849647046,21824,0.7783963385906927,0,0,,0.0,0.0022779498451393747,0,0.0,0.0,0,0.0,0,0,4,0.15799999999999997,0.6929824561403509,114,0.22799999999999995,12,0,0.9864805073496878,0.9188831607281354,0.9476670996103507,4,40.17999999999999,0.9974678516458965,20141,40.28199999999999,29,1,1,94.85199999999999,1.0,47426,94.85199999999999,40,1,0.9188831607281354,0.9974678516458965,0.0912450385510288,0.018134951412016972,0.3062417872652811,,0.9476670996103507,1.0,0.009991008092716558,0.02033170146867819,0.29447580767887654,2.733398199081421,0.8145650708024275,0.0811168392718646,0.05005495054450994,3.0,3.489999999999999,0.9814398200224972,1778.0,3.555999999999999,21.0,1.0,15.0,3.977999999999999,0.7940119760479042,2505.0,5.009999999999999,27.0,1.0
IMG-825C59B3C8,primary_1x1x2,8.0,3,1.6310971;2.4108468;3.5982528,0.7797496729688236,0.8786427040046584,16598,0.7132194079217813,0,0,0.8216783216783217,0.06506575185820469,0.08215464984475876,9,1.0879999999999999,0.4780316344463972,1138,2.2759999999999994,14,1,7,1.5719999999999996,0.471505698860228,1667,3.333999999999999,13,1,0.8826395039858281,0.31355060034305315,0.2346360455374304,3,10.583999999999998,0.9649890590809628,5484,10.967999999999998,21,1,6,7.389999999999998,0.7760974585171182,4761,9.521999999999998,22,1,0.31355060034305315,0.9649890590809628,0.08576329331046315,0.08467695826186393,0.34259677937522726,1.6901342868804932,0.2346360455374304,0.7760974585171182,0.14784879996057368,0.08461879651076831,0.31263562019729774,1.5609413385391235,0.9328944962515999,0.6213836477987421,0.6832093046178108,7.0,21.611999999999995,0.9942951785057048,10868.0,21.735999999999997,18.0,1.0,4.0,27.695999999999994,0.9989179831205367,13863.0,27.725999999999992,19.0,1.0
IMG-DA4569F340,primary_1x1x2,8.0,3,1.6310971;2.4108468;3.5982528,0.7797496729688236,0.649894802811227,7259,1.0,0,0,1.0,0.979449347912001,0.985353946297803,1,14.869999999999997,1.0,7435,14.869999999999997,10,1,1,29.063999999999997,1.0,14532,29.063999999999997,11,1,,0.0,0.0,0,0.0,0.0,0,0.0,0,0,0,0.0,0.0,0,0.0,0,0,0.0,0.0,0.0,0.015215386642076145,,,0.0,0.0,0.0,0.010272579332790889,,,1.0,0.020550652087998948,0.014646053702196907,4.0,0.25599999999999995,0.8205128205128205,156.0,0.31199999999999994,7.0,0.0,4.0,0.3519999999999999,0.8148148148148148,216.0,0.43199999999999994,9.0,0.0
IMG-8BF8DD5DE4,primary_1x1x2,8.0,3,1.6310971;2.4108468;3.5982528,0.7797496729688236,0.717425431711146,9597,0.7591658613939243,0,0,0.8704769736842105,0.26492932012693526,0.1894833384286151,3,5.32,0.9655172413793104,2755,5.51,13,1,2,6.184,0.9977412068409164,3099,6.198,16,1,0.9855769230769231,0.04019617270891432,0.056924487924182206,3,0.812,0.9712918660287081,418,0.836,9,1,5,1.6,0.8592910848549946,931,1.862,16,1,0.04019617270891432,0.9712918660287081,0.1442446389075873,0.09866333301278969,0.2173921932622839,1.264319896697998,0.056924487924182206,0.8592910848549946,0.1528584530724549,0.0935799449709569,0.3063874449137351,1.2804030179977417,0.9524373981330567,0.6948745071641504,0.7535921736472027,4.0,14.436,0.9988928867976751,7226.0,14.452,16.0,1.0,5.0,24.63,0.9991886409736308,12325.0,24.65,18.0,1.0
IMG-16B3264BD9,primary_1x1x2,8.0,3,1.6310971;2.4108468;3.5982528,0.7797496729688236,0.6534130404559989,2350,0.8677412883927917,0,0,0.9376558603491272,0.29179434797412324,0.2845394736842105,2,1.6919999999999995,0.9871645274212368,857,1.7139999999999993,14,1,10,2.317999999999999,0.9570602807597027,1211,2.4219999999999993,15,1,0.0,0.00034048348655090226,0.0,1,0.001999999999999999,1.0,1,0.001999999999999999,1,0,0,0.0,0.0,0,0.0,0,0,0.00034048348655090226,1.0,0.1702417432754512,0.07065032345931223,0.23570226039551584,1.3676764965057373,0.0,0.0,0.0,0.1331062030075188,,,0.9782608695652174,0.7078651685393258,0.7154605263157895,4.0,4.133999999999999,0.9942279942279942,2079.0,4.157999999999999,15.0,1.0,1.0,6.089999999999998,1.0,3045.0,6.089999999999998,21.0,1.0
IMG-34B5A93F0D,primary_1x1x2,8.0,3,1.6310971;2.4108468;3.5982528,0.7797496729688236,0.6217367820920603,20720,0.04145338721436383,0,0,0.6560319794848588,0.7868230684215815,0.34906855439642326,1,62.64999999999999,1.0,31325,62.64999999999999,19,1,8,18.269999999999996,0.9750240153698367,9369,18.737999999999996,18,1,0.0,0.019215311966241336,0.04139344262295082,1,1.5299999999999998,1.0,765,1.5299999999999998,14,1,4,2.1619999999999995,0.972997299729973,1111,2.2219999999999995,18,1,0.019215311966241336,1.0,0.012559027428915908,0.05636491510097459,0.6586848514434783,1.4925377368927002,0.04139344262295082,0.972997299729973,0.0745156482861401,0.08498509687034278,0.3658411952401918,1.2521111965179443,0.34975978037062455,0.19396161961217723,0.6095380029806259,12.0,12.255999999999998,0.7935767935767936,7722.0,15.443999999999999,16.0,1.0,4.0,29.177999999999997,0.8917481662591688,16360.0,32.72,27.0,1.0
IMG-893073F906,primary_1x1x2,8.0,3,1.6310971;2.4108468;3.5982528,0.7797496729688236,0.6702867688813174,9443,0.05928603900739044,0,0,0.0,0.0013867061107515947,0.0025347082205196153,1,0.03,1.0,15,0.03,5,0,3,0.04,0.45454545454545453,44,0.088,9,0,0.7988896966492631,0.6254969030230193,0.8824241027708969,1,13.532,1.0,6766,13.532,19,1,4,30.558,0.9974539757148453,15318,30.636,35,1,0.6254969030230193,1.0,0.046223537025053156,0.10201534621429231,0.3813194955719467,1.7022165060043335,0.8824241027708969,0.9974539757148453,0.11521401002361886,0.05380494268103001,0.35622382387127793,2.0972222089767456,0.18283881315156375,0.3731163908662291,0.11504118900858344,4.0,4.044,0.5009910802775025,4036.0,8.072,18.0,1.0,13.0,1.312,0.328492739108663,1997.0,3.994,23.0,1.0
IMG-EE9195B25E,primary_1x1x2,8.0,3,1.6310971;2.4108468;3.5982528,0.7797496729688236,0.7842258331332213,14696,0.11294510801007361,0,0,0.30735930735930733,0.015388714942375592,0.0518960299092042,11,0.26199999999999996,0.5670995670995671,231,0.4619999999999999,11,0,5,1.1659999999999997,0.5,1166,2.3319999999999994,12,1,0.13459399332591768,0.10918659649590301,0.031956560441516825,8,3.117999999999999,0.951189749847468,1639,3.277999999999999,19,1,14,0.8499999999999998,0.5919220055710307,718,1.4359999999999997,24,1,0.10918659649590301,0.951189749847468,0.2664712544134302,0.04746519219239225,0.3493288484542417,1.195173978805542,0.031956560441516825,0.5919220055710307,0.31155421043261533,0.04655510058750222,0.21173971387332058,0.9977889060974121,0.917660292463442,0.8754246885617214,0.916147409649279,1.0,26.281999999999993,1.0,13141.0,26.281999999999993,21.0,1.0,1.0,41.16799999999999,1.0,20584.0,41.16799999999999,25.0,1.0
IMG-8F0C09D99C,primary_1x1x2,8.0,3,1.6310971;2.4108468;3.5982528,0.7797496729688236,0.8005340453938585,4497,0.17867447199816394,0,0,0.0,0.0,0.010839269123567669,0,0.0,0.0,0,0.0,0,0,4,0.09999999999999998,0.7142857142857143,70,0.13999999999999996,8,0,0.5069972011195522,0.44169981159723676,0.1392071848869619,4,4.203999999999999,0.9962085308056872,2110,4.219999999999999,18,1,4,0.7999999999999998,0.44493882091212456,899,1.7979999999999996,20,1,0.44169981159723676,0.9962085308056872,0.41867280720117234,0.16213104458865396,0.4053172145237549,,0.1392071848869619,0.44493882091212456,0.3096934035305049,0.09058532053267267,0.3209044356996973,1.2976648807525635,0.8004968172643999,0.5583001884027632,0.8499535459894704,2.0,5.177999999999999,0.9707536557930259,2667.0,5.333999999999999,18.0,1.0,1.0,10.977999999999998,1.0,5489.0,10.977999999999998,20.0,1.0
IMG-EDA063D47C,primary_1x1x2,8.0,3,1.6310971;2.4108468;3.5982528,0.7797496729688236,0.6419822412522374,9146,0.056927700539083574,0,0,0.0,0.5175109778301381,5.2202965128419294e-05,3,6.556,0.6783940397350994,4832,9.664,15,1,1,0.002,1.0,1,0.002,1,0,0.0,0.0,0.22802255168093546,0,0.0,0.0,0,0.0,0,0,19,5.98,0.6845238095238095,4368,8.736,25,1,0.0,0.0,0.0,0.10865374317232515,,,0.22802255168093546,0.6845238095238095,0.49592816871998335,0.1020045938609313,0.3594617136031132,1.2691890001296997,0.5487358880585149,0.48248902216986184,0.7719252453539361,2.0,8.93,0.9911209766925638,4505.0,9.01,20.0,1.0,3.0,29.338,0.9920200175830121,14787.0,29.574,25.0,1.0
IMG-7350051976,primary_1x1x2,8.0,3,1.6310971;2.4108468;3.5982528,0.7797496729688236,0.784175966709001,14510,0.07545200376039443,0,0,0.4279220779220779,0.4997956681651001,0.2076147816349384,10,12.671999999999999,0.8634505314799673,7338,14.675999999999998,14,1,10,4.301999999999999,0.4640776699029126,4635,9.269999999999998,18,1,1.0,0.0007492167279662172,0.003135498320268757,1,0.021999999999999995,1.0,11,0.021999999999999995,5,0,5,0.09399999999999999,0.6714285714285714,70,0.13999999999999996,18,0,0.0007492167279662172,1.0,0.03405530581664624,0.0939926440539436,0.1543033499620919,1.989314079284668,0.003135498320268757,0.6714285714285714,0.11198208286674134,0.08248600223964167,0.14461932230994667,1.4373618364334106,0.7324627998785302,0.49945511510693363,0.7892497200447929,2.0,14.657999999999998,0.99945452066003,7333.0,14.665999999999999,15.0,1.0,2.0,35.23199999999999,0.9997729852440409,17620.0,35.239999999999995,24.0,1.0
IMG-4950E13031,primary_1x1x2,8.0,3,1.6310971;2.4108468;3.5982528,0.7797496729688236,0.7374535629854779,10918,0.5326819229745192,0,0,0.899156176511274,0.6025684640244939,0.6843490925386512,1,14.169999999999998,1.0,7085,14.169999999999998,13,1,4,23.909999999999997,0.9785544732749447,12217,24.433999999999997,17,1,,0.00017009695526450075,0.0014004033161550526,1,0.003999999999999999,1.0,2,0.003999999999999999,2,0,2,0.041999999999999996,0.84,25,0.049999999999999996,11,0,0.00017009695526450075,1.0,0.0425242388161252,0.1176220445654023,0.12309149097933271,1.4222739934921265,0.0014004033161550526,0.84,0.056016132646202116,0.08239973112256331,0.12685374388404405,1.686739444732666,0.8023854703171591,0.3972614390202415,0.31425050414519384,6.0,9.185999999999998,0.98330122029544,4671.0,9.341999999999999,14.0,1.0,16.0,10.499999999999998,0.9358288770053476,5610.0,11.219999999999999,19.0,1.0
IMG-9E2C4ABE0B,isotropic_2x2x2,4.0,2,1.9938562;3.4381275,1.4442712639673028,0.5845004668534081,2191,1.0,0,0,1.0,1.0,1.0,1,17.824,1.0,2228,17.824,13,1,1,42.152,1.0,5269,42.152,22,1,,0.0,0.0,0,0.0,0.0,0,0.0,0,0,0,0.0,0.0,0,0.0,0,0,0.0,0.0,0.0,0.0,,,0.0,0.0,0.0,0.0,,,,,,,,,,,,,,,,,,,
IMG-D0FB6C7AE7,isotropic_2x2x2,4.0,2,1.9938562;3.4381275,1.4442712639673028,0.6450704225352113,1145,1.0,0,0,1.0,1.0,1.0,1,9.264,1.0,1158,9.264,13,1,1,19.136,1.0,2392,19.136,19,1,,0.0,0.0,0,0.0,0.0,0,0.0,0,0,0,0.0,0.0,0,0.0,0,0,0.0,0.0,0.0,0.0,,,0.0,0.0,0.0,0.0,,,,,,,,,,,,,,,,,,,
IMG-1815129EC4,isotropic_2x2x2,4.0,2,1.9938562;3.4381275,1.4442712639673028,0.8563949742268041,10633,1.0,0,0,1.0,1.0,1.0,1,100.024,1.0,12503,100.024,18,1,1,98.632,1.0,12329,98.632,26,1,,0.0,0.0,0,0.0,0.0,0,0.0,0,0,0,0.0,0.0,0,0.0,0,0,0.0,0.0,0.0,0.0,,,0.0,0.0,0.0,0.0,,,,,,,,,,,,,,,,,,,
IMG-AD73EFA971,isotropic_2x2x2,4.0,2,1.9938562;3.4381275,1.4442712639673028,0.7301255230125523,2443,1.0,0,0,1.0,1.0,1.0,1,25.368,1.0,3171,25.368,18,1,2,28.16,0.9997159897756319,3521,28.168,24,1,,0.0,0.0,0,0.0,0.0,0,0.0,0,0,0,0.0,0.0,0,0.0,0,0,0.0,0.0,0.0,0.0,,,0.0,0.0,0.0,0.0,,,,,,,,,,,,,,,,,,,
IMG-D31CF4ABF7,isotropic_2x2x2,4.0,2,1.9938562;3.4381275,1.4442712639673028,0.6995565410199557,1262,1.0,0,0,,0.0,0.0,0,0.0,0.0,0,0.0,0,0,0,0.0,0.0,0,0.0,0,0,1.0,1.0,1.0,1,14.8,1.0,1850,14.8,20,1,2,14.048,0.9988623435722411,1758,14.064,20,1,1.0,1.0,0.06756756756756756,0.0,0.3916213899572797,,1.0,0.9988623435722411,0.1422070534698521,0.0,0.3871448314946468,,,,,,,,,,,,,,,,,,
IMG-182FA24923,isotropic_2x2x2,4.0,2,1.9938562;3.4381275,1.4442712639673028,0.7325462012320328,1427,1.0,0,0,1.0,1.0,1.0,1,11.608,1.0,1451,11.608,5,1,1,19.56,1.0,2445,19.56,8,1,,0.0,0.0,0,0.0,0.0,0,0.0,0,0,0,0.0,0.0,0,0.0,0,0,0.0,0.0,0.0,0.0,,,0.0,0.0,0.0,0.0,,,,,,,,,,,,,,,,,,,
IMG-B1DBEB52F4,isotropic_2x2x2,4.0,2,1.9938562;3.4381275,1.4442712639673028,0.6080115241841654,5487,1.0,0,0,,0.0,0.0,0,0.0,0.0,0,0.0,0,0,0,0.0,0.0,0,0.0,0,0,1.0,1.0,1.0,3,44.016,0.9985480943738657,5510,44.08,27,1,2,100.288,0.9997607464710104,12539,100.312,37,1,1.0,0.9985480943738657,0.06805807622504538,0.0,0.3523507393234199,,1.0,0.9997607464710104,0.019937794082462715,0.0,0.3133112137170888,,,,,,,,,,,,,,,,,,
IMG-825C59B3C8,isotropic_2x2x2,4.0,2,1.9938562;3.4381275,1.4442712639673028,0.8865078539477791,4261,0.027918685779059278,0,0,0.5074192609834157,0.5980839416058394,0.21055651176133103,3,20.928,0.9977116704805492,2622,20.976,19,1,1,8.808,1.0,1101,8.808,19,1,0.6670599803343166,0.40191605839416056,0.789443488238669,1,14.096,1.0,1762,14.096,19,1,1,33.024,1.0,4128,33.024,23,1,0.40191605839416056,1.0,0.028512773722627734,0.024292883211678832,0.3917483210786097,0.7996819019317627,0.789443488238669,1.0,0.023905144387072096,0.019219736087205966,0.36540358039010395,0.6210196018218994,,,,,,,,,,,,,,,,,
IMG-DA4569F340,isotropic_2x2x2,4.0,2,1.9938562;3.4381275,1.4442712639673028,0.6870200412062184,1834,1.0,0,0,1.0,1.0,1.0,1,15.112,1.0,1889,15.112,9,1,1,27.6,1.0,3450,27.6,12,1,,0.0,0.0,0,0.0,0.0,0,0.0,0,0,0,0.0,0.0,0,0.0,0,0,0.0,0.0,0.0,0.0,,,0.0,0.0,0.0,0.0,,,,,,,,,,,,,,,,,,,
IMG-8BF8DD5DE4,isotropic_2x2x2,4.0,2,1.9938562;3.4381275,1.4442712639673028,0.7062064965197216,2435,0.0,0,0,0.9129464285714286,0.8446824789594491,1.0,1,17.664,1.0,2208,17.664,15,1,1,34.256,1.0,4282,34.256,9,1,0.0,0.15531752104055088,0.0,1,3.248,1.0,406,3.248,11,1,0,0.0,0.0,0,0.0,0,0,0.15531752104055088,1.0,0.0478194338179036,0.023144605967865342,0.3349236205682983,0.5946197509765625,0.0,0.0,0.0,0.0,,,,,,,,,,,,,,,,,,,
IMG-16B3264BD9,isotropic_2x2x2,4.0,2,1.9938562;3.4381275,1.4442712639673028,0.3491750800295494,709,1.0,0,0,1.0,1.0,1.0,1,5.848,1.0,731,5.848,15,1,3,26.256,0.9855855855855856,3330,26.64,17,1,,0.0,0.0,0,0.0,0.0,0,0.0,0,0,0,0.0,0.0,0,0.0,0,0,0.0,0.0,0.0,0.0,,,0.0,0.0,0.0,0.0,,,,,,,,,,,,,,,,,,,
IMG-34B5A93F0D,isotropic_2x2x2,4.0,2,1.9938562;3.4381275,1.4442712639673028,0.6228133237479032,5198,1.0,0,0,1.0,1.0,1.0,2,79.688,0.9997992572518318,9963,79.704,19,1,1,53.832,1.0,6729,53.832,23,1,,0.0,0.0,0,0.0,0.0,0,0.0,0,0,0,0.0,0.0,0,0.0,0,0,0.0,0.0,0.0,0.0,,,0.0,0.0,0.0,0.0,,,,,,,,,,,,,,,,,,,
IMG-893073F906,isotropic_2x2x2,4.0,2,1.9938562;3.4381275,1.4442712639673028,0.6521682847896441,2519,0.0,0,0,0.0,0.0,0.653179190751445,0,0.0,0.0,0,0.0,0,0,1,26.216,1.0,3277,26.216,21,1,0.7118384045001278,1.0,0.3468208092485549,1,21.664,1.0,2708,21.664,17,1,1,13.92,1.0,1740,13.92,16,1,1.0,1.0,0.04615952732644017,0.0,0.37232588883631756,,0.3468208092485549,1.0,0.02491528802072952,0.04275463424357186,0.3220207760684347,0.9391891956329346,,,,,,,,,,,,,,,,,
IMG-EE9195B25E,isotropic_2x2x2,4.0,2,1.9938562;3.4381275,1.4442712639673028,0.7268051434223541,3674,0.0,0,0,0.7862570201519656,0.6491838373026492,1.0,1,19.408,1.0,2426,19.408,17,1,1,50.984,1.0,6373,50.984,23,1,0.0,0.35081616269735083,0.0,1,10.488,1.0,1311,10.488,16,1,0,0.0,0.0,0,0.0,0,0,0.35081616269735083,1.0,0.03344929087503345,0.02461867808402462,0.4647005116455602,0.26724886894226074,0.0,0.0,0.0,0.0,,,,,,,,,,,,,,,,,,,
IMG-8F0C09D99C,isotropic_2x2x2,4.0,2,1.9938562;3.4381275,1.4442712639673028,0.7811158798283262,1183,1.0,0,0,0.0,0.0,1.0,0,0.0,0.0,0,0.0,0,0,1,14.728,1.0,1841,14.728,20,1,0.0,1.0,0.0,1,9.504,1.0,1188,9.504,18,1,0,0.0,0.0,0,0.0,0,0,1.0,1.0,0.10521885521885523,0.0,0.4614982407994543,,0.0,0.0,0.0,0.0,,,,,,,,,,,,,,,,,,,
IMG-EDA063D47C,isotropic_2x2x2,4.0,2,1.9938562;3.4381275,1.4442712639673028,0.6258855585831062,2297,1.0,0,0,1.0,1.0,0.9960143483459546,1,18.576,1.0,2322,18.576,19,1,1,39.984,1.0,4998,39.984,22,1,,0.0,0.0039856516540454365,0,0.0,0.0,0,0.0,0,0,3,0.136,0.85,20,0.16,8,0,0.0,0.0,0.0,0.0,,,0.0039856516540454365,0.85,0.07473096851335194,0.003288162614587485,0.2886751345948129,0.3954939842224121,,,,,,,,,,,,,,,,,
IMG-7350051976,isotropic_2x2x2,4.0,2,1.9938562;3.4381275,1.4442712639673028,0.7820054200542006,3607,1.0,0,0,1.0,1.0,1.0,1,29.192,1.0,3649,29.192,16,1,1,44.608,1.0,5576,44.608,21,1,,0.0,0.0,0,0.0,0.0,0,0.0,0,0,0,0.0,0.0,0,0.0,0,0,0.0,0.0,0.0,0.0,,,0.0,0.0,0.0,0.0,,,,,,,,,,,,,,,,,,,
IMG-4950E13031,isotropic_2x2x2,4.0,2,1.9938562;3.4381275,1.4442712639673028,0.7385154250303112,2741,1.0,0,0,1.0,1.0,1.0,1,23.512,1.0,2939,23.512,13,1,3,35.84,0.9991079393398751,4484,35.872,18,1,,0.0,0.0,0,0.0,0.0,0,0.0,0,0,0,0.0,0.0,0,0.0,0,0,0.0,0.0,0.0,0.0,,,0.0,0.0,0.0,0.0,,,,,,,,,,,,,,,,,,,
IMG-9E2C4ABE0B,isotropic_2x2x2,4.0,3,1.6385465;2.2449187;3.5480957,0.606372203449814,0.5845004668534081,2191,1.0,0,0,,0.0,0.0,0,0.0,0.0,0,0.0,0,0,0,0.0,0.0,0,0.0,0,0,,0.0,0.0,0,0.0,0.0,0,0.0,0,0,0,0.0,0.0,0,0.0,0,0,0.0,0.0,0.0,0.0,,,0.0,0.0,0.0,0.0,,,1.0,1.0,1.0,1.0,17.824,1.0,2228.0,17.824,13.0,1.0,1.0,42.152,1.0,5269.0,42.152,22.0,1.0
IMG-D0FB6C7AE7,isotropic_2x2x2,4.0,3,1.6385465;2.2449187;3.5480957,0.606372203449814,0.6450704225352113,1145,0.0,0,0,0.612961841308298,1.0,0.5217391304347826,1,9.264,1.0,1158,9.264,13,1,1,9.984,1.0,1248,9.984,16,1,,0.0,0.0,0,0.0,0.0,0,0.0,0,0,0,0.0,0.0,0,0.0,0,0,0.0,0.0,0.0,0.0,,,0.0,0.0,0.0,0.07316053511705686,,,0.0,0.0,0.4782608695652174,0.0,0.0,0.0,0.0,0.0,0.0,0.0,2.0,5.432,0.5935314685314685,1144.0,9.152,19.0,1.0
IMG-1815129EC4,isotropic_2x2x2,4.0,3,1.6385465;2.2449187;3.5480957,0.606372203449814,0.8563949742268041,10633,0.0,0,0,0.0,0.05646644805246741,0.0,1,5.648,1.0,706,5.648,10,1,0,0.0,0.0,0,0.0,0,0,,0.0,0.0,0,0.0,0.0,0,0.0,0,0,0,0.0,0.0,0,0.0,0,0,0.0,0.0,0.0,0.013756698392385828,,,0.0,0.0,0.0,0.0,,,0.9823419629611906,0.9435335519475326,1.0,1.0,94.376,1.0,11797.0,94.376,18.0,1.0,1.0,98.632,1.0,12329.0,98.632,26.0,1.0
IMG-AD73EFA971,isotropic_2x2x2,4.0,3,1.6385465;2.2449187;3.5480957,0.606372203449814,0.7301255230125523,2443,0.18134188755737293,0,0,0.32522407170294493,0.2412488174077578,0.3155353592729338,1,6.12,1.0,765,6.12,13,1,2,6.36,0.7155715571557155,1111,8.888,18,1,,0.0,0.0,0,0.0,0.0,0,0.0,0,0,0,0.0,0.0,0,0.0,0,0,0.0,0.0,0.0,0.009618416903185115,,,0.0,0.0,0.0,0.03351320647543311,,,0.871619975639464,0.7587511825922422,0.6844646407270661,1.0,19.248,1.0,2406.0,19.248,17.0,1.0,2.0,19.272,0.9995850622406639,2410.0,19.28,23.0,1.0
IMG-D31CF4ABF7,isotropic_2x2x2,4.0,3,1.6385465;2.2449187;3.5480957,0.606372203449814,0.6995565410199557,1262,1.0,0,0,,0.0,0.0,0,0.0,0.0,0,0.0,0,0,0,0.0,0.0,0,0.0,0,0,1.0,1.0,1.0,1,14.8,1.0,1850,14.8,20,1,2,14.048,0.9988623435722411,1758,14.064,20,1,1.0,1.0,0.06756756756756756,0.0,0.3916213899572797,,1.0,0.9988623435722411,0.1422070534698521,0.0,0.3871448314946468,,,0.0,0.0,0.0,0.0,0.0,0.0,0.0,0.0,0.0,0.0,0.0,0.0,0.0,0.0,0.0,0.0
IMG-182FA24923,isotropic_2x2x2,4.0,3,1.6385465;2.2449187;3.5480957,0.606372203449814,0.7325462012320328,1427,1.0,0,0,1.0,1.0,1.0,1,11.608,1.0,1451,11.608,5,1,1,19.56,1.0,2445,19.56,8,1,,0.0,0.0,0,0.0,0.0,0,0.0,0,0,0,0.0,0.0,0,0.0,0,0,0.0,0.0,0.0,0.0,,,0.0,0.0,0.0,0.0,,,,0.0,0.0,0.0,0.0,0.0,0.0,0.0,0.0,0.0,0.0,0.0,0.0,0.0,0.0,0.0,0.0
IMG-B1DBEB52F4,isotropic_2x2x2,4.0,3,1.6385465;2.2449187;3.5480957,0.606372203449814,0.6080115241841654,5487,0.0,0,0,,0.0,0.0,0,0.0,0.0,0,0.0,0,0,0,0.0,0.0,0,0.0,0,0,0.9668612314065148,0.9361161524500907,1.0,4,41.192,0.9982551376502521,5158,41.264,27,1,2,100.288,0.9997607464710104,12539,100.312,37,1,0.9361161524500907,0.9982551376502521,0.09074410163339383,0.012522686025408349,0.3560172107092749,,1.0,0.9997607464710104,0.019937794082462715,0.0,0.3133112137170888,,0.0,0.06388384754990925,0.0,2.0,2.8,0.9943181818181818,352.0,2.816,17.0,1.0,0.0,0.0,0.0,0.0,0.0,0.0,0.0
IMG-825C59B3C8,isotropic_2x2x2,4.0,3,1.6385465;2.2449187;3.5480957,0.606372203449814,0.8865078539477791,4261,0.027918685779059278,0,0,,0.0,0.0,0,0.0,0.0,0,0.0,0,0,0,0.0,0.0,0,0.0,0,0,0.6670599803343166,0.40191605839416056,0.789443488238669,1,14.096,1.0,1762,14.096,19,1,1,33.024,1.0,4128,33.024,23,1,0.40191605839416056,1.0,0.028512773722627734,0.024292883211678832,0.3917483210786097,,0.789443488238669,1.0,0.023905144387072096,0.019219736087205966,0.36540358039010395,,0.5074192609834157,0.5980839416058394,0.21055651176133103,3.0,20.928,0.9977116704805492,2622.0,20.976,19.0,1.0,1.0,8.808,1.0,1101.0,8.808,19.0,1.0
IMG-DA4569F340,isotropic_2x2x2,4.0,3,1.6385465;2.2449187;3.5480957,0.606372203449814,0.6870200412062184,1834,1.0,0,0,1.0,1.0,1.0,1,15.112,1.0,1889,15.112,9,1,1,27.6,1.0,3450,27.6,12,1,,0.0,0.0,0,0.0,0.0,0,0.0,0,0,0,0.0,0.0,0,0.0,0,0,0.0,0.0,0.0,0.0,,,0.0,0.0,0.0,0.0,,,,0.0,0.0,0.0,0.0,0.0,0.0,0.0,0.0,0.0,0.0,0.0,0.0,0.0,0.0,0.0,0.0
IMG-8BF8DD5DE4,isotropic_2x2x2,4.0,3,1.6385465;2.2449187;3.5480957,0.606372203449814,0.7062064965197216,2435,1.0,0,0,0.0,0.0,1.0,0,0.0,0.0,0,0.0,0,0,1,34.256,1.0,4282,34.256,9,1,,0.0,0.0,0,0.0,0.0,0,0.0,0,0,0,0.0,0.0,0,0.0,0,0,0.0,0.0,0.0,0.0,,,0.0,0.0,0.0,0.0,,,0.0,1.0,0.0,1.0,20.912,1.0,2614.0,20.912,15.0,1.0,0.0,0.0,0.0,0.0,0.0,0.0,0.0
IMG-16B3264BD9,isotropic_2x2x2,4.0,3,1.6385465;2.2449187;3.5480957,0.606372203449814,0.3491750800295494,709,0.0,0,0,0.0,0.0,0.7333333333333333,0,0.0,0.0,0,0.0,0,0,3,19.152,0.9803439803439803,2442,19.536,17,1,,0.0,0.0,0,0.0,0.0,0,0.0,0,0,0,0.0,0.0,0,0.0,0,0,0.0,0.0,0.0,0.0,,,0.0,0.0,0.0,0.032432432432432434,,,0.7097361237488626,1.0,0.26666666666666666,1.0,5.848,1.0,731.0,5.848,15.0,1.0,1.0,7.104,1.0,888.0,7.104,15.0,1.0
IMG-34B5A93F0D,isotropic_2x2x2,4.0,3,1.6385465;2.2449187;3.5480957,0.606372203449814,0.6228133237479032,5198,-0.014751108204441648,0,0,0.32045654082528535,0.5616782093746864,0.16124238371229008,2,44.752,0.9996426018584703,5596,44.768,16,1,1,8.68,1.0,1085,8.68,12,1,,0.0,0.0,0,0.0,0.0,0,0.0,0,0,0,0.0,0.0,0,0.0,0,0,0.0,0.0,0.0,0.021630031115125965,,,0.0,0.0,0.0,0.0279387724773369,,,0.46986301369863015,0.4383217906253137,0.83875761628771,1.0,34.936,1.0,4367.0,34.936,19.0,1.0,1.0,45.152,1.0,5644.0,45.152,23.0,1.0
IMG-893073F906,isotropic_2x2x2,4.0,3,1.6385465;2.2449187;3.5480957,0.606372203449814,0.6521682847896441,2519,0.0,0,0,,0.0,0.0,0,0.0,0.0,0,0.0,0,0,0,0.0,0.0,0,0.0,0,0,0.7118384045001278,1.0,0.3468208092485549,1,21.664,1.0,2708,21.664,17,1,1,13.92,1.0,1740,13.92,16,1,1.0,1.0,0.04615952732644017,0.0,0.37232588883631756,,0.3468208092485549,1.0,0.02491528802072952,0.04275463424357186,0.3220207760684347,,0.0,0.0,0.653179190751445,0.0,0.0,0.0,0.0,0.0,0.0,0.0,1.0,26.216,1.0,3277.0,26.216,21.0,1.0
IMG-EE9195B25E,isotropic_2x2x2,4.0,3,1.6385465;2.2449187;3.5480957,0.606372203449814,0.7268051434223541,3674,1.0,0,0,,0.0,0.0,0,0.0,0.0,0,0.0,0,0,0,0.0,0.0,0,0.0,0,0,,0.0,0.0,0,0.0,0.0,0,0.0,0,0,0,0.0,0.0,0,0.0,0,0,0.0,0.0,0.0,0.0,,,0.0,0.0,0.0,0.0,,,1.0,1.0,1.0,1.0,29.896,1.0,3737.0,29.896,18.0,1.0,1.0,50.984,1.0,6373.0,50.984,23.0,1.0
IMG-8F0C09D99C,isotropic_2x2x2,4.0,3,1.6385465;2.2449187;3.5480957,0.606372203449814,0.7811158798283262,1183,1.0,0,0,,0.0,0.0,0,0.0,0.0,0,0.0,0,0,0,0.0,0.0,0,0.0,0,0,0.0,1.0,0.0,1,9.504,1.0,1188,9.504,18,1,0,0.0,0.0,0,0.0,0,0,1.0,1.0,0.10521885521885523,0.0,0.4614982407994543,,0.0,0.0,0.0,0.0,,,0.0,0.0,1.0,0.0,0.0,0.0,0.0,0.0,0.0,0.0,1.0,14.728,1.0,1841.0,14.728,20.0,1.0
IMG-EDA063D47C,isotropic_2x2x2,4.0,3,1.6385465;2.2449187;3.5480957,0.606372203449814,0.6258855585831062,2297,1.0,0,0,,0.0,0.0,0,0.0,0.0,0,0.0,0,0,0,0.0,0.0,0,0.0,0,0,,0.0,0.0,0,0.0,0.0,0,0.0,0,0,0,0.0,0.0,0,0.0,0,0,0.0,0.0,0.0,0.0,,,0.0,0.0,0.0,0.0,,,1.0,1.0,1.0,1.0,18.576,1.0,2322.0,18.576,19.0,1.0,1.0,40.144,1.0,5018.0,40.144,22.0,1.0
IMG-7350051976,isotropic_2x2x2,4.0,3,1.6385465;2.2449187;3.5480957,0.606372203449814,0.7820054200542006,3607,1.0,0,0,,0.0,0.0,0,0.0,0.0,0,0.0,0,0,0,0.0,0.0,0,0.0,0,0,,0.0,0.0,0,0.0,0.0,0,0.0,0,0,0,0.0,0.0,0,0.0,0,0,0.0,0.0,0.0,0.0,,,0.0,0.0,0.0,0.0,,,1.0,1.0,1.0,1.0,29.192,1.0,3649.0,29.192,16.0,1.0,1.0,44.608,1.0,5576.0,44.608,21.0,1.0
IMG-4950E13031,isotropic_2x2x2,4.0,3,1.6385465;2.2449187;3.5480957,0.606372203449814,0.7385154250303112,2741,0.6628345914523047,0,0,0.8593837535014006,0.282068730860837,0.42105263157894735,1,6.632,1.0,829,6.632,11,1,2,15.096,0.9994703389830508,1888,15.104,16,1,,0.0,0.0,0,0.0,0.0,0,0.0,0,0,0,0.0,0.0,0,0.0,0,0,0.0,0.0,0.0,0.03793807417488942,,,0.0,0.0,0.0,0.03155664585191793,,,0.9321071138761158,0.7179312691391629,0.5789473684210527,1.0,16.88,1.0,2110.0,16.88,13.0,1.0,3.0,20.736,0.9984591679506933,2596.0,20.768,17.0,1.0
IMG-9E2C4ABE0B,isotropic_2x2x2,6.0,2,1.863795;3.2439135,1.3801184605526666,0.5845004668534081,2191,1.0,0,0,1.0,1.0,0.9971531599924084,1,17.824,1.0,2228,17.824,13,1,1,42.032,1.0,5254,42.032,22,1,,0.0,0.0028468400075915734,0,0.0,0.0,0,0.0,0,0,5,0.064,0.5333333333333333,15,0.12,10,0,0.0,0.0,0.0,0.0,,,0.0028468400075915734,0.5333333333333333,0.11861833364964888,0.002467261339912697,0.2773500981126146,0.8526484966278076,,,,,,,,,,,,,,,,,
IMG-D0FB6C7AE7,isotropic_2x2x2,6.0,2,1.863795;3.2439135,1.3801184605526666,0.6450704225352113,1145,1.0,0,0,1.0,1.0,1.0,1,9.264,1.0,1158,9.264,13,1,1,19.136,1.0,2392,19.136,19,1,,0.0,0.0,0,0.0,0.0,0,0.0,0,0,0,0.0,0.0,0,0.0,0,0,0.0,0.0,0.0,0.0,,,0.0,0.0,0.0,0.0,,,,,,,,,,,,,,,,,,,
IMG-1815129EC4,isotropic_2x2x2,6.0,2,1.863795;3.2439135,1.3801184605526666,0.8563949742268041,10633,0.0,0,0,0.8950431258443313,1.0,0.7898450807040311,1,100.024,1.0,12503,100.024,18,1,1,77.904,1.0,9738,77.904,21,1,0.0,0.0,0.21015491929596886,0,0.0,0.0,0,0.0,0,0,2,17.528,0.8456194519490544,2591,20.728,24,1,0.0,0.0,0.0,0.0,,,0.21015491929596886,0.8456194519490544,0.020277394760321192,0.027252818557871684,0.32028597038190443,0.13201260566711426,,,,,,,,,,,,,,,,,
IMG-AD73EFA971,isotropic_2x2x2,6.0,2,1.863795;3.2439135,1.3801184605526666,0.7301255230125523,2443,1.0,0,0,1.0,1.0,1.0,1,25.368,1.0,3171,25.368,18,1,2,28.16,0.9997159897756319,3521,28.168,24,1,,0.0,0.0,0,0.0,0.0,0,0.0,0,0,0,0.0,0.0,0,0.0,0,0,0.0,0.0,0.0,0.0,,,0.0,0.0,0.0,0.0,,,,,,,,,,,,,,,,,,,
IMG-D31CF4ABF7,isotropic_2x2x2,6.0,2,1.863795;3.2439135,1.3801184605526666,0.6995565410199557,1262,0.0,0,0,0.0,0.014054054054054054,0.009101251422070534,3,0.16,0.7692307692307693,26,0.208,5,0,4,0.088,0.6875,16,0.128,6,0,0.9984126984126984,0.985945945945946,0.9908987485779295,1,14.592,1.0,1824,14.592,20,1,2,13.92,0.9988518943742825,1742,13.936,20,1,0.985945945945946,1.0,0.06756756756756756,0.008108108108108109,0.39299832246786426,1.5339093208312988,0.9908987485779295,0.9988518943742825,0.1422070534698521,0.004550625711035267,0.38815327910320735,1.1698782444000244,,,,,,,,,,,,,,,,,
IMG-182FA24923,isotropic_2x2x2,6.0,2,1.863795;3.2439135,1.3801184605526666,0.7325462012320328,1427,1.0,0,0,1.0,1.0,1.0,1,11.608,1.0,1451,11.608,5,1,1,19.56,1.0,2445,19.56,8,1,,0.0,0.0,0,0.0,0.0,0,0.0,0,0,0,0.0,0.0,0,0.0,0,0,0.0,0.0,0.0,0.0,,,0.0,0.0,0.0,0.0,,,,,,,,,,,,,,,,,,,
IMG-B1DBEB52F4,isotropic_2x2x2,6.0,2,1.863795;3.2439135,1.3801184605526666,0.6080115241841654,5487,1.0,0,0,1.0,0.0147005444646098,0.016269239971289578,1,0.648,1.0,81,0.648,10,1,1,1.632,1.0,204,1.632,16,1,1.0,0.9852994555353902,0.9837307600287104,3,43.368,0.9985264321237797,5429,43.432,27,1,2,98.656,0.999756789623024,12335,98.68,37,1,0.9852994555353902,0.9985264321237797,0.06805807622504538,0.004718693284936479,0.35328799332567085,1.5227808952331543,0.9837307600287104,0.999756789623024,0.019937794082462715,0.005901587048408964,0.31496558181902995,1.8950245380401611,,,,,,,,,,,,,,,,,
IMG-825C59B3C8,isotropic_2x2x2,6.0,2,1.863795;3.2439135,1.3801184605526666,0.8865078539477791,4261,0.1167522284587095,0,0,0.20900594732370434,0.2438412408759124,0.030789825970548863,3,6.12,0.715622076707203,1069,8.552,17,1,1,1.288,1.0,161,1.288,13,1,0.8732471068754255,0.7561587591240876,0.9692101740294511,1,26.52,1.0,3315,26.52,20,1,1,40.544,1.0,5068,40.544,23,1,0.7561587591240876,1.0,0.028512773722627734,0.03524178832116788,0.3821501263849921,0.7292892932891846,0.9692101740294511,1.0,0.023905144387072096,0.0067890610059284755,0.36804915361865614,1.0903713703155518,,,,,,,,,,,,,,,,,
IMG-DA4569F340,isotropic_2x2x2,6.0,2,1.863795;3.2439135,1.3801184605526666,0.6870200412062184,1834,1.0,0,0,1.0,1.0,1.0,1,15.112,1.0,1889,15.112,9,1,1,27.6,1.0,3450,27.6,12,1,,0.0,0.0,0,0.0,0.0,0,0.0,0,0,0,0.0,0.0,0,0.0,0,0,0.0,0.0,0.0,0.0,,,0.0,0.0,0.0,0.0,,,,,,,,,,,,,,,,,,,
IMG-8BF8DD5DE4,isotropic_2x2x2,6.0,2,1.863795;3.2439135,1.3801184605526666,0.7062064965197216,2435,0.0,0,0,0.9631679795614222,0.931522570772762,1.0,1,19.48,1.0,2435,19.48,15,1,1,34.256,1.0,4282,34.256,9,1,0.0,0.06847742922723794,0.0,3,1.32,0.9217877094972067,179,1.432,9,1,0,0.0,0.0,0,0.0,0,0,0.06847742922723794,0.9217877094972067,0.1434583014537108,0.017597551644988524,0.2512299116855119,0.6898205280303955,0.0,0.0,0.0,0.0,,,,,,,,,,,,,,,,,,,
IMG-16B3264BD9,isotropic_2x2x2,6.0,2,1.863795;3.2439135,1.3801184605526666,0.3491750800295494,709,0.0,0,0,0.9402092675635276,0.8864569083447332,1.0,1,5.184,1.0,648,5.184,15,1,3,26.256,0.9855855855855856,3330,26.64,17,1,0.0,0.11354309165526676,0.0,2,0.64,0.963855421686747,83,0.664,11,1,0,0.0,0.0,0,0.0,0,0,0.11354309165526676,0.963855421686747,0.34199726402188785,0.030095759233926128,0.49448720502182164,0.42592668533325195,0.0,0.0,0.0,0.0,,,,,,,,,,,,,,,,,,,
IMG-34B5A93F0D,isotropic_2x2x2,6.0,2,1.863795;3.2439135,1.3801184605526666,0.6228133237479032,5198,0.0,0,0,0.9707949707949708,1.0,0.8980532025561004,2,79.688,0.9997992572518318,9963,79.704,19,1,1,48.344,1.0,6043,48.344,22,1,0.0,0.0,0.10194679744389953,0,0.0,0.0,0,0.0,0,0,2,5.328,0.9708454810495627,686,5.488,21,1,0.0,0.0,0.0,0.0,,,0.10194679744389953,0.9708454810495627,0.03715262297518205,0.013374944271065538,0.3494838003315917,0.8078510761260986,,,,,,,,,,,,,,,,,
IMG-893073F906,isotropic_2x2x2,6.0,2,1.863795;3.2439135,1.3801184605526666,0.6521682847896441,2519,0.7937515871332033,0,0,0.8337468982630273,0.07902511078286559,0.2194538568865856,2,1.344,0.7850467289719626,214,1.712,13,1,1,8.808,1.0,1101,8.808,16,1,0.9855447680690399,0.9209748892171344,0.7805461431134144,1,19.952,1.0,2494,19.952,17,1,1,31.328,1.0,3916,31.328,21,1,0.9209748892171344,1.0,0.04615952732644017,0.026772525849335302,0.37945046852063136,1.0554137229919434,0.7805461431134144,1.0,0.02491528802072952,0.04554514650189356,0.3368857194753626,1.0020112991333008,,,,,,,,,,,,,,,,,
IMG-EE9195B25E,isotropic_2x2x2,6.0,2,1.863795;3.2439135,1.3801184605526666,0.7268051434223541,3674,0.2748518803988468,0,0,0.7747281201450026,0.41156007492641156,0.6466342381923741,2,12.28,0.9980494148244473,1538,12.304,14,1,2,32.96,0.9997573404513468,4121,32.968,18,1,0.7504302925989673,0.5884399250735884,0.3533657618076259,2,17.584,0.9995452478399273,2199,17.592,17,1,3,17.976,0.9977797513321492,2252,18.016,21,1,0.5884399250735884,0.9995452478399273,0.0668985817500669,0.032646507894032645,0.4586135376061663,0.42266416549682617,0.3533657618076259,0.9977797513321492,0.05884198964380982,0.024713635650400124,0.393728683150928,0.4189634323120117,,,,,,,,,,,,,,,,,
IMG-8F0C09D99C,isotropic_2x2x2,6.0,2,1.863795;3.2439135,1.3801184605526666,0.7811158798283262,1183,0.03990004217805313,0,0,0.10443864229765012,0.020202020202020204,0.4052145573058121,2,0.128,0.6666666666666666,24,0.192,8,0,3,5.416,0.9075067024128687,746,5.968,17,1,0.827029752899647,0.9797979797979798,0.594785442694188,1,9.312,1.0,1164,9.312,18,1,2,8.648,0.9872146118721461,1095,8.76,19,1,0.9797979797979798,1.0,0.10521885521885523,0.011363636363636364,0.4637849626352049,0.5243358612060547,0.594785442694188,0.9872146118721461,0.13579576317218903,0.08011950027159152,0.42491507937162165,0.2164754867553711,,,,,,,,,,,,,,,,,
IMG-EDA063D47C,isotropic_2x2x2,6.0,2,1.863795;3.2439135,1.3801184605526666,0.6258855585831062,2297,1.0,0,0,1.0,1.0,0.9982064567556795,1,18.576,1.0,2322,18.576,19,1,1,40.072,1.0,5009,40.072,22,1,,0.0,0.0017935432443204463,0,0.0,0.0,0,0.0,0,0,3,0.032,0.4444444444444444,9,0.072,6,0,0.0,0.0,0.0,0.0,,,0.0017935432443204463,0.4444444444444444,0.07473096851335194,0.0018931845356715824,0.2886751345948129,1.165644645690918,,,,,,,,,,,,,,,,,
IMG-7350051976,isotropic_2x2x2,6.0,2,1.863795;3.2439135,1.3801184605526666,0.7820054200542006,3607,0.5670930535437513,0,0,0.9745562130177515,0.9613592765141135,0.9225251076040172,1,28.064,1.0,3508,28.064,16,1,1,41.152,1.0,5144,41.152,21,1,0.6211453744493393,0.03864072348588654,0.07747489239598278,1,1.128,1.0,141,1.128,12,1,1,3.456,1.0,432,3.456,18,1,0.03864072348588654,1.0,0.03425596053713346,0.013976431899150453,0.4134985828853668,1.0331063270568848,0.07747489239598278,1.0,0.022417503586800575,0.018203012912482067,0.36873738369329534,0.7425875663757324,,,,,,,,,,,,,,,,,
IMG-4950E13031,isotropic_2x2x2,6.0,2,1.863795;3.2439135,1.3801184605526666,0.7385154250303112,2741,1.0,0,0,1.0,1.0,1.0,1,23.512,1.0,2939,23.512,13,1,3,35.84,0.9991079393398751,4484,35.872,18,1,,0.0,0.0,0,0.0,0.0,0,0.0,0,0,0,0.0,0.0,0,0.0,0,0,0.0,0.0,0.0,0.0,,,0.0,0.0,0.0,0.0,,,,,,,,,,,,,,,,,,,
IMG-9E2C4ABE0B,isotropic_2x2x2,6.0,3,1.4985517;2.3807834;3.6703746,0.8822316993184467,0.5845004668534081,2191,1.0,0,0,1.0,0.0017953321364452424,0.02884797874359461,1,0.032,1.0,4,0.032,3,0,1,1.216,1.0,152,1.216,12,1,,0.0,0.0,0,0.0,0.0,0,0.0,0,0,0,0.0,0.0,0,0.0,0,0,0.0,0.0,0.0,0.0017953321364452424,,,0.0,0.0,0.0,0.009394572025052192,,,1.0,0.9982046678635548,0.9711520212564054,1.0,17.792,1.0,2224.0,17.792,13.0,1.0,1.0,40.936,1.0,5117.0,40.936,22.0,1.0
IMG-D0FB6C7AE7,isotropic_2x2x2,6.0,3,1.4985517;2.3807834;3.6703746,0.8822316993184467,0.6450704225352113,1145,0.0,0,0,0.5091145833333334,1.0,0.4962374581939799,1,9.264,1.0,1158,9.264,13,1,2,7.008,0.7379949452401011,1187,9.496,18,1,,0.0,0.0,0,0.0,0.0,0,0.0,0,0,0,0.0,0.0,0,0.0,0,0,0.0,0.0,0.0,0.0,,,0.0,0.0,0.0,0.07190635451505016,,,0.0,0.0,0.5037625418060201,0.0,0.0,0.0,0.0,0.0,0.0,0.0,2.0,9.256,0.9601659751037345,1205.0,9.64,17.0,1.0
IMG-1815129EC4,isotropic_2x2x2,6.0,3,1.4985517;2.3807834;3.6703746,0.8822316993184467,0.8563949742268041,10633,1.0,0,0,,0.005278733104055027,0.0,1,0.528,1.0,66,0.528,8,1,0,0.0,0.0,0,0.0,0,0,,0.0,0.0,0,0.0,0.0,0,0.0,0,0,0,0.0,0.0,0,0.0,0,0,0.0,0.0,0.0,0.0027193473566344078,,,0.0,0.0,0.0,0.0,,,1.0,0.994721266895945,1.0,1.0,99.496,1.0,12437.0,99.496,18.0,1.0,1.0,98.632,1.0,12329.0,98.632,26.0,1.0
IMG-AD73EFA971,isotropic_2x2x2,6.0,3,1.4985517;2.3807834;3.6703746,0.8822316993184467,0.7301255230125523,2443,0.2200656593790549,0,0,0.4104803493449782,0.17470829391359194,0.33541607497869924,2,2.792,0.6299638989169675,554,4.432,13,1,3,6.144,0.6502963590177815,1181,9.448,16,1,,0.0,0.0,0,0.0,0.0,0,0.0,0,0,0,0.0,0.0,0,0.0,0,0,0.0,0.0,0.0,0.021602018290760014,,,0.0,0.0,0.0,0.046435671684180634,,,0.8639798488664987,0.8252917060864081,0.6645839250213008,1.0,20.936,1.0,2617.0,20.936,18.0,1.0,2.0,18.712,0.9995726495726496,2340.0,18.72,23.0,1.0
IMG-D31CF4ABF7,isotropic_2x2x2,6.0,3,1.4985517;2.3807834;3.6703746,0.8822316993184467,0.6995565410199557,1262,0.09148822004469956,0,0,,0.0,0.0017064846416382253,0,0.0,0.0,0,0.0,0,0,2,0.016,0.6666666666666666,3,0.024,2,0,0.9167030091583079,0.7648648648648648,0.8521046643913538,1,11.32,1.0,1415,11.32,19,1,3,11.936,0.9959946595460614,1498,11.984,20,1,0.7648648648648648,1.0,0.06756756756756756,0.06054054054054054,0.4039513504026288,,0.8521046643913538,0.9959946595460614,0.21331058020477817,0.05091012514220705,0.39217697975442606,1.8368585109710693,0.17316017316017315,0.23513513513513515,0.14618885096700796,5.0,3.104,0.8919540229885058,435.0,3.48,18.0,1.0,6.0,1.52,0.7392996108949417,257.0,2.056,15.0,1.0
IMG-182FA24923,isotropic_2x2x2,6.0,3,1.4985517;2.3807834;3.6703746,0.8822316993184467,0.7325462012320328,1427,1.0,0,0,1.0,1.0,1.0,1,11.608,1.0,1451,11.608,5,1,1,19.56,1.0,2445,19.56,8,1,,0.0,0.0,0,0.0,0.0,0,0.0,0,0,0,0.0,0.0,0,0.0,0,0,0.0,0.0,0.0,0.0,,,0.0,0.0,0.0,0.0,,,,0.0,0.0,0.0,0.0,0.0,0.0,0.0,0.0,0.0,0.0,0.0,0.0,0.0,0.0,0.0,0.0
IMG-B1DBEB52F4,isotropic_2x2x2,6.0,3,1.4985517;2.3807834;3.6703746,0.8822316993184467,0.6080115241841654,5487,0.4528871180914326,0,0,,0.0,0.0,0,0.0,0.0,0,0.0,0,0,0,0.0,0.0,0,0.0,0,0,0.9835479928551283,0.9535390199637024,0.9837307600287104,3,41.968,0.9984773505900266,5254,42.032,27,1,2,98.656,0.999756789623024,12335,98.68,37,1,0.9535390199637024,0.9984773505900266,0.06805807622504538,0.012704174228675136,0.3556795244436683,,0.9837307600287104,0.999756789623024,0.019937794082462715,0.005901587048408964,0.31496558181902995,,0.4807121661721068,0.04646098003629764,0.016269239971289578,4.0,1.304,0.63671875,256.0,2.048,15.0,1.0,1.0,1.632,1.0,204.0,1.632,16.0,1.0
IMG-825C59B3C8,isotropic_2x2x2,6.0,3,1.4985517;2.3807834;3.6703746,0.8822316993184467,0.8865078539477791,4261,0.17740586820135573,0,0,0.0,0.028056569343065694,0.0,1,0.984,1.0,123,0.984,9,1,0,0.0,0.0,0,0.0,0,0,0.6542491268917345,0.26733576642335766,0.5341365461847389,1,9.376,1.0,1172,9.376,18,1,1,22.344,1.0,2793,22.344,23,1,0.26733576642335766,1.0,0.028512773722627734,0.028170620437956203,0.3456526646911385,1.587229609489441,0.5341365461847389,1.0,0.023905144387072096,0.03518837253777013,0.3596920735503718,,0.7358452548861576,0.7046076642335767,0.46586345381526106,2.0,24.696,0.9993525412754937,3089.0,24.712,18.0,1.0,2.0,19.472,0.9991789819376026,2436.0,19.488,20.0,1.0
IMG-DA4569F340,isotropic_2x2x2,6.0,3,1.4985517;2.3807834;3.6703746,0.8822316993184467,0.6870200412062184,1834,1.0,0,0,1.0,1.0,1.0,1,15.112,1.0,1889,15.112,9,1,1,27.6,1.0,3450,27.6,12,1,,0.0,0.0,0,0.0,0.0,0,0.0,0,0,0,0.0,0.0,0,0.0,0,0,0.0,0.0,0.0,0.0,,,0.0,0.0,0.0,0.0,,,,0.0,0.0,0.0,0.0,0.0,0.0,0.0,0.0,0.0,0.0,0.0,0.0,0.0,0.0,0.0,0.0
IMG-8BF8DD5DE4,isotropic_2x2x2,6.0,3,1.4985517;2.3807834;3.6703746,0.8822316993184467,0.7062064965197216,2435,0.0,0,0,0.0689928628072958,0.03481254781943382,1.0,1,0.728,1.0,91,0.728,9,1,1,34.256,1.0,4282,34.256,9,1,,0.0,0.0,0,0.0,0.0,0,0.0,0,0,0,0.0,0.0,0,0.0,0,0,0.0,0.0,0.0,0.013006885998469778,,,0.0,0.0,0.0,0.0,,,0.0,0.9651874521805662,0.0,1.0,20.184,1.0,2523.0,20.184,15.0,1.0,0.0,0.0,0.0,0.0,0.0,0.0,0.0
IMG-16B3264BD9,isotropic_2x2x2,6.0,3,1.4985517;2.3807834;3.6703746,0.8822316993184467,0.3491750800295494,709,-0.004801220624572585,0,0,0.006369426751592357,0.0027359781121751026,0.8144144144144144,1,0.016,1.0,2,0.016,2,0,3,21.312,0.9823008849557522,2712,21.696,17,1,,0.0,0.0,0,0.0,0.0,0,0.0,0,0,0,0.0,0.0,0,0.0,0,0,0.0,0.0,0.0,0.0013679890560875513,,,0.0,0.0,0.0,0.03408408408408409,,,0.21012658227848102,0.9972640218878249,0.18558558558558558,1.0,5.832,1.0,729.0,5.832,15.0,1.0,2.0,4.928,0.9967637540453075,618.0,4.944,15.0,1.0
IMG-34B5A93F0D,isotropic_2x2x2,6.0,3,1.4985517;2.3807834;3.6703746,0.8822316993184467,0.6228133237479032,5198,0.01808021424859543,0,0,0.6426850810984422,0.7478671083007127,0.318769505127062,2,59.592,0.9997315796537377,7451,59.608,18,1,2,17.04,0.993006993006993,2145,17.16,14,1,0.0,0.0,0.02035963739039976,0,0.0,0.0,0,0.0,0,0,1,1.096,1.0,137,1.096,15,1,0.0,0.0,0.0,0.04049984944293887,,,0.02035963739039976,1.0,0.018576311487591025,0.04971020954079358,0.36009024004153206,1.300482153892517,0.4484348459111866,0.2521328916992874,0.6608708574825383,5.0,16.08,0.8001592356687898,2512.0,20.096,17.0,1.0,2.0,21.16,0.5947829997751293,4447.0,35.576,23.0,1.0
IMG-893073F906,isotropic_2x2x2,6.0,3,1.4985517;2.3807834;3.6703746,0.8822316993184467,0.6521682847896441,2519,0.17383730555867413,0,0,,0.0,0.0,0,0.0,0.0,0,0.0,0,0,0,0.0,0.0,0,0.0,0,0,0.7727554179566564,0.7758493353028065,0.3412397847319115,1,16.808,1.0,2101,16.808,17,1,2,13.672,0.9982476635514018,1712,13.696,18,1,0.7758493353028065,1.0,0.04615952732644017,0.0568685376661743,0.39776464314539045,,0.3412397847319115,0.9982476635514018,0.04983057604145904,0.048435319912298186,0.38566551999392085,,0.5940265486725663,0.2241506646971935,0.6587602152680885,6.0,2.624,0.5403624382207578,607.0,4.856,15.0,1.0,2.0,26.432,0.999697428139183,3305.0,26.44,21.0,1.0
IMG-EE9195B25E,isotropic_2x2x2,6.0,3,1.4985517;2.3807834;3.6703746,0.8822316993184467,0.7268051434223541,3674,-0.014368902274772076,0,0,0.0,0.0,0.023222971912756945,0,0.0,0.0,0,0.0,0,0,2,1.168,0.9864864864864865,148,1.184,11,1,0.0,0.037463205780037465,0.0021967676133689,2,1.056,0.9428571428571428,140,1.12,12,1,2,0.064,0.5714285714285714,14,0.112,10,0,0.037463205780037465,0.9428571428571428,0.0668985817500669,0.010168584426010168,0.3695983159123177,,0.0021967676133689,0.5714285714285714,0.039227993095873215,0.0052565510748470105,0.19611613513818404,1.6100831031799316,0.9760312151616499,0.9625367942199625,0.9745802604738741,1.0,28.776,1.0,3597.0,28.776,18.0,1.0,1.0,49.688,1.0,6211.0,49.688,22.0,1.0
IMG-8F0C09D99C,isotropic_2x2x2,6.0,3,1.4985517;2.3807834;3.6703746,0.8822316993184467,0.7811158798283262,1183,-0.017713011036630682,0,0,0.0,0.0,0.031504617055947856,0,0.0,0.0,0,0.0,0,0,3,0.328,0.7068965517241379,58,0.464,10,0,0.0,0.25757575757575757,0.0,3,1.112,0.4542483660130719,306,2.448,13,1,0,0.0,0.0,0,0.0,0,0,0.25757575757575757,0.4542483660130719,0.3156565656565657,0.07365319865319865,0.424528568429061,,0.0,0.0,0.0,0.019826181423139598,,,0.8430317848410758,0.7424242424242424,0.9684953829440521,1.0,7.056,1.0,882.0,7.056,18.0,1.0,1.0,14.264,1.0,1783.0,14.264,20.0,1.0
IMG-EDA063D47C,isotropic_2x2x2,6.0,3,1.4985517;2.3807834;3.6703746,0.8822316993184467,0.6258855585831062,2297,0.0,0,0,0.0,0.0008613264427217916,0.0,1,0.016,1.0,2,0.016,2,0,0,0.0,0.0,0,0.0,0,0,,0.0,0.0011956954962136308,0,0.0,0.0,0,0.0,0,0,2,0.032,0.6666666666666666,6,0.048,5,0,0.0,0.0,0.0,0.0008613264427217916,,,0.0011956954962136308,0.6666666666666666,0.04982064567556796,0.0011956954962136308,0.2886751345948129,,0.9995644599303136,0.9991386735572783,0.9988043045037863,1.0,18.56,1.0,2320.0,18.56,19.0,1.0,1.0,40.096,1.0,5012.0,40.096,22.0,1.0
IMG-7350051976,isotropic_2x2x2,6.0,3,1.4985517;2.3807834;3.6703746,0.8822316993184467,0.7820054200542006,3607,0.0010716095800604468,0,0,0.10716771050800278,0.3757193751712798,0.04214490674318508,2,10.8,0.9846827133479212,1371,10.968,12,1,4,1.248,0.6638297872340425,235,1.88,11,1,0.0,0.0,0.0351506456241033,0,0.0,0.0,0,0.0,0,0,1,1.568,1.0,196,1.568,16,1,0.0,0.0,0.0,0.031104412167717182,,,0.0351506456241033,1.0,0.022417503586800575,0.027080344332855093,0.3677765878804064,1.3679051399230957,0.7473385379701917,0.6242806248287202,0.9227044476327116,3.0,18.2,0.9986830553116769,2278.0,18.224,15.0,1.0,1.0,41.16,1.0,5145.0,41.16,21.0,1.0
IMG-4950E13031,isotropic_2x2x2,6.0,3,1.4985517;2.3807834;3.6703746,0.8822316993184467,0.7385154250303112,2741,0.26721662237201066,0,0,0.5874035989717223,0.17216740387887036,0.4212756467439786,3,3.752,0.9268774703557312,506,4.048,10,1,1,15.112,1.0,1889,15.112,16,1,,0.0,0.0,0,0.0,0.0,0,0.0,0,0,0,0.0,0.0,0,0.0,0,0,0.0,0.0,0.0,0.03980945899965975,,,0.0,0.0,0.0,0.031222123104371096,,,0.8364747834946511,0.8278325961211296,0.5787243532560215,1.0,19.464,1.0,2433.0,19.464,13.0,1.0,4.0,20.656,0.994990366088632,2595.0,20.76,17.0,1.0
IMG-9E2C4ABE0B,isotropic_2x2x2,8.0,2,1.8855582;3.3011798,1.4156216854603652,0.5845004668534081,2191,0.0,0,0,0.9970244907301442,1.0,0.9920288479787436,1,17.824,1.0,2228,17.824,13,1,1,41.816,1.0,5227,41.816,21,1,0.0,0.0,0.007971152021256405,0,0.0,0.0,0,0.0,0,0,9,0.232,0.6904761904761905,42,0.336,13,0,0.0,0.0,0.0,0.0,,,0.007971152021256405,0.6904761904761905,0.213513000569368,0.006073258682862023,0.2931254088735113,1.0816318988800049,,,,,,,,,,,,,,,,,
IMG-D0FB6C7AE7,isotropic_2x2x2,8.0,2,1.8855582;3.3011798,1.4156216854603652,0.6450704225352113,1145,1.0,0,0,1.0,0.9991364421416234,1.0,1,9.256,1.0,1157,9.256,13,1,1,19.136,1.0,2392,19.136,19,1,,0.0008635578583765112,0.0,1,0.008,1.0,1,0.008,1,0,0,0.0,0.0,0,0.0,0,0,0.0008635578583765112,1.0,0.10794473229706392,0.0008635578583765112,0.31622776601683794,1.2272017002105713,0.0,0.0,0.0,0.0,,,,,,,,,,,,,,,,,,,
IMG-1815129EC4,isotropic_2x2x2,8.0,2,1.8855582;3.3011798,1.4156216854603652,0.8563949742268041,10633,0.0,0,0,0.9556035752872999,1.0,0.9023440668342931,1,100.024,1.0,12503,100.024,18,1,1,89.0,1.0,11125,89.0,21,1,0.0,0.0,0.09765593316570687,0,0.0,0.0,0,0.0,0,0,2,9.392,0.9750830564784053,1204,9.632,24,1,0.0,0.0,0.0,0.0,,,0.09765593316570687,0.9750830564784053,0.020277394760321192,0.02242679860491524,0.4138975589537861,0.26151466369628906,,,,,,,,,,,,,,,,,
IMG-AD73EFA971,isotropic_2x2x2,8.0,2,1.8855582;3.3011798,1.4156216854603652,0.7301255230125523,2443,0.03950867427113816,0,0,0.9645510507323286,0.9460737937559129,0.9951718261857427,1,24.0,1.0,3000,24.0,18,1,2,28.024,0.9997146118721462,3504,28.032,24,1,0.045714285714285714,0.05392620624408704,0.004828173814257313,1,1.368,1.0,171,1.368,13,1,2,0.088,0.6470588235294118,17,0.136,10,0,0.05392620624408704,1.0,0.03941974140649637,0.015610217596972564,0.3668838823381987,0.41384220123291016,0.004828173814257313,0.6470588235294118,0.07100255609201932,0.0021300766827605793,0.29086564777893853,0.5902233123779297,,,,,,,,,,,,,,,,,
IMG-D31CF4ABF7,isotropic_2x2x2,8.0,2,1.8855582;3.3011798,1.4156216854603652,0.6995565410199557,1262,-0.0014976018468764304,0,0,0.0,0.09837837837837837,0.010238907849829351,1,1.456,1.0,182,1.456,15,1,4,0.096,0.6666666666666666,18,0.144,9,0,0.9822580645161291,0.9016216216216216,0.9897610921501706,1,13.344,1.0,1668,13.344,20,1,2,13.904,0.9988505747126437,1740,13.92,20,1,0.9016216216216216,1.0,0.06756756756756756,0.03810810810810811,0.3949708609116015,1.4125094413757324,0.9897610921501706,0.9988505747126437,0.1422070534698521,0.006825938566552901,0.38828063908135746,1.0211446285247803,,,,,,,,,,,,,,,,,
IMG-182FA24923,isotropic_2x2x2,8.0,2,1.8855582;3.3011798,1.4156216854603652,0.7325462012320328,1427,1.0,0,0,1.0,1.0,1.0,1,11.608,1.0,1451,11.608,5,1,1,19.56,1.0,2445,19.56,8,1,,0.0,0.0,0,0.0,0.0,0,0.0,0,0,0,0.0,0.0,0,0.0,0,0,0.0,0.0,0.0,0.0,,,0.0,0.0,0.0,0.0,,,,,,,,,,,,,,,,,,,
IMG-B1DBEB52F4,isotropic_2x2x2,8.0,2,1.8855582;3.3011798,1.4156216854603652,0.6080115241841654,5487,0.4041498309639044,0,0,0.40816326530612246,0.001996370235934664,0.014594465268362708,2,0.08,0.9090909090909091,11,0.088,5,0,3,1.336,0.912568306010929,183,1.464,17,1,0.9973455377574371,0.9980036297640653,0.9854055347316373,3,43.928,0.9985451900345518,5499,43.992,27,1,2,98.824,0.9997572029783102,12356,98.848,37,1,0.9980036297640653,0.9985451900345518,0.06805807622504538,0.001633393829401089,0.3525704094920248,1.5855860710144043,0.9854055347316373,0.9997572029783102,0.019937794082462715,0.0058617114602440385,0.3155700325645627,2.145202875137329,,,,,,,,,,,,,,,,,
IMG-825C59B3C8,isotropic_2x2x2,8.0,2,1.8855582;3.3011798,1.4156216854603652,0.8865078539477791,4261,0.1500266335182656,0,0,0.3527435610302352,0.34443430656934304,0.08835341365461848,1,12.08,1.0,1510,12.08,17,1,5,1.36,0.36796536796536794,462,3.696,17,1,0.8283847980997625,0.655565693430657,0.9116465863453815,1,22.992,1.0,2874,22.992,20,1,1,38.136,1.0,4767,38.136,24,1,0.655565693430657,1.0,0.028512773722627734,0.03604014598540146,0.3990122661974454,0.7424955368041992,0.9116465863453815,1.0,0.023905144387072096,0.03126792885829031,0.3711686663750388,0.8907432556152344,,,,,,,,,,,,,,,,,
IMG-DA4569F340,isotropic_2x2x2,8.0,2,1.8855582;3.3011798,1.4156216854603652,0.6870200412062184,1834,1.0,0,0,1.0,1.0,1.0,1,15.112,1.0,1889,15.112,9,1,1,27.6,1.0,3450,27.6,12,1,,0.0,0.0,0,0.0,0.0,0,0.0,0,0,0,0.0,0.0,0,0.0,0,0,0.0,0.0,0.0,0.0,,,0.0,0.0,0.0,0.0,,,,,,,,,,,,,,,,,,,
IMG-8BF8DD5DE4,isotropic_2x2x2,8.0,2,1.8855582;3.3011798,1.4156216854603652,0.7062064965197216,2435,0.0,0,0,0.8549259346343757,0.7433052792654935,1.0,1,15.544,1.0,1943,15.544,15,1,1,34.256,1.0,4282,34.256,9,1,0.0,0.2566947207345065,0.0,1,5.368,1.0,671,5.368,11,1,0,0.0,0.0,0,0.0,0,0,0.2566947207345065,1.0,0.0478194338179036,0.036342769701606735,0.3595758033144856,0.5483193397521973,0.0,0.0,0.0,0.0,,,,,,,,,,,,,,,,,,,
IMG-16B3264BD9,isotropic_2x2x2,8.0,2,1.8855582;3.3011798,1.4156216854603652,0.3491750800295494,709,1.0,0,0,1.0,1.0,1.0,1,5.848,1.0,731,5.848,15,1,3,26.256,0.9855855855855856,3330,26.64,17,1,,0.0,0.0,0,0.0,0.0,0,0.0,0,0,0,0.0,0.0,0,0.0,0,0,0.0,0.0,0.0,0.0,,,0.0,0.0,0.0,0.0,,,,,,,,,,,,,,,,,,,
IMG-34B5A93F0D,isotropic_2x2x2,8.0,2,1.8855582;3.3011798,1.4156216854603652,0.6228133237479032,5198,0.0,0,0,0.9919519053621643,1.0,0.9521474216079655,2,79.688,0.9997992572518318,9963,79.704,19,1,1,51.256,1.0,6407,51.256,23,1,0.0,0.0,0.04785257839203448,0,0.0,0.0,0,0.0,0,0,5,2.208,0.8571428571428571,322,2.576,16,1,0.0,0.0,0.0,0.0,,,0.04785257839203448,0.8571428571428571,0.09288155743795512,0.012186060335859712,0.2924194240196714,0.9017994403839111,,,,,,,,,,,,,,,,,
IMG-893073F906,isotropic_2x2x2,8.0,2,1.8855582;3.3011798,1.4156216854603652,0.6521682847896441,2519,0.01600521574906114,0,0,0.03880597014925373,0.007385524372230428,0.42196531791907516,4,0.112,0.7,20,0.16,7,0,2,16.584,0.9792158715162966,2117,16.936,18,1,0.8525641025641025,0.9926144756277696,0.5780346820809249,1,21.504,1.0,2688,21.504,17,1,1,23.2,1.0,2900,23.2,21,1,0.9926144756277696,1.0,0.04615952732644017,0.003692762186115214,0.37325421611710297,1.1009931564331055,0.5780346820809249,1.0,0.02491528802072952,0.058301773968507074,0.336416485967893,0.8609006404876709,,,,,,,,,,,,,,,,,
IMG-EE9195B25E,isotropic_2x2x2,8.0,2,1.8855582;3.3011798,1.4156216854603652,0.7268051434223541,3674,0.3222529272400184,0,0,0.8356534386037814,0.5536526625635536,0.7635336576180762,2,16.536,0.9990333494441759,2069,16.552,16,1,1,38.928,1.0,4866,38.928,19,1,0.6879684418145957,0.44634733743644633,0.23646634238192374,5,13.136,0.9844124700239808,1668,13.344,17,1,6,11.184,0.9276708692767087,1507,12.056,20,1,0.44634733743644633,0.9844124700239808,0.16724645437516725,0.04575862991704576,0.47087578105136163,0.4212055206298828,0.23646634238192374,0.9276708692767087,0.11768397928761964,0.03844343323395575,0.3529034073916686,0.5122621059417725,,,,,,,,,,,,,,,,,
IMG-8F0C09D99C,isotropic_2x2x2,8.0,2,1.8855582;3.3011798,1.4156216854603652,0.7811158798283262,1183,-0.017019081894635957,0,0,0.0605296343001261,0.020202020202020204,0.6567083107007061,2,0.128,0.6666666666666666,24,0.192,8,0,2,9.136,0.9445822994210091,1209,9.672,17,1,0.5263827082008901,0.9797979797979798,0.3432916892992939,1,9.312,1.0,1164,9.312,18,1,2,4.144,0.819620253164557,632,5.056,17,1,0.9797979797979798,1.0,0.10521885521885523,0.011363636363636364,0.4637849626352049,0.5243358612060547,0.3432916892992939,0.819620253164557,0.13579576317218903,0.10157523085279739,0.3862729304914136,0.27040600776672363,,,,,,,,,,,,,,,,,
IMG-EDA063D47C,isotropic_2x2x2,8.0,2,1.8855582;3.3011798,1.4156216854603652,0.6258855585831062,2297,0.0,0,0,0.9980370774263904,1.0,0.947190115583898,1,18.576,1.0,2322,18.576,19,1,1,38.024,1.0,4753,38.024,21,1,0.0,0.0,0.05280988441610203,0,0.0,0.0,0,0.0,0,0,7,0.768,0.3622641509433962,265,2.12,17,1,0.0,0.0,0.0,0.0,,,0.05280988441610203,0.3622641509433962,0.17437225986448784,0.018433638899960143,0.31568437776874464,0.6359963417053223,,,,,,,,,,,,,,,,,
IMG-7350051976,isotropic_2x2x2,8.0,2,1.8855582;3.3011798,1.4156216854603652,0.7820054200542006,3607,0.5670930535437513,0,0,0.9745562130177515,0.9613592765141135,0.922883787661406,1,28.064,1.0,3508,28.064,16,1,1,41.168,1.0,5146,41.168,21,1,0.6211453744493393,0.03864072348588654,0.07711621233859398,1,1.128,1.0,141,1.128,12,1,3,3.416,0.9930232558139535,430,3.44,18,1,0.03864072348588654,1.0,0.03425596053713346,0.013976431899150453,0.4134985828853668,1.0331063270568848,0.07711621233859398,0.9930232558139535,0.06725251076040173,0.018920373027259685,0.36941240967442707,0.7425875663757324,,,,,,,,,,,,,,,,,
IMG-4950E13031,isotropic_2x2x2,8.0,2,1.8855582;3.3011798,1.4156216854603652,0.7385154250303112,2741,1.0,0,0,1.0,1.0,0.9995539696699376,1,23.512,1.0,2939,23.512,13,1,3,35.824,0.9991075412762159,4482,35.856,18,1,,0.0,0.00044603033006244426,0,0.0,0.0,0,0.0,0,0,2,0.008,0.5,2,0.016,2,0,0.0,0.0,0.0,0.0,,,0.00044603033006244426,0.5,0.05575379125780553,0.00044603033006244426,0.22360679774997896,1.2983438968658447,,,,,,,,,,,,,,,,,
IMG-9E2C4ABE0B,isotropic_2x2x2,8.0,3,1.4403719;2.2062797;3.3873599,0.7659078984664234,0.5845004668534081,2191,-0.015088291200513351,0,0,0.0,0.009425493716337522,0.14310115771493642,3,0.128,0.7619047619047619,21,0.168,6,0,2,4.272,0.7082228116710876,754,6.032,13,1,0.0,0.0,0.007971152021256405,0,0.0,0.0,0,0.0,0,0,9,0.232,0.6904761904761905,42,0.336,13,0,0.0,0.0,0.0,0.005385996409335727,,,0.007971152021256405,0.6904761904761905,0.213513000569368,0.03084076674890871,0.2931254088735113,1.5172686576843262,0.9737704918032787,0.9905745062836625,0.8489276902638072,1.0,17.656,1.0,2207.0,17.656,13.0,1.0,2.0,35.624,0.9955287279230941,4473.0,35.784,21.0,1.0
IMG-D0FB6C7AE7,isotropic_2x2x2,8.0,3,1.4403719;2.2062797;3.3873599,0.7659078984664234,0.6450704225352113,1145,-0.006965116877163525,0,0,0.26879271070615035,0.9939550949913645,0.354933110367893,1,9.208,1.0,1151,9.208,13,1,3,3.512,0.5170789163722026,849,6.792,15,1,,0.0,0.0,0,0.0,0.0,0,0.0,0,0,0,0.0,0.0,0,0.0,0,0,0.0,0.0,0.0,0.006044905008635579,,,0.0,0.0,0.0,0.09134615384615384,,,0.010277492291880781,0.006044905008635579,0.645066889632107,2.0,0.048,0.8571428571428571,7.0,0.056,5.0,0.0,2.0,12.312,0.9974076474400518,1543.0,12.344,19.0,1.0
IMG-1815129EC4,isotropic_2x2x2,8.0,3,1.4403719;2.2062797;3.3873599,0.7659078984664234,0.8563949742268041,10633,0.08537372095756965,0,0,0.08906882591093117,0.02207470207150284,0.0017033011598669803,2,1.184,0.5362318840579711,276,2.208,9,1,2,0.088,0.5238095238095238,21,0.168,6,0,,0.0,0.0015410820017844108,0,0.0,0.0,0,0.0,0,0,1,0.152,1.0,19,0.152,10,0,0.0,0.0,0.0,0.009997600575861793,,,0.0015410820017844108,1.0,0.010138697380160596,0.0025549517398004706,0.08638684255813601,1.0360488891601562,0.9892953994005423,0.9779252979284971,0.9967556168383486,1.0,97.816,1.0,12227.0,97.816,18.0,1.0,1.0,98.312,1.0,12289.0,98.312,26.0,1.0
IMG-AD73EFA971,isotropic_2x2x2,8.0,3,1.4403719;2.2062797;3.3873599,0.7659078984664234,0.7301255230125523,2443,0.13901611087107638,0,0,0.242152466367713,0.24724061810154527,0.14456120420335133,2,5.856,0.9336734693877551,784,6.272,13,1,7,2.512,0.6168958742632613,509,4.072,11,1,0.0,0.001261431725007884,0.0,1,0.032,1.0,4,0.032,4,0,0,0.0,0.0,0,0.0,0,0,0.001261431725007884,1.0,0.03941974140649637,0.022548092084515924,0.2773500981126146,1.886621356010437,0.0,0.0,0.0,0.031383129792672534,,,0.9229035166816952,0.7514979501734469,0.8554387957966487,4.0,18.856,0.9890893831305078,2383.0,19.064,17.0,1.0,2.0,24.088,0.999667994687915,3012.0,24.096,24.0,1.0
IMG-D31CF4ABF7,isotropic_2x2x2,8.0,3,1.4403719;2.2062797;3.3873599,0.7659078984664234,0.6995565410199557,1262,0.1612367205117877,0,0,,0.0,0.0,0,0.0,0.0,0,0.0,0,0,0,0.0,0.0,0,0.0,0,0,0.9784465229768199,0.8908108108108108,0.9772468714448237,1,13.184,1.0,1648,13.184,20,1,1,13.744,1.0,1718,13.744,20,1,0.8908108108108108,1.0,0.06756756756756756,0.044054054054054055,0.39582370241007125,,0.9772468714448237,1.0,0.07110352673492605,0.01422070534698521,0.38963430015769546,,0.18461538461538463,0.10918918918918918,0.022753128555176336,2.0,1.456,0.900990099009901,202.0,1.616,15.0,1.0,7.0,0.112,0.35,40.0,0.32,9.0,0.0
IMG-182FA24923,isotropic_2x2x2,8.0,3,1.4403719;2.2062797;3.3873599,0.7659078984664234,0.7325462012320328,1427,1.0,0,0,1.0,1.0,1.0,1,11.608,1.0,1451,11.608,5,1,1,19.56,1.0,2445,19.56,8,1,,0.0,0.0,0,0.0,0.0,0,0.0,0,0,0,0.0,0.0,0,0.0,0,0,0.0,0.0,0.0,0.0,,,0.0,0.0,0.0,0.0,,,,0.0,0.0,0.0,0.0,0.0,0.0,0.0,0.0,0.0,0.0,0.0,0.0,0.0,0.0,0.0,0.0
IMG-B1DBEB52F4,isotropic_2x2x2,8.0,3,1.4403719;2.2062797;3.3873599,0.7659078984664234,0.6080115241841654,5487,0.9731408344895796,0,0,,0.0,0.0,0,0.0,0.0,0,0.0,0,0,0,0.0,0.0,0,0.0,0,0,0.9998164800880895,0.993103448275862,0.9854055347316373,3,43.712,0.9985380116959064,5472,43.776,27,1,2,98.824,0.9997572029783102,12356,98.848,37,1,0.993103448275862,0.9985380116959064,0.06805807622504538,0.003266787658802178,0.3530766258827058,,0.9854055347316373,0.9997572029783102,0.019937794082462715,0.0058617114602440385,0.3155700325645627,,0.9736842105263158,0.006896551724137931,0.014594465268362708,2.0,0.296,0.9736842105263158,38.0,0.304,11.0,0.0,3.0,1.336,0.912568306010929,183.0,1.464,17.0,1.0
IMG-825C59B3C8,isotropic_2x2x2,8.0,3,1.4403719;2.2062797;3.3873599,0.7659078984664234,0.8865078539477791,4261,0.46481612566713826,0,0,,0.0,0.0,0,0.0,0.0,0,0.0,0,0,0,0.0,0.0,0,0.0,0,0,0.8959537572254336,0.655565693430657,0.8034040925607191,1,22.992,1.0,2874,22.992,20,1,1,33.608,1.0,4201,33.608,23,1,0.655565693430657,1.0,0.028512773722627734,0.03604014598540146,0.3990122661974454,,0.8034040925607191,1.0,0.023905144387072096,0.028303690954293362,0.36954083619067196,,0.7175239755884917,0.34443430656934304,0.19659590743928093,1.0,12.08,1.0,1510.0,12.08,17.0,1.0,2.0,7.968,0.9688715953307393,1028.0,8.224,20.0,1.0
IMG-DA4569F340,isotropic_2x2x2,8.0,3,1.4403719;2.2062797;3.3873599,0.7659078984664234,0.6870200412062184,1834,0.0,0,0,0.9964432284541723,0.9920592906299629,1.0,1,14.992,1.0,1874,14.992,9,1,1,27.6,1.0,3450,27.6,12,1,,0.0,0.0,0,0.0,0.0,0,0.0,0,0,0,0.0,0.0,0,0.0,0,0,0.0,0.0,0.0,0.005823186871360508,,,0.0,0.0,0.0,0.0,,,0.0,0.007940709370037057,0.0,4.0,0.064,0.5333333333333333,15.0,0.12,6.0,0.0,0.0,0.0,0.0,0.0,0.0,0.0,0.0
IMG-8BF8DD5DE4,isotropic_2x2x2,8.0,3,1.4403719;2.2062797;3.3873599,0.7659078984664234,0.7062064965197216,2435,0.0,0,0,0.0,0.0,1.0,0,0.0,0.0,0,0.0,0,0,1,34.256,1.0,4282,34.256,9,1,0.0,0.0007651109410864575,0.0,1,0.016,1.0,2,0.016,1,0,0,0.0,0.0,0,0.0,0,0,0.0007651109410864575,1.0,0.0478194338179036,0.0005738332058148432,0.19611613513818404,,0.0,0.0,0.0,0.0,,,0.0,0.9992348890589136,0.0,1.0,20.896,1.0,2612.0,20.896,15.0,1.0,0.0,0.0,0.0,0.0,0.0,0.0,0.0
IMG-16B3264BD9,isotropic_2x2x2,8.0,3,1.4403719;2.2062797;3.3873599,0.7659078984664234,0.3491750800295494,709,0.0,0,0,0.0,0.0,0.4042042042042042,0,0.0,0.0,0,0.0,0,0,4,8.968,0.8328380386329867,1346,10.768,16,1,,0.0,0.0,0,0.0,0.0,0,0.0,0,0,0,0.0,0.0,0,0.0,0,0,0.0,0.0,0.0,0.0,,,0.0,0.0,0.0,0.052552552552552555,,,0.7890691716481639,1.0,0.5957957957957958,1.0,5.848,1.0,731.0,5.848,15.0,1.0,1.0,15.872,1.0,1984.0,15.872,16.0,1.0
IMG-34B5A93F0D,isotropic_2x2x2,8.0,3,1.4403719;2.2062797;3.3873599,0.7659078984664234,0.6228133237479032,5198,-0.023356158164820822,0,0,0.24330900243309003,0.570410518920004,0.08292465448060633,3,45.448,0.9996480732007742,5683,45.464,19,1,3,3.488,0.7813620071684588,558,4.464,9,1,0.0,0.0,0.043840095110714815,0,0.0,0.0,0,0.0,0,0,3,2.208,0.9355932203389831,295,2.36,16,1,0.0,0.0,0.0,0.026999899628625916,,,0.043840095110714815,0.9355932203389831,0.05572893446277307,0.03209986625055729,0.2978637376658917,1.3270277976989746,0.5649085688378419,0.429589481079996,0.8732352504086789,9.0,31.824,0.9294392523364486,4280.0,34.24,15.0,1.0,1.0,47.008,1.0,5876.0,47.008,23.0,1.0
IMG-893073F906,isotropic_2x2x2,8.0,3,1.4403719;2.2062797;3.3873599,0.7659078984664234,0.6521682847896441,2519,0.005105882445215751,0,0,,0.0,0.009368148295794299,0,0.0,0.0,0,0.0,0,0,2,0.368,0.9787234042553191,47,0.376,9,0,0.6761426978818283,0.9353766617429837,0.3290811241777955,1,20.264,1.0,2533,20.264,17,1,1,13.208,1.0,1651,13.208,21,1,0.9353766617429837,1.0,0.04615952732644017,0.01827917282127031,0.3801911656702364,,0.3290811241777955,1.0,0.02491528802072952,0.06139126968307754,0.32237716678864486,1.7477657794952393,0.1986206896551724,0.06462333825701624,0.6615507275264102,5.0,0.776,0.5542857142857143,175.0,1.4,12.0,1.0,2.0,25.224,0.9499849352214522,3319.0,26.552,20.0,1.0
IMG-EE9195B25E,isotropic_2x2x2,8.0,3,1.4403719;2.2062797;3.3873599,0.7659078984664234,0.7268051434223541,3674,0.8668205902974667,0,0,,0.0,0.0,0,0.0,0.0,0,0.0,0,0,0,0.0,0.0,0,0.0,0,0,0.9297163995067818,0.232004281509232,0.2002196767613369,2,6.864,0.9896193771626297,867,6.936,16,1,4,9.952,0.9749216300940439,1276,10.208,20,1,0.232004281509232,0.9896193771626297,0.0668985817500669,0.02461867808402462,0.46912436169813515,,0.2002196767613369,0.9749216300940439,0.07845598619174643,0.033736074062450966,0.3659720186516124,,0.9800908138316451,0.767995718490768,0.7997803232386631,1.0,22.96,1.0,2870.0,22.96,16.0,1.0,1.0,40.776,1.0,5097.0,40.776,21.0,1.0
IMG-8F0C09D99C,isotropic_2x2x2,8.0,3,1.4403719;2.2062797;3.3873599,0.7659078984664234,0.7811158798283262,1183,-0.0689094622112309,0,0,,0.0,0.0027159152634437804,0,0.0,0.0,0,0.0,0,0,1,0.04,1.0,5,0.04,4,0,0.14273430782459157,0.9132996632996633,0.0841933731667572,1,8.68,1.0,1085,8.68,18,1,2,0.736,0.5935483870967742,155,1.24,13,1,0.9132996632996633,1.0,0.10521885521885523,0.032407407407407406,0.4701829710934034,,0.0841933731667572,0.5935483870967742,0.13579576317218903,0.036936447582835416,0.3460663262847704,1.3136489391326904,0.171238570241064,0.0867003367003367,0.913090711569799,2.0,0.72,0.8737864077669902,103.0,0.824,9.0,1.0,1.0,13.448,1.0,1681.0,13.448,19.0,1.0
IMG-EDA063D47C,isotropic_2x2x2,8.0,3,1.4403719;2.2062797;3.3873599,0.7659078984664234,0.6258855585831062,2297,-0.006380755307018963,0,0,0.0,0.1421188630490956,0.0,1,2.64,1.0,330,2.64,7,1,0,0.0,0.0,0,0.0,0,0,0.0,0.0,0.03367875647668394,0,0.0,0.0,0,0.0,0,0,6,0.544,0.40236686390532544,169,1.352,17,1,0.0,0.0,0.0,0.027347114556416884,,,0.03367875647668394,0.40236686390532544,0.14946193702670388,0.013949780789159028,0.31083063132373073,,0.9213430382718948,0.8578811369509044,0.966321243523316,1.0,15.936,1.0,1992.0,15.936,19.0,1.0,1.0,38.792,1.0,4849.0,38.792,21.0,1.0
IMG-7350051976,isotropic_2x2x2,8.0,3,1.4403719;2.2062797;3.3873599,0.7659078984664234,0.7820054200542006,3607,0.21352645446356316,0,0,0.004291845493562232,0.12798026856673062,0.018113342898134863,12,2.192,0.5867237687366167,467,3.736,11,1,5,0.512,0.6336633663366337,101,0.808,11,1,0.6211453744493393,0.03864072348588654,0.07657819225251077,1,1.128,1.0,141,1.128,12,1,1,3.416,1.0,427,3.416,18,1,0.03864072348588654,1.0,0.03425596053713346,0.050287750068511924,0.4134985828853668,1.3091671466827393,0.07657819225251077,1.0,0.022417503586800575,0.02582496413199426,0.3704368050743646,1.2233242988586426,0.8989513822688274,0.8333790079473828,0.9053084648493543,3.0,24.304,0.999013482407103,3041.0,24.328,15.0,1.0,2.0,40.32,0.9984152139461173,5048.0,40.384,21.0,1.0
IMG-4950E13031,isotropic_2x2x2,8.0,3,1.4403719;2.2062797;3.3873599,0.7659078984664234,0.7385154250303112,2741,0.5801187364548844,0,0,0.7350096711798839,0.22660768969037087,0.20785013380909903,3,4.312,0.8093093093093093,666,5.328,12,1,2,3.848,0.5160944206008584,932,7.456,14,1,,0.0,0.00022301516503122213,0,0.0,0.0,0,0.0,0,0,1,0.008,1.0,1,0.008,1,0,0.0,0.0,0.0,0.04967676080299421,,,0.00022301516503122213,1.0,0.027876895628902765,0.028657448706512042,0.22360679774997896,1.8998544216156006,0.9383992805755396,0.7733923103096291,0.7919268510258698,1.0,18.184,1.0,2273.0,18.184,12.0,1.0,4.0,28.312,0.996620670233737,3551.0,28.408,18.0,1.0
IMG-9E2C4ABE0B,n4_1x1x2,4.0,2,1.9009268;3.2453557,1.344428880330144,0.5847432074776374,8727,1.0,0,0,1.0,1.0,0.9988091268518078,1,17.712,1.0,8856,17.712,15,1,2,41.928,0.9998092331171309,20968,41.936,25,1,,0.0,0.0011908731481922545,0,0.0,0.0,0,0.0,0,0,3,0.046,0.92,25,0.05,10,0,0.0,0.0,0.0,0.0,,,0.0011908731481922545,0.92,0.07145238889153528,0.0012146906111560997,0.19224163852742593,1.3611938953399658,,,,,,,,,,,,,,,,,
IMG-D0FB6C7AE7,n4_1x1x2,4.0,2,1.9009268;3.2453557,1.344428880330144,0.6410220412747438,4566,0.07154077801833585,0,0,0.9580852038479157,0.9959288622241268,0.9465497442321745,1,9.296,1.0,4648,9.296,13,1,1,18.134,1.0,9067,18.134,18,1,0.085,0.004071137775873152,0.05345025576782545,2,0.036,0.9473684210526315,19,0.038,7,0,1,1.024,1.0,512,1.024,13,1,0.004071137775873152,0.9473684210526315,0.2142704092564817,0.004178272980501393,0.2580194172137991,1.2999377250671387,0.05345025576782545,1.0,0.05219751539826704,0.021975153982670425,0.2755006628648124,1.2212599515914917,,,,,,,,,,,,,,,,,
IMG-1815129EC4,n4_1x1x2,4.0,2,1.9009268;3.2453557,1.344428880330144,0.8566391650800367,42518,0.0,0,0,0.9812631780716887,1.0,0.9348493161819992,1,100.116,1.0,50058,100.116,20,1,2,91.992,0.9998478360106949,46003,92.006,24,1,0.0,0.0,0.06515068381800078,0,0.0,0.0,0,0.0,0,0,1,6.412,1.0,3206,6.412,26,1,0.0,0.0,0.0,0.0,,,0.06515068381800078,1.0,0.010160742953524761,0.010485886728037554,0.24785175571686888,0.27071475982666016,,,,,,,,,,,,,,,,,
IMG-AD73EFA971,n4_1x1x2,4.0,2,1.9009268;3.2453557,1.344428880330144,0.7304497493077902,9761,0.0,0,0,0.9977410411746586,1.0,0.993872898261613,1,25.38,1.0,12690,25.38,20,1,1,27.9,1.0,13950,27.9,28,1,0.0,0.0,0.0061271017383870046,0,0.0,0.0,0,0.0,0,0,2,0.17,0.9883720930232558,86,0.172,17,0,0.0,0.0,0.0,0.0,,,0.0061271017383870046,0.9883720930232558,0.07124536905101168,0.0035266457680250786,0.28827000952337994,0.49724507331848145,,,,,,,,,,,,,,,,,
IMG-D31CF4ABF7,n4_1x1x2,4.0,2,1.9009268;3.2453557,1.344428880330144,0.6917803476213559,4995,0.0,0,0,0.0,0.026113878045497377,0.0017113519680547634,4,0.172,0.44329896907216493,194,0.388,13,0,2,0.02,0.8333333333333334,12,0.024,5,0,0.9985966319165999,0.9738861219545026,0.9982886480319453,1,14.47,1.0,7235,14.47,23,1,1,14.0,1.0,7000,14.0,22,1,0.9738861219545026,1.0,0.06730380939561179,0.015143357114012653,0.3368909655947089,1.3343544006347656,0.9982886480319453,1.0,0.07130633200228181,0.0011409013120365088,0.3362156520106237,1.155961275100708,,,,,,,,,,,,,,,,,
IMG-182FA24923,n4_1x1x2,4.0,2,1.9009268;3.2453557,1.344428880330144,0.7349436812292467,5644,1.0,0,0,1.0,1.0,1.0,1,11.434,1.0,5717,11.434,5,1,2,19.282,0.9998962870773699,9642,19.284,8,1,,0.0,0.0,0,0.0,0.0,0,0.0,0,0,0,0.0,0.0,0,0.0,0,0,0.0,0.0,0.0,0.0,,,0.0,0.0,0.0,0.0,,,,,,,,,,,,,,,,,,,
IMG-B1DBEB52F4,n4_1x1x2,4.0,2,1.9009268;3.2453557,1.344428880330144,0.6065254849647046,21824,0.9896222107097661,0,0,0.9896907216494846,0.002235503444500205,0.005015486062543711,1,0.098,1.0,49,0.098,8,0,1,0.502,1.0,251,0.502,20,1,0.9999770384147322,0.9977644965554998,0.9949845139374562,2,43.688,0.9988111568358482,21870,43.74,30,1,1,99.588,1.0,49794,99.588,41,1,0.9977644965554998,0.9988111568358482,0.045622519275514396,0.0016880332131940325,0.300797619191999,1.6645176410675049,0.9949845139374562,1.0,0.009991008092716554,0.0019582375861724446,0.28932072727540425,1.913726568222046,,,,,,,,,,,,,,,,,
IMG-825C59B3C8,n4_1x1x2,4.0,2,1.9009268;3.2453557,1.344428880330144,0.8863322835055572,17026,0.35336686288902597,0,0,0.5527127003699137,0.2732418524871355,0.12915093888862345,4,9.278,0.9707051684452814,4779,9.558,17,1,3,5.384,0.9959304476507584,2703,5.406,20,1,0.8947177477869686,0.7267581475128645,0.8708490611113766,1,25.422,1.0,12711,25.422,22,1,2,36.17,0.9922637989685066,18226,36.452,25,1,0.7267581475128645,1.0,0.028587764436821043,0.03619210977701544,0.3591172013623641,0.7348618507385254,0.8708490611113766,0.9922637989685066,0.04778059152372307,0.04226193320273305,0.34624398324116307,0.8966329097747803,,,,,,,,,,,,,,,,,
IMG-DA4569F340,n4_1x1x2,4.0,2,1.9009268;3.2453557,1.344428880330144,0.6873597606581899,7352,1.0,0,0,1.0,1.0,0.9997826244475038,1,15.182,1.0,7591,15.182,10,1,2,27.592,0.9998550514567328,13798,27.596,14,1,,0.0,0.00021737555249619594,0,0.0,0.0,0,0.0,0,0,1,0.006,1.0,3,0.006,3,0,0.0,0.0,0.0,0.0,,,0.00021737555249619594,1.0,0.036229258749365986,0.0003985218462430259,0.1414213562373095,1.1517159938812256,,,,,,,,,,,,,,,,,
IMG-8BF8DD5DE4,n4_1x1x2,4.0,2,1.9009268;3.2453557,1.344428880330144,0.7029027576197387,9686,0.0,0,0,0.9541650920477245,0.9147033368593134,1.0,1,19.024,1.0,9512,19.024,16,1,1,34.322,1.0,17161,34.322,9,1,0.0,0.08529666314068661,0.0,1,1.774,1.0,887,1.774,12,1,0,0.0,0.0,0,0.0,0,0,0.08529666314068661,1.0,0.048081546302529095,0.019280700067314166,0.23263647753068972,0.7269179821014404,0.0,0.0,0.0,0.0,,,,,,,,,,,,,,,,,,,
IMG-16B3264BD9,n4_1x1x2,4.0,2,1.9009268;3.2453557,1.344428880330144,0.34995711309888494,2856,0.0,0,0,0.9228738449934,0.8583588695948247,0.9994770265222264,1,5.042,1.0,2521,5.042,16,1,3,26.332,0.9841530871580206,13378,26.756,20,1,0.0,0.14164113040517534,0.0005229734777736272,1,0.832,1.0,416,0.832,11,1,4,0.006,0.42857142857142855,7,0.014,5,0,0.14164113040517534,1.0,0.17024174327545116,0.03677221654749745,0.37721689772908557,0.4306609630584717,0.0005229734777736272,0.42857142857142855,0.14942099364960776,0.001195367949196862,0.12403473458920847,1.697187900543213,,,,,,,,,,,,,,,,,
IMG-34B5A93F0D,n4_1x1x2,4.0,2,1.9009268;3.2453557,1.344428880330144,0.6217367820920603,20720,0.0,0,0,0.9569594764661465,1.0,0.8754470938897169,1,79.624,1.0,39812,79.624,19,1,3,46.93,0.9986381240158319,23497,46.994,27,1,0.0,0.0,0.12455290611028316,0,0.0,0.0,0,0.0,0,0,3,5.982,0.8947053544720311,3343,6.686,19,1,0.0,0.0,0.0,0.0,,,0.12455290611028316,0.8947053544720311,0.05588673621460507,0.018498509687034276,0.31283788797237755,0.7730753421783447,,,,,,,,,,,,,,,,,
IMG-893073F906,n4_1x1x2,4.0,2,1.9009268;3.2453557,1.344428880330144,0.6551780198341733,10075,0.11563520773749256,0,0,0.273720529039678,0.07876490709069058,0.4855050657036814,4,0.842,0.49413145539906106,852,1.704,14,1,3,19.35,0.9994834710743802,9680,19.36,22,1,0.8484884836852208,0.9212350929093094,0.5144949342963185,2,19.914,0.9991971901655795,9965,19.93,19,1,4,19.76,0.9631507116396959,10258,20.516,21,1,0.9212350929093094,0.9991971901655795,0.09244707405010631,0.027456780992881576,0.3509142053235605,0.8022921085357666,0.5144949342963185,0.9631507116396959,0.10031096398836394,0.07458120172534859,0.33564751325220543,0.9553542137145996,,,,,,,,,,,,,,,,,
IMG-EE9195B25E,n4_1x1x2,4.0,2,1.9009268;3.2453557,1.344428880330144,0.7299295339349734,14761,0.45918535657550436,0,0,0.811444875961005,0.353274265538605,0.5295667217110954,3,9.356,0.8821421836696209,5303,10.606,21,1,1,26.938,1.0,13469,26.938,23,1,0.8592724046140195,0.646725734461395,0.47043327828890463,6,19.364,0.9973217964565307,9708,19.416,19,1,5,23.794,0.9943167572085249,11965,23.93,25,1,0.646725734461395,0.9973217964565307,0.1998534408100726,0.0406368662980481,0.3843355048073159,0.46527862548828125,0.47043327828890463,0.9943167572085249,0.09829362270975858,0.03056931666273492,0.3514155744192744,0.3183894157409668,,,,,,,,,,,,,,,,,
IMG-8F0C09D99C,n4_1x1x2,4.0,2,1.9009268;3.2453557,1.344428880330144,0.7846802878650012,4743,-0.0003677101546165129,0,0,0.00047505938242280285,0.00020933640360058616,0.8550328227571116,1,0.002,1.0,1,0.002,1,0,1,12.504,1.0,6252,12.504,21,1,0.20242608036391205,0.9997906635963995,0.1449671772428884,1,9.552,1.0,4776,9.552,20,1,3,1.9,0.8962264150943396,1060,2.12,20,1,0.9997906635963995,1.0,0.10466820180029307,0.0004186728072011723,0.3982028011092447,0.39995789527893066,0.1449671772428884,0.8962264150943396,0.20514223194748357,0.04964442013129103,0.300418549910573,0.10793709754943848,,,,,,,,,,,,,,,,,
IMG-EDA063D47C,n4_1x1x2,4.0,2,1.9009268;3.2453557,1.344428880330144,0.630017094017094,9214,0.0,0,0,0.9832827586206897,1.0,0.9495304574900818,1,18.674,1.0,9337,18.674,20,1,1,37.816,1.0,18908,37.816,23,1,0.0,0.0,0.05046954250991814,0,0.0,0.0,0,0.0,0,0,5,1.7,0.845771144278607,1005,2.01,18,1,0.0,0.0,0.0,0.0,,,0.05046954250991814,0.845771144278607,0.12554612564656253,0.01933410334957063,0.29199856987313394,0.44767332077026367,,,,,,,,,,,,,,,,,
IMG-7350051976,n4_1x1x2,4.0,2,1.9009268;3.2453557,1.344428880330144,0.784175966709001,14510,0.9717837497791031,0,0,0.9993647656691135,0.976229396539981,0.9738409854423292,1,28.666,1.0,14333,28.666,15,1,2,43.474,0.9998160158226392,21741,43.482,24,1,0.9736842105263158,0.023770603460019073,0.026159014557670772,1,0.698,1.0,349,0.698,14,1,2,1.16,0.9931506849315068,584,1.168,20,1,0.023770603460019073,1.0,0.03405530581664623,0.007730554420378695,0.33227935236786527,1.1750516891479492,0.026159014557670772,0.9931506849315068,0.04479283314669653,0.007704367301231803,0.2726118877713345,1.0347633361816406,,,,,,,,,,,,,,,,,
IMG-4950E13031,n4_1x1x2,4.0,2,1.9009268;3.2453557,1.344428880330144,0.7374535629854779,10918,1.0,0,0,1.0,1.0,0.9966390320412278,1,23.516,1.0,11758,23.516,15,1,2,35.576,0.9997751798561151,17792,35.584,20,1,,0.0,0.0033609679587721262,0,0.0,0.0,0,0.0,0,0,5,0.092,0.7666666666666667,60,0.12,14,0,0.0,0.0,0.0,0.0,,,0.0033609679587721262,0.7666666666666667,0.14004033161550528,0.00397714541788035,0.13007703574014554,0.9138028621673584,,,,,,,,,,,,,,,,,
IMG-9E2C4ABE0B,n4_1x1x2,4.0,3,1.5625171;2.2706158;3.4637282,0.708098690775206,0.5847432074776374,8727,0.10231401907693778,0,0,0.14215202369200394,0.017728093947606143,0.20949840422998142,6,0.144,0.4585987261146497,157,0.314,9,0,9,5.238,0.5954979536152797,4398,8.796,19,1,,0.0,0.0011908731481922545,0,0.0,0.0,0,0.0,0,0,3,0.046,0.92,25,0.05,10,0,0.0,0.0,0.0,0.010953026196928636,,,0.0011908731481922545,0.92,0.07145238889153528,0.050778831038917734,0.19224163852742593,1.6655867099761963,0.9471443342862357,0.9822719060523939,0.7893107226218263,1.0,17.398,1.0,8699.0,17.398,15.0,1.0,5.0,33.12,0.9993964996982498,16570.0,33.14,24.0,1.0
IMG-D0FB6C7AE7,n4_1x1x2,4.0,3,1.5625171;2.2706158;3.4637282,0.708098690775206,0.6410220412747438,4566,0.2686247188307731,0,0,0.8771976915850221,0.912363402614099,0.8018582315481783,1,8.516,1.0,4258,8.516,13,1,1,15.362,1.0,7681,15.362,18,1,0.0,0.0,0.0019835055851341477,0,0.0,0.0,0,0.0,0,0,1,0.038,1.0,19,0.038,8,0,0.0,0.0,0.0,0.044139704306835226,,,0.0019835055851341477,1.0,0.05219751539826704,0.06644743710199394,0.1693019728895669,1.6103914976119995,0.43990384615384615,0.087636597385901,0.19615826286668755,1.0,0.818,1.0,409.0,0.818,11.0,1.0,3.0,3.438,0.9148483235763704,1879.0,3.758,15.0,1.0
IMG-1815129EC4,n4_1x1x2,4.0,3,1.5625171;2.2706158;3.4637282,0.708098690775206,0.8566391650800367,42518,0.0,0,0,0.0,0.06462503495944705,0.0,3,6.46,0.9984544049459042,3235,6.47,11,1,0,0.0,0.0,0,0.0,0,0,,0.0,0.0,0,0.0,0.0,0,0.0,0,0,0,0.0,0.0,0,0.0,0,0,0.0,0.0,0.0,0.013993767230013185,,,0.0,0.0,0.0,0.0,,,0.9778466938324137,0.935374965040553,1.0,1.0,93.646,1.0,46823.0,93.646,20.0,1.0,1.0,98.418,1.0,49209.0,98.418,27.0,1.0
IMG-AD73EFA971,n4_1x1x2,4.0,3,1.5625171;2.2706158;3.4637282,0.708098690775206,0.7304497493077902,9761,0.11565095500421133,0,0,0.26375496313102664,0.2404255319148936,0.3686235394699345,1,6.102,1.0,3051,6.102,18,1,2,7.966,0.7698105914186316,5174,10.348,16,1,,0.0,0.0,0,0.0,0.0,0,0.0,0,0,0,0.0,0.0,0,0.0,0,0,0.0,0.0,0.0,0.009653270291568164,,,0.0,0.0,0.0,0.04926617269877458,,,0.8377094273568392,0.7595744680851064,0.6313764605300656,1.0,19.278,1.0,9639.0,19.278,19.0,1.0,1.0,17.724,1.0,8862.0,17.724,28.0,1.0
IMG-D31CF4ABF7,n4_1x1x2,4.0,3,1.5625171;2.2706158;3.4637282,0.708098690775206,0.6917803476213559,4995,0.0,0,0,,0.0,0.0,0,0.0,0.0,0,0.0,0,0,0,0.0,0.0,0,0.0,0,0,0.9985966319165999,0.9738861219545026,0.9629207073588134,1,14.47,1.0,7235,14.47,23,1,1,13.504,1.0,6752,13.504,22,1,0.9738861219545026,1.0,0.06730380939561179,0.015143357114012653,0.3368909655947089,,0.9629207073588134,1.0,0.07130633200228181,0.01739874500855676,0.3388014381780775,,0.0,0.026113878045497377,0.037079292641186534,4.0,0.172,0.44329896907216493,194.0,0.388,13.0,0.0,3.0,0.496,0.9538461538461539,260.0,0.52,12.0,1.0
IMG-182FA24923,n4_1x1x2,4.0,3,1.5625171;2.2706158;3.4637282,0.708098690775206,0.7349436812292467,5644,1.0,0,0,1.0,1.0,1.0,1,11.434,1.0,5717,11.434,5,1,2,19.282,0.9998962870773699,9642,19.284,8,1,,0.0,0.0,0,0.0,0.0,0,0.0,0,0,0,0.0,0.0,0,0.0,0,0,0.0,0.0,0.0,0.0,,,0.0,0.0,0.0,0.0,,,,0.0,0.0,0.0,0.0,0.0,0.0,0.0,0.0,0.0,0.0,0.0,0.0,0.0,0.0,0.0,0.0
IMG-B1DBEB52F4,n4_1x1x2,4.0,3,1.5625171;2.2706158;3.4637282,0.708098690775206,0.6065254849647046,21824,0.10891854345148716,0,0,,0.0,0.0,0,0.0,0.0,0,0.0,0,0,0,0.0,0.0,0,0.0,0,0,0.983000186811134,0.9645969250422008,0.9949845139374562,3,42.232,0.9987229816014757,21143,42.286,30,1,1,99.588,1.0,49794,99.588,41,1,0.9645969250422008,0.9987229816014757,0.06843377891327158,0.007048679228066974,0.3035937053587357,,0.9949845139374562,1.0,0.009991008092716554,0.0019582375861724446,0.28932072727540425,,0.11650485436893204,0.03540307495779917,0.005015486062543711,2.0,1.368,0.8814432989690721,776.0,1.552,18.0,1.0,1.0,0.502,1.0,251.0,0.502,20.0,1.0
IMG-825C59B3C8,n4_1x1x2,4.0,3,1.5625171;2.2706158;3.4637282,0.708098690775206,0.8863322835055572,17026,0.08341858890401495,0,0,0.0,0.029731275014293884,0.0,1,1.04,1.0,520,1.04,14,1,0,0.0,0.0,0,0.0,0,0,0.663799054750146,0.3723842195540309,0.7110229824645229,4,13.018,0.9993858436972209,6513,13.026,21,1,1,29.762,1.0,14881,29.762,25,1,0.3723842195540309,0.9993858436972209,0.11435105774728417,0.039050886220697544,0.3565538158899597,1.526725172996521,0.7110229824645229,1.0,0.023890295761861535,0.045319891060251326,0.34475527170245124,,0.534176698632932,0.5978845054316753,0.2889770175354771,1.0,20.914,1.0,10457.0,20.914,19.0,1.0,5.0,11.108,0.9183201058201058,6048.0,12.096,21.0,1.0
IMG-DA4569F340,n4_1x1x2,4.0,3,1.5625171;2.2706158;3.4637282,0.708098690775206,0.6873597606581899,7352,1.0,0,0,1.0,1.0,0.9997826244475038,1,15.182,1.0,7591,15.182,10,1,2,27.592,0.9998550514567328,13798,27.596,14,1,,0.0,0.0,0,0.0,0.0,0,0.0,0,0,0,0.0,0.0,0,0.0,0,0,0.0,0.0,0.0,0.0,,,0.0,0.0,0.0,0.0003985218462430259,,,,0.0,0.00021737555249619594,0.0,0.0,0.0,0.0,0.0,0.0,0.0,1.0,0.006,1.0,3.0,0.006,3.0,0.0
IMG-8BF8DD5DE4,n4_1x1x2,4.0,3,1.5625171;2.2706158;3.4637282,0.708098690775206,0.7029027576197387,9686,0.0,0,0,0.2554034582132565,0.14607173766708337,1.0,2,2.996,0.9861751152073732,1519,3.038,13,1,1,34.322,1.0,17161,34.322,9,1,0.0,0.06433310895278392,0.0,1,1.338,1.0,669,1.338,10,1,0,0.0,0.0,0,0.0,0,0,0.06433310895278392,1.0,0.048081546302529095,0.05212039619194153,0.2418795562366978,1.1621018648147583,0.0,0.0,0.0,0.0,,,0.0,0.7895951533801328,0.0,1.0,16.422,1.0,8211.0,16.422,16.0,1.0,0.0,0.0,0.0,0.0,0.0,0.0,0.0
IMG-16B3264BD9,n4_1x1x2,4.0,3,1.5625171;2.2706158;3.4637282,0.708098690775206,0.34995711309888494,2856,0.6829866219478091,0,0,0.8724622592399792,0.3023493360572012,0.5715353007097497,1,1.776,1.0,888,1.776,16,1,2,14.88,0.9725490196078431,7650,15.3,18,1,,0.0,0.0005229734777736272,0,0.0,0.0,0,0.0,0,0,4,0.006,0.42857142857142855,7,0.014,5,0,0.0,0.0,0.0,0.042390194075587334,,,0.0005229734777736272,0.42857142857142855,0.14942099364960776,0.05853567426223384,0.12403473458920847,1.860483169555664,0.9353732524399895,0.6976506639427987,0.42794172581247664,1.0,4.098,1.0,2049.0,4.098,16.0,1.0,6.0,11.402,0.995286312849162,5728.0,11.456,20.0,1.0
IMG-34B5A93F0D,n4_1x1x2,4.0,3,1.5625171;2.2706158;3.4637282,0.708098690775206,0.6217367820920603,20720,-0.040907937728525995,0,0,0.30680015318124626,0.657264141464885,0.1069672131147541,3,52.29,0.999159246379027,26167,52.334,17,1,2,5.738,0.9993033786137234,2871,5.742,13,1,0.0,0.0,0.029619970193740686,0,0.0,0.0,0,0.0,0,0,1,1.59,1.0,795,1.59,18,1,0.0,0.0,0.0,0.04081683914397669,,,0.029619970193740686,1.0,0.018628912071535022,0.030290611028315945,0.3070647215799474,1.181841254234314,0.42655776577526017,0.34273585853511507,0.8634128166915053,6.0,23.12,0.8471967753755955,13645.0,27.29,19.0,1.0,1.0,46.348,1.0,23174.0,46.348,27.0,1.0
IMG-893073F906,n4_1x1x2,4.0,3,1.5625171;2.2706158;3.4637282,0.708098690775206,0.6551780198341733,10075,0.04459484341385388,0,0,,9.244707405010632e-05,0.0,1,0.002,1.0,1,0.002,1,0,0,0.0,0.0,0,0.0,0,0,0.7147181778866946,0.8302671720440048,0.3461731367238439,2,17.946,0.999109230597929,8981,17.962,19,1,4,13.076,0.947261663286004,6902,13.804,21,1,0.8302671720440048,0.999109230597929,0.09244707405010631,0.04308033650734954,0.36320612128952606,1.9076564311981201,0.3461731367238439,0.947261663286004,0.10031096398836394,0.058807302638178356,0.3006169581190711,,0.36934353091140854,0.16964038088194508,0.6538268632761561,4.0,1.88,0.5122615803814714,1835.0,3.67,17.0,1.0,4.0,25.91,0.9937864375575329,13036.0,26.072,22.0,1.0
IMG-EE9195B25E,n4_1x1x2,4.0,3,1.5625171;2.2706158;3.4637282,0.708098690775206,0.7299295339349734,14761,0.09867772891353216,0,0,0.0,0.0,0.005543760320830385,0,0.0,0.0,0,0.0,0,0,1,0.282,1.0,141,0.282,10,0,0.11235955056179775,0.016920924655252814,0.008020759613116301,5,0.378,0.7440944881889764,254,0.508,16,1,4,0.386,0.946078431372549,204,0.408,16,0,0.016920924655252814,0.7440944881889764,0.16654453400839386,0.009659582972486843,0.2290202278094505,,0.008020759613116301,0.946078431372549,0.07863489816780687,0.007883148541322639,0.17783789905809508,1.2481380701065063,0.9911746596428815,0.9830790753447471,0.9864354800660533,1.0,29.514,1.0,14757.0,29.514,21.0,1.0,1.0,50.178,1.0,25089.0,50.178,25.0,1.0
IMG-8F0C09D99C,n4_1x1x2,4.0,3,1.5625171;2.2706158;3.4637282,0.708098690775206,0.7846802878650012,4743,-0.013073654683416452,0,0,,0.0,0.0,0,0.0,0.0,0,0.0,0,0,0,0.0,0.0,0,0.0,0,0,0.035329341317365266,0.692484823110739,0.01586433260393873,1,6.616,1.0,3308,6.616,20,1,3,0.148,0.6379310344827587,116,0.232,15,0,0.692484823110739,1.0,0.10466820180029307,0.0846765752564371,0.4135227834961541,,0.01586433260393873,0.6379310344827587,0.20514223194748357,0.013197483588621444,0.2218266625077819,,0.47575658965180606,0.30751517688926105,0.9841356673960613,4.0,2.794,0.9509870660313138,1469.0,2.938,17.0,1.0,1.0,14.392,1.0,7196.0,14.392,21.0,1.0
IMG-EDA063D47C,n4_1x1x2,4.0,3,1.5625171;2.2706158;3.4637282,0.708098690775206,0.630017094017094,9214,0.0,0,0,0.0,0.04883795651708257,0.0,3,0.69,0.756578947368421,456,0.912,7,1,0,0.0,0.0,0,0.0,0,0,,0.0,0.0,0,0.0,0.0,0,0.0,0,0,0,0.0,0.0,0,0.0,0,0,0.0,0.0,0.0,0.02806040484095534,,,0.0,0.0,0.0,0.0,,,0.9754253308128544,0.9511620434829174,1.0,1.0,17.762,1.0,8881.0,17.762,20.0,1.0,1.0,39.826,1.0,19913.0,39.826,23.0,1.0
IMG-7350051976,n4_1x1x2,4.0,3,1.5625171;2.2706158;3.4637282,0.708098690775206,0.784175966709001,14510,0.3752946883760002,0,0,0.14496833216045038,0.08922490123961313,0.018768197088465846,5,2.336,0.8916030534351145,1310,2.62,13,1,4,0.702,0.837708830548926,419,0.838,12,1,0.9895988112927192,0.023021386732052854,0.026159014557670772,1,0.676,1.0,338,0.676,14,1,2,1.16,0.9931506849315068,584,1.168,20,1,0.023021386732052854,1.0,0.03405530581664623,0.035213186214412204,0.33742585572948514,1.3630573749542236,0.026159014557670772,0.9931506849315068,0.04479283314669653,0.01572228443449048,0.2726118877713345,1.5816823244094849,0.9546163559384981,0.887753712028334,0.9550727883538633,1.0,26.068,1.0,13034.0,26.068,15.0,1.0,2.0,42.636,0.9998124003376794,21322.0,42.644,24.0,1.0
IMG-4950E13031,n4_1x1x2,4.0,3,1.5625171;2.2706158;3.4637282,0.708098690775206,0.7374535629854779,10918,0.9033914087561363,0,0,0.9823321554770318,0.6880421840449056,0.6184741205467175,1,16.18,1.0,8090,16.18,13,1,1,22.082,1.0,11041,22.082,18,1,,0.0,0.0006161774591082232,0,0.0,0.0,0,0.0,0,0,3,0.016,0.7272727272727273,11,0.022,7,0,0.0,0.0,0.0,0.0452457901003572,,,0.0006161774591082232,0.7272727272727273,0.08402419896930316,0.05380349540667712,0.13897195548370286,1.5983794927597046,0.9612403100775194,0.3119578159550944,0.38090970199417434,1.0,7.336,1.0,3668.0,7.336,13.0,1.0,4.0,13.566,0.9975,6800.0,13.6,20.0,1.0
IMG-9E2C4ABE0B,n4_1x1x2,6.0,2,1.8587434;3.1874371,1.3286937254611855,0.5847432074776374,8727,0.0,0,0,0.9239874237100055,1.0,0.9132567998856762,1,17.712,1.0,8856,17.712,15,1,2,38.336,0.9997913624035051,19172,38.344,24,1,0.0,0.0,0.08674320011432382,0,0.0,0.0,0,0.0,0,0,8,2.116,0.5809994508511807,1821,3.642,20,1,0.0,0.0,0.0,0.0,,,0.08674320011432382,0.5809994508511807,0.19053970371076073,0.03836993283475444,0.3143310014651929,0.4733552932739258,,,,,,,,,,,,,,,,,
IMG-D0FB6C7AE7,n4_1x1x2,6.0,2,1.8587434;3.1874371,1.3286937254611855,0.6410220412747438,4566,0.6362050626096029,0,0,0.9939852973936288,0.9843582601242769,0.980060549117862,1,9.188,1.0,4594,9.188,14,1,1,18.776,1.0,9388,18.776,18,1,0.6493506493506493,0.015641739875723162,0.01993945088213801,2,0.096,0.6575342465753424,73,0.146,10,0,3,0.328,0.8586387434554974,191,0.382,14,0,0.015641739875723162,0.6575342465753424,0.2142704092564817,0.014248982215556032,0.26407676087154686,1.3112149238586426,0.01993945088213801,0.8586387434554974,0.15659254619480112,0.01534606952709051,0.1717760153820477,1.2673449516296387,,,,,,,,,,,,,,,,,
IMG-1815129EC4,n4_1x1x2,6.0,2,1.8587434;3.1874371,1.3286937254611855,0.8566391650800367,42518,-0.0033486774522523037,0,0,0.8232754445443853,0.9973830356786129,0.704972667601455,1,99.854,1.0,49927,99.854,20,1,1,69.382,1.0,34691,69.382,24,1,0.0,0.002616964321387191,0.295027332398545,2,0.25,0.9541984732824428,131,0.262,11,0,8,25.118,0.8650640584102494,14518,29.036,26,1,0.002616964321387191,0.9541984732824428,0.01997682688081825,0.0012385632666107316,0.09609828873174615,0.42377805709838867,0.295027332398545,0.8650640584102494,0.08128594362819809,0.058048324493486965,0.36838704096730096,0.23841309547424316,,,,,,,,,,,,,,,,,
IMG-AD73EFA971,n4_1x1x2,6.0,2,1.8587434;3.1874371,1.3286937254611855,0.7304497493077902,9761,-0.00037114912634255445,0,0,0.955707713704932,0.933096926713948,0.9928042177258478,1,23.682,1.0,11841,23.682,20,1,1,27.87,1.0,13935,27.87,28,1,0.0,0.06690307328605201,0.0071957822741521805,5,1.326,0.7809187279151943,849,1.698,16,1,3,0.172,0.8514851485148515,101,0.202,16,0,0.06690307328605201,0.7809187279151943,0.19700551615445233,0.021040189125295507,0.29650338164801604,0.3896298408508301,0.0071957822741521805,0.8514851485148515,0.10686805357651753,0.003847249928754631,0.20492776518242883,0.626859188079834,,,,,,,,,,,,,,,,,
IMG-D31CF4ABF7,n4_1x1x2,6.0,2,1.8587434;3.1874371,1.3286937254611855,0.6917803476213559,4995,0.8588915879016644,0,0,0.8627450980392157,0.043478260869565216,0.05191100969766115,3,0.612,0.9473684210526315,323,0.646,15,1,13,0.476,0.6538461538461539,364,0.728,14,1,0.998584142394822,0.9565217391304348,0.9480889903023388,3,14.208,0.9997185477061638,7106,14.212,23,1,1,13.296,1.0,6648,13.296,22,1,0.9565217391304348,0.9997185477061638,0.20191142818683536,0.015345268542199489,0.33552178634954705,1.6433355808258057,0.9480889903023388,1.0,0.07130633200228181,0.027952082144894468,0.3428023596652021,1.2320024967193604,,,,,,,,,,,,,,,,,
IMG-182FA24923,n4_1x1x2,6.0,2,1.8587434;3.1874371,1.3286937254611855,0.7349436812292467,5644,1.0,0,0,1.0,1.0,1.0,1,11.434,1.0,5717,11.434,5,1,2,19.282,0.9998962870773699,9642,19.284,8,1,,0.0,0.0,0,0.0,0.0,0,0.0,0,0,0,0.0,0.0,0,0.0,0,0,0.0,0.0,0.0,0.0,,,0.0,0.0,0.0,0.0,,,,,,,,,,,,,,,,,,,
IMG-B1DBEB52F4,n4_1x1x2,6.0,2,1.8587434;3.1874371,1.3286937254611855,0.6065254849647046,21824,0.08416810384862781,0,0,0.08695652173913043,0.017062822209042382,0.0022979318613248075,3,0.566,0.7566844919786097,374,0.748,14,1,5,0.116,0.5043478260869565,115,0.23,14,0,0.9917470004854706,0.9829371777909576,0.9977020681386752,2,43.038,0.9987932234857275,21545,43.09,30,1,1,99.86,1.0,49930,99.86,41,1,0.9829371777909576,0.9987932234857275,0.045622519275514396,0.0062959076600209865,0.30193753419504116,1.4906764030456543,0.9977020681386752,1.0,0.009991008092716554,0.0028274552902387852,0.2890190009831678,2.252126097679138,,,,,,,,,,,,,,,,,
IMG-825C59B3C8,n4_1x1x2,6.0,2,1.8587434;3.1874371,1.3286937254611855,0.8863322835055572,17026,0.4333986781948699,0,0,0.5985143261407853,0.22818753573470554,0.12102823832959052,3,7.67,0.9609120521172638,3991,7.982,18,1,5,1.952,0.38531385708645877,2533,5.066,18,1,0.9200647932953024,0.7718124642652945,0.8789717616704095,5,26.966,0.9988147270168161,13499,26.998,22,1,1,36.792,1.0,18396,36.792,25,1,0.7718124642652945,0.9988147270168161,0.14293882218410522,0.051772441395082906,0.36317787901585663,0.8290066719055176,0.8789717616704095,1.0,0.023890295761861535,0.037674996416455636,0.3450938050428765,0.9290223121643066,,,,,,,,,,,,,,,,,
IMG-DA4569F340,n4_1x1x2,6.0,2,1.8587434;3.1874371,1.3286937254611855,0.6873597606581899,7352,1.0,0,0,1.0,1.0,1.0,1,15.182,1.0,7591,15.182,10,1,2,27.598,0.9998550829650026,13801,27.602,14,1,,0.0,0.0,0,0.0,0.0,0,0.0,0,0,0,0.0,0.0,0,0.0,0,0,0.0,0.0,0.0,0.0,,,0.0,0.0,0.0,0.0,,,,,,,,,,,,,,,,,,,
IMG-8BF8DD5DE4,n4_1x1x2,6.0,2,1.8587434;3.1874371,1.3286937254611855,0.7029027576197387,9686,0.0,0,0,0.8882001836547291,0.8039234541782864,1.0,1,16.72,1.0,8360,16.72,16,1,1,34.322,1.0,17161,34.322,9,1,0.0,0.19607654582171363,0.0,2,3.91,0.9588033349681216,2039,4.078,12,1,0,0.0,0.0,0,0.0,0,0,0.19607654582171363,0.9588033349681216,0.09616309260505819,0.042888739301855945,0.24319698598561018,0.6030867099761963,0.0,0.0,0.0,0.0,,,,,,,,,,,,,,,,,,,
IMG-16B3264BD9,n4_1x1x2,6.0,2,1.8587434;3.1874371,1.3286937254611855,0.34995711309888494,2856,0.0,0,0,0.6703910614525139,0.501532175689479,1.0,2,1.96,0.6653088934147997,1473,2.946,14,1,3,26.346,0.9841613746731416,13385,26.77,20,1,0.0,0.49846782431052095,0.0,1,2.928,1.0,1464,2.928,14,1,0,0.0,0.0,0,0.0,0,0,0.49846782431052095,1.0,0.17024174327545116,0.06367041198501873,0.4477540484772797,0.6694473028182983,0.0,0.0,0.0,0.0,,,,,,,,,,,,,,,,,,,
IMG-34B5A93F0D,n4_1x1x2,6.0,2,1.8587434;3.1874371,1.3286937254611855,0.6217367820920603,20720,-0.0038313557846153643,0,0,0.9328388957560775,0.9509695569175123,0.8224292101341282,1,75.72,1.0,37860,75.72,19,1,2,44.138,0.9997734891727824,22074,44.148,26,1,0.0,0.04903044308248769,0.17757078986587183,1,3.904,1.0,1952,3.904,16,1,5,8.018,0.8411665967268149,4766,9.532,21,1,0.04903044308248769,1.0,0.012559027428915905,0.015598312066713554,0.48628492776598786,1.3721966743469238,0.17757078986587183,0.8411665967268149,0.09314456035767511,0.02993666169895678,0.33017547312222406,0.7072522640228271,,,,,,,,,,,,,,,,,
IMG-893073F906,n4_1x1x2,6.0,2,1.8587434;3.1874371,1.3286937254611855,0.6551780198341733,10075,0.8667486345791037,0,0,0.9027341999103541,0.12489599704169363,0.27013742602066404,4,1.694,0.6269430051813472,1351,2.702,17,1,6,10.54,0.9784626810248793,5386,10.772,22,1,0.9878899492159161,0.8751040029583064,0.729862573979336,1,18.932,1.0,9466,18.932,19,1,2,29.088,0.999450247388675,14552,29.104,23,1,0.8751040029583064,1.0,0.046223537025053156,0.038319312193769065,0.3526832657745543,1.006521224975586,0.729862573979336,0.999450247388675,0.05015548199418197,0.060111345170027086,0.3192083800659139,1.1052381992340088,,,,,,,,,,,,,,,,,
IMG-EE9195B25E,n4_1x1x2,6.0,2,1.8587434;3.1874371,1.3286937254611855,0.7299295339349734,14761,0.439491307283279,0,0,0.8431545741324921,0.4571314369462394,0.6269953605410081,3,13.672,0.9962110171961527,6862,13.724,19,1,2,31.846,0.9984950147363141,15947,31.894,23,1,0.8181685196021065,0.5428685630537605,0.3730046394589919,6,16.21,0.9946005644864401,8149,16.298,20,1,9,18.362,0.9677453357225677,9487,18.974,24,1,0.5428685630537605,0.9946005644864401,0.1998534408100726,0.03537405902338285,0.3788385798548665,0.43408846855163574,0.3730046394589919,0.9677453357225677,0.17692852087756544,0.04668947078713533,0.35694077873230107,0.42787909507751465,,,,,,,,,,,,,,,,,
IMG-8F0C09D99C,n4_1x1x2,6.0,2,1.8587434;3.1874371,1.3286937254611855,0.7846802878650012,4743,0.0669000449728211,0,0,0.18363939899833054,0.034959179401297884,0.40905361050328226,1,0.334,1.0,167,0.334,13,0,1,5.982,1.0,2991,5.982,18,1,0.8092079594225517,0.9650408205987021,0.5909463894967177,2,9.208,0.9986984815618222,4610,9.22,20,1,3,8.62,0.9974542929877344,4321,8.642,21,1,0.9650408205987021,0.9986984815618222,0.20933640360058614,0.015490893866443374,0.39993788366875743,0.541881799697876,0.5909463894967177,0.9974542929877344,0.20514223194748357,0.15317286652078774,0.40782152221416884,0.3311741352081299,,,,,,,,,,,,,,,,,
IMG-EDA063D47C,n4_1x1x2,6.0,2,1.8587434;3.1874371,1.3286937254611855,0.630017094017094,9214,0.8731911119856153,0,0,0.996420581655481,0.9738674092320874,0.9404409179932707,1,18.186,1.0,9093,18.186,19,1,1,37.454,1.0,18727,37.454,23,1,0.8832116788321168,0.026132590767912606,0.05955908200672927,2,0.452,0.9262295081967213,244,0.488,17,0,4,0.868,0.36593591905564926,1186,2.372,19,1,0.026132590767912606,0.9262295081967213,0.1071007818357074,0.019010388775838064,0.3862274610016077,0.8198637962341309,0.05955908200672927,0.36593591905564926,0.10043690051725003,0.023426907045648572,0.2918808532395046,0.5364668369293213,,,,,,,,,,,,,,,,,
IMG-7350051976,n4_1x1x2,6.0,2,1.8587434;3.1874371,1.3286937254611855,0.784175966709001,14510,0.3014496098864948,0,0,0.9017308083893301,0.9263724288244108,0.8070324748040314,1,27.202,1.0,13601,27.202,15,1,1,36.034,1.0,18017,36.034,22,1,0.4595744680851064,0.07362757117558916,0.19296752519596866,1,2.162,1.0,1081,2.162,14,1,9,8.568,0.9944289693593314,4308,8.616,22,1,0.07362757117558916,1.0,0.03405530581664623,0.023736548154202425,0.3502798804248297,0.7132643461227417,0.19296752519596866,0.9944289693593314,0.2015677491601344,0.06150055991041433,0.3699705804904403,0.47603487968444824,,,,,,,,,,,,,,,,,
IMG-4950E13031,n4_1x1x2,6.0,2,1.8587434;3.1874371,1.3286937254611855,0.7374535629854779,10918,0.0,0,0,0.9999083997435193,0.9998299030447355,0.9975352901635671,1,23.512,1.0,11756,23.512,15,1,2,35.608,0.9997753818508536,17808,35.616,20,1,0.0,0.00017009695526450075,0.002464709836432893,1,0.004,1.0,2,0.004,2,0,6,0.04,0.45454545454545453,44,0.088,12,0,0.00017009695526450075,1.0,0.042524238816125194,0.0003401939105290015,0.12309149097933272,0.7809581756591797,0.002464709836432893,0.45454545454545453,0.16804839793860632,0.002632758234371499,0.12816752708353663,1.2542107105255127,,,,,,,,,,,,,,,,,
IMG-9E2C4ABE0B,n4_1x1x2,6.0,3,1.3950389;2.2263479;3.4030671,0.8313090480093821,0.5847432074776374,8727,0.0,0,0,0.0,0.03172990063233966,0.04811127518696708,2,0.548,0.9750889679715302,281,0.562,11,1,3,1.282,0.6346534653465347,1010,2.02,21,1,,0.0,0.0007145238889153528,0,0.0,0.0,0,0.0,0,0,2,0.022,0.7333333333333333,15,0.03,11,0,0.0,0.0,0.0,0.012703252032520325,,,0.0007145238889153528,0.7333333333333333,0.04763492592769018,0.01912542275996761,0.16482386707473182,2.2779629230499268,0.9836371047574681,0.9682700993676604,0.9511742009241175,1.0,17.15,1.0,8575.0,17.15,15.0,1.0,2.0,39.928,0.9997996794871795,19968.0,39.936,24.0,1.0
IMG-D0FB6C7AE7,n4_1x1x2,6.0,3,1.3950389;2.2263479;3.4030671,0.8313090480093821,0.6410220412747438,4566,0.04576293401571,0,0,0.5838347698812815,0.947932290550675,0.5533980582524272,1,8.848,1.0,4424,8.848,13,1,1,10.602,1.0,5301,10.602,15,1,0.0,0.0,0.013466958972752897,0,0.0,0.0,0,0.0,0,0,1,0.258,1.0,129,0.258,13,0,0.0,0.0,0.0,0.03824726805228198,,,0.013466958972752897,1.0,0.05219751539826704,0.09969725441069005,0.1812611969889652,1.5443918704986572,0.0929112181693049,0.052067709449325046,0.43313498277481993,2.0,0.446,0.9176954732510288,243.0,0.486,12.0,0.0,2.0,8.19,0.9869848156182213,4149.0,8.298,18.0,1.0
IMG-1815129EC4,n4_1x1x2,6.0,3,1.3950389;2.2263479;3.4030671,0.8313090480093821,0.8566391650800367,42518,0.04949013833768121,0,0,0.7671232876712328,0.0068320747932398415,0.0008128594362819809,2,0.584,0.8538011695906432,342,0.684,11,1,1,0.08,1.0,40,0.08,7,0,0.0,0.0,0.036456745717246844,0,0.0,0.0,0,0.0,0,0,3,3.578,0.9972129319955407,1794,3.588,24,1,0.0,0.0,0.0,0.004374925086899197,,,0.036456745717246844,0.9972129319955407,0.030482228860574282,0.011695015139507001,0.311013753405417,1.0474209785461426,0.9876946168415787,0.9931679252067601,0.9627303948464712,1.0,99.432,1.0,49716.0,99.432,20.0,1.0,1.0,94.75,1.0,47375.0,94.75,24.0,1.0
IMG-AD73EFA971,n4_1x1x2,6.0,3,1.3950389;2.2263479;3.4030671,0.8313090480093821,0.7304497493077902,9761,0.006800174536554918,0,0,0.03751803751803752,0.11891252955082743,0.19193502422342548,4,2.876,0.9529489728296885,1509,3.018,16,1,4,3.484,0.6466221232368226,2694,5.388,17,1,0.0,0.01008668242710796,0.0,3,0.248,0.96875,128,0.256,14,0,0,0.0,0.0,0,0.0,0,0,0.01008668242710796,0.96875,0.1182033096926714,0.02714736012608353,0.23926336790573216,1.3086779117584229,0.0,0.0,0.0,0.04855371900826446,,,0.919104991394148,0.8710007880220646,0.8080649757765745,2.0,21.986,0.994571609517778,11053.0,22.106,20.0,1.0,3.0,22.65,0.9985011461823312,11342.0,22.684,27.0,1.0
IMG-D31CF4ABF7,n4_1x1x2,6.0,3,1.3950389;2.2263479;3.4030671,0.8313090480093821,0.6917803476213559,4995,0.184471132582335,0,0,,0.0,0.0,0,0.0,0.0,0,0.0,0,0,0,0.0,0.0,0,0.0,0,0,0.9673516219881089,0.9084668192219679,0.8891899600684541,2,13.496,0.9998518299007261,6749,13.498,23,1,1,12.47,1.0,6235,12.47,22,1,0.9084668192219679,0.9998518299007261,0.13460761879122357,0.03836317135549872,0.3370603363677239,,0.8891899600684541,1.0,0.07130633200228181,0.05469195664575014,0.34583272776322815,,0.22332506203473945,0.09153318077803203,0.11081003993154592,6.0,1.094,0.8044117647058824,680.0,1.36,17.0,1.0,13.0,0.688,0.44272844272844275,777.0,1.554,16.0,1.0
IMG-182FA24923,n4_1x1x2,6.0,3,1.3950389;2.2263479;3.4030671,0.8313090480093821,0.7349436812292467,5644,1.0,0,0,1.0,1.0,1.0,1,11.434,1.0,5717,11.434,5,1,2,19.282,0.9998962870773699,9642,19.284,8,1,,0.0,0.0,0,0.0,0.0,0,0.0,0,0,0,0.0,0.0,0,0.0,0,0,0.0,0.0,0.0,0.0,,,0.0,0.0,0.0,0.0,,,,0.0,0.0,0.0,0.0,0.0,0.0,0.0,0.0,0.0,0.0,0.0,0.0,0.0,0.0,0.0,0.0
IMG-B1DBEB52F4,n4_1x1x2,6.0,3,1.3950389;2.2263479;3.4030671,0.8313090480093821,0.6065254849647046,21824,0.4692307374052238,0,0,,0.0,0.0,0,0.0,0.0,0,0.0,0,0,0,0.0,0.0,0,0.0,0,0,0.991689363782387,0.9760937998996304,0.9833749625337197,2,42.738,0.9987847627950456,21395,42.79,30,1,2,98.422,0.9999593603316197,49213,98.426,41,1,0.9760937998996304,0.9987847627950456,0.045622519275514396,0.009147315114740637,0.3027901747178165,,0.9833749625337197,0.9999593603316197,0.019982016185433108,0.00867219502447797,0.2912563251791584,,0.4833574529667149,0.02390620010036954,0.016625037466280346,3.0,0.98,0.9351145038167938,524.0,1.048,15.0,1.0,10.0,1.032,0.6201923076923077,832.0,1.664,22.0,1.0
IMG-825C59B3C8,n4_1x1x2,6.0,3,1.3950389;2.2263479;3.4030671,0.8313090480093821,0.8863322835055572,17026,0.19914689677364003,0,0,0.0,0.0017724413950829046,0.0,2,0.048,0.7741935483870968,31,0.062,6,0,0,0.0,0.0,0,0.0,0,0,0.7723604735443343,0.47021154945683247,0.7157054804338477,5,16.364,0.9948929961089494,8224,16.448,22,1,4,29.93,0.999065358168102,14979,29.958,25,1,0.47021154945683247,0.9948929961089494,0.14293882218410522,0.05786163522012579,0.3476812017173956,1.5553317070007324,0.7157054804338477,0.999065358168102,0.09556118304744614,0.06175641454441206,0.3481556210406408,,0.6459301454054864,0.5280160091480847,0.2842945195661522,4.0,18.21,0.9859231185706551,9235.0,18.47,19.0,1.0,5.0,10.972,0.922016806722689,5950.0,11.9,21.0,1.0
IMG-DA4569F340,n4_1x1x2,6.0,3,1.3950389;2.2263479;3.4030671,0.8313090480093821,0.6873597606581899,7352,-0.04525000517347902,0,0,0.9482117310443491,0.9444078514029772,0.9647851604956162,1,14.338,1.0,7169,14.338,10,1,2,26.626,0.9998497934660158,13315,26.63,14,1,,0.0,0.0,0,0.0,0.0,0,0.0,0,0,0,0.0,0.0,0,0.0,0,0,0.0,0.0,0.0,0.020221314714793836,,,0.0,0.0,0.0,0.017390044199695674,,,0.0,0.05559214859702279,0.03521483950438374,1.0,0.844,1.0,422.0,0.844,9.0,1.0,2.0,0.946,0.9732510288065843,486.0,0.972,9.0,1.0
IMG-8BF8DD5DE4,n4_1x1x2,6.0,3,1.3950389;2.2263479;3.4030671,0.8313090480093821,0.7029027576197387,9686,0.0,0,0,0.07855584209482246,0.04096547744975478,0.9993007400501136,1,0.852,1.0,426,0.852,11,1,1,34.298,1.0,17149,34.298,9,1,0.0,0.08664294643715742,0.0,1,1.802,1.0,901,1.802,11,1,0,0.0,0.0,0,0.0,0,0,0.08664294643715742,1.0,0.048081546302529095,0.04433118569093182,0.26369451778386677,1.3152297735214233,0.0,0.0,0.0,0.0009614824310937592,,,0.0,0.8723915761130878,0.0006992599498863702,1.0,18.144,1.0,9072.0,18.144,16.0,1.0,3.0,0.016,0.6666666666666666,12.0,0.024,5.0,0.0
IMG-16B3264BD9,n4_1x1x2,6.0,3,1.3950389;2.2263479;3.4030671,0.8313090480093821,0.34995711309888494,2856,0.6671280953208064,0,0,0.831275720164609,0.21552604698672115,0.40074710496824806,1,1.266,1.0,633,1.266,13,1,6,9.738,0.9077181208053692,5364,10.728,19,1,,0.0,0.0,0,0.0,0.0,0,0.0,0,0,0,0.0,0.0,0,0.0,0,0,0.0,0.0,0.0,0.03643173306094655,,,0.0,0.0,0.0,0.07205827418752335,,,0.9421720733427362,0.7844739530132788,0.5992528950317519,1.0,4.608,1.0,2304.0,4.608,16.0,1.0,5.0,16.018,0.9985039271911234,8021.0,16.042,20.0,1.0
IMG-34B5A93F0D,n4_1x1x2,6.0,3,1.3950389;2.2263479;3.4030671,0.8313090480093821,0.6217367820920603,20720,0.07077266372525377,0,0,0.5211223003356767,0.46631668843564755,0.15711624441132638,5,36.904,0.9939132776730407,18565,37.13,18,1,2,8.428,0.9992885937870524,4217,8.434,12,1,0.0,0.04903044308248769,0.03871087928464978,1,3.904,1.0,1952,3.904,16,1,4,1.924,0.9258902791145333,1039,2.078,19,1,0.04903044308248769,1.0,0.012559027428915905,0.06544509193208078,0.48628492776598786,1.511473298072815,0.03871087928464978,0.9258902791145333,0.07451564828614009,0.052123695976154995,0.23942696192440663,1.3169946670532227,0.6935184819914001,0.4846528684818648,0.8041728763040239,8.0,34.682,0.8987302409950765,19295.0,38.59,19.0,1.0,3.0,43.108,0.9986100815418829,21584.0,43.168,27.0,1.0
IMG-893073F906,n4_1x1x2,6.0,3,1.3950389;2.2263479;3.4030671,0.8313090480093821,0.6551780198341733,10075,0.27900601724101143,0,0,0.0,0.0013867061107515947,0.0008024877119069114,2,0.026,0.8666666666666667,15,0.03,6,0,1,0.032,1.0,16,0.032,7,0,0.849415692821369,0.8454284921882222,0.4315377670779416,1,18.29,1.0,9145,18.29,19,1,1,17.208,1.0,8604,17.208,22,1,0.8454284921882222,1.0,0.046223537025053156,0.04858093741333087,0.35769196684277055,1.58107328414917,0.4315377670779416,1.0,0.025077740997090984,0.07543384491924968,0.3495373485447181,1.845022201538086,0.560077519379845,0.15318480170102616,0.5676597452101515,5.0,1.72,0.5190102595051298,1657.0,3.314,17.0,1.0,3.0,22.516,0.9946987100194381,11318.0,22.636,22.0,1.0
IMG-EE9195B25E,n4_1x1x2,6.0,3,1.3950389;2.2263479;3.4030671,0.8313090480093821,0.7299295339349734,14761,0.09301937697605746,0,0,0.0,0.0,0.008295981756703624,0,0.0,0.0,0,0.0,0,0,2,0.296,0.7014218009478673,211,0.422,12,0,0.20167327168648172,0.2682699353807208,0.04718093890068412,3,7.972,0.9898187236155948,4027,8.054,20,1,10,1.802,0.7508333333333334,1200,2.4,22,1,0.2682699353807208,0.9898187236155948,0.0999267204050363,0.03414162947172074,0.4058497918732916,,0.04718093890068412,0.7508333333333334,0.19658724541951716,0.025241802311866006,0.3130991716944479,1.1265654563903809,0.8539262820512821,0.7317300646192791,0.9445230793426123,1.0,21.968,1.0,10984.0,21.968,20.0,1.0,1.0,48.046,1.0,24023.0,48.046,24.0,1.0
IMG-8F0C09D99C,n4_1x1x2,6.0,3,1.3950389;2.2263479;3.4030671,0.8313090480093821,0.7846802878650012,4743,-0.046137087541813664,0,0,,0.0,0.007111597374179431,0,0.0,0.0,0,0.0,0,0,3,0.066,0.6346153846153846,52,0.104,8,0,0.15195947747267396,0.726815993301235,0.08082603938730853,2,6.942,0.9997119815668203,3472,6.944,19,1,9,0.428,0.36209813874788493,591,1.182,18,1,0.726815993301235,0.9997119815668203,0.20933640360058614,0.12057776847393761,0.40704516087935627,,0.08082603938730853,0.36209813874788493,0.6154266958424507,0.0661925601750547,0.2782880709407022,1.3544058799743652,0.44533565823888405,0.2731840066987649,0.9120623632385121,4.0,2.32,0.8888888888888888,1305.0,2.61,17.0,1.0,1.0,13.338,1.0,6669.0,13.338,21.0,1.0
IMG-EDA063D47C,n4_1x1x2,6.0,3,1.3950389;2.2263479;3.4030671,0.8313090480093821,0.630017094017094,9214,-0.00476183782475483,0,0,0.0,0.11931027096497804,0.0,3,2.224,0.9982046678635548,1114,2.228,15,1,0,0.0,0.0,0,0.0,0,0,0.0,0.024204776694869874,0.019083011098277508,1,0.452,1.0,226,0.452,17,0,3,0.548,0.7210526315789474,380,0.76,15,1,0.024204776694869874,1.0,0.0535503909178537,0.042197708043268715,0.3965883951905232,1.0064585208892822,0.019083011098277508,0.7210526315789474,0.07532767538793753,0.007382112188017878,0.28575135474937535,,0.9205716963448922,0.8564849523401521,0.9809169889017225,2.0,15.99,0.9997499062148305,7997.0,15.994,19.0,1.0,1.0,39.066,1.0,19533.0,39.066,23.0,1.0
IMG-7350051976,n4_1x1x2,6.0,3,1.3950389;2.2263479;3.4030671,0.8313090480093821,0.784175966709001,14510,0.08819461923282518,0,0,0.26521739130434785,0.07914453071788585,0.031175811870100784,11,1.112,0.4784853700516351,1162,2.324,11,1,8,0.592,0.42528735632183906,696,1.392,14,1,0.0,0.0,0.05012318029115342,0,0.0,0.0,0,0.0,0,0,11,1.612,0.7202859696157283,1119,2.238,20,1,0.0,0.0,0.0,0.0402193161694592,,,0.05012318029115342,0.7202859696157283,0.24636058230683092,0.04537513997760358,0.3527063567437974,1.2111330032348633,0.929782624934638,0.9208554692821141,0.9187010078387458,1.0,27.04,1.0,13520.0,27.04,16.0,1.0,4.0,40.996,0.9994149195514384,20510.0,41.02,24.0,1.0
IMG-4950E13031,n4_1x1x2,6.0,3,1.3950389;2.2263479;3.4030671,0.8313090480093821,0.7374535629854779,10918,0.6864310336883319,0,0,0.8137164040778498,0.22503827181493452,0.20910822316827246,1,5.292,1.0,2646,5.292,12,1,1,7.466,1.0,3733,7.466,17,1,,0.0,0.002184629173201882,0,0.0,0.0,0,0.0,0,0,4,0.04,0.5128205128205128,39,0.078,12,0,0.0,0.0,0.0,0.05264500765436299,,,0.002184629173201882,0.5128205128205128,0.1120322652924042,0.0505825677795205,0.12998893100967748,1.5591943264007568,0.9541095890410959,0.7749617281850655,0.7887071476585257,1.0,18.224,1.0,9112.0,18.224,14.0,1.0,8.0,27.756,0.985653409090909,14080.0,28.16,20.0,1.0
IMG-9E2C4ABE0B,n4_1x1x2,8.0,2,1.8980284;3.2850209,1.3869925179372902,0.5847432074776374,8727,0.13028273982877972,0,0,0.9366058214109522,0.9872402890695574,0.9253560710713095,1,17.486,1.0,8743,17.486,15,1,2,38.844,0.9997940903943169,19426,38.852,23,1,0.16962843295638125,0.012759710930442638,0.07464392892869051,4,0.202,0.8938053097345132,113,0.226,10,0,13,1.618,0.5162731333758774,1567,3.134,20,1,0.012759710930442638,0.8938053097345132,0.22583559168925024,0.00971093044263776,0.32315845036115814,0.5308437347412109,0.07464392892869051,0.5162731333758774,0.3096270185299862,0.04196636974229505,0.3304041525597888,0.5859615802764893,,,,,,,,,,,,,,,,,
IMG-D0FB6C7AE7,n4_1x1x2,8.0,2,1.8980284;3.2850209,1.3869925179372902,0.6410220412747438,4566,0.14551778505726268,0,0,0.9608989794748308,0.9910006428112278,0.9468629293245642,1,9.25,1.0,4625,9.25,13,1,1,18.14,1.0,9070,18.14,18,1,0.170316301703163,0.00899935718877223,0.05313707067543585,3,0.046,0.5476190476190477,42,0.084,10,0,4,1.01,0.9921414538310412,509,1.018,13,1,0.00899935718877223,0.5476190476190477,0.32140561388472255,0.009427898007285194,0.2731286790664531,1.4137063026428223,0.05313707067543585,0.9921414538310412,0.20879006159306815,0.023175696836830566,0.27618379312826424,1.227481484413147,,,,,,,,,,,,,,,,,
IMG-1815129EC4,n4_1x1x2,8.0,2,1.8980284;3.2850209,1.3869925179372902,0.8566391650800367,42518,0.21568941735372021,0,0,0.9389425897115459,0.9816013424427664,0.8590908167205186,2,98.272,0.9999796487372041,49137,98.274,20,1,2,84.542,0.9999053814311059,42275,84.55,24,1,0.27651858567543064,0.01839865755723361,0.1409091832794814,4,1.82,0.988056460369164,921,1.842,14,1,8,13.132,0.946928179982694,6934,13.868,26,1,0.01839865755723361,0.988056460369164,0.0399536537616365,0.0056634304207119745,0.09620657319034481,0.5194742679595947,0.1409091832794814,0.946928179982694,0.08128594362819809,0.04006380946574813,0.41419590959617986,0.32693934440612793,,,,,,,,,,,,,,,,,
IMG-AD73EFA971,n4_1x1x2,8.0,2,1.8980284;3.2850209,1.3869925179372902,0.7304497493077902,9761,-0.013569243720407588,0,0,0.9366523231112805,0.9117415287628053,0.9916642918210317,1,23.14,1.0,11570,23.14,20,1,1,27.838,1.0,13919,27.838,28,1,0.0,0.08825847123719464,0.008335708178968367,3,0.818,0.3651785714285714,1120,2.24,15,1,2,0.232,0.9914529914529915,117,0.234,16,0,0.08825847123719464,0.3651785714285714,0.1182033096926714,0.043498817966903074,0.32498736182063404,0.4276695251464844,0.008335708178968367,0.9914529914529915,0.07124536905101168,0.0050584212026218295,0.3107431040932932,0.5317173004150391,,,,,,,,,,,,,,,,,
IMG-D31CF4ABF7,n4_1x1x2,8.0,2,1.8980284;3.2850209,1.3869925179372902,0.6917803476213559,4995,0.13424088774020165,0,0,0.1553398058252427,0.07524565890429398,0.08185966913861951,6,0.858,0.7674418604651163,559,1.118,17,1,16,0.414,0.3606271777003484,574,1.148,15,1,0.98221586263287,0.924754341095706,0.9181403308613805,1,13.74,1.0,6870,13.74,23,1,3,12.862,0.9989127058092575,6438,12.876,22,1,0.924754341095706,1.0,0.06730380939561179,0.03338268946022345,0.3368662485496984,1.6216392517089844,0.9181403308613805,0.9989127058092575,0.2139189960068454,0.05554763262977752,0.34457330245621864,1.1940858364105225,,,,,,,,,,,,,,,,,
IMG-182FA24923,n4_1x1x2,8.0,2,1.8980284;3.2850209,1.3869925179372902,0.7349436812292467,5644,1.0,0,0,1.0,1.0,1.0,1,11.434,1.0,5717,11.434,5,1,2,19.282,0.9998962870773699,9642,19.284,8,1,,0.0,0.0,0,0.0,0.0,0,0.0,0,0,0,0.0,0.0,0,0.0,0,0,0.0,0.0,0.0,0.0,,,0.0,0.0,0.0,0.0,,,,,,,,,,,,,,,,,,,
IMG-B1DBEB52F4,n4_1x1x2,8.0,2,1.8980284;3.2850209,1.3869925179372902,0.6065254849647046,21824,0.44735850679721023,0,0,0.4627659574468085,0.026461061179798347,0.012968328504346089,1,1.16,1.0,580,1.16,15,1,9,0.98,0.7550077041602465,649,1.298,23,1,0.9905818724356583,0.9735389388202017,0.987031671495654,2,42.626,0.9987815736445007,21339,42.678,30,1,1,98.792,1.0,49396,98.792,41,1,0.9735389388202017,0.9987815736445007,0.045622519275514396,0.007596149459373146,0.30261726466744504,1.4997217655181885,0.987031671495654,1.0,0.009991008092716554,0.006693975422120092,0.2904369921991326,2.1981499195098877,,,,,,,,,,,,,,,,,
IMG-825C59B3C8,n4_1x1x2,8.0,2,1.8980284;3.2850209,1.3869925179372902,0.8863322835055572,17026,0.4658871876863552,0,0,0.6507426121574031,0.25580331618067464,0.14119164795260164,7,8.292,0.9266875279392043,4474,8.948,17,1,13,4.158,0.7035532994923858,2955,5.91,20,1,0.9171178372878892,0.7441966838193254,0.8588083520473984,2,26.028,0.9998463429625076,13016,26.032,22,1,1,35.948,1.0,17974,35.948,27,1,0.7441966838193254,0.9998463429625076,0.057175528873642086,0.0671240708976558,0.3623749436585053,0.8683257102966309,0.8588083520473984,1.0,0.023890295761861535,0.045319891060251326,0.3442653534875167,0.956113338470459,,,,,,,,,,,,,,,,,
IMG-DA4569F340,n4_1x1x2,8.0,2,1.8980284;3.2850209,1.3869925179372902,0.6873597606581899,7352,1.0,0,0,1.0,1.0,1.0,1,15.182,1.0,7591,15.182,10,1,2,27.598,0.9998550829650026,13801,27.602,14,1,,0.0,0.0,0,0.0,0.0,0,0.0,0,0,0,0.0,0.0,0,0.0,0,0,0.0,0.0,0.0,0.0,,,0.0,0.0,0.0,0.0,,,,,,,,,,,,,,,,,,,
IMG-8BF8DD5DE4,n4_1x1x2,8.0,2,1.8980284;3.2850209,1.3869925179372902,0.7029027576197387,9686,0.0,0,0,0.9237179843324629,0.856236176555438,1.0,1,17.808,1.0,8904,17.808,16,1,1,34.322,1.0,17161,34.322,9,1,0.0,0.14376382344456198,0.0,2,2.794,0.934448160535117,1495,2.99,12,1,0,0.0,0.0,0,0.0,0,0,0.14376382344456198,0.934448160535117,0.09616309260505819,0.04226367919992307,0.2954299718050909,0.6683933734893799,0.0,0.0,0.0,0.0,,,,,,,,,,,,,,,,,,,
IMG-16B3264BD9,n4_1x1x2,8.0,2,1.8980284;3.2850209,1.3869925179372902,0.34995711309888494,2856,0.0,0,0,0.8977228869162486,0.8110316649642493,0.9990287635412776,1,4.764,1.0,2382,4.764,16,1,3,26.32,0.9841459766676638,13372,26.744,20,1,0.0,0.18896833503575078,0.0009712364587224505,4,0.5,0.45045045045045046,555,1.11,14,1,2,0.02,0.7692307692307693,13,0.026,6,0,0.18896833503575078,0.45045045045045046,0.6809669731018047,0.08341845420497106,0.38623323278535254,0.4518470764160156,0.0009712364587224505,0.7692307692307693,0.07471049682480388,0.001232723197609264,0.1279868014563006,1.0453600883483887,,,,,,,,,,,,,,,,,
IMG-34B5A93F0D,n4_1x1x2,8.0,2,1.8980284;3.2850209,1.3869925179372902,0.6217367820920603,20720,-0.007447391174193581,0,0,0.9561427815703958,0.95400884155531,0.8607302533532042,1,75.962,1.0,37981,75.962,19,1,4,46.148,0.9987879837243528,23102,46.204,27,1,0.0011474469305794606,0.045991158444690046,0.13926974664679584,2,3.66,0.9994538503549972,1831,3.662,16,1,7,5.938,0.7942750133761369,3738,7.476,22,1,0.045991158444690046,0.9994538503549972,0.02511805485783181,0.01699236411132322,0.5038070749866486,1.2465399503707886,0.13926974664679584,0.7942750133761369,0.13040238450074515,0.03146423248882265,0.2894993107110473,0.7760002613067627,,,,,,,,,,,,,,,,,
IMG-893073F906,n4_1x1x2,8.0,2,1.8980284;3.2850209,1.3869925179372902,0.6551780198341733,10075,0.43141449383861896,0,0,0.5848109735697558,0.134787833965055,0.4197512288093089,8,1.204,0.41289437585733885,1458,2.916,15,1,3,16.164,0.9657067750029872,8369,16.738,21,1,0.9276848668492512,0.865212166034945,0.5802487711906912,1,18.718,1.0,9359,18.718,19,1,1,23.138,1.0,11569,23.138,21,1,0.865212166034945,1.0,0.046223537025053156,0.04363501895165018,0.3574622817545485,0.9891433715820312,0.5802487711906912,1.0,0.025077740997090984,0.0895526131006119,0.34553298854280395,1.0844206809997559,,,,,,,,,,,,,,,,,
IMG-EE9195B25E,n4_1x1x2,8.0,2,1.8980284;3.2850209,1.3869925179372902,0.7299295339349734,14761,0.2452666521777923,0,0,0.7945054338831578,0.497301978549064,0.7366910434850987,7,12.86,0.8613529805760214,7465,14.93,16,1,1,37.474,1.0,18737,37.474,24,1,0.6731022378236069,0.502698021450936,0.2633089565149013,7,15.054,0.9974821097270077,7546,15.092,20,1,18,12.674,0.9462445871285651,6697,13.394,24,1,0.502698021450936,0.9974821097270077,0.2331623476117514,0.07377922856571847,0.37587942695471327,0.43901586532592773,0.2633089565149013,0.9462445871285651,0.3538570417551309,0.05714791224345364,0.32251853761855115,0.4932088851928711,,,,,,,,,,,,,,,,,
IMG-8F0C09D99C,n4_1x1x2,8.0,2,1.8980284;3.2850209,1.3869925179372902,0.7846802878650012,4743,-0.011742252971022481,0,0,0.2564599483204134,0.08582792547624032,0.6129649890590809,2,0.78,0.9512195121951219,410,0.82,14,1,4,8.918,0.9948683623382418,4482,8.964,20,1,0.6397496087636932,0.9141720745237597,0.387035010940919,3,8.718,0.9981680787726128,4367,8.734,20,1,8,5.552,0.9809187279151943,2830,5.66,21,1,0.9141720745237597,0.9981680787726128,0.3140046054008792,0.05536947875235503,0.40415596265742304,0.5434699058532715,0.387035010940919,0.9809187279151943,0.5470459518599562,0.19221827133479213,0.37131803159068116,0.381760835647583,,,,,,,,,,,,,,,,,
IMG-EDA063D47C,n4_1x1x2,8.0,2,1.8980284;3.2850209,1.3869925179372902,0.630017094017094,9214,0.10969777122135188,0,0,0.9685548742757496,0.9478419192460105,0.8874102345201627,1,17.7,1.0,8850,17.7,20,1,1,35.342,1.0,17671,35.342,20,1,0.141321044546851,0.052158080753989505,0.11258976547983729,2,0.878,0.9014373716632443,487,0.974,17,1,15,2.266,0.5053523639607493,2242,4.484,21,1,0.052158080753989505,0.9014373716632443,0.1071007818357074,0.0253293349041448,0.43466163198508123,0.41983509063720703,0.11258976547983729,0.5053523639607493,0.37663837693968766,0.05870536835233265,0.3170278355562913,0.6067085266113281,,,,,,,,,,,,,,,,,
IMG-7350051976,n4_1x1x2,8.0,2,1.8980284;3.2850209,1.3869925179372902,0.784175966709001,14510,0.11408011647923667,0,0,0.9172505207347094,0.9842664487127094,0.8589921612541993,1,28.902,1.0,14451,28.902,16,1,3,38.35,0.9998957084006883,19177,38.354,24,1,0.16443594646271512,0.01573355128729056,0.14100783874580067,2,0.44,0.9523809523809523,231,0.462,13,0,9,3.344,0.531130876747141,3148,6.296,21,1,0.01573355128729056,0.9523809523809523,0.06811061163329246,0.008445715842528265,0.2741051638785897,0.993162989616394,0.14100783874580067,0.531130876747141,0.2015677491601344,0.057603583426651735,0.35625310280625894,0.632317304611206,,,,,,,,,,,,,,,,,
IMG-4950E13031,n4_1x1x2,8.0,2,1.8980284;3.2850209,1.3869925179372902,0.7374535629854779,10918,1.0,0,0,1.0,0.9998299030447355,0.9930539995518709,1,23.512,1.0,11756,23.512,15,1,3,35.44,0.9995487364620939,17728,35.456,20,1,,0.00017009695526450075,0.0069460004481290616,1,0.004,1.0,2,0.004,2,0,10,0.078,0.31451612903225806,124,0.248,13,0,0.00017009695526450075,1.0,0.042524238816125194,0.00017009695526450075,0.12309149097933272,1.2817203998565674,0.0069460004481290616,0.31451612903225806,0.28008066323101055,0.0068339681828366566,0.12685931261538613,0.9290306568145752,,,,,,,,,,,,,,,,,
IMG-9E2C4ABE0B,n4_1x1x2,8.0,3,1.559332;2.3478807;3.5893505,0.7885486702047135,0.5847432074776374,8727,0.7135933841825205,0,0,0.799469964664311,0.12895212285456187,0.3350640689753727,14,1.132,0.4956217162872154,1142,2.284,11,1,3,7.51,0.5338356553881148,7034,14.068,20,1,0.35294117647058826,0.00033875338753387534,0.0051445720001905395,1,0.006,1.0,3,0.006,3,0,8,0.078,0.3611111111111111,108,0.216,18,0,0.00033875338753387534,1.0,0.05645889792231256,0.06600045167118337,0.2,1.2425655126571655,0.0051445720001905395,0.3611111111111111,0.19053970371076073,0.09769923307769257,0.1770037277813783,1.5087950229644775,0.96935345679826,0.8707091237579042,0.6597913590244368,3.0,15.416,0.9996109454026715,7711.0,15.422,15.0,1.0,9.0,27.206,0.9820951555844344,13851.0,27.702,22.0,1.0
IMG-D0FB6C7AE7,n4_1x1x2,8.0,3,1.559332;2.3478807;3.5893505,0.7885486702047135,0.6410220412747438,4566,0.25442511863501766,0,0,0.866856291480428,0.912363402614099,0.8019626265789749,1,8.516,1.0,4258,8.516,13,1,1,15.364,1.0,7682,15.364,16,1,0.0,0.0,0.006472491909385114,0,0.0,0.0,0,0.0,0,0,4,0.082,0.6612903225806451,62,0.124,13,0,0.0,0.0,0.0,0.044139704306835226,,,0.006472491909385114,0.6612903225806451,0.20879006159306815,0.08936214636183318,0.17065740057380138,1.8497097492218018,0.3891509433962264,0.087636597385901,0.19156488151164006,1.0,0.818,1.0,409.0,0.818,11.0,1.0,11.0,3.098,0.844141689373297,1835.0,3.67,16.0,1.0
IMG-1815129EC4,n4_1x1x2,8.0,3,1.559332;2.3478807;3.5893505,0.7885486702047135,0.8566391650800367,42518,0.00765787272300739,0,0,0.0586376404494382,0.19697151304486796,0.003556260033733667,5,19.47,0.9873225152129818,9860,19.72,18,1,4,0.334,0.9542857142857143,175,0.35,10,0,0.0,0.0,0.03960657603283952,0,0.0,0.0,0,0.0,0,0,3,3.858,0.9897383273473577,1949,3.898,24,1,0.0,0.0,0.0,0.04812417595589116,,,0.03960657603283952,0.9897383273473577,0.030482228860574282,0.015799955292731004,0.26627209308924915,1.0493441820144653,0.9198653370399653,0.8030284869551321,0.9568371639334268,2.0,80.392,0.9999502462809094,40198.0,80.396,19.0,1.0,1.0,94.17,1.0,47085.0,94.17,25.0,1.0
IMG-AD73EFA971,n4_1x1x2,8.0,3,1.559332;2.3478807;3.5893505,0.7885486702047135,0.7304497493077902,9761,0.19102757973748155,0,0,0.4201281746973653,0.24893617021276596,0.3958392704474209,8,5.106,0.8081671415004749,3159,6.318,18,1,10,8.818,0.7935565154787617,5556,11.112,17,1,,0.0,7.124536905101169e-05,0,0.0,0.0,0,0.0,0,0,1,0.002,1.0,1,0.002,1,0,0.0,0.0,0.0,0.05311268715524035,,,7.124536905101169e-05,1.0,0.03562268452550584,0.10205899116557424,0.15075567228888181,1.7201951742172241,0.8404206675811614,0.7510638297872341,0.604089484183528,4.0,18.678,0.9798552093169657,9531.0,19.062,18.0,1.0,5.0,16.852,0.9937492628847742,8479.0,16.958,27.0,1.0
IMG-D31CF4ABF7,n4_1x1x2,8.0,3,1.559332;2.3478807;3.5893505,0.7885486702047135,0.6917803476213559,4995,0.6224185068102438,0,0,,0.0,0.0009982886480319453,0,0.0,0.0,0,0.0,0,0,3,0.008,0.5714285714285714,7,0.014,4,0,0.9698702441170002,0.8190873603445955,0.7916428978893326,3,12.15,0.9983566146261298,6085,12.17,23,1,2,11.094,0.9992794091154746,5551,11.102,22,1,0.8190873603445955,0.9983566146261298,0.20191142818683536,0.08917754744918563,0.3489447737640045,,0.7916428978893326,0.9992794091154746,0.14261266400456363,0.10852823730747291,0.3596781758861201,1.9700719118118286,0.6941964285714286,0.1809126396554045,0.2073588134626355,12.0,1.54,0.5729166666666666,1344.0,2.688,17.0,1.0,18.0,1.8,0.6189821182943603,1454.0,2.908,16.0,1.0
IMG-182FA24923,n4_1x1x2,8.0,3,1.559332;2.3478807;3.5893505,0.7885486702047135,0.7349436812292467,5644,1.0,0,0,1.0,1.0,1.0,1,11.434,1.0,5717,11.434,5,1,2,19.282,0.9998962870773699,9642,19.284,8,1,,0.0,0.0,0,0.0,0.0,0,0.0,0,0,0,0.0,0.0,0,0.0,0,0,0.0,0.0,0.0,0.0,,,0.0,0.0,0.0,0.0,,,,0.0,0.0,0.0,0.0,0.0,0.0,0.0,0.0,0.0,0.0,0.0,0.0,0.0,0.0,0.0,0.0
IMG-B1DBEB52F4,n4_1x1x2,8.0,3,1.559332;2.3478807;3.5893505,0.7885486702047135,0.6065254849647046,21824,0.8191604673132815,0,0,,0.0,0.0018583275052452793,0,0.0,0.0,0,0.0,0,0,3,0.174,0.9354838709677419,93,0.186,9,0,0.9892515337423313,0.9229435649436561,0.9481067039664303,2,40.408,0.998714780029659,20230,40.46,29,1,1,94.896,1.0,47448,94.896,40,1,0.9229435649436561,0.998714780029659,0.045622519275514396,0.015420411515123866,0.3057664926702496,,0.9481067039664303,1.0,0.009991008092716554,0.020421620541512638,0.2944354689743053,2.928948402404785,0.8488612836438924,0.07705643505634381,0.05003496852832451,3.0,3.358,0.9940793368857312,1689.0,3.378,21.0,1.0,10.0,3.972,0.7931309904153354,2504.0,5.008,28.0,1.0
IMG-825C59B3C8,n4_1x1x2,8.0,3,1.559332;2.3478807;3.5893505,0.7885486702047135,0.8863322835055572,17026,0.24976815919444187,0,0,0.013961605584642234,0.0335620354488279,0.000764489464379569,7,0.388,0.33049403747870526,587,1.174,14,1,4,0.024,0.75,16,0.032,8,0,0.765090909090909,0.40526014865637505,0.6159873859238377,5,13.332,0.9404627539503386,7088,14.176,21,1,3,25.432,0.9863481228668942,12892,25.784,25,1,0.40526014865637505,0.9404627539503386,0.14293882218410522,0.07958833619210978,0.3275931525971274,1.5797733068466187,0.6159873859238377,0.9863481228668942,0.0716708872855846,0.08801184958669789,0.35386677157220603,1.744598150253296,0.694693668290182,0.561177815894797,0.3832481246117827,3.0,19.434,0.9900152827305145,9815.0,19.63,18.0,1.0,10.0,14.858,0.9261937414287496,8021.0,16.042,22.0,1.0
IMG-DA4569F340,n4_1x1x2,8.0,3,1.559332;2.3478807;3.5893505,0.7885486702047135,0.6873597606581899,7352,0.9823499664734543,0,0,0.9998629010145325,0.9922276379923594,0.9892761394101877,1,15.064,1.0,7532,15.064,10,1,2,27.302,0.999853512048634,13653,27.306,14,1,,0.0,0.0,0,0.0,0.0,0,0.0,0,0,0,0.0,0.0,0,0.0,0,0,0.0,0.0,0.0,0.007706494532999605,,,0.0,0.0,0.0,0.009202231722338961,,,0.9827586206896551,0.007772362007640627,0.010723860589812333,1.0,0.118,1.0,59.0,0.118,6.0,0.0,6.0,0.15,0.5067567567567568,148.0,0.296,9.0,0.0
IMG-8BF8DD5DE4,n4_1x1x2,8.0,3,1.559332;2.3478807;3.5893505,0.7885486702047135,0.7029027576197387,9686,0.0,0,0,0.21373905025357307,0.11770362534859122,0.999883456675019,1,2.448,1.0,1224,2.448,11,1,1,34.318,1.0,17159,34.318,9,1,0.0,0.020386575632272332,0.0,1,0.424,1.0,212,0.424,9,0,0,0.0,0.0,0,0.0,0,0,0.020386575632272332,1.0,0.048081546302529095,0.055053370516395805,0.19455060136391078,1.4020934104919434,0.0,0.0,0.0,0.00011654332498106171,,,0.0,0.8619097990191364,0.00011654332498106171,3.0,17.916,0.9994421510654915,8963.0,17.926,16.0,1.0,1.0,0.004,1.0,2.0,0.004,2.0,0.0
IMG-16B3264BD9,n4_1x1x2,8.0,3,1.559332;2.3478807;3.5893505,0.7885486702047135,0.34995711309888494,2856,0.4954788794237419,0,0,0.8057090239410681,0.3112019067075247,0.5944714232349645,2,1.824,0.9978118161925602,914,1.828,13,1,4,15.2,0.9551338444137237,7957,15.914,19,1,,0.0,0.00022413149047441165,0,0.0,0.0,0,0.0,0,0,1,0.006,1.0,3,0.006,3,0,0.0,0.0,0.0,0.04153898535921008,,,0.00022413149047441165,1.0,0.03735524841240194,0.08401195367949196,0.14116035767994092,1.6450624465942383,0.8807909604519774,0.6887980932924753,0.40530444527456105,1.0,4.046,1.0,2023.0,4.046,15.0,1.0,6.0,10.706,0.9867281105990784,5425.0,10.85,20.0,1.0
IMG-34B5A93F0D,n4_1x1x2,8.0,3,1.559332;2.3478807;3.5893505,0.7885486702047135,0.6217367820920603,20720,0.057378100321681634,0,0,0.6667464592060642,0.7175474731236813,0.33651266766020865,3,57.102,0.9994399131865439,28567,57.134,19,1,7,17.986,0.995682019486271,9032,18.064,19,1,0.0,0.0,0.04523099850968704,0,0.0,0.0,0,0.0,0,0,4,2.35,0.9678747940691927,1214,2.428,18,1,0.0,0.0,0.0,0.05547322415352155,,,0.04523099850968704,0.9678747940691927,0.07451564828614009,0.08597242921013412,0.3355946199691365,1.2542442083358765,0.4535334584115072,0.2824525268763187,0.6182563338301044,13.0,15.762,0.7008448199199644,11245.0,22.49,16.0,1.0,7.0,33.134,0.9983729058695914,16594.0,33.188,27.0,1.0
IMG-893073F906,n4_1x1x2,8.0,3,1.559332;2.3478807;3.5893505,0.7885486702047135,0.6551780198341733,10075,0.10149968925138035,0,0,0.0,0.0009244707405010632,0.05110843615207142,1,0.02,1.0,10,0.02,4,0,6,1.384,0.6790971540726202,1019,2.038,16,1,0.7444386578379585,0.7594527133216233,0.34717624636372757,1,16.43,1.0,8215,16.43,19,1,2,13.838,0.999566599248772,6922,13.844,21,1,0.7594527133216233,1.0,0.046223537025053156,0.08320236664509569,0.35725857676666767,1.414267897605896,0.34717624636372757,0.999566599248772,0.05015548199418197,0.09544588223492828,0.3402295471196502,1.657701849937439,0.4805272618334332,0.23962281593787557,0.601715317484201,8.0,1.722,0.33217592592592593,2592.0,5.184,17.0,1.0,3.0,23.096,0.9625739768275402,11997.0,23.994,22.0,1.0
IMG-EE9195B25E,n4_1x1x2,8.0,3,1.559332;2.3478807;3.5893505,0.7885486702047135,0.7299295339349734,14761,0.11648444755703649,0,0,0.009400705052878966,0.0003997068816201452,0.07151843988362035,2,0.008,0.6666666666666666,6,0.012,5,0,10,3.22,0.8851017042330951,1819,3.638,13,1,0.30156991602774735,0.1546865631869962,0.04010379806558151,14,4.528,0.9750215331610681,2322,4.644,18,1,20,0.986,0.48333333333333334,1020,2.04,23,1,0.1546865631869962,0.9750215331610681,0.4663246952235028,0.03643994404103657,0.4060543092424434,1.2442071437835693,0.04010379806558151,0.48333333333333334,0.39317449083903433,0.05807187229692538,0.26524947599372767,1.199671745300293,0.8937220422643838,0.8449137299313837,0.8883777620507981,1.0,25.366,1.0,12683.0,25.366,21.0,1.0,3.0,45.04,0.9966806815667183,22595.0,45.19,24.0,1.0
IMG-8F0C09D99C,n4_1x1x2,8.0,3,1.559332;2.3478807;3.5893505,0.7885486702047135,0.7846802878650012,4743,0.02160946094061295,0,0,,0.0,0.018462800875273522,0,0.0,0.0,0,0.0,0,0,7,0.12,0.4444444444444444,135,0.27,10,0,0.2030940103133677,0.477496336612937,0.057439824945295405,3,4.546,0.9964927663305567,2281,4.562,19,1,16,0.324,0.38571428571428573,420,0.84,17,1,0.477496336612937,0.9964927663305567,0.3140046054008792,0.17395855139208707,0.4052151020328247,,0.057439824945295405,0.38571428571428573,1.0940919037199124,0.06967997811816193,0.33680521988228584,1.3199654817581177,0.7115577889447237,0.522503663387063,0.924097374179431,3.0,4.972,0.9959935897435898,2496.0,4.992,18.0,1.0,4.0,13.494,0.998520053278082,6757.0,13.514,20.0,1.0
IMG-EDA063D47C,n4_1x1x2,8.0,3,1.559332;2.3478807;3.5893505,0.7885486702047135,0.630017094017094,9214,0.2349717705806946,0,0,0.5068493150684932,0.3643568598050766,0.06483201928388489,2,6.8,0.9994121105232217,3402,6.804,14,1,2,2.578,0.9984508133230054,1291,2.582,12,1,,0.0,0.012855923266208005,0,0.0,0.0,0,0.0,0,0,11,0.164,0.3203125,256,0.512,17,1,0.0,0.0,0.0,0.08626967976866232,,,0.012855923266208005,0.3203125,0.2762014764224376,0.041932405965951894,0.2154686336049121,1.548024296760559,0.8394475615019422,0.6356431401949234,0.9223120574499071,5.0,11.322,0.9538331929233361,5935.0,11.87,20.0,1.0,1.0,36.732,1.0,18366.0,36.732,22.0,1.0
IMG-7350051976,n4_1x1x2,8.0,3,1.559332;2.3478807;3.5893505,0.7885486702047135,0.784175966709001,14510,0.09351125941121176,0,0,0.3062758938161731,0.37937610679743905,0.12300111982082866,12,9.306,0.8353680430879713,5570,11.14,13,1,16,1.782,0.32447195921340133,2746,5.492,17,1,0.09734513274336283,0.014711892112791173,0.0030907054871220606,2,0.41,0.9490740740740741,216,0.432,13,0,4,0.094,0.6811594202898551,69,0.138,18,0,0.014711892112791173,0.9490740740740741,0.06811061163329246,0.095014303228443,0.27939393025840215,1.214327096939087,0.0030907054871220606,0.6811594202898551,0.08958566629339305,0.0638521836506159,0.14500726712316683,1.4622502326965332,0.7878978318445033,0.6059120010897698,0.8739081746920493,2.0,17.784,0.9995503597122302,8896.0,17.792,15.0,1.0,3.0,39.008,0.9996924654023578,19510.0,39.02,24.0,1.0
IMG-4950E13031,n4_1x1x2,8.0,3,1.559332;2.3478807;3.5893505,0.7885486702047135,0.7374535629854779,10918,0.3303397726905614,0,0,0.8048144095614848,0.44021092022452796,0.627772798565987,2,10.348,0.999613601236476,5176,10.352,13,1,4,22.144,0.987953957348086,11207,22.414,17,1,,0.00017009695526450075,0.0014564194488012547,1,0.004,1.0,2,0.004,2,0,3,0.042,0.8076923076923077,26,0.052,11,0,0.00017009695526450075,1.0,0.042524238816125194,0.09414866473890117,0.12309149097933272,1.4886283874511719,0.0014564194488012547,0.8076923076923077,0.08402419896930316,0.09867241765628501,0.12635785282925918,1.6310380697250366,0.7670517327975892,0.5596189828202075,0.37077078198521174,5.0,13.006,0.9882978723404255,6580.0,13.16,14.0,1.0,13.0,12.46,0.9412297930200937,6619.0,13.238,20.0,1.0
IMG-9E2C4ABE0B,roi_erode1,4.0,2,1.8727847;3.2299623,1.3571776248375897,0.4928124067998807,4131,1.0,0,0,1.0,1.0,1.0,2,8.477999999999998,0.9964739069111425,4254,8.507999999999997,11,1,2,25.017999999999994,0.999840140676205,12511,25.02199999999999,19,1,,0.0,0.0,0,0.0,0.0,0,0.0,0,0,0,0.0,0.0,0,0.0,0,0,0.0,0.0,0.0,0.0,,,0.0,0.0,0.0,0.0,,,,,,,,,,,,,,,,,,,
IMG-D0FB6C7AE7,roi_erode1,4.0,2,1.8727847;3.2299623,1.3571776248375897,0.5386072951207959,2274,0.0,0,0,0.9677712210621879,1.0,0.9571545380212592,1,4.658,1.0,2329,4.658,12,1,2,11.704,0.9998291474457544,5853,11.706,16,1,0.0,0.0,0.0428454619787408,0,0.0,0.0,0,0.0,0,0,1,0.524,1.0,262,0.524,13,1,0.0,0.0,0.0,0.0,,,0.0428454619787408,1.0,0.08176614881439084,0.01823385118560916,0.277385935949515,1.3379759788513184,,,,,,,,,,,,,,,,,
IMG-1815129EC4,roi_erode1,4.0,2,1.8727847;3.2299623,1.3571776248375897,0.8228760640863523,31561,0.0,0,0,0.9907746422575745,1.0,0.9324349666461275,2,78.762,0.9999746076887919,39382,78.764,20,1,1,69.61,1.0,34805,69.61,23,1,0.0,0.0,0.06756503335387253,0,0.0,0.0,0,0.0,0,0,1,5.044,1.0,2522,5.044,24,1,0.0,0.0,0.0,0.0,,,0.06756503335387253,1.0,0.013395129530902564,0.009805234816620677,0.25166066055134945,0.3392753601074219,,,,,,,,,,,,,,,,,
IMG-AD73EFA971,roi_erode1,4.0,2,1.8727847;3.2299623,1.3571776248375897,0.7284345047923323,5130,0.0,0,0,0.943466172381835,0.9134039613081529,1.0,4,11.891999999999998,0.9994957135653051,5949,11.897999999999998,16,1,2,15.135999999999996,0.9994717379820391,7572,15.143999999999997,20,1,0.0,0.08659603869184708,0.0,2,1.0759999999999998,0.9539007092198581,564,1.1279999999999997,11,1,0,0.0,0.0,0,0.0,0,0,0.08659603869184708,0.9539007092198581,0.15353907569476435,0.014355903577460466,0.28947652066134294,0.30808234214782715,0.0,0.0,0.0,0.0,,,,,,,,,,,,,,,,,,,
IMG-D31CF4ABF7,roi_erode1,4.0,2,1.8727847;3.2299623,1.3571776248375897,0.6146341463414634,2268,1.0,0,0,,0.009410710284561953,0.0,2,0.04399999999999999,0.5238095238095238,42,0.08399999999999999,8,0,0,0.0,0.0,0,0.0,0,0,1.0,0.990589289715438,1.0,1,8.841999999999999,1.0,4421,8.841999999999999,21,1,2,5.829999999999999,0.9993143640726774,2917,5.833999999999999,18,1,0.990589289715438,1.0,0.11203226529240423,0.007842258570468295,0.34177138463797574,2.0202460289001465,1.0,0.9993143640726774,0.3428179636612959,0.0,0.37442444702602634,,,,,,,,,,,,,,,,,,
IMG-182FA24923,roi_erode1,4.0,2,1.8727847;3.2299623,1.3571776248375897,0.649614576033637,2781,1.0,0,0,1.0,1.0,1.0,1,5.643999999999999,1.0,2822,5.643999999999999,4,1,1,11.479999999999999,1.0,5740,11.479999999999999,8,1,,0.0,0.0,0,0.0,0.0,0,0.0,0,0,0,0.0,0.0,0,0.0,0,0,0.0,0.0,0.0,0.0,,,0.0,0.0,0.0,0.0,,,,,,,,,,,,,,,,,,,
IMG-B1DBEB52F4,roi_erode1,4.0,2,1.8727847;3.2299623,1.3571776248375897,0.47349148224804966,11896,0.0,0,0,0.0,0.012097447021525112,0.0,5,0.19999999999999996,0.6896551724137931,145,0.2899999999999999,14,0,0,0.0,0.0,0,0.0,0,0,0.9938681439506069,0.9879025529784748,1.0,2,23.659999999999997,0.9990710244067224,11841,23.681999999999995,25,1,3,76.51599999999999,0.9998954576342063,38262,76.52399999999999,37,1,0.9879025529784748,0.9990710244067224,0.08343066911396631,0.005047555481394961,0.32728043882916885,1.831444263458252,1.0,0.9998954576342063,0.039203387172651726,0.0,0.2855360125227381,,,,,,,,,,,,,,,,,,
IMG-825C59B3C8,roi_erode1,4.0,2,1.8727847;3.2299623,1.3571776248375897,0.8525089885884009,10907,0.1128271239382612,0,0,0.3464627151051625,0.07791878172588833,0.4150203370133643,5,1.2379999999999998,0.6720955483170467,921,1.8419999999999996,14,1,1,11.427999999999999,1.0,5714,11.427999999999999,16,1,0.7938977327544622,0.9220812182741117,0.5849796629866357,1,21.797999999999995,1.0,10899,21.797999999999995,21,1,4,16.093999999999998,0.9991308666501117,8054,16.107999999999997,19,1,0.9220812182741117,1.0,0.042301184433164135,0.028341793570219966,0.36849318021255667,0.8903515338897705,0.5849796629866357,0.9991308666501117,0.14526438117373622,0.049063044741429404,0.32111872178432704,0.6742727756500244,,,,,,,,,,,,,,,,,
IMG-DA4569F340,roi_erode1,4.0,2,1.8727847;3.2299623,1.3571776248375897,0.6401736516947738,3834,1.0,0,0,1.0,1.0,1.0,1,8.225999999999997,1.0,4113,8.225999999999997,9,1,3,15.721999999999998,0.9994914176732359,7865,15.729999999999999,9,1,,0.0,0.0,0,0.0,0.0,0,0.0,0,0,0,0.0,0.0,0,0.0,0,0,0.0,0.0,0.0,0.0,,,0.0,0.0,0.0,0.0,,,,,,,,,,,,,,,,,,,
IMG-8BF8DD5DE4,roi_erode1,4.0,2,1.8727847;3.2299623,1.3571776248375897,0.6334719568393841,5636,0.9985999146728501,0,0,0.9999034655854813,0.9312782805429864,0.8648573027420258,1,13.172,1.0,6586,13.172,16,1,2,18.544,0.9998921600345088,9273,18.546,15,1,0.9989047097480832,0.06872171945701358,0.13514269725797426,1,0.972,1.0,486,0.972,10,1,1,2.898,1.0,1449,2.898,14,1,0.06872171945701358,1.0,0.07070135746606335,0.018735859728506787,0.23920755963170953,0.7318553924560547,0.13514269725797426,1.0,0.04663309084126096,0.02961201268420071,0.33624748420280426,0.6094222068786621,,,,,,,,,,,,,,,,,
IMG-16B3264BD9,roi_erode1,4.0,2,1.8727847;3.2299623,1.3571776248375897,0.4472295514511873,678,0.40874074669330396,0,0,0.83008356545961,0.6724137931034483,0.6324535679374389,4,1.3179999999999996,0.9939668174962293,663,1.3259999999999996,12,1,2,2.583999999999999,0.9984544049459042,1294,2.587999999999999,19,1,0.8087774294670846,0.3275862068965517,0.3675464320625611,2,0.6439999999999998,0.9969040247678018,323,0.6459999999999998,10,1,2,1.4799999999999995,0.9840425531914894,752,1.5039999999999996,14,1,0.3275862068965517,0.9969040247678018,1.0141987829614607,0.0654158215010142,0.4759338832139722,0.4508171081542969,0.3675464320625611,0.9840425531914894,0.4887585532746825,0.08919843597262953,0.38131288768003613,0.5017497539520264,,,,,,,,,,,,,,,,,
IMG-34B5A93F0D,roi_erode1,4.0,2,1.8727847;3.2299623,1.3571776248375897,0.5397348006494678,11967,0.0,0,0,0.9703592170359217,1.0,0.8921930796699914,3,56.19599999999999,0.9998576613764145,28102,56.20399999999999,19,1,1,28.981999999999996,1.0,14491,28.981999999999996,19,1,0.0,0.0,0.10780692033000862,0,0.0,0.0,0,0.0,0,0,2,3.2159999999999997,0.9183323814962878,1751,3.5019999999999993,18,1,0.0,0.0,0.0,0.0,,,0.10780692033000862,0.9183323814962878,0.06156877231867998,0.01745474695234577,0.3304441690316566,0.7023407220840454,,,,,,,,,,,,,,,,,
IMG-893073F906,roi_erode1,4.0,2,1.8727847;3.2299623,1.3571776248375897,0.5763648116589293,4904,1.0,0,0,,0.0021852412170112624,0.0,2,0.016,0.6153846153846154,13,0.026,7,0,0,0.0,0.0,0,0.0,0,0,1.0,0.9978147587829888,1.0,1,11.872,1.0,5936,11.872,16,1,3,22.124,0.9994578966389591,11068,22.136,35,1,0.9978147587829888,1.0,0.08404773911581778,0.0016809547823163557,0.3168697421597322,1.2124097347259521,1.0,0.9994578966389591,0.1355258402602096,0.0,0.34833388707929736,,,,,,,,,,,,,,,,,,
IMG-EE9195B25E,roi_erode1,4.0,2,1.8727847;3.2299623,1.3571776248375897,0.6987073532528078,8243,-0.0005320992486179626,0,0,0.6439000247463499,0.47182684390071755,0.9826421094474626,4,8.001999999999999,0.9975068561455996,4011,8.021999999999998,12,1,2,29.657999999999994,0.9997977346278317,14832,29.663999999999994,20,1,0.010543204217281686,0.5281731560992824,0.017357890552537433,6,8.953999999999999,0.9971046770601336,4490,8.979999999999999,12,1,5,0.3919999999999999,0.7480916030534351,262,0.5239999999999999,19,1,0.5281731560992824,0.9971046770601336,0.3528996588636632,0.0385836960357605,0.3411295504917601,0.1919255256652832,0.017357890552537433,0.7480916030534351,0.1656287266463496,0.01099774744931761,0.20947125101417205,0.40311431884765625,,,,,,,,,,,,,,,,,
IMG-8F0C09D99C,roi_erode1,4.0,2,1.8727847;3.2299623,1.3571776248375897,0.7574915947960824,2591,0.9751005651602196,0,0,0.982839313572543,0.11726618705035971,0.13198719527210045,3,0.37599999999999995,0.5766871165644172,326,0.6519999999999999,11,1,3,1.0459999999999998,0.9757462686567164,536,1.0719999999999998,13,1,0.997577626073552,0.8827338129496403,0.8680128047278995,1,4.9079999999999995,1.0,2454,4.9079999999999995,18,1,3,7.039999999999998,0.9985815602836879,3525,7.049999999999998,20,1,0.8827338129496403,1.0,0.17985611510791372,0.06294964028776978,0.42837054721398693,0.5784332752227783,0.8680128047278995,0.9985815602836879,0.36936715094804246,0.0625461708938685,0.3860269037969959,0.4394714832305908,,,,,,,,,,,,,,,,,
IMG-EDA063D47C,roi_erode1,4.0,2,1.8727847;3.2299623,1.3571776248375897,0.6069277940445279,5493,0.0,0,0,0.8816043978417999,1.0,0.5443322109988776,1,11.254,1.0,5627,11.254,20,1,2,13.324,0.9811487481590574,6790,13.58,23,1,0.0,0.0,0.4556677890011223,0,0.0,0.0,0,0.0,0,0,6,10.882,0.9572484166080225,5684,11.368,22,1,0.0,0.0,0.0,0.0,,,0.4556677890011223,0.9572484166080225,0.2405002405002405,0.058361391694725026,0.3947462574517127,0.3764331340789795,,,,,,,,,,,,,,,,,
IMG-7350051976,roi_erode1,4.0,2,1.8727847;3.2299623,1.3571776248375897,0.725830361793341,9058,0.1202507053267641,0,0,0.9074938574938575,0.981901439162669,0.8347374421992779,1,18.011999999999997,1.0,9006,18.011999999999997,14,1,3,26.351999999999997,0.9998482319016543,13178,26.355999999999998,21,1,0.17973856209150327,0.018098560837331006,0.1652625578007221,2,0.32999999999999996,0.9939759036144579,166,0.33199999999999996,11,0,1,5.217999999999999,1.0,2609,5.217999999999999,18,1,0.018098560837331006,0.9939759036144579,0.10902747492368078,0.007468382032272134,0.36634328878064365,1.155827522277832,0.1652625578007221,1.0,0.03167162855514031,0.03002470387027301,0.3614268795601187,0.36524200439453125,,,,,,,,,,,,,,,,,
IMG-4950E13031,roi_erode1,4.0,2,1.8727847;3.2299623,1.3571776248375897,0.6984738955823293,6522,1.0,0,0,1.0,1.0,1.0,2,14.977999999999998,0.9998664886515354,7490,14.979999999999999,14,1,3,22.363999999999997,0.999731783638802,11185,22.369999999999997,16,1,,0.0,0.0,0,0.0,0.0,0,0.0,0,0,0,0.0,0.0,0,0.0,0,0,0.0,0.0,0.0,0.0,,,0.0,0.0,0.0,0.0,,,,,,,,,,,,,,,,,,,
IMG-9E2C4ABE0B,roi_erode1,4.0,3,1.4351036;2.2143322;3.4260761,0.7792285803184724,0.4928124067998807,4131,0.0,0,0,0.0,0.0,0.05778914555191431,0,0.0,0.0,0,0.0,0,0,8,0.8819999999999998,0.6099585062240664,723,1.4459999999999997,13,1,,0.0,0.0,0,0.0,0.0,0,0.0,0,0,0,0.0,0.0,0,0.0,0,0,0.0,0.0,0.0,0.0,,,0.0,0.0,0.0,0.030732954999600357,,,0.9989094874591058,1.0,0.9422108544480857,2.0,8.477999999999998,0.9964739069111425,4254.0,8.507999999999997,11.0,1.0,2.0,23.571999999999996,0.999830335934849,11788.0,23.575999999999997,19.0,1.0
IMG-D0FB6C7AE7,roi_erode1,4.0,3,1.4351036;2.2143322;3.4260761,0.7792285803184724,0.5386072951207959,2274,0.18963740790944375,0,0,0.5941312232113419,0.9386002576212967,0.48225674570727717,1,4.372,1.0,2186,4.372,12,1,3,5.71,0.9681247880637505,2949,5.898,13,1,0.0,0.0,0.04088307440719542,0,0.0,0.0,0,0.0,0,0,1,0.5,1.0,250,0.5,13,1,0.0,0.0,0.0,0.028767711464147704,,,0.04088307440719542,1.0,0.08176614881439084,0.07457072771872444,0.28310611870163244,1.4726048707962036,0.00870195794053662,0.061399742378703305,0.47686017988552737,1.0,0.286,1.0,143.0,0.286,10.0,0.0,2.0,5.808,0.9958847736625515,2916.0,5.832,16.0,1.0
IMG-1815129EC4,roi_erode1,4.0,3,1.4351036;2.2143322;3.4260761,0.7792285803184724,0.8228760640863523,31561,-0.0043277648243147905,0,0,0.0,0.010740947641054288,0.0,1,0.846,1.0,423,0.846,8,1,0,0.0,0.0,0,0.0,0,0,0.0,0.0,0.059233262785651136,0,0.0,0.0,0,0.0,0,0,1,4.422,1.0,2211,4.422,23,1,0.0,0.0,0.0,0.005116550708445483,,,0.059233262785651136,1.0,0.013395129530902564,0.010099927666300534,0.2669656900259461,,0.9904033780109401,0.9892590523589457,0.9407667372143489,2.0,77.916,0.9999743319900408,38959.0,77.918,20.0,1.0,1.0,70.232,1.0,35116.0,70.232,23.0,1.0
IMG-AD73EFA971,roi_erode1,4.0,3,1.4351036;2.2143322;3.4260761,0.7792285803184724,0.7284345047923323,5130,0.1830772379649149,0,0,0.24099378881987576,0.16935360049132503,0.18700475435816163,2,2.2039999999999997,0.99909338168631,1103,2.2059999999999995,14,1,5,2.1739999999999995,0.7676553672316384,1416,2.8319999999999994,12,1,,0.0,0.0,0,0.0,0.0,0,0.0,0,0,0,0.0,0.0,0,0.0,0,0,0.0,0.0,0.0,0.010670965760786121,,,0.0,0.0,0.0,0.03407290015847861,,,0.9353781068217875,0.8306463995086749,0.8129952456418383,4.0,10.803999999999998,0.9985212569316081,5410.0,10.819999999999999,15.0,1.0,1.0,12.311999999999996,1.0,6156.0,12.311999999999996,20.0,1.0
IMG-D31CF4ABF7,roi_erode1,4.0,3,1.4351036;2.2143322;3.4260761,0.7792285803184724,0.6146341463414634,2268,1.0,0,0,,0.0,0.0,0,0.0,0.0,0,0.0,0,0,0,0.0,0.0,0,0.0,0,0,1.0,0.990589289715438,1.0,1,8.841999999999999,1.0,4421,8.841999999999999,21,1,2,5.829999999999999,0.9993143640726774,2917,5.833999999999999,18,1,0.990589289715438,1.0,0.11203226529240423,0.007842258570468295,0.34177138463797574,,1.0,0.9993143640726774,0.3428179636612959,0.0,0.37442444702602634,,,0.009410710284561953,0.0,2.0,0.04399999999999999,0.5238095238095238,42.0,0.08399999999999999,8.0,0.0,0.0,0.0,0.0,0.0,0.0,0.0,0.0
IMG-182FA24923,roi_erode1,4.0,3,1.4351036;2.2143322;3.4260761,0.7792285803184724,0.649614576033637,2781,1.0,0,0,1.0,1.0,1.0,1,5.643999999999999,1.0,2822,5.643999999999999,4,1,1,11.479999999999999,1.0,5740,11.479999999999999,8,1,,0.0,0.0,0,0.0,0.0,0,0.0,0,0,0,0.0,0.0,0,0.0,0,0,0.0,0.0,0.0,0.0,,,0.0,0.0,0.0,0.0,,,,0.0,0.0,0.0,0.0,0.0,0.0,0.0,0.0,0.0,0.0,0.0,0.0,0.0,0.0,0.0,0.0
IMG-B1DBEB52F4,roi_erode1,4.0,3,1.4351036;2.2143322;3.4260761,0.7792285803184724,0.47349148224804966,11896,0.34757954328401613,0,0,,0.0,0.0,0,0.0,0.0,0,0.0,0,0,0,0.0,0.0,0,0.0,0,0,0.9809441316587267,0.9523610879359252,0.985207255240186,3,22.807999999999996,0.9990363556723609,11415,22.829999999999995,25,1,3,75.38399999999999,0.9998938879456706,37696,75.39199999999998,37,1,0.9523610879359252,0.9990363556723609,0.12514600367094944,0.01339062239279159,0.3316383239000575,,0.985207255240186,0.9998938879456706,0.039203387172651726,0.0047436098478908575,0.28763392159182377,,0.3732193732193732,0.04763891206407475,0.014792744759813915,10.0,0.4979999999999999,0.436077057793345,571.0,1.1419999999999997,15.0,1.0,3.0,1.1219999999999997,0.991166077738516,566.0,1.1319999999999997,17.0,1.0
IMG-825C59B3C8,roi_erode1,4.0,3,1.4351036;2.2143322;3.4260761,0.7792285803184724,0.8525089885884009,10907,0.9286146445566426,0,0,,0.0,0.0006536897152818129,0,0.0,0.0,0,0.0,0,0,1,0.017999999999999995,1.0,9,0.017999999999999995,5,0,0.9777027027027027,0.44086294416243654,0.3809558396281232,2,10.371999999999998,0.9952024563423527,5211,10.421999999999999,21,1,1,10.489999999999998,1.0,5245,10.489999999999998,19,1,0.44086294416243654,0.9952024563423527,0.08460236886632827,0.03785956006768189,0.37366439470930146,,0.3809558396281232,1.0,0.036316095293434054,0.03351975595583963,0.31902118390525036,1.4606703519821167,0.9846915107468687,0.5591370558375635,0.618390470656595,1.0,13.217999999999996,1.0,6609.0,13.217999999999996,17.0,1.0,4.0,17.013999999999996,0.9991778247592201,8514.0,17.027999999999995,17.0,1.0
IMG-DA4569F340,roi_erode1,4.0,3,1.4351036;2.2143322;3.4260761,0.7792285803184724,0.6401736516947738,3834,1.0,0,0,1.0,1.0,1.0,1,8.225999999999997,1.0,4113,8.225999999999997,9,1,3,15.721999999999998,0.9994914176732359,7865,15.729999999999999,9,1,,0.0,0.0,0,0.0,0.0,0,0.0,0,0,0,0.0,0.0,0,0.0,0,0,0.0,0.0,0.0,0.0,,,0.0,0.0,0.0,0.0,,,,0.0,0.0,0.0,0.0,0.0,0.0,0.0,0.0,0.0,0.0,0.0,0.0,0.0,0.0,0.0,0.0
IMG-8BF8DD5DE4,roi_erode1,4.0,3,1.4351036;2.2143322;3.4260761,0.7792285803184724,0.6334719568393841,5636,0.4702013017058725,0,0,0.03773584905660377,0.0012726244343891403,0.08151464279052416,1,0.018,1.0,9,0.018,4,0,2,1.674,0.9576659038901602,874,1.748,11,1,0.8888888888888888,0.04595588235294118,0.09886215258347324,1,0.65,1.0,325,0.65,8,1,1,2.12,1.0,1060,2.12,14,1,0.04595588235294118,1.0,0.07070135746606335,0.018028846153846152,0.2576414651018684,1.4117209911346436,0.09886215258347324,1.0,0.04663309084126096,0.047379220294721136,0.331135965500844,1.1861034631729126,0.9475241665022687,0.9527714932126696,0.8196232046260026,2.0,13.474,0.9998515880083111,6738.0,13.476,16.0,1.0,2.0,17.574,0.9998862084660901,8788.0,17.576,15.0,1.0
IMG-16B3264BD9,roi_erode1,4.0,3,1.4351036;2.2143322;3.4260761,0.7792285803184724,0.4472295514511873,678,0.102251291419639,0,0,0.3333333333333333,0.05273833671399594,0.001466275659824047,2,0.06399999999999997,0.6153846153846154,52,0.10399999999999997,5,0,2,0.003999999999999998,0.6666666666666666,3,0.005999999999999998,2,0,0.09302325581395349,0.002028397565922921,0.06060606060606061,1,0.003999999999999998,1.0,2,0.003999999999999998,2,0,2,0.22399999999999992,0.9032258064516129,124,0.24799999999999991,12,0,0.002028397565922921,1.0,0.5070993914807304,0.053245436105476676,0.35355339059327373,1.6558279991149902,0.06060606060606061,0.9032258064516129,0.4887585532746825,0.03812316715542522,0.3686784216207401,1.0772043466567993,0.9671002295332823,0.9452332657200812,0.9379276637341154,2.0,1.8619999999999992,0.9989270386266095,932.0,1.8639999999999992,13.0,1.0,2.0,3.8339999999999987,0.9989577905158937,1919.0,3.8379999999999987,19.0,1.0
IMG-34B5A93F0D,roi_erode1,4.0,3,1.4351036;2.2143322;3.4260761,0.7792285803184724,0.5397348006494678,11967,-0.07123049183717314,0,0,0.2737137511693171,0.5471852537185965,0.0915527644378771,3,30.745999999999995,0.999739871236262,15377,30.753999999999998,15,1,1,2.9739999999999998,1.0,1487,2.9739999999999998,11,1,0.0,0.0,0.02185691417313139,0,0.0,0.0,0,0.0,0,0,1,0.7099999999999999,1.0,355,0.7099999999999999,17,1,0.0,0.0,0.0,0.03537114796099922,,,0.02185691417313139,1.0,0.03078438615933999,0.030753601773180643,0.3294791376859541,1.3935831785202026,0.4035261038072802,0.45281474628140345,0.8865903213889915,2.0,25.433999999999997,0.9993713163064833,12725.0,25.449999999999996,19.0,1.0,1.0,28.799999999999997,1.0,14400.0,28.799999999999997,20.0,1.0
IMG-893073F906,roi_erode1,4.0,3,1.4351036;2.2143322;3.4260761,0.7792285803184724,0.5763648116589293,4904,-0.0011377927589432632,0,0,,0.0,0.0,0,0.0,0.0,0,0.0,0,0,0,0.0,0.0,0,0.0,0,0,0.9700724561587735,0.9124222558413179,0.9922298518250813,1,10.856,1.0,5428,10.856,16,1,3,21.952,0.9994536514296121,10982,21.964,35,1,0.9124222558413179,1.0,0.08404773911581778,0.030761472516389308,0.3270845425627833,,0.9922298518250813,0.9994536514296121,0.1355258402602096,0.0042464763281532345,0.3489677576372277,,0.0,0.08757774415868214,0.007770148174918685,5.0,0.568,0.54510556621881,521.0,1.042,16.0,1.0,1.0,0.172,1.0,86.0,0.172,16.0,0.0
IMG-EE9195B25E,roi_erode1,4.0,3,1.4351036;2.2143322;3.4260761,0.7792285803184724,0.6987073532528078,8243,0.9440930862726115,0,0,,0.0,0.0,0,0.0,0.0,0,0.0,0,0,0,0.0,0.0,0,0.0,0,0,0.9444444444444444,0.0019997647335607575,0.012985292169073804,1,0.033999999999999996,1.0,17,0.033999999999999996,7,0,1,0.3919999999999999,1.0,196,0.3919999999999999,19,0,0.0019997647335607575,1.0,0.058816609810610536,0.0018821315139395365,0.2719117418327272,,0.012985292169073804,1.0,0.033125745329269915,0.006625149065853982,0.22570180377009388,,0.9998784194528876,0.9980002352664392,0.9870147078309262,6.0,16.941999999999997,0.9984677039132485,8484.0,16.967999999999996,12.0,1.0,2.0,29.789999999999992,0.999798630688683,14898.0,29.795999999999992,20.0,1.0
IMG-8F0C09D99C,roi_erode1,4.0,3,1.4351036;2.2143322;3.4260761,0.7792285803184724,0.7574915947960824,2591,0.5322561112697879,0,0,,0.0,0.0,0,0.0,0.0,0,0.0,0,0,0,0.0,0.0,0,0.0,0,0,0.9321074964639321,0.8827338129496403,0.6990888943609949,1,4.9079999999999995,1.0,2454,4.9079999999999995,18,1,3,5.667999999999999,0.9982388164846777,2839,5.677999999999999,20,1,0.8827338129496403,1.0,0.17985611510791372,0.06294964028776978,0.42837054721398693,,0.6990888943609949,0.9982388164846777,0.36936715094804246,0.10994828859886727,0.3968408857639777,,0.6936170212765957,0.11726618705035971,0.3009111056390052,3.0,0.37599999999999995,0.5766871165644172,326.0,0.6519999999999999,11.0,1.0,2.0,1.6419999999999995,0.6718494271685761,1222.0,2.4439999999999995,14.0,1.0
IMG-EDA063D47C,roi_erode1,4.0,3,1.4351036;2.2143322;3.4260761,0.7792285803184724,0.6069277940445279,5493,-0.06179612364593063,0,0,0.0,0.09152301403945264,0.0,1,1.03,1.0,515,1.03,6,1,0,0.0,0.0,0,0.0,0,0,0.0,0.0,0.2328042328042328,0,0.0,0.0,0,0.0,0,0,8,5.202,0.8956611570247934,2904,5.808,18,1,0.0,0.0,0.0,0.035276346188022036,,,0.2328042328042328,0.8956611570247934,0.320666987333654,0.04846079846079846,0.4012786028471026,,0.9174963035978314,0.9084769859605474,0.7671957671957672,1.0,10.224,1.0,5112.0,10.224,20.0,1.0,3.0,17.924,0.9364681295715779,9570.0,19.14,23.0,1.0
IMG-7350051976,roi_erode1,4.0,3,1.4351036;2.2143322;3.4260761,0.7792285803184724,0.725830361793341,9058,0.9725801986126094,0,0,0.9242424242424242,0.0067597034452682074,0.014885665420915944,2,0.08999999999999998,0.7258064516129032,62,0.12399999999999999,9,0,5,0.32399999999999995,0.6893617021276596,235,0.4699999999999999,12,0,0.9939393939393939,0.018098560837331006,0.020966618103502883,2,0.32999999999999996,0.9939759036144579,166,0.33199999999999996,11,0,1,0.6619999999999999,1.0,331,0.6619999999999999,15,1,0.018098560837331006,0.9939759036144579,0.10902747492368078,0.012647187091146971,0.36634328878064365,1.602226734161377,0.020966618103502883,1.0,0.03167162855514031,0.016184202191676697,0.2845488958026005,1.7943000793457031,0.9993202673615045,0.9751417357174008,0.9641477164755812,1.0,17.887999999999998,1.0,8944.0,17.887999999999998,14.0,1.0,2.0,30.439999999999998,0.9999343012942645,15221.0,30.441999999999997,21.0,1.0
IMG-4950E13031,roi_erode1,4.0,3,1.4351036;2.2143322;3.4260761,0.7792285803184724,0.6984738955823293,6522,-0.09588947192349344,0,0,0.363787099983419,0.1759679572763685,0.6783191774698256,2,2.6239999999999997,0.9954476479514416,1318,2.6359999999999997,10,1,3,15.167999999999997,0.9996045867931989,7587,15.173999999999998,13,1,,0.0,0.0,0,0.0,0.0,0,0.0,0,0,0,0.0,0.0,0,0.0,0,0,0.0,0.0,0.0,0.04025367156208278,,,0.0,0.0,0.0,0.04215467143495753,,,0.4528732354199344,0.8240320427236315,0.3216808225301743,2.0,12.341999999999999,0.9998379779650033,6172.0,12.343999999999998,14.0,1.0,3.0,7.179999999999999,0.9977765425236242,3598.0,7.195999999999999,15.0,1.0
IMG-9E2C4ABE0B,roi_dilate1,4.0,2,1.8727847;3.2299623,1.3571776248375897,0.6286744002703007,13955,0.0,0,0,0.8192240978127512,1.0,0.7812119015453557,1,28.09199999999999,1.0,14046,28.09199999999999,23,1,1,47.41799999999999,1.0,23709,47.41799999999999,26,1,0.0,0.0,0.2187880984546443,0,0.0,0.0,0,0.0,0,0,14,12.005999999999998,0.904066265060241,6640,13.279999999999996,26,1,0.0,0.0,0.0,0.0,,,0.2187880984546443,0.904066265060241,0.23065010379254675,0.03673926653266994,0.3717894075324831,0.4745650291442871,,,,,,,,,,,,,,,,,
IMG-D0FB6C7AE7,roi_dilate1,4.0,2,1.8727847;3.2299623,1.3571776248375897,0.7024733619401186,7285,0.09063785326015278,0,0,0.9473607677766468,0.9918886034879005,0.8999550359712231,1,14.674,1.0,7337,14.674,17,1,1,24.018,1.0,12009,24.018,21,1,0.11274509803921569,0.0081113965120995,0.10004496402877698,1,0.12,1.0,60,0.12,8,0,4,1.85,0.6928838951310862,1335,2.67,19,1,0.0081113965120995,1.0,0.0675949709341625,0.0063539272678112746,0.21884420610772973,1.1354643106460571,0.10004496402877698,0.6928838951310862,0.1498800959232614,0.03799460431654676,0.23109997601692067,1.409402847290039,,,,,,,,,,,,,,,,,
IMG-1815129EC4,roi_dilate1,4.0,2,1.8727847;3.2299623,1.3571776248375897,0.891061238068429,52230,0.838591708343154,0,0,0.9916884013111826,0.9524897291215629,0.9074440840020488,1,111.748,1.0,55874,111.748,25,1,1,106.298,1.0,53149,106.298,29,1,0.8617254769542462,0.04751027087843712,0.09255591599795117,1,5.574,1.0,2787,5.574,22,1,3,9.802,0.9040767386091128,5421,10.842,28,1,0.04751027087843712,1.0,0.008523550570225533,0.009009392952728389,0.14694067066605634,0.36519312858581543,0.09255591599795117,0.9040767386091128,0.02561038074099368,0.014307666040635138,0.2252844817049088,0.15921688079833984,,,,,,,,,,,,,,,,,
IMG-AD73EFA971,roi_dilate1,4.0,2,1.8727847;3.2299623,1.3571776248375897,0.7509924038225925,15324,0.0,0,0,0.9372724435660044,0.9079857578840285,0.999338061465721,1,35.70199999999999,1.0,17851,35.70199999999999,30,1,1,42.27199999999999,1.0,21136,42.27199999999999,29,1,0.0,0.09201424211597152,0.0006619385342789598,1,3.617999999999999,1.0,1809,3.617999999999999,29,1,1,0.027999999999999994,1.0,14,0.027999999999999994,7,0,0.09201424211597152,1.0,0.025432349949135305,0.01660732451678535,0.29782801977550827,0.3543205261230469,0.0006619385342789598,1.0,0.023640661938534285,0.0008274231678486998,0.09950371902099892,1.3855376243591309,,,,,,,,,,,,,,,,,
IMG-D31CF4ABF7,roi_dilate1,4.0,2,1.8727847;3.2299623,1.3571776248375897,0.7626734914853824,7748,0.8069903399907452,0,0,0.8085106382978723,0.04136523836023001,0.006606543624161074,3,0.8679999999999999,0.9730941704035875,446,0.8919999999999999,16,1,3,0.08399999999999999,0.6666666666666666,63,0.12599999999999997,8,0,0.9994174380218784,0.95863476163977,0.993393456375839,1,20.671999999999997,1.0,10336,20.671999999999997,28,1,1,18.945999999999998,1.0,9473,18.945999999999998,27,1,0.95863476163977,1.0,0.046373585605639034,0.017761083286959748,0.3475305550190698,1.034836769104004,0.993393456375839,1.0,0.05243288590604028,0.005295721476510067,0.3369956830949166,1.4016633033752441,,,,,,,,,,,,,,,,,
IMG-182FA24923,roi_dilate1,4.0,2,1.8727847;3.2299623,1.3571776248375897,0.7787579853113729,8960,1.0,0,0,1.0,1.0,1.0,1,18.009999999999998,1.0,9005,18.009999999999998,9,1,1,28.011999999999997,1.0,14006,28.011999999999997,10,1,,0.0,0.0,0,0.0,0.0,0,0.0,0,0,0,0.0,0.0,0,0.0,0,0,0.0,0.0,0.0,0.0,,,0.0,0.0,0.0,0.0,,,,,,,,,,,,,,,,,,,
IMG-B1DBEB52F4,roi_dilate1,4.0,2,1.8727847;3.2299623,1.3571776248375897,0.6903366412052221,32626,0.9993688852294811,0,0,0.9994169096209913,0.02638587039701246,0.030637155837226974,1,1.7239999999999995,1.0,862,1.7239999999999995,19,1,2,3.783999999999999,0.9984168865435357,1895,3.789999999999999,22,1,0.9999842611391787,0.9736141296029875,0.9693628441627731,1,63.61399999999998,1.0,31807,63.61399999999998,35,1,1,119.91599999999997,1.0,59958,119.91599999999997,43,1,0.9736141296029875,1.0,0.015305029232605839,0.008019835317885457,0.3314776366505317,1.7213678359985352,0.9693628441627731,1.0,0.008083682278951709,0.006766042067482579,0.29348962628444936,1.9594378471374512,,,,,,,,,,,,,,,,,
IMG-825C59B3C8,roi_dilate1,4.0,2,1.8727847;3.2299623,1.3571776248375897,0.9006162421007183,22945,0.43342650983080916,0,0,0.8007929649773802,0.3430480944122499,0.5314685314685315,5,15.673999999999996,0.9663378545006165,8110,16.219999999999995,21,1,4,28.891999999999992,0.9951777349131993,14516,29.031999999999993,23,1,0.8505168402181791,0.6569519055877501,0.46853146853146854,4,30.825999999999993,0.9924022921898139,15531,31.061999999999994,27,1,3,25.237999999999992,0.9860904899585841,12797,25.593999999999994,27,1,0.6569519055877501,0.9924022921898139,0.08459879023729963,0.054968063956685416,0.3480342108920947,0.6813514232635498,0.46853146853146854,0.9860904899585841,0.05491890308644237,0.049115805660308286,0.33192379591159216,0.7019352912902832,,,,,,,,,,,,,,,,,
IMG-DA4569F340,roi_dilate1,4.0,2,1.8727847;3.2299623,1.3571776248375897,0.6899761264392131,11416,1.0,0,0,1.0,1.0,1.0,1,23.009999999999998,1.0,11505,23.009999999999998,16,1,1,43.17199999999999,1.0,21586,43.17199999999999,16,1,,0.0,0.0,0,0.0,0.0,0,0.0,0,0,0,0.0,0.0,0,0.0,0,0,0.0,0.0,0.0,0.0,,,0.0,0.0,0.0,0.0,,,,,,,,,,,,,,,,,,,
IMG-8BF8DD5DE4,roi_dilate1,4.0,2,1.8727847;3.2299623,1.3571776248375897,0.770711736881414,13931,0.3726757379583957,0,0,0.9168317666399697,0.9230769230769231,0.6844232515894642,1,26.088,1.0,13044,26.088,22,1,1,30.142,1.0,15071,30.142,21,1,0.523314810340662,0.07692307692307693,0.3155767484105359,2,2.172,0.9990800367985281,1087,2.174,16,1,2,13.804,0.9932364368973953,6949,13.898,24,1,0.07692307692307693,0.9990800367985281,0.07076640011322624,0.016700870426721394,0.24208698883397786,0.6997692584991455,0.3155767484105359,0.9932364368973953,0.045413260672116255,0.06008174386920981,0.2682650459411237,0.44531893730163574,,,,,,,,,,,,,,,,,
IMG-16B3264BD9,roi_dilate1,4.0,2,1.8727847;3.2299623,1.3571776248375897,0.7356379425517702,4405,0.6959023845034004,0,0,0.9833413809753743,0.9452499046165586,0.9174339174339174,1,9.909999999999997,1.0,4955,9.909999999999997,22,1,1,12.355999999999996,1.0,6178,12.355999999999996,24,1,0.7376425855513308,0.05475009538344144,0.08256608256608257,5,0.3979999999999999,0.6933797909407665,287,0.5739999999999997,21,1,2,1.1059999999999997,0.9946043165467626,556,1.1119999999999997,23,1,0.05475009538344144,0.6933797909407665,0.476917207172835,0.038821060663868756,0.23879962492777193,0.6655154228210449,0.08256608256608257,0.9946043165467626,0.14850014850014853,0.03185328185328185,0.2506438984656717,0.492337703704834,,,,,,,,,,,,,,,,,
IMG-34B5A93F0D,roi_dilate1,4.0,2,1.8727847;3.2299623,1.3571776248375897,0.676899428080566,29944,0.0,0,0,0.9446862499779731,1.0,0.864613238174452,1,102.40599999999999,1.0,51203,102.40599999999999,24,1,2,64.27199999999999,0.9972381691233514,32225,64.44999999999999,33,1,0.0,0.0,0.135386761825548,0,0.0,0.0,0,0.0,0,0,4,8.867999999999999,0.8787158145065398,5046,10.091999999999999,25,1,0.0,0.0,0.0,0.0,,,0.135386761825548,0.8787158145065398,0.05366102331571464,0.021035121139760138,0.32039917346752955,0.8233482837677002,,,,,,,,,,,,,,,,,
IMG-893073F906,roi_dilate1,4.0,2,1.8727847;3.2299623,1.3571776248375897,0.735609997525365,14863,0.0,0,0,0.0,0.13026937473154568,0.0,2,3.154,0.7428167687235044,2123,4.246,20,1,0,0.0,0.0,0,0.0,0,0,0.9354676980375305,0.8697306252684543,1.0,2,28.326,0.9992239311415267,14174,28.348,24,1,1,48.226,1.0,24113,48.226,38,1,0.8697306252684543,0.9992239311415267,0.061360986684665886,0.03414738909001657,0.3764881655080647,0.8519055843353271,1.0,1.0,0.02073570273296562,0.0,0.32603126730198,,,,,,,,,,,,,,,,,,
IMG-EE9195B25E,roi_dilate1,4.0,2,1.8727847;3.2299623,1.3571776248375897,0.8360574730120116,21995,0.5997516167726338,0,0,0.7281014100555476,0.11633763547241084,0.24283221962539914,1,5.1739999999999995,1.0,2587,5.1739999999999995,23,1,3,7.963999999999998,0.5397858207943609,7377,14.753999999999996,25,1,0.9483621412534826,0.8836623645275892,0.7571677803746009,2,39.275999999999996,0.9993893129770992,19650,39.29999999999999,34,1,2,45.97999999999999,0.9994783062342405,23002,46.00399999999999,36,1,0.8836623645275892,0.9993893129770992,0.04497009488690022,0.024193911049152313,0.36927884319989357,0.2587165832519531,0.7571677803746009,0.9994783062342405,0.03291747588794892,0.04351690312386847,0.34552470539153013,0.16708016395568848,,,,,,,,,,,,,,,,,
IMG-8F0C09D99C,roi_dilate1,4.0,2,1.8727847;3.2299623,1.3571776248375897,0.8319586359719315,6758,0.08174743686508897,0,0,0.18722659667541558,0.03174827148299704,0.34981984932852933,3,0.30399999999999994,0.6755555555555556,225,0.4499999999999999,13,0,1,6.407999999999999,1.0,3204,6.407999999999999,20,1,0.8345503116651826,0.9682517285170029,0.6501801506714707,1,13.723999999999997,1.0,6862,13.723999999999997,26,1,2,11.907999999999998,0.9998320738874895,5955,11.909999999999998,28,1,0.9682517285170029,1.0,0.0705517144066601,0.02448144489911105,0.3658008476356911,0.2994205951690674,0.6501801506714707,0.9998320738874895,0.10918222513374824,0.08570804672999237,0.3506424188793482,0.41678810119628906,,,,,,,,,,,,,,,,,
IMG-EDA063D47C,roi_dilate1,4.0,2,1.8727847;3.2299623,1.3571776248375897,0.6687666952270551,13269,-0.024498531501995314,0,0,0.3434176167123113,0.9785018225098564,0.12035519646327986,1,26.308,1.0,13154,26.308,23,1,1,6.316,1.0,3158,6.316,25,1,0.04872197102519148,0.02149817749014357,0.8796448035367201,9,0.26,0.44982698961937717,289,0.578,16,1,1,46.162,1.0,23081,46.162,37,1,0.02149817749014357,0.44982698961937717,0.3347467083240348,0.0172952465967418,0.2306417996041327,0.5967485904693604,0.8796448035367201,1.0,0.01905560425321087,0.03374747513243645,0.3736601085639427,0.464585542678833,,,,,,,,,,,,,,,,,
IMG-7350051976,roi_dilate1,4.0,2,1.8727847;3.2299623,1.3571776248375897,0.8182982096043245,20133,0.35841988246430145,0,0,0.9601167573305028,0.9731254639940609,0.8777325701675747,1,39.32399999999999,1.0,19662,39.32399999999999,21,1,1,50.91199999999999,1.0,25456,50.91199999999999,26,1,0.4176675707090275,0.026874536005939125,0.12226742983242535,2,1.0619999999999998,0.9779005524861878,543,1.0859999999999999,14,1,5,4.445999999999999,0.6269035532994924,3546,7.091999999999999,23,1,0.026874536005939125,0.9779005524861878,0.049492699826775566,0.008116802771591191,0.2710433139338112,0.9190628528594971,0.12226742983242535,0.6269035532994924,0.08620095165850633,0.04703123922488105,0.26857377308759994,0.47919344902038574,,,,,,,,,,,,,,,,,
IMG-4950E13031,roi_dilate1,4.0,2,1.8727847;3.2299623,1.3571776248375897,0.7675896617899958,15399,0.3080812936769665,0,0,0.9944353518821604,0.9975553187488246,0.9711212246586678,1,31.827999999999996,1.0,15914,31.827999999999996,19,1,1,46.943999999999996,1.0,23472,46.943999999999996,21,1,0.31451612903225806,0.0024446812511753277,0.02887877534133223,1,0.07799999999999999,1.0,39,0.07799999999999999,11,0,8,0.9039999999999999,0.6475644699140402,698,1.3959999999999997,18,1,0.0024446812511753277,1.0,0.03134206732276061,0.002601391587789131,0.1508983065544367,0.5199041366577148,0.02887877534133223,0.6475644699140402,0.16549441456350852,0.020521307405875055,0.14517060563678125,0.8257279396057129,,,,,,,,,,,,,,,,,
IMG-9E2C4ABE0B,roi_dilate1,4.0,3,1.4351036;2.2143322;3.4260761,0.7792285803184724,0.6286744002703007,13955,-0.0466514021958823,0,0,0.0,0.04086572689733732,0.0,5,0.41599999999999987,0.3623693379790941,574,1.1479999999999997,16,1,0,0.0,0.0,0,0.0,0,0,0.0,0.0,0.05585027513262381,0,0.0,0.0,0,0.0,0,0,10,2.9839999999999995,0.88023598820059,1695,3.3899999999999992,25,1,0.0,0.0,0.0,0.02174996440267692,,,0.05585027513262381,0.88023598820059,0.1647500741375334,0.017265807769613496,0.33667141468347184,,0.9443225660034799,0.9591342731026626,0.9441497248673761,1.0,26.943999999999992,1.0,13472.0,26.943999999999992,23.0,1.0,1.0,57.307999999999986,1.0,28654.0,57.307999999999986,28.0,1.0
IMG-D0FB6C7AE7,roi_dilate1,4.0,3,1.4351036;2.2143322;3.4260761,0.7792285803184724,0.7024733619401186,7285,0.8511913912587455,0,0,0.055952380952380955,0.8900905772610518,0.03732014388489208,1,13.168,1.0,6584,13.168,13,1,1,0.996,1.0,498,0.996,16,1,0.0,0.0,0.0956984412470024,0,0.0,0.0,0,0.0,0,0,3,1.85,0.7243539545810493,1277,2.554,19,1,0.0,0.0,0.0,0.03690685413005272,,,0.0956984412470024,0.7243539545810493,0.11241007194244605,0.048336330935251796,0.23590622697760055,1.7704215049743652,0.0,0.10990942273894823,0.8669814148681055,1.0,1.626,1.0,813.0,1.626,15.0,1.0,1.0,23.138,1.0,11569.0,23.138,21.0,1.0
IMG-1815129EC4,roi_dilate1,4.0,3,1.4351036;2.2143322;3.4260761,0.7792285803184724,0.891061238068429,52230,-0.00011295777714109804,0,0,0.0,0.025042191575322618,0.0,2,2.914,0.9918311776718857,1469,2.938,15,1,0,0.0,0.0,0,0.0,0,0,0.0,0.0,6.829434864264982e-05,0,0.0,0.0,0,0.0,0,0,1,0.008,1.0,4,0.008,3,0,0.0,0.0,0.0,0.008182608547416512,,,6.829434864264982e-05,1.0,0.008536793580331228,0.00013658869728529964,0.04035671561356309,,0.9939808349785718,0.9749578084246774,0.9999317056513574,1.0,114.384,1.0,57192.0,114.384,27.0,1.0,1.0,117.132,1.0,58566.0,117.132,30.0,1.0
IMG-AD73EFA971,roi_dilate1,4.0,3,1.4351036;2.2143322;3.4260761,0.7792285803184724,0.7509924038225925,15324,0.0,0,0,0.0,0.0,0.33782505910165483,0,0.0,0.0,0,0.0,0,0,3,12.957999999999997,0.9067879636109167,7145,14.289999999999996,24,1,,0.0,0.0006619385342789598,0,0.0,0.0,0,0.0,0,0,1,0.027999999999999994,1.0,14,0.027999999999999994,7,0,0.0,0.0,0.0,0.0,,,0.0006619385342789598,1.0,0.023640661938534285,0.038959810874704494,0.09950371902099892,1.6157017946243286,0.8390469335959695,1.0,0.6615130023640662,1.0,39.31999999999999,1.0,19660.0,39.31999999999999,33.0,1.0,1.0,27.981999999999992,1.0,13991.0,27.981999999999992,29.0,1.0
IMG-D31CF4ABF7,roi_dilate1,4.0,3,1.4351036;2.2143322;3.4260761,0.7792285803184724,0.7626734914853824,7748,0.9816258105434965,0,0,,0.0,0.0,0,0.0,0.0,0,0.0,0,0,0,0.0,0.0,0,0.0,0,0,0.9999352373550936,0.9575217955852346,0.9925545302013423,1,20.647999999999996,1.0,10324,20.647999999999996,28,1,1,18.929999999999996,1.0,9465,18.929999999999996,27,1,0.9575217955852346,1.0,0.046373585605639034,0.019755147468002228,0.3477880639327581,,0.9925545302013423,1.0,0.05243288590604028,0.004876258389261745,0.3371722990933631,,0.9818181818181818,0.04247820441476535,0.007445469798657718,5.0,0.8679999999999999,0.9475982532751092,458.0,0.9159999999999999,16.0,1.0,3.0,0.08399999999999999,0.5915492957746479,71.0,0.14199999999999996,10.0,0.0
IMG-182FA24923,roi_dilate1,4.0,3,1.4351036;2.2143322;3.4260761,0.7792285803184724,0.7787579853113729,8960,1.0,0,0,1.0,1.0,1.0,1,18.009999999999998,1.0,9005,18.009999999999998,9,1,1,28.011999999999997,1.0,14006,28.011999999999997,10,1,,0.0,0.0,0,0.0,0.0,0,0.0,0,0,0,0.0,0.0,0,0.0,0,0,0.0,0.0,0.0,0.0,,,0.0,0.0,0.0,0.0,,,,0.0,0.0,0.0,0.0,0.0,0.0,0.0,0.0,0.0,0.0,0.0,0.0,0.0,0.0,0.0,0.0
IMG-B1DBEB52F4,roi_dilate1,4.0,3,1.4351036;2.2143322;3.4260761,0.7792285803184724,0.6903366412052221,32626,0.9993688852294811,0,0,,0.0,0.0,0,0.0,0.0,0,0.0,0,0,0,0.0,0.0,0,0.0,0,0,0.9999842611391787,0.9736141296029875,0.9693628441627731,1,63.61399999999998,1.0,31807,63.61399999999998,35,1,1,119.91599999999997,1.0,59958,119.91599999999997,43,1,0.9736141296029875,1.0,0.015305029232605839,0.008019835317885457,0.3314776366505317,,0.9693628441627731,1.0,0.008083682278951709,0.006766042067482579,0.29348962628444936,,0.9994169096209913,0.02638587039701246,0.030637155837226974,1.0,1.7239999999999995,1.0,862.0,1.7239999999999995,19.0,1.0,2.0,3.783999999999999,0.9984168865435357,1895.0,3.789999999999999,22.0,1.0
IMG-825C59B3C8,roi_dilate1,4.0,3,1.4351036;2.2143322;3.4260761,0.7792285803184724,0.9006162421007183,22945,0.9845282065285503,0,0,,0.0,0.0,0,0.0,0.0,0,0.0,0,0,0,0.0,0.0,0,0.0,0,0,0.9942543745103161,0.34144071739774123,0.32665763555815913,2,16.055999999999997,0.9945490584737364,8072,16.143999999999995,27,1,1,17.843999999999998,1.0,8922,17.843999999999998,27,1,0.34144071739774123,0.9945490584737364,0.042299395118649816,0.034072162768072414,0.34157931269875913,,0.32665763555815913,1.0,0.018306301028814122,0.030553216417090762,0.3142917213807866,,0.997121737423955,0.6585592826022588,0.6733423644418409,2.0,31.001999999999992,0.995632346329244,15569.0,31.13799999999999,22.0,1.0,4.0,36.641999999999996,0.9961937904409766,18391.0,36.78199999999999,23.0,1.0
IMG-DA4569F340,roi_dilate1,4.0,3,1.4351036;2.2143322;3.4260761,0.7792285803184724,0.6899761264392131,11416,0.06530880357509745,0,0,0.9502078521939954,0.903954802259887,0.9788751968868711,1,20.799999999999997,1.0,10400,20.799999999999997,13,1,1,42.25999999999999,1.0,21130,42.25999999999999,16,1,,0.0,0.0,0,0.0,0.0,0,0.0,0,0,0,0.0,0.0,0,0.0,0,0,0.0,0.0,0.0,0.04480660582355498,,,0.0,0.0,0.0,0.012415454461224867,,,0.08798646362098139,0.096045197740113,0.02112480311312888,4.0,1.3639999999999999,0.6171945701357466,1105.0,2.2099999999999995,16.0,1.0,5.0,0.6839999999999999,0.75,456.0,0.9119999999999999,8.0,1.0
IMG-8BF8DD5DE4,roi_dilate1,4.0,3,1.4351036;2.2143322;3.4260761,0.7792285803184724,0.770711736881414,13931,0.6779708989975329,0,0,,0.0,0.0,0,0.0,0.0,0,0.0,0,0,0,0.0,0.0,0,0.0,0,0,0.7507798960138649,0.07692307692307693,0.18174386920980926,2,2.172,0.9990800367985281,1087,2.174,16,1,3,5.456,0.6816591704147926,4002,8.004,23,1,0.07692307692307693,0.9990800367985281,0.07076640011322624,0.016700870426721394,0.24208698883397786,,0.18174386920980926,0.6816591704147926,0.0681198910081744,0.046389645776566756,0.2717412218685627,,0.9712135164351203,0.9230769230769231,0.8182561307901908,1.0,26.088,1.0,13044.0,26.088,22.0,1.0,1.0,36.036,1.0,18018.0,36.036,23.0,1.0
IMG-16B3264BD9,roi_dilate1,4.0,3,1.4351036;2.2143322;3.4260761,0.7792285803184724,0.7356379425517702,4405,0.3069663239406359,0,0,0.41025641025641024,0.06829454406714994,0.14166914166914166,2,0.7119999999999997,0.994413407821229,358,0.7159999999999997,12,1,1,1.9079999999999993,1.0,954,1.9079999999999993,15,1,0.0,0.015452117512399848,0.0,3,0.12399999999999996,0.7654320987654321,81,0.16199999999999995,20,0,0,0.0,0.0,0,0.0,0,0,0.015452117512399848,0.7654320987654321,0.28615032430370096,0.047596337275848916,0.18385717909331242,2.013152241706848,0.0,0.0,0.0,0.042248292248292255,,,0.9339551298210235,0.9162533384204502,0.8583308583308583,1.0,9.605999999999996,1.0,4803.0,9.605999999999996,22.0,1.0,1.0,11.559999999999997,1.0,5780.0,11.559999999999997,26.0,1.0
IMG-34B5A93F0D,roi_dilate1,4.0,3,1.4351036;2.2143322;3.4260761,0.7792285803184724,0.676899428080566,29944,-0.03507934071224455,0,0,0.07042383010021146,0.3308009296330293,0.010356577499932924,1,33.87599999999999,1.0,16938,33.87599999999999,24,1,1,0.7719999999999999,1.0,386,0.7719999999999999,12,1,0.0,0.0,0.135386761825548,0,0.0,0.0,0,0.0,0,0,4,8.867999999999999,0.8787158145065398,5046,10.091999999999999,25,1,0.0,0.0,0.0,0.03409956447864383,,,0.135386761825548,0.8787158145065398,0.05366102331571464,0.026535376029620885,0.32039917346752955,1.1399364471435547,0.7111527729333799,0.6691990703669707,0.8542566606745191,1.0,68.52999999999999,1.0,34265.0,68.52999999999999,24.0,1.0,2.0,63.49999999999999,0.997204686076824,31839.0,63.67799999999999,33.0,1.0
IMG-893073F906,roi_dilate1,4.0,3,1.4351036;2.2143322;3.4260761,0.7792285803184724,0.735609997525365,14863,0.0,0,0,,0.0,0.0,0,0.0,0.0,0,0.0,0,0,0,0.0,0.0,0,0.0,0,0,0.8145637262721327,0.6877952997484199,1.0,2,22.396,0.9990186457311089,11209,22.418,24,1,1,48.226,1.0,24113,48.226,38,1,0.6877952997484199,0.9990186457311089,0.061360986684665886,0.0447014787997791,0.3954669174365921,,1.0,1.0,0.02073570273296562,0.0,0.32603126730198,,0.0,0.31220470025158004,0.0,1.0,10.176,1.0,5088.0,10.176,20.0,1.0,0.0,0.0,0.0,0.0,0.0,0.0,0.0
IMG-EE9195B25E,roi_dilate1,4.0,3,1.4351036;2.2143322;3.4260761,0.7792285803184724,0.8360574730120116,21995,0.6616416816238898,0,0,,0.0,0.0,0,0.0,0.0,0,0.0,0,0,0,0.0,0.0,0,0.0,0,0,0.86647857752116,0.39227413769843056,0.2780868363013924,4,17.219999999999995,0.9870457411441018,8723,17.445999999999998,28,1,6,14.589999999999996,0.8635179924242424,8448,16.895999999999997,26,1,0.39227413769843056,0.9870457411441018,0.08994018977380044,0.0846786886720331,0.3523628913328434,,0.2780868363013924,0.8635179924242424,0.09875242766384676,0.061917772145231906,0.3500877660778676,,0.9292149292149292,0.6077258623015694,0.7219131636986076,1.0,27.02799999999999,1.0,13514.0,27.02799999999999,33.0,1.0,1.0,43.861999999999995,1.0,21931.0,43.861999999999995,35.0,1.0
IMG-8F0C09D99C,roi_dilate1,4.0,3,1.4351036;2.2143322;3.4260761,0.7792285803184724,0.8319586359719315,6758,0.28029220348414363,0,0,,0.0,0.0,0,0.0,0.0,0,0.0,0,0,0,0.0,0.0,0,0.0,0,0,0.7331763122476447,0.5727388175532665,0.290097172180369,1,8.117999999999999,1.0,4059,8.117999999999999,25,1,1,5.313999999999999,1.0,2657,5.313999999999999,26,1,0.5727388175532665,1.0,0.0705517144066601,0.07358543812614647,0.3555480291322474,,0.290097172180369,1.0,0.05459111256687412,0.07822906430833061,0.3496814039838446,,0.7905441098784998,0.42726118244673345,0.709902827819631,1.0,6.055999999999999,1.0,3028.0,6.055999999999999,25.0,1.0,1.0,13.003999999999996,1.0,6502.0,13.003999999999996,28.0,1.0
IMG-EDA063D47C,roi_dilate1,4.0,3,1.4351036;2.2143322;3.4260761,0.7792285803184724,0.6687666952270551,13269,0.0,0,0,,0.0,0.0,0,0.0,0.0,0,0.0,0,0,0,0.0,0.0,0,0.0,0,0,0.0,0.0,0.5055070696291779,0,0.0,0.0,0,0.0,0,0,8,26.232,0.9888419782870929,13264,26.528,37,1,0.0,0.0,0.0,0.0,,,0.5055070696291779,0.9888419782870929,0.15244483402568695,0.06116848965280689,0.37318264611538454,,0.8309251101321586,1.0,0.49449293037082204,1.0,26.886,1.0,13443.0,26.886,23.0,1.0,2.0,25.948,0.9999229287090559,12975.0,25.95,29.0,1.0
IMG-7350051976,roi_dilate1,4.0,3,1.4351036;2.2143322;3.4260761,0.7792285803184724,0.8182982096043245,20133,0.2995565048070623,0,0,0.6816479400749064,0.01667903984162336,0.02158471829528998,5,0.37799999999999995,0.5608308605341247,337,0.6739999999999999,14,1,2,1.2459999999999998,0.9952076677316294,626,1.2519999999999998,19,1,0.0,0.0,0.03923867319495207,0,0.0,0.0,0,0.0,0,0,4,1.9019999999999997,0.835676625659051,1138,2.2759999999999994,22,1,0.0,0.0,0.0,0.011111111111111112,,,0.03923867319495207,0.835676625659051,0.06896076132680506,0.02058478725605131,0.23683696444064417,1.6525866985321045,0.9800081807955824,0.9833209601583767,0.9391766085097579,1.0,39.73599999999999,1.0,19868.0,39.73599999999999,21.0,1.0,1.0,54.47599999999999,1.0,27238.0,54.47599999999999,26.0,1.0
IMG-4950E13031,roi_dilate1,4.0,3,1.4351036;2.2143322;3.4260761,0.7792285803184724,0.7675896617899958,15399,0.2616976771053961,0,0,0.3157894736842105,0.012035353851940074,0.043566404633843606,1,0.38399999999999995,1.0,192,0.38399999999999995,12,0,1,2.1059999999999994,1.0,1053,2.1059999999999994,18,1,0.0,0.0,0.012660322714108399,0,0.0,0.0,0,0.0,0,0,8,0.2879999999999999,0.47058823529411764,306,0.6119999999999999,17,1,0.0,0.0,0.0,0.0030088384629850186,,,0.012660322714108399,0.47058823529411764,0.16549441456350852,0.019693835333057512,0.12787236698653393,1.7046507596969604,0.9936130490321313,0.9879646461480599,0.943773272652048,1.0,31.521999999999995,1.0,15761.0,31.521999999999995,19.0,1.0,2.0,45.44199999999999,0.9960545350927185,22811.0,45.62199999999999,21.0,1.0
IMG-9E2C4ABE0B,roi_erode1,6.0,2,1.8815602;3.1698066,1.288246407925611,0.4928124067998807,4131,1.0,0,0,1.0,1.0,1.0,2,8.477999999999998,0.9964739069111425,4254,8.507999999999997,11,1,2,25.017999999999994,0.999840140676205,12511,25.02199999999999,19,1,,0.0,0.0,0,0.0,0.0,0,0.0,0,0,0,0.0,0.0,0,0.0,0,0,0.0,0.0,0.0,0.0,,,0.0,0.0,0.0,0.0,,,,,,,,,,,,,,,,,,,
IMG-D0FB6C7AE7,roi_erode1,6.0,2,1.8815602;3.1698066,1.288246407925611,0.5386072951207959,2274,1.0,0,0,1.0,0.9948475740661228,0.9918233851185609,1,4.634,1.0,2317,4.634,12,1,2,12.128,0.9998351195383347,6065,12.13,17,1,1.0,0.005152425933877201,0.008176614881439084,1,0.024,1.0,12,0.024,5,0,1,0.1,1.0,50,0.1,9,0,0.005152425933877201,1.0,0.21468441391155,0.006440532417346501,0.24253562503633297,1.2755961418151855,0.008176614881439084,1.0,0.08176614881439084,0.0076042518397383485,0.16033871944423325,1.680762529373169,,,,,,,,,,,,,,,,,
IMG-1815129EC4,roi_erode1,6.0,2,1.8815602;3.1698066,1.288246407925611,0.8228760640863523,31561,0.0018382617532627001,0,0,0.8511544904945735,0.9995683307094612,0.723256623891553,2,78.728,0.9999745967229773,39365,78.73,20,1,2,53.898,0.9982220246694077,26997,53.994,23,1,0.0038995856690226664,0.00043166929053882485,0.27674337610844696,2,0.026,0.7647058823529411,17,0.034,4,0,2,18.782,0.9090997095837366,10330,20.66,26,1,0.00043166929053882485,0.7647058823529411,0.02539231120816617,0.000304707734497994,0.07835585712916521,0.45866918563842773,0.27674337610844696,0.9090997095837366,0.026790259061805127,0.05946097998767648,0.38948415870976155,0.22683262825012207,,,,,,,,,,,,,,,,,
IMG-AD73EFA971,roi_erode1,6.0,2,1.8815602;3.1698066,1.288246407925611,0.7284345047923323,5130,0.06887073090551854,0,0,0.9018929150892374,0.8238906801781053,0.9705493924986793,5,10.573999999999998,0.9852776742452478,5366,10.731999999999998,15,1,2,14.689999999999996,0.9994557082596272,7349,14.697999999999997,17,1,0.10640394088669951,0.17610931982189468,0.029450607501320655,5,1.2519999999999998,0.5457715780296426,1147,2.2939999999999996,13,1,1,0.4459999999999999,1.0,223,0.4459999999999999,16,0,0.17610931982189468,0.5457715780296426,0.3838476892369109,0.055043758636573015,0.3451451677298119,0.3326141834259033,0.029450607501320655,1.0,0.0660327522451136,0.008518225039619652,0.2927458610708534,0.5453236103057861,,,,,,,,,,,,,,,,,
IMG-D31CF4ABF7,roi_erode1,6.0,2,1.8815602;3.1698066,1.288246407925611,0.6146341463414634,2268,1.0,0,0,,0.023974904772574503,0.0,1,0.21399999999999997,1.0,107,0.21399999999999997,6,0,0,0.0,0.0,0,0.0,0,0,1.0,0.9760250952274255,1.0,1,8.711999999999998,1.0,4356,8.711999999999998,21,1,2,5.829999999999999,0.9993143640726774,2917,5.833999999999999,18,1,0.9760250952274255,1.0,0.11203226529240423,0.010194936141608785,0.3409713063697078,2.100155472755432,1.0,0.9993143640726774,0.3428179636612959,0.0,0.37442444702602634,,,,,,,,,,,,,,,,,,
IMG-182FA24923,roi_erode1,6.0,2,1.8815602;3.1698066,1.288246407925611,0.649614576033637,2781,1.0,0,0,1.0,1.0,1.0,1,5.643999999999999,1.0,2822,5.643999999999999,4,1,1,11.479999999999999,1.0,5740,11.479999999999999,8,1,,0.0,0.0,0,0.0,0.0,0,0.0,0,0,0,0.0,0.0,0,0.0,0,0,0.0,0.0,0.0,0.0,,,0.0,0.0,0.0,0.0,,,,,,,,,,,,,,,,,,,
IMG-B1DBEB52F4,roi_erode1,6.0,2,1.8815602;3.1698066,1.288246407925611,0.47349148224804966,11896,0.0,0,0,0.0,0.012264308359753045,0.0,4,0.19799999999999995,0.673469387755102,147,0.29399999999999993,10,0,0,0.0,0.0,0,0.0,0,0,0.993783040812011,0.987735691640247,1.0,2,23.655999999999995,0.9990708674719149,11839,23.677999999999997,25,1,3,76.51599999999999,0.9998954576342063,38262,76.52399999999999,37,1,0.987735691640247,0.9990708674719149,0.08343066911396631,0.003212080760887702,0.327249231298425,1.7445242404937744,1.0,0.9998954576342063,0.039203387172651726,0.0,0.2855360125227381,,,,,,,,,,,,,,,,,,
IMG-825C59B3C8,roi_erode1,6.0,2,1.8815602;3.1698066,1.288246407925611,0.8525089885884009,10907,0.2485803923005331,0,0,0.5217552993677947,0.12241962774957699,0.3943201626961069,9,1.2639999999999998,0.4367657221838286,1447,2.8939999999999997,15,1,4,10.639999999999999,0.9799226376864985,5429,10.857999999999999,16,1,0.8435142370406425,0.877580372250423,0.6056798373038931,1,20.745999999999995,1.0,10373,20.745999999999995,21,1,8,16.617999999999995,0.9964024463364912,8339,16.677999999999997,20,1,0.877580372250423,1.0,0.042301184433164135,0.042935702199661585,0.3658159736237963,0.8307664394378662,0.6056798373038931,0.9964024463364912,0.29052876234747244,0.04590354445090064,0.33509898877707905,0.7382724285125732,,,,,,,,,,,,,,,,,
IMG-DA4569F340,roi_erode1,6.0,2,1.8815602;3.1698066,1.288246407925611,0.6401736516947738,3834,1.0,0,0,1.0,1.0,1.0,1,8.225999999999997,1.0,4113,8.225999999999997,9,1,3,15.721999999999998,0.9994914176732359,7865,15.729999999999999,9,1,,0.0,0.0,0,0.0,0.0,0,0.0,0,0,0,0.0,0.0,0,0.0,0,0,0.0,0.0,0.0,0.0,,,0.0,0.0,0.0,0.0,,,,,,,,,,,,,,,,,,,
IMG-8BF8DD5DE4,roi_erode1,6.0,2,1.8815602;3.1698066,1.288246407925611,0.6334719568393841,5636,0.9688663940318455,0,0,0.9949373191899711,0.7509898190045249,0.7482745756388733,2,10.62,0.9998117115420825,5311,10.622,16,1,2,16.044,0.9998753583447588,8023,16.046,15,1,0.9858870967741935,0.24901018099547512,0.25172542436112666,2,3.52,0.9994321408290744,1761,3.522,11,1,6,5.222,0.9673953316042979,2699,5.398,14,1,0.24901018099547512,0.9994321408290744,0.1414027149321267,0.04920814479638009,0.337935393021703,0.5967509746551514,0.25172542436112666,0.9673953316042979,0.27979854504756574,0.07447304607349375,0.37336052140414494,0.5550806522369385,,,,,,,,,,,,,,,,,
IMG-16B3264BD9,roi_erode1,6.0,2,1.8815602;3.1698066,1.288246407925611,0.4472295514511873,678,0.5137070315834753,0,0,0.7912087912087912,0.5304259634888439,0.4198435972629521,2,1.0439999999999996,0.9980879541108987,523,1.0459999999999996,12,1,3,1.7019999999999995,0.9906868451688009,859,1.7179999999999993,17,1,0.8945615982241953,0.4695740365111562,0.5801564027370479,4,0.8779999999999997,0.9481641468682506,463,0.9259999999999997,11,1,2,2.371999999999999,0.9991575400168492,1187,2.373999999999999,19,1,0.4695740365111562,0.9481641468682506,2.0283975659229214,0.07505070993914807,0.46726486365750985,0.5950467586517334,0.5801564027370479,0.9991575400168492,0.4887585532746825,0.1251221896383187,0.4273462565945229,0.5182633399963379,,,,,,,,,,,,,,,,,
IMG-34B5A93F0D,roi_erode1,6.0,2,1.8815602;3.1698066,1.288246407925611,0.5397348006494678,11967,0.0,0,0,0.9568514644351465,0.939007899793609,0.8718138160325083,3,52.767999999999994,0.9998484159466424,26388,52.775999999999996,19,1,3,28.313999999999997,0.9997881355932203,14160,28.319999999999997,19,1,0.0,0.060992100206391,0.12818618396749168,1,3.4279999999999995,1.0,1714,3.4279999999999995,16,1,4,3.6719999999999997,0.8818443804034583,2082,4.163999999999999,18,1,0.060992100206391,1.0,0.017792327948188743,0.01926909116788841,0.449435484846111,1.5249929428100586,0.12818618396749168,0.8818443804034583,0.12313754463735996,0.02127201083610393,0.3758991653101284,0.6562068462371826,,,,,,,,,,,,,,,,,
IMG-893073F906,roi_erode1,6.0,2,1.8815602;3.1698066,1.288246407925611,0.5763648116589293,4904,0.0,0,0,0.0,0.015128593040847202,0.0093964582580412,4,0.088,0.4888888888888889,90,0.18,8,0,3,0.122,0.5865384615384616,104,0.208,11,0,0.9965213832617148,0.9848714069591528,0.9906035417419587,1,11.718,1.0,5859,11.718,16,1,3,21.916,0.9994527544691718,10964,21.928,35,1,0.9848714069591528,1.0,0.08404773911581778,0.012355017650025214,0.3184941211247071,1.2339308261871338,0.9906035417419587,0.9994527544691718,0.1355258402602096,0.006595590892663534,0.3496147620171014,1.63232421875,,,,,,,,,,,,,,,,,
IMG-EE9195B25E,roi_erode1,6.0,2,1.8815602;3.1698066,1.288246407925611,0.6987073532528078,8243,0.46449224464881156,0,0,0.8554747741793347,0.47570874014821785,0.6263415926858354,10,7.953999999999998,0.9834322453016815,4044,8.087999999999997,11,1,4,18.875999999999998,0.9983075946689232,9454,18.907999999999998,18,1,0.8228941684665226,0.5242912598517822,0.37365840731416455,6,8.745999999999999,0.9811532420910927,4457,8.913999999999998,11,1,4,11.103999999999997,0.9843971631205674,5640,11.279999999999998,21,1,0.5242912598517822,0.9811532420910927,0.3528996588636632,0.05017056816845077,0.37283469623042237,0.4208548069000244,0.37365840731416455,0.9843971631205674,0.13250298131707966,0.06071949118855175,0.358122270734878,0.3914361000061035,,,,,,,,,,,,,,,,,
IMG-8F0C09D99C,roi_erode1,6.0,2,1.8815602;3.1698066,1.288246407925611,0.7574915947960824,2591,0.7809951048030577,0,0,0.7927927927927928,0.021223021582733814,0.050480177296232456,8,0.03799999999999999,0.3220338983050847,59,0.11799999999999997,9,0,7,0.16599999999999998,0.40487804878048783,205,0.40999999999999986,10,0,0.9954644054427134,0.9787769784172662,0.9495198227037676,1,5.441999999999999,1.0,2721,5.441999999999999,18,1,1,7.711999999999998,1.0,3856,7.711999999999998,20,1,0.9787769784172662,1.0,0.17985611510791372,0.02356115107913669,0.42097421062333695,0.6488535404205322,0.9495198227037676,1.0,0.12312238364934748,0.05208076828367397,0.38273821552298914,0.4484264850616455,,,,,,,,,,,,,,,,,
IMG-EDA063D47C,roi_erode1,6.0,2,1.8815602;3.1698066,1.288246407925611,0.6069277940445279,5493,0.24996424497634384,0,0,0.9104880581516096,0.9557490669984006,0.5262946929613597,1,10.756,1.0,5378,10.756,16,1,1,13.13,1.0,6565,13.13,19,1,0.36430678466076694,0.04425093300159943,0.4737053070386404,2,0.49,0.9839357429718876,249,0.498,17,0,6,11.554,0.9776611947876122,5909,11.818,22,1,0.04425093300159943,0.9839357429718876,0.1777145903678692,0.024435756175582014,0.4041658068898153,1.3464131355285645,0.4737053070386404,0.9776611947876122,0.2405002405002405,0.06734006734006734,0.39562134251276776,0.4460175037384033,,,,,,,,,,,,,,,,,
IMG-7350051976,roi_erode1,6.0,2,1.8815602;3.1698066,1.288246407925611,0.725830361793341,9058,0.2987059929980361,0,0,0.8900481540930979,0.9165939816833842,0.7496041046430607,1,16.813999999999997,1.0,8407,16.813999999999997,14,1,4,23.625999999999998,0.9982254520872064,11834,23.667999999999996,20,1,0.4804045512010114,0.08340601831661579,0.25039589535693924,2,1.5219999999999998,0.9947712418300654,765,1.5299999999999998,13,1,2,7.745999999999999,0.9797622059195548,3953,7.905999999999999,18,1,0.08340601831661579,0.9947712418300654,0.10902747492368078,0.027147841255996515,0.363651309204718,0.6824324131011963,0.25039589535693924,0.9797622059195548,0.06334325711028062,0.07952745930195732,0.3592459015984919,0.5010361671447754,,,,,,,,,,,,,,,,,
IMG-4950E13031,roi_erode1,6.0,2,1.8815602;3.1698066,1.288246407925611,0.6984738955823293,6522,0.0,0,0,0.9994630666564394,0.9990654205607477,1.0,2,14.963999999999999,0.9998663637578511,7483,14.965999999999998,14,1,3,22.363999999999997,0.999731783638802,11185,22.369999999999997,16,1,0.0,0.0009345794392523365,0.0,1,0.013999999999999999,1.0,7,0.013999999999999999,3,0,0,0.0,0.0,0,0.0,0,0,0.0009345794392523365,1.0,0.06675567423230976,0.0006675567423230974,0.17465641624891665,0.6264528036117554,0.0,0.0,0.0,0.0,,,,,,,,,,,,,,,,,,,
IMG-9E2C4ABE0B,roi_erode1,6.0,3,1.499904;2.3261729;3.4900949,0.8262688751652665,0.4928124067998807,4131,1.0,0,0,1.0,0.014104372355430184,0.0709775397650068,1,0.11999999999999997,1.0,60,0.11999999999999997,6,0,6,0.7239999999999999,0.40765765765765766,888,1.7759999999999996,11,1,,0.0,0.0,0,0.0,0.0,0,0.0,0,0,0,0.0,0.0,0,0.0,0,0,0.0,0.0,0.0,0.006346967559943583,,,0.0,0.0,0.0,0.03520901606586204,,,1.0,0.9858956276445698,0.9290224602349932,2.0,8.357999999999999,0.9964234620886981,4194.0,8.387999999999998,11.0,1.0,2.0,23.241999999999997,0.9998279273853566,11623.0,23.245999999999995,19.0,1.0
IMG-D0FB6C7AE7,roi_erode1,6.0,3,1.499904;2.3261729;3.4900949,0.8262688751652665,0.5386072951207959,2274,0.03285292135070488,0,0,0.40872317973971156,0.9948475740661228,0.41210139002452983,1,4.634,1.0,2317,4.634,12,1,3,4.784,0.9492063492063492,2520,5.04,13,1,0.5,0.0017174753112924003,0.008176614881439084,1,0.008,1.0,4,0.008,2,0,1,0.1,1.0,50,0.1,9,0,0.0017174753112924003,1.0,0.21468441391155,0.0072992700729927005,0.24253562503633297,1.4055933952331543,0.008176614881439084,1.0,0.08176614881439084,0.07923139820114472,0.16033871944423325,1.8489725589752197,0.0,0.0034349506225848005,0.5797219950940311,1.0,0.016,1.0,8.0,0.016,5.0,0.0,2.0,7.088,0.9997179125528914,3545.0,7.09,17.0,1.0
IMG-1815129EC4,roi_erode1,6.0,3,1.499904;2.3261729;3.4900949,0.8262688751652665,0.8228760640863523,31561,-0.012958729505018843,0,0,0.0082930200414651,0.10268650652582398,0.0005358051812361026,6,7.556,0.9342235410484668,4044,8.088,11,1,1,0.04,1.0,20,0.04,6,0,0.0,0.0,0.03790821657245425,0,0.0,0.0,0,0.0,0,0,1,2.83,1.0,1415,2.83,23,1,0.0,0.0,0.0,0.035346097201767304,,,0.03790821657245425,1.0,0.013395129530902564,0.011573391914699815,0.3046954322392395,1.0637667179107666,0.9700362307014394,0.897313493474176,0.9615559782463097,2.0,70.674,0.999971701850699,35338.0,70.676,20.0,1.0,1.0,71.784,1.0,35892.0,71.784,23.0,1.0
IMG-AD73EFA971,roi_erode1,6.0,3,1.499904;2.3261729;3.4900949,0.8262688751652665,0.7284345047923323,5130,0.0007395676277968151,0,0,0.002296211251435132,0.08198986642100414,0.39804543053354463,5,0.9599999999999997,0.898876404494382,534,1.0679999999999998,8,1,5,5.231999999999999,0.8679495686794957,3014,6.027999999999999,12,1,,0.0,0.0,0,0.0,0.0,0,0.0,0,0,0,0.0,0.0,0,0.0,0,0,0.0,0.0,0.0,0.010824504836480885,,,0.0,0.0,0.0,0.08188061278394083,,,0.7959614933082884,0.9180101335789959,0.6019545694664553,3.0,11.881999999999998,0.9936444221441713,5979.0,11.957999999999998,15.0,1.0,3.0,9.089999999999998,0.9971478718736287,4558.0,9.115999999999998,20.0,1.0
IMG-D31CF4ABF7,roi_erode1,6.0,3,1.499904;2.3261729;3.4900949,0.8262688751652665,0.6146341463414634,2268,0.0,0,0,,0.0,0.0,0,0.0,0.0,0,0.0,0,0,0,0.0,0.0,0,0.0,0,0,0.9811320754716981,0.8821420569123908,1.0,1,7.873999999999999,1.0,3937,7.873999999999999,21,1,2,5.829999999999999,0.9993143640726774,2917,5.833999999999999,18,1,0.8821420569123908,1.0,0.11203226529240423,0.038875196056464265,0.3443650801565824,,1.0,0.9993143640726774,0.3428179636612959,0.0,0.37442444702602634,,0.0,0.11785794308760923,0.0,3.0,0.9759999999999999,0.9277566539923955,526.0,1.0519999999999998,18.0,1.0,0.0,0.0,0.0,0.0,0.0,0.0,0.0
IMG-182FA24923,roi_erode1,6.0,3,1.499904;2.3261729;3.4900949,0.8262688751652665,0.649614576033637,2781,1.0,0,0,1.0,1.0,1.0,1,5.643999999999999,1.0,2822,5.643999999999999,4,1,1,11.479999999999999,1.0,5740,11.479999999999999,8,1,,0.0,0.0,0,0.0,0.0,0,0.0,0,0,0,0.0,0.0,0,0.0,0,0,0.0,0.0,0.0,0.0,,,0.0,0.0,0.0,0.0,,,,0.0,0.0,0.0,0.0,0.0,0.0,0.0,0.0,0.0,0.0,0.0,0.0,0.0,0.0,0.0,0.0
IMG-B1DBEB52F4,roi_erode1,6.0,3,1.499904;2.3261729;3.4900949,0.8262688751652665,0.47349148224804966,11896,0.06596695419387594,0,0,,0.0,0.0,0,0.0,0.0,0,0.0,0,0,0,0.0,0.0,0,0.0,0,0,0.9622435140219626,0.9249958284665443,0.990617322670012,3,22.165999999999997,0.9996392171011094,11087,22.173999999999996,25,1,3,75.79799999999999,0.9998944674564019,37903,75.80599999999998,37,1,0.9249958284665443,0.9996392171011094,0.12514600367094944,0.016811279826464208,0.33329413382347184,,0.990617322670012,0.9998944674564019,0.039203387172651726,0.0035152370498144373,0.28706879455167733,,0.07700534759358289,0.0750041715334557,0.009382677329987977,8.0,1.6119999999999997,0.896551724137931,899.0,1.7979999999999996,18.0,1.0,4.0,0.6979999999999998,0.9721448467966574,359.0,0.7179999999999999,18.0,1.0
IMG-825C59B3C8,roi_erode1,6.0,3,1.499904;2.3261729;3.4900949,0.8262688751652665,0.8525089885884009,10907,0.8290215849789109,0,0,0.9842931937172775,0.016243654822335026,0.020772806507844275,3,0.36599999999999994,0.953125,192,0.3839999999999999,8,0,3,0.5139999999999999,0.8986013986013986,286,0.5719999999999998,10,1,0.9459518599562363,0.4688663282571912,0.38015688553166765,1,11.083999999999998,1.0,5542,11.083999999999998,20,1,1,10.467999999999998,1.0,5234,10.467999999999998,19,1,0.4688663282571912,1.0,0.042301184433164135,0.0565989847715736,0.3478721967995034,1.6323702335357666,0.38015688553166765,1.0,0.036316095293434054,0.06653108657757117,0.30416439499627396,1.4613306522369385,0.9593231369996745,0.5148900169204738,0.5990703079604881,3.0,12.161999999999999,0.9991784423266513,6086.0,12.171999999999999,17.0,1.0,5.0,16.163999999999998,0.9798739088263821,8248.0,16.495999999999995,18.0,1.0
IMG-DA4569F340,roi_erode1,6.0,3,1.499904;2.3261729;3.4900949,0.8262688751652665,0.6401736516947738,3834,0.013927984637350437,0,0,0.9611729568286723,0.9569657184536834,0.9786395422759059,1,7.871999999999999,1.0,3936,7.871999999999999,9,1,3,15.385999999999997,0.999480317006626,7697,15.393999999999998,9,1,,0.0,0.0,0,0.0,0.0,0,0.0,0,0,0,0.0,0.0,0,0.0,0,0,0.0,0.0,0.0,0.018842693897398493,,,0.0,0.0,0.0,0.01977113795295614,,,0.052980132450331126,0.043034281546316555,0.021360457724094086,1.0,0.3539999999999999,1.0,177.0,0.3539999999999999,6.0,0.0,2.0,0.30999999999999994,0.9226190476190477,168.0,0.33599999999999997,6.0,0.0
IMG-8BF8DD5DE4,roi_erode1,6.0,3,1.499904;2.3261729;3.4900949,0.8262688751652665,0.6334719568393841,5636,0.8557782441854219,0,0,0.8752642706131079,0.11566742081447964,0.10790897220667786,4,1.468,0.8973105134474327,818,1.636,10,1,6,1.658,0.7165082108902333,1157,2.314,10,1,0.9820143884892086,0.04114819004524887,0.05838462973325872,2,0.55,0.9450171821305842,291,0.582,8,1,1,1.252,1.0,626,1.252,13,1,0.04114819004524887,0.9450171821305842,0.1414027149321267,0.07607466063348416,0.2512553558352371,1.3187897205352783,0.05838462973325872,1.0,0.04663309084126096,0.06761798171982839,0.3911376137047476,1.1935476064682007,0.9798859847262558,0.8431843891402715,0.8337063980600634,2.0,11.924,0.999832299178266,5963.0,11.926,16.0,1.0,2.0,17.876,0.9998881306633851,8939.0,17.878,15.0,1.0
IMG-16B3264BD9,roi_erode1,6.0,3,1.499904;2.3261729;3.4900949,0.8262688751652665,0.4472295514511873,678,0.010908845454662804,0,0,0.0,0.2647058823529412,0.0009775171065493646,1,0.5219999999999998,1.0,261,0.5219999999999998,10,1,1,0.003999999999999998,1.0,2,0.003999999999999998,2,0,0.6666666666666666,0.0010141987829614604,0.01466275659824047,1,0.001999999999999999,1.0,1,0.001999999999999999,1,0,5,0.02799999999999999,0.4666666666666667,30,0.05999999999999998,9,0,0.0010141987829614604,1.0,0.5070993914807304,0.030933062880324547,0.35355339059327373,1.2005884647369385,0.01466275659824047,0.4666666666666667,1.2218963831867062,0.020527859237536656,0.2849198628993792,1.2660515308380127,0.8955954323001631,0.7342799188640974,0.9843597262952102,3.0,1.4439999999999995,0.9972375690607734,724.0,1.4479999999999995,13.0,1.0,1.0,4.027999999999999,1.0,2014.0,4.027999999999999,19.0,1.0
IMG-34B5A93F0D,roi_erode1,6.0,3,1.499904;2.3261729;3.4900949,0.8262688751652665,0.5397348006494678,11967,0.040058199679174115,0,0,0.7079454687406161,0.7734324959077645,0.4029060460534417,3,43.44799999999999,0.99949390384173,21735,43.46999999999999,18,1,1,13.087999999999997,1.0,6544,13.087999999999997,12,1,0.0,0.060992100206391,0.01650043098140623,1,3.4279999999999995,1.0,1714,3.4279999999999995,16,1,1,0.5359999999999999,1.0,268,0.5359999999999999,16,1,0.060992100206391,1.0,0.017792327948188743,0.05184684364102199,0.449435484846111,1.5728392601013184,0.01650043098140623,1.0,0.03078438615933999,0.057566802117965776,0.3015660196713606,1.3072013854980469,0.32653623587765224,0.16557540388584444,0.5805935229651521,13.0,5.101999999999999,0.5482484418654632,4653.0,9.305999999999997,19.0,1.0,2.0,12.565999999999999,0.6662778366914104,9430.0,18.859999999999996,21.0,1.0
IMG-893073F906,roi_erode1,6.0,3,1.499904;2.3261729;3.4900949,0.8262688751652665,0.5763648116589293,4904,0.5609381389564183,0,0,0.0,0.006387628172802151,0.0,1,0.076,1.0,38,0.076,6,0,0,0.0,0.0,0,0.0,0,0,0.9830004249893752,0.9413346780971592,0.9288941091434767,1,11.2,1.0,5600,11.2,16,1,3,20.55,0.9994163991829589,10281,20.562,32,1,0.9413346780971592,1.0,0.08404773911581778,0.02395360564800807,0.3217454632993549,1.5828497409820557,0.9288941091434767,0.9994163991829589,0.1355258402602096,0.03559812070834839,0.354872282063319,,0.612987012987013,0.05227769373003866,0.07110589085652332,3.0,0.528,0.8488745980707395,311.0,0.622,15.0,1.0,8.0,0.708,0.4498094027954257,787.0,1.574,22.0,1.0
IMG-EE9195B25E,roi_erode1,6.0,3,1.499904;2.3261729;3.4900949,0.8262688751652665,0.6987073532528078,8243,-0.018212471962178116,0,0,0.0,0.0,0.003246323042268451,0,0.0,0.0,0,0.0,0,0,4,0.06799999999999999,0.6938775510204082,49,0.09799999999999998,6,0,0.0,0.04493588989530643,0.02868689545514774,1,0.7639999999999999,1.0,382,0.7639999999999999,10,1,1,0.8659999999999998,1.0,433,0.8659999999999998,20,1,0.04493588989530643,1.0,0.058816609810610536,0.014939418891895073,0.3279665303479121,,0.02868689545514774,1.0,0.033125745329269915,0.01126275341195177,0.31160236595243684,0.9710290431976318,0.9707828692720689,0.9550641101046936,0.9680667815025839,6.0,16.211999999999996,0.9983988175883729,8119.0,16.237999999999996,12.0,1.0,2.0,29.21999999999999,0.9998631261976457,14612.0,29.223999999999993,18.0,1.0
IMG-8F0C09D99C,roi_erode1,6.0,3,1.499904;2.3261729;3.4900949,0.8262688751652665,0.7574915947960824,2591,0.22972947400753335,0,0,,0.0,0.0002462447672986949,0,0.0,0.0,0,0.0,0,0,1,0.0019999999999999996,1.0,1,0.0019999999999999996,1,0,0.5752551020408163,0.46510791366906473,0.1925634080275794,1,2.5859999999999994,1.0,1293,2.5859999999999994,18,1,5,0.7919999999999998,0.5063938618925832,782,1.5639999999999996,19,1,0.46510791366906473,1.0,0.17985611510791372,0.1568345323741007,0.3836257182208396,,0.1925634080275794,0.5063938618925832,0.6156119182467374,0.10256094557990642,0.3310536584593203,1.535471796989441,0.8157166574432761,0.5348920863309352,0.8071903472051218,2.0,2.9619999999999997,0.995965030262273,1487.0,2.9739999999999998,18.0,1.0,1.0,6.555999999999998,1.0,3278.0,6.555999999999998,17.0,1.0
IMG-EDA063D47C,roi_erode1,6.0,3,1.499904;2.3261729;3.4900949,0.8262688751652665,0.6069277940445279,5493,0.2741169021094813,0,0,0.008592910848549946,0.6728274391327528,0.006894340227673561,2,7.56,0.9984152139461173,3786,7.572,16,1,1,0.172,1.0,86,0.172,8,0,0.6113207547169811,0.043540074640127956,0.10774410774410774,1,0.49,1.0,245,0.49,17,0,5,2.508,0.9330357142857143,1344,2.688,22,1,0.043540074640127956,1.0,0.0888572951839346,0.08494757419584148,0.40680466700170886,1.423195719718933,0.10774410774410774,0.9330357142857143,0.20041686708353373,0.05026455026455026,0.38987980270875117,1.23261296749115,0.3902891603525592,0.28363248622711923,0.8853615520282186,4.0,1.142,0.35776942355889724,1596.0,3.192,14.0,1.0,1.0,22.088,1.0,11044.0,22.088,21.0,1.0
IMG-7350051976,roi_erode1,6.0,3,1.499904;2.3261729;3.4900949,0.8262688751652665,0.725830361793341,9058,-0.051781835691154514,0,0,0.06791338582677166,0.2143480156999564,0.02153670741749541,7,3.5799999999999996,0.9104781281790437,1966,3.9319999999999995,10,1,8,0.26799999999999996,0.3941176470588235,340,0.6799999999999999,11,1,0.0,0.0,0.07100779122062456,0,0.0,0.0,0,0.0,0,0,1,2.2419999999999995,1.0,1121,2.2419999999999995,17,1,0.0,0.0,0.0,0.04682730047972089,,,0.07100779122062456,1.0,0.03167162855514031,0.037720909609172106,0.3464792266881129,1.2817654609680176,0.8271137787056367,0.7856519843000436,0.90745550136188,1.0,14.411999999999999,1.0,7206.0,14.411999999999999,15.0,1.0,2.0,28.649999999999995,0.9999301968448974,14326.0,28.651999999999997,21.0,1.0
IMG-4950E13031,roi_erode1,6.0,3,1.499904;2.3261729;3.4900949,0.8262688751652665,0.6984738955823293,6522,0.7809658752832608,0,0,0.9613423959218351,0.6550066755674232,0.6797496647295485,3,9.807999999999998,0.9995923359152059,4906,9.811999999999998,12,1,3,15.199999999999998,0.9996054189135868,7603,15.205999999999998,14,1,,0.0,0.0,0,0.0,0.0,0,0.0,0,0,0,0.0,0.0,0,0.0,0,0,0.0,0.0,0.0,0.05774365821094793,,,0.0,0.0,0.0,0.040634778721502014,,,0.8996692392502756,0.34499332443257674,0.3202503352704515,2.0,5.093999999999999,0.9856811145510835,2584.0,5.167999999999999,14.0,1.0,3.0,7.147999999999999,0.9977666108319375,3582.0,7.163999999999999,15.0,1.0
IMG-9E2C4ABE0B,roi_dilate1,6.0,2,1.8815602;3.1698066,1.288246407925611,0.6286744002703007,13955,0.07300096069300337,0,0,0.8097033127854893,0.9589918838103375,0.7359385811723616,1,26.939999999999994,1.0,13470,26.939999999999994,23,1,1,44.669999999999995,1.0,22335,44.669999999999995,27,1,0.1995896288005969,0.04100811618966254,0.26406141882763845,2,1.1399999999999997,0.9895833333333334,576,1.1519999999999997,19,1,16,13.287999999999997,0.8290491639630646,8014,16.027999999999995,27,1,0.04100811618966254,0.9895833333333334,0.0711946461626086,0.024989320803075612,0.29109551578285764,0.2662498950958252,0.26406141882763845,0.8290491639630646,0.26360011862005345,0.07232528254637714,0.3424862079720631,0.5434839725494385,,,,,,,,,,,,,,,,,
IMG-D0FB6C7AE7,roi_dilate1,6.0,2,1.8815602;3.1698066,1.288246407925611,0.7024733619401186,7285,0.1536679630522945,0,0,0.9369956318945731,0.978369609301068,0.8651828537170264,1,14.474,1.0,7237,14.474,17,1,1,23.09,1.0,11545,23.09,21,1,0.19943555973659455,0.021630390698932,0.13481714628297362,2,0.184,0.575,160,0.32,12,0,5,2.798,0.7776542523624236,1799,3.598,22,1,0.021630390698932,0.575,0.135189941868325,0.013924564012437475,0.2532884740846954,1.3157175779342651,0.13481714628297362,0.7776542523624236,0.18735011990407674,0.06411121103117506,0.2047575234826125,1.2002629041671753,,,,,,,,,,,,,,,,,
IMG-1815129EC4,roi_dilate1,6.0,2,1.8815602;3.1698066,1.288246407925611,0.891061238068429,52230,0.18400504326651823,0,0,0.87840810387032,0.9516885153679617,0.7455864777189688,1,111.654,1.0,55827,111.654,25,1,1,87.338,1.0,43669,87.338,29,1,0.3182594396306369,0.04831148463203832,0.25441352228103126,7,5.574,0.9834156669019054,2834,5.668,22,1,15,25.998,0.872357559895309,14901,29.802,28,1,0.04831148463203832,0.9834156669019054,0.05966485399157873,0.011063568640152743,0.14569375855348007,0.37700438499450684,0.25441352228103126,0.872357559895309,0.1280519037049684,0.058980706846508454,0.4166199352951383,0.27595949172973633,,,,,,,,,,,,,,,,,
IMG-AD73EFA971,roi_dilate1,6.0,2,1.8815602;3.1698066,1.288246407925611,0.7509924038225925,15324,0.21914117656809715,0,0,0.9487179487179487,0.9086978636826043,0.9608037825059101,1,35.72999999999999,1.0,17865,35.72999999999999,30,1,1,40.641999999999996,1.0,20321,40.641999999999996,29,1,0.27398615232443124,0.09130213631739573,0.03919621749408984,8,3.287999999999999,0.9158774373259053,1795,3.589999999999999,29,1,5,1.0599999999999998,0.6393244873341375,829,1.6579999999999995,18,1,0.09130213631739573,0.9158774373259053,0.20345879959308244,0.027568667344862664,0.28883235547513486,0.3612334728240967,0.03919621749408984,0.6393244873341375,0.11820330969267143,0.02148936170212766,0.17803962273990917,0.5660854578018188,,,,,,,,,,,,,,,,,
IMG-D31CF4ABF7,roi_dilate1,6.0,2,1.8815602;3.1698066,1.288246407925611,0.7626734914853824,7748,0.550244404498328,0,0,0.5834738617200674,0.05332962344648488,0.07990771812080537,6,0.9519999999999998,0.8278260869565217,575,1.1499999999999997,17,1,8,0.9999999999999999,0.6561679790026247,762,1.5239999999999998,17,1,0.9834261558075555,0.9466703765535152,0.9200922818791947,1,20.413999999999998,1.0,10207,20.413999999999998,28,1,1,17.547999999999995,1.0,8774,17.547999999999995,27,1,0.9466703765535152,1.0,0.046373585605639034,0.02239844184752365,0.3463091397974208,1.3295178413391113,0.9200922818791947,1.0,0.05243288590604028,0.04446308724832215,0.34480182536538806,1.3152861595153809,,,,,,,,,,,,,,,,,
IMG-182FA24923,roi_dilate1,6.0,2,1.8815602;3.1698066,1.288246407925611,0.7787579853113729,8960,1.0,0,0,1.0,1.0,1.0,1,18.009999999999998,1.0,9005,18.009999999999998,9,1,1,28.011999999999997,1.0,14006,28.011999999999997,10,1,,0.0,0.0,0,0.0,0.0,0,0.0,0,0,0,0.0,0.0,0,0.0,0,0,0.0,0.0,0.0,0.0,,,0.0,0.0,0.0,0.0,,,,,,,,,,,,,,,,,,,
IMG-B1DBEB52F4,roi_dilate1,6.0,2,1.8815602;3.1698066,1.288246407925611,0.6903366412052221,32626,0.5544414220793377,0,0,0.5654993514915694,0.010958400930545778,0.024719900409034323,4,0.5479999999999999,0.7653631284916201,358,0.7159999999999999,21,1,5,2.1359999999999997,0.6984957488554611,1529,3.0579999999999994,25,1,0.9948046711434376,0.9890415990694542,0.9752800995909656,1,64.62199999999999,1.0,32311,64.62199999999999,35,1,1,120.64799999999997,1.0,60324,120.64799999999997,43,1,0.9890415990694542,1.0,0.015305029232605839,0.005846521166855429,0.33063935993050714,1.7716846466064453,0.9752800995909656,1.0,0.008083682278951709,0.012004268184243286,0.293551555436927,1.9742460250854492,,,,,,,,,,,,,,,,,
IMG-825C59B3C8,roi_dilate1,6.0,2,1.8815602;3.1698066,1.288246407925611,0.9006162421007183,22945,0.4832889082799525,0,0,0.8116176312102598,0.3243517617698067,0.48958371471460477,3,15.033999999999997,0.9803077725612936,7668,15.335999999999997,20,1,2,26.657999999999994,0.9967843254561771,13372,26.743999999999993,20,1,0.8720913215278794,0.6756482382301933,0.5104162852853953,3,31.941999999999993,0.9998747887059413,15973,31.945999999999994,27,1,5,25.847999999999992,0.9270497094899935,13941,27.881999999999994,28,1,0.6756482382301933,0.9998747887059413,0.06344909267797472,0.05917685377099107,0.33992584826941113,0.8169713020324707,0.5104162852853953,0.9270497094899935,0.09153150514407062,0.06454801742759858,0.3148727149213276,0.7995820045471191,,,,,,,,,,,,,,,,,
IMG-DA4569F340,roi_dilate1,6.0,2,1.8815602;3.1698066,1.288246407925611,0.6899761264392131,11416,1.0,0,0,1.0,1.0,0.9991661261929028,1,23.009999999999998,1.0,11505,23.009999999999998,16,1,1,43.135999999999996,1.0,21568,43.135999999999996,16,1,,0.0,0.0008338738070971926,0,0.0,0.0,0,0.0,0,0,5,0.015999999999999997,0.4444444444444444,18,0.03599999999999999,7,0,0.0,0.0,0.0,0.0,,,0.0008338738070971926,0.4444444444444444,0.11581580654127678,0.0016214212915778748,0.11015792847081218,1.0423425436019897,,,,,,,,,,,,,,,,,
IMG-8BF8DD5DE4,roi_dilate1,6.0,2,1.8815602;3.1698066,1.288246407925611,0.770711736881414,13931,0.8059960863431578,0,0,0.9595019135203061,0.6557922298492675,0.5381471389645777,1,18.534,1.0,9267,18.534,19,1,1,23.7,1.0,11850,23.7,20,1,0.9315306615161758,0.34420777015073245,0.46185286103542234,4,8.51,0.8747944078947368,4864,9.728,20,1,4,19.936,0.9801376597836775,10170,20.34,24,1,0.34420777015073245,0.8747944078947368,0.14153280022645248,0.07345552331752883,0.29239154774485154,0.5400965213775635,0.46185286103542234,0.9801376597836775,0.09082652134423251,0.0932788374205268,0.30682955444157406,0.5690736770629883,,,,,,,,,,,,,,,,,
IMG-16B3264BD9,roi_dilate1,6.0,2,1.8815602;3.1698066,1.288246407925611,0.7356379425517702,4405,0.18743154493830055,0,0,0.9273882177107984,0.8592140404425792,0.9558954558954559,1,9.007999999999996,1.0,4504,9.007999999999996,22,1,1,12.873999999999997,1.0,6437,12.873999999999997,23,1,0.2535211267605634,0.14078595955742082,0.044104544104544105,6,1.1099999999999997,0.7520325203252033,738,1.4759999999999995,21,1,7,0.3719999999999999,0.6262626262626263,297,0.5939999999999998,23,1,0.14078595955742082,0.7520325203252033,0.5723006486074019,0.07649752003052271,0.3127996903165641,0.5395653247833252,0.044104544104544105,0.6262626262626263,0.5197505197505199,0.029922779922779922,0.2442747468938546,0.5374557971954346,,,,,,,,,,,,,,,,,
IMG-34B5A93F0D,roi_dilate1,6.0,2,1.8815602;3.1698066,1.288246407925611,0.676899428080566,29944,0.11436205472929431,0,0,0.8921609447745941,0.947210124406773,0.7400391725470205,1,96.99999999999999,1.0,48500,96.99999999999999,24,1,2,55.11599999999999,0.9991298673047639,27582,55.163999999999994,27,1,0.19177304964539008,0.05278987559322696,0.25996082745297955,6,3.9799999999999995,0.7362190159082501,2703,5.405999999999999,19,1,7,18.259999999999998,0.9423057075033543,9689,19.377999999999997,31,1,0.05278987559322696,0.7362190159082501,0.05859031697361483,0.01785051657129465,0.40012130509523997,1.091397762298584,0.25996082745297955,0.9423057075033543,0.09390679080250063,0.05273537066351856,0.3288867424314001,0.7168796062469482,,,,,,,,,,,,,,,,,
IMG-893073F906,roi_dilate1,6.0,2,1.8815602;3.1698066,1.288246407925611,0.735609997525365,14863,0.09280452576394728,0,0,0.1437246963562753,0.17849911026569307,0.03243063907435823,2,3.872,0.6655207975249227,2909,5.818,19,1,6,0.834,0.5332480818414322,782,1.564,25,1,0.9051640385621403,0.8215008897343069,0.9675693609256417,1,26.776,1.0,13388,26.776,25,1,1,46.662,1.0,23331,46.662,38,1,0.8215008897343069,1.0,0.030680493342332943,0.046849113333742406,0.37534421520440375,1.115196704864502,0.9675693609256417,1.0,0.02073570273296562,0.021627337950483144,0.33148176388489003,1.5537569522857666,,,,,,,,,,,,,,,,,
IMG-EE9195B25E,roi_dilate1,6.0,2,1.8815602;3.1698066,1.288246407925611,0.8360574730120116,21995,0.35236021758868075,0,0,0.7523688147614562,0.31384629221567656,0.4714440896672043,2,13.767999999999997,0.9863877346324689,6979,13.957999999999997,29,1,1,28.64399999999999,1.0,14322,28.64399999999999,31,1,0.8277377327217361,0.6861537077843234,0.5285559103327957,4,30.211999999999993,0.9900380128457202,15258,30.51599999999999,30,1,4,31.977999999999994,0.9957650868779971,16057,32.11399999999999,32,1,0.6861537077843234,0.9900380128457202,0.08994018977380044,0.062328551513243693,0.3623387998223269,0.5412685871124268,0.5285559103327957,0.9957650868779971,0.06583495177589783,0.08752756838605616,0.3184076787532353,0.5262975692749023,,,,,,,,,,,,,,,,,
IMG-8F0C09D99C,roi_dilate1,6.0,2,1.8815602;3.1698066,1.288246407925611,0.8319586359719315,6758,0.1535563666037657,0,0,0.38489091501139694,0.08593198814731198,0.41401899770717326,6,1.1479999999999997,0.9425287356321839,609,1.2179999999999997,18,1,1,7.583999999999998,1.0,3792,7.583999999999998,21,1,0.819147917663954,0.914068011852688,0.5859810022928267,1,12.955999999999996,1.0,6478,12.955999999999996,26,1,4,10.657999999999998,0.9929196944289175,5367,10.733999999999998,27,1,0.914068011852688,1.0,0.0705517144066601,0.03569916748977,0.3660112373615147,0.5259702205657959,0.5859810022928267,0.9929196944289175,0.21836445026749648,0.14750518615569386,0.3625658289549078,0.5324618816375732,,,,,,,,,,,,,,,,,
IMG-EDA063D47C,roi_dilate1,6.0,2,1.8815602;3.1698066,1.288246407925611,0.6687666952270551,13269,-0.02543110705365967,0,0,0.5821717625899281,0.9508294279550695,0.23674682724189183,1,25.564,1.0,12782,25.564,23,1,1,12.424,1.0,6212,12.424,26,1,0.1500114337983078,0.049170572044930444,0.7632531727581081,4,1.074,0.8124054462934948,661,1.322,19,1,1,40.054,1.0,20027,40.054,36,1,0.049170572044930444,0.8124054462934948,0.14877631481068215,0.027523618239976195,0.37130240263204584,0.5285947322845459,0.7632531727581081,1.0,0.01905560425321087,0.0687335645413316,0.3674196646171125,0.5379068851470947,,,,,,,,,,,,,,,,,
IMG-7350051976,roi_dilate1,6.0,2,1.8815602;3.1698066,1.288246407925611,0.8182982096043245,20133,0.3446078225234417,0,0,0.9231819345297346,0.9399158624102945,0.7894283152886008,1,37.98199999999999,1.0,18991,37.98199999999999,21,1,1,45.78999999999999,1.0,22895,45.78999999999999,25,1,0.47091087169441725,0.060084137589705516,0.21057168471139923,8,1.7199999999999998,0.7084019769357496,1214,2.4279999999999995,16,1,18,7.6259999999999994,0.6243654822335025,6107,12.213999999999999,23,1,0.060084137589705516,0.7084019769357496,0.19797079930710226,0.029943083395199212,0.31986732313264504,0.6466310024261475,0.21057168471139923,0.6243654822335025,0.3103234259706228,0.09466588511137164,0.31748249828281605,0.6584048271179199,,,,,,,,,,,,,,,,,
IMG-4950E13031,roi_dilate1,6.0,2,1.8815602;3.1698066,1.288246407925611,0.7675896617899958,15399,0.5022606297649485,0,0,0.9822337592286687,0.9800037610480787,0.8745138601572197,1,31.267999999999997,1.0,15634,31.267999999999997,17,1,1,42.273999999999994,1.0,21137,42.273999999999994,19,1,0.5356828193832599,0.019996238951921267,0.12548613984278031,6,0.5519999999999999,0.8652037617554859,319,0.6379999999999999,17,1,11,4.371999999999999,0.7207385426969997,3033,6.065999999999999,21,1,0.019996238951921267,0.8652037617554859,0.1880524039365637,0.010844355293675173,0.15912746322351853,0.5011745691299438,0.12548613984278031,0.7207385426969997,0.22755482002482422,0.047558957385188255,0.2108387978159705,0.6176010370254517,,,,,,,,,,,,,,,,,
IMG-9E2C4ABE0B,roi_dilate1,6.0,3,1.499904;2.3261729;3.4900949,0.8262688751652665,0.6286744002703007,13955,-0.027350994361840925,0,0,0.0,0.035668517727466896,0.013015255856865136,2,0.9359999999999997,0.9341317365269461,501,1.0019999999999998,18,1,2,0.7839999999999998,0.9924050632911392,395,0.7899999999999998,17,1,0.0,0.0,0.034037365316814394,0,0.0,0.0,0,0.0,0,0,16,1.1779999999999997,0.5701839303000968,1033,2.0659999999999994,25,1,0.0,0.0,0.0,0.013064217570838673,,,0.034037365316814394,0.5701839303000968,0.26360011862005345,0.02458071106131998,0.2539519938428636,1.7798771858215332,0.9694261871353667,0.9643314822725331,0.9529473788263205,1.0,27.089999999999993,1.0,13545.0,27.089999999999993,23.0,1.0,1.0,57.841999999999985,1.0,28921.0,57.841999999999985,28.0,1.0
IMG-D0FB6C7AE7,roi_dilate1,6.0,3,1.499904;2.3261729;3.4900949,0.8262688751652665,0.7024733619401186,7285,0.3357256119515777,0,0,0.3522395326192794,0.9209138840070299,0.20451139088729017,1,13.624,1.0,6812,13.624,16,1,4,3.24,0.5936240381091975,2729,5.458,18,1,0.0,0.0,0.07321642685851319,0,0.0,0.0,0,0.0,0,0,3,1.46,0.7471852610030706,977,1.954,20,1,0.0,0.0,0.0,0.040759767473299985,,,0.07321642685851319,0.7471852610030706,0.11241007194244605,0.12342625899280575,0.171483831320008,1.6493473052978516,0.0,0.07908611599297012,0.7222721822541966,2.0,1.042,0.8905982905982905,585.0,1.17,15.0,1.0,2.0,17.924,0.9298609670056028,9638.0,19.276,21.0,1.0
IMG-1815129EC4,roi_dilate1,6.0,3,1.499904;2.3261729;3.4900949,0.8262688751652665,0.891061238068429,52230,-0.001234434846299183,0,0,0.0,0.07976338623617053,3.414717432132491e-05,3,6.262,0.669160076939517,4679,9.358,19,1,1,0.004,1.0,2,0.004,1,0,0.037037037037037035,0.000767119551320298,0.002578111661260031,5,0.074,0.8222222222222222,45,0.09,16,0,5,0.166,0.5496688741721855,151,0.302,17,0,0.000767119551320298,0.8222222222222222,0.04261775285112766,0.02751402124068802,0.05498964446614187,1.726657748222351,0.002578111661260031,0.5496688741721855,0.042683967901656135,0.0028683626429912923,0.05542290365583315,1.31003999710083,0.9725981587851129,0.9194694942125091,0.9973877411644186,2.0,107.866,0.999925839405232,53937.0,107.874,27.0,1.0,1.0,116.834,1.0,58417.0,116.834,30.0,1.0
IMG-AD73EFA971,roi_dilate1,6.0,3,1.499904;2.3261729;3.4900949,0.8262688751652665,0.7509924038225925,15324,0.03756645639383113,0,0,0.3404209851479859,0.15142421159715158,0.5423640661938535,4,2.6519999999999997,0.44541484716157204,2977,5.953999999999999,18,1,2,22.623999999999995,0.9861389591142882,11471,22.941999999999997,25,1,0.18118466898954705,0.014903357070193286,0.0020803782505910166,6,0.4539999999999999,0.7747440273037542,293,0.5859999999999999,23,1,2,0.07199999999999998,0.8181818181818182,44,0.08799999999999998,12,0,0.014903357070193286,0.7747440273037542,0.15259409969481183,0.06228382502543235,0.21324810119440268,1.1717580556869507,0.0020803782505910166,0.8181818181818182,0.04728132387706857,0.09434988179669031,0.1741696868576381,1.1852355003356934,0.6952671174173888,0.8336724313326551,0.45555555555555555,2.0,32.77799999999999,0.9999389871873093,16390.0,32.779999999999994,30.0,1.0,4.0,19.053999999999995,0.9887908666320706,9635.0,19.269999999999996,29.0,1.0
IMG-D31CF4ABF7,roi_dilate1,6.0,3,1.499904;2.3261729;3.4900949,0.8262688751652665,0.7626734914853824,7748,0.5432884410115643,0,0,0.05555555555555555,9.274717121127805e-05,0.010486577181208054,1,0.0019999999999999996,1.0,1,0.0019999999999999996,1,0,1,0.19999999999999998,1.0,100,0.19999999999999998,10,0,0.9333122629582806,0.8160823594880356,0.7016568791946308,1,17.597999999999995,1.0,8799,17.597999999999995,28,1,1,13.381999999999998,1.0,6691,13.381999999999998,27,1,0.8160823594880356,1.0,0.046373585605639034,0.07136894824707847,0.3534034144665124,1.8789198398590088,0.7016568791946308,1.0,0.05243288590604028,0.07859689597315436,0.36118124020384823,2.150580406188965,0.6890156918687589,0.1838248933407531,0.2878565436241611,6.0,3.4119999999999995,0.8607467204843592,1982.0,3.9639999999999995,19.0,1.0,7.0,3.9799999999999995,0.7249544626593807,2745.0,5.489999999999999,19.0,1.0
IMG-182FA24923,roi_dilate1,6.0,3,1.499904;2.3261729;3.4900949,0.8262688751652665,0.7787579853113729,8960,1.0,0,0,1.0,1.0,1.0,1,18.009999999999998,1.0,9005,18.009999999999998,9,1,1,28.011999999999997,1.0,14006,28.011999999999997,10,1,,0.0,0.0,0,0.0,0.0,0,0.0,0,0,0,0.0,0.0,0,0.0,0,0,0.0,0.0,0.0,0.0,,,0.0,0.0,0.0,0.0,,,,0.0,0.0,0.0,0.0,0.0,0.0,0.0,0.0,0.0,0.0,0.0,0.0,0.0,0.0,0.0,0.0
IMG-B1DBEB52F4,roi_dilate1,6.0,3,1.499904;2.3261729;3.4900949,0.8262688751652665,0.6903366412052221,32626,0.5817228653515482,0,0,0.0,0.0008570816370259267,0.0028131214330751942,1,0.05599999999999999,1.0,28,0.05599999999999999,10,0,2,0.2819999999999999,0.8103448275862069,174,0.3479999999999999,14,0,0.9886326012581392,0.983072637668738,0.9330671107302798,1,64.23199999999999,1.0,32116,64.23199999999999,35,1,1,115.42599999999997,1.0,57713,115.42599999999997,43,1,0.983072637668738,1.0,0.015305029232605839,0.006917873213137838,0.33144686726743317,2.3307101726531982,0.9330671107302798,1.0,0.008083682278951709,0.021825942153169613,0.29889425231455063,2.4861948490142822,0.5575070821529745,0.016070280694236126,0.06411976783664494,3.0,0.9439999999999997,0.8990476190476191,525.0,1.0499999999999998,20.0,1.0,7.0,2.8379999999999996,0.3577912254160363,3966.0,7.931999999999999,29.0,1.0
IMG-825C59B3C8,roi_dilate1,6.0,3,1.499904;2.3261729;3.4900949,0.8262688751652665,0.9006162421007183,22945,0.6990829751731933,0,0,0.9017013232514177,0.024787445539528784,0.026287848277377072,3,0.9059999999999998,0.773037542662116,586,1.1719999999999997,17,1,5,1.1139999999999999,0.775766016713092,718,1.4359999999999997,18,1,0.8828248373444507,0.38598198045767945,0.30490974993592795,6,18.151999999999997,0.9946301369863013,9125,18.249999999999996,27,1,7,14.027999999999997,0.8422190201729106,8328,16.655999999999995,26,1,0.38598198045767945,0.9946301369863013,0.12689818535594943,0.06998434922380609,0.3209542142025002,1.5991857051849365,0.30490974993592795,0.8422190201729106,0.12814410720169886,0.07467140189653279,0.3039635925025465,1.488590955734253,0.9324506051515465,0.5892305740027918,0.668802401786695,3.0,26.92599999999999,0.9664752333094042,13930.0,27.859999999999992,23.0,1.0,2.0,35.64999999999999,0.9758033612525319,18267.0,36.53399999999999,23.0,1.0
IMG-DA4569F340,roi_dilate1,6.0,3,1.499904;2.3261729;3.4900949,0.8262688751652665,0.6899761264392131,11416,0.9476955427157203,0,0,0.9946572580645161,0.8688396349413299,0.9029926804410265,1,19.991999999999997,1.0,9996,19.991999999999997,13,1,1,38.983999999999995,1.0,19492,38.983999999999995,13,1,,0.0,0.0,0,0.0,0.0,0,0.0,0,0,0,0.0,0.0,0,0.0,0,0,0.0,0.0,0.0,0.07331594958713604,,,0.0,0.0,0.0,0.06043268785323822,,,0.964572192513369,0.13116036505867015,0.0970073195589734,5.0,2.7999999999999994,0.927766732935719,1509.0,3.0179999999999993,15.0,1.0,18.0,3.0379999999999994,0.7254059216809933,2094.0,4.187999999999999,16.0,1.0
IMG-8BF8DD5DE4,roi_dilate1,6.0,3,1.499904;2.3261729;3.4900949,0.8262688751652665,0.770711736881414,13931,0.3532077405532246,0,0,0.48854108440469535,0.09645460335432736,0.026475930971843777,2,2.108,0.7732942039618489,1363,2.726,14,1,2,1.094,0.9382504288164666,583,1.166,14,1,0.48903599503516754,0.08888259854221216,0.15426884650317893,4,2.108,0.839171974522293,1256,2.512,18,1,5,6.58,0.968501619075655,3397,6.794,23,1,0.08888259854221216,0.839171974522293,0.14153280022645248,0.06556506970490411,0.2506989940453276,1.149682879447937,0.15426884650317893,0.968501619075655,0.11353315168029064,0.08614895549500454,0.18728584909234552,1.3326777219772339,0.9091139668583024,0.8146627981034604,0.8192552225249773,1.0,23.024,1.0,11512.0,23.024,22.0,1.0,1.0,36.08,1.0,18040.0,36.08,24.0,1.0
IMG-16B3264BD9,roi_dilate1,6.0,3,1.499904;2.3261729;3.4900949,0.8262688751652665,0.7356379425517702,4405,0.8542221987151262,0,0,0.9475524475524476,0.30999618466234263,0.32937332937332936,3,2.9459999999999993,0.9064615384615384,1625,3.249999999999999,21,1,4,3.269999999999999,0.7371505861136158,2218,4.435999999999998,21,1,0.21428571428571427,0.005532239603204884,0.005197505197505198,4,0.04199999999999999,0.7241379310344828,29,0.05799999999999998,10,0,2,0.04999999999999999,0.7142857142857143,35,0.06999999999999997,15,0,0.005532239603204884,0.7241379310344828,0.38153376573826797,0.10902327355971003,0.1598573534388846,1.2965013980865479,0.005197505197505198,0.7142857142857143,0.14850014850014853,0.12496287496287496,0.14308275495830308,2.5253520011901855,0.9709557581898007,0.6844715757344525,0.6654291654291654,1.0,7.1759999999999975,1.0,3588.0,7.1759999999999975,23.0,1.0,1.0,8.961999999999996,1.0,4481.0,8.961999999999996,23.0,1.0
IMG-34B5A93F0D,roi_dilate1,6.0,3,1.499904;2.3261729;3.4900949,0.8262688751652665,0.676899428080566,29944,0.051299239609647974,0,0,0.5494276795005203,0.5280354666718747,0.19411875184459768,3,52.85399999999999,0.9774383252579798,27037,54.07399999999999,22,1,1,14.469999999999999,1.0,7235,14.469999999999999,20,1,0.09692671394799054,0.0397632951194266,0.05945641383381181,2,3.9799999999999995,0.9774066797642437,2036,4.071999999999999,16,1,9,3.7159999999999997,0.8384476534296029,2216,4.4319999999999995,21,1,0.0397632951194266,0.9774066797642437,0.01953010565787161,0.09094193699587916,0.49246445485745527,1.4392151832580566,0.05945641383381181,0.8384476534296029,0.12073730246035794,0.0636553889082665,0.23431496237046573,1.3585681915283203,0.647051914493775,0.4322012382086987,0.7464248343215905,5.0,40.019999999999996,0.9042024401265251,22130.0,44.25999999999999,24.0,1.0,2.0,55.62199999999999,0.9996764917325665,27820.0,55.63999999999999,33.0,1.0
IMG-893073F906,roi_dilate1,6.0,3,1.499904;2.3261729;3.4900949,0.8262688751652665,0.735609997525365,14863,0.1376599135576014,0,0,0.0,0.04019144627845616,0.00468626881765023,5,0.598,0.45648854961832064,655,1.31,11,1,4,0.144,0.6371681415929203,113,0.226,14,0,0.8204849043172396,0.6639258759280849,0.9207066727491394,2,21.616,0.9988909426987062,10820,21.64,24,1,1,44.402,1.0,22201,44.402,38,1,0.6639258759280849,0.9988909426987062,0.061360986684665886,0.0648278824323495,0.397850976619118,1.4727380275726318,0.9207066727491394,1.0,0.02073570273296562,0.032928295939949406,0.337214642160271,2.8930194973945618,0.19246069331312748,0.2958826777934589,0.0746070584332103,1.0,9.644,1.0,4822.0,9.644,20.0,1.0,6.0,2.362,0.6564758198999444,1799.0,3.598,29.0,1.0
IMG-EE9195B25E,roi_dilate1,6.0,3,1.499904;2.3261729;3.4900949,0.8262688751652665,0.8360574730120116,21995,0.4267131963447305,0,0,1.0,0.00215856455457121,0.005332631093847724,1,0.09599999999999997,1.0,48,0.09599999999999997,8,0,2,0.30199999999999994,0.9320987654320988,162,0.32399999999999995,16,0,0.7538084172476117,0.43535548860008094,0.3013594917541723,4,19.339999999999996,0.9988637537444479,9681,19.361999999999995,28,1,8,16.829999999999995,0.9191698525395958,9155,18.309999999999995,31,1,0.43535548860008094,0.9988637537444479,0.08994018977380044,0.07323379952331699,0.35180132620548954,1.167601466178894,0.3013594917541723,0.9191698525395958,0.13166990355179567,0.07987425524210803,0.29609353904683955,1.2026126384735107,0.865713682135061,0.5624859468453478,0.69330787715198,1.0,25.01599999999999,1.0,12508.0,25.01599999999999,29.0,1.0,1.0,42.123999999999995,1.0,21062.0,42.123999999999995,33.0,1.0
IMG-8F0C09D99C,roi_dilate1,6.0,3,1.499904;2.3261729;3.4900949,0.8262688751652665,0.8319586359719315,6758,0.16994241982689562,0,0,0.30434782608695654,0.0023987582898264428,0.01233759144011355,4,0.017999999999999995,0.5294117647058824,17,0.033999999999999996,8,0,7,0.13799999999999998,0.6106194690265486,113,0.22599999999999995,11,0,0.589653023062539,0.5050091717228729,0.21181351675947155,3,7.143999999999998,0.9980441464096116,3579,7.157999999999999,26,1,4,3.537999999999999,0.9118556701030928,1940,3.879999999999999,25,1,0.5050091717228729,0.9980441464096116,0.2116551432199803,0.16706645971497108,0.36468108591395776,1.6945092678070068,0.21181351675947155,0.9118556701030928,0.21836445026749648,0.1204279943225243,0.2704357286676156,1.7809699773788452,0.7681644911632205,0.4925920699873007,0.7758488918004149,1.0,6.981999999999998,1.0,3491.0,6.981999999999998,20.0,1.0,1.0,14.211999999999996,1.0,7106.0,14.211999999999996,24.0,1.0
IMG-EDA063D47C,roi_dilate1,6.0,3,1.499904;2.3261729;3.4900949,0.8262688751652665,0.6687666952270551,13269,-0.02591937296478675,0,0,0.0,0.09499367700662055,0.0,1,2.554,1.0,1277,2.554,11,1,0,0.0,0.0,0,0.0,0,0,0.0,0.0,0.604824878996913,0,0.0,0.0,0,0.0,0,0,2,30.858,0.9722117202268431,15870,31.74,36,1,0.0,0.0,0.0,0.033549058989808825,,,0.604824878996913,0.9722117202268431,0.03811120850642174,0.08287282289721407,0.36896465138503487,,0.6707451609668037,0.9050063229933795,0.395175121003087,1.0,24.332,1.0,12166.0,24.332,23.0,1.0,2.0,20.058,0.9672099527437554,10369.0,20.738,30.0,1.0
IMG-7350051976,roi_dilate1,6.0,3,1.499904;2.3261729;3.4900949,0.8262688751652665,0.8182982096043245,20133,0.06427724192057528,0,0,0.3316995098529559,0.41450136104924523,0.11733673539755879,3,16.741999999999997,0.9995223880597015,8375,16.749999999999996,18,1,3,6.505999999999999,0.9559212459594475,3403,6.805999999999999,20,1,0.019342359767891684,0.0010393466963622866,0.0942693607337425,5,0.011999999999999999,0.2857142857142857,21,0.041999999999999996,10,0,18,1.9379999999999997,0.3544257498171178,2734,5.467999999999999,22,1,0.0010393466963622866,0.2857142857142857,0.12373174956693891,0.09695619896065331,0.10540925533894598,1.1551377773284912,0.0942693607337425,0.3544257498171178,0.3103234259706228,0.10028618715950625,0.2641190069647883,1.4565675258636475,0.7352879727000488,0.5844592922543925,0.7883939038686987,3.0,23.599999999999998,0.9992378694216276,11809.0,23.617999999999995,20.0,1.0,4.0,45.705999999999996,0.9994751804067352,22865.0,45.72999999999999,26.0,1.0
IMG-4950E13031,roi_dilate1,6.0,3,1.499904;2.3261729;3.4900949,0.8262688751652665,0.7675896617899958,15399,0.030899979671032356,0,0,0.40847894586078487,0.388578950667586,0.24625568887050062,1,12.397999999999998,1.0,6199,12.397999999999998,16,1,3,9.685999999999998,0.8136760752688172,5952,11.903999999999998,19,1,0.5625,0.0012536826929104245,0.005792304509722797,2,0.021999999999999995,0.55,20,0.039999999999999994,14,0,5,0.16799999999999998,0.6,140,0.2799999999999999,18,0,0.0012536826929104245,0.55,0.06268413464552122,0.0807685074907541,0.12121320343559643,1.1053553819656372,0.005792304509722797,0.6,0.10343400910219283,0.07616880430285479,0.1316569112906907,2.1794015169143677,0.694032424974129,0.6101673666395036,0.7479520066197766,4.0,19.367999999999995,0.9948633655229094,9734.0,19.467999999999996,17.0,1.0,3.0,35.593999999999994,0.9844562451598629,18078.0,36.15599999999999,21.0,1.0
IMG-9E2C4ABE0B,roi_erode1,8.0,2,1.9053923;3.2567736,1.3513812383272357,0.4928124067998807,4131,0.0,0,0,0.947917993123647,1.0,0.935177044201103,2,8.477999999999998,0.9964739069111425,4254,8.507999999999997,11,1,3,23.367999999999995,0.9986324786324786,11700,23.399999999999995,18,1,0.0,0.0,0.06482295579889696,0,0.0,0.0,0,0.0,0,0,7,0.8379999999999997,0.5166461159062885,811,1.6219999999999994,16,1,0.0,0.0,0.0,0.0,,,0.06482295579889696,0.5166461159062885,0.2797538166413557,0.03668771481096635,0.3335013820494195,0.5159430503845215,,,,,,,,,,,,,,,,,
IMG-D0FB6C7AE7,roi_erode1,8.0,2,1.9053923;3.2567736,1.3513812383272357,0.5386072951207959,2274,0.0,0,0,0.9677712210621879,1.0,0.9584627964022895,1,4.658,1.0,2329,4.658,12,1,2,11.72,0.999829380651766,5861,11.722,16,1,0.0,0.0,0.04153720359771055,0,0.0,0.0,0,0.0,0,0,1,0.508,1.0,254,0.508,13,1,0.0,0.0,0.0,0.0,,,0.04153720359771055,1.0,0.08176614881439084,0.018887980376124283,0.28208984322562897,1.3557186126708984,,,,,,,,,,,,,,,,,
IMG-1815129EC4,roi_erode1,8.0,2,1.9053923;3.2567736,1.3513812383272357,0.8228760640863523,31561,0.07850261947855973,0,0,0.9304946133752198,0.9939058453100401,0.8359632437645672,3,78.168,0.9985182157273517,39142,78.284,20,1,2,62.32,0.9985899243686707,31204,62.408,23,1,0.1054713249835201,0.00609415468995988,0.1640367562354328,4,0.392,0.8166666666666667,240,0.48,10,0,9,11.834,0.9663563612608198,6123,12.246,26,1,0.00609415468995988,0.8166666666666667,0.05078462241633234,0.001993296429841044,0.07404242395304086,0.49589991569519043,0.1640367562354328,0.9663563612608198,0.12055616577812309,0.04273046320357918,0.3580658102250894,0.2959473133087158,,,,,,,,,,,,,,,,,
IMG-AD73EFA971,roi_erode1,8.0,2,1.9053923;3.2567736,1.3513812383272357,0.7284345047923323,5130,-0.0021013100209990245,0,0,0.9562563580874873,0.9344388146783357,0.9807184363444268,4,12.017999999999999,0.9873480118304305,6086,12.171999999999999,16,1,2,14.843999999999996,0.9994613520064638,7426,14.851999999999997,19,1,0.0,0.06556118532166437,0.019281563655573163,3,0.8339999999999997,0.9765807962529274,427,0.8539999999999998,10,1,1,0.2919999999999999,1.0,146,0.2919999999999999,14,0,0.06556118532166437,0.9765807962529274,0.23030861354214655,0.01742668509135575,0.30282284883509875,0.31844162940979004,0.019281563655573163,1.0,0.0660327522451136,0.0054146856840993135,0.2346067832404196,0.5607695579528809,,,,,,,,,,,,,,,,,
IMG-D31CF4ABF7,roi_erode1,8.0,2,1.9053923;3.2567736,1.3513812383272357,0.6146341463414634,2268,0.0,0,0,0.0,0.04839793860631862,0.0,6,0.3499999999999999,0.8101851851851852,216,0.43199999999999994,13,0,0,0.0,0.0,0,0.0,0,0,0.9986754966887417,0.9516020613936814,1.0,1,8.493999999999998,1.0,4247,8.493999999999998,21,1,2,5.829999999999999,0.9993143640726774,2917,5.833999999999999,18,1,0.9516020613936814,1.0,0.11203226529240423,0.02812009858839346,0.3442026344790466,2.059499979019165,1.0,0.9993143640726774,0.3428179636612959,0.0,0.37442444702602634,,,,,,,,,,,,,,,,,,
IMG-182FA24923,roi_erode1,8.0,2,1.9053923;3.2567736,1.3513812383272357,0.649614576033637,2781,1.0,0,0,1.0,1.0,1.0,1,5.643999999999999,1.0,2822,5.643999999999999,4,1,1,11.479999999999999,1.0,5740,11.479999999999999,8,1,,0.0,0.0,0,0.0,0.0,0,0.0,0,0,0,0.0,0.0,0,0.0,0,0,0.0,0.0,0.0,0.0,,,0.0,0.0,0.0,0.0,,,,,,,,,,,,,,,,,,,
IMG-B1DBEB52F4,roi_erode1,8.0,2,1.9053923;3.2567736,1.3513812383272357,0.47349148224804966,11896,0.0,0,0,0.0,0.015100951109627898,0.0009408812921436412,5,0.26399999999999996,0.7292817679558011,181,0.36199999999999993,10,0,3,0.03599999999999999,0.5,36,0.07199999999999998,10,0,0.9923340815721485,0.984899048890372,0.9990591187078564,2,23.587999999999997,0.9990681914443033,11805,23.609999999999996,25,1,3,76.44399999999999,0.9998953591796159,38226,76.45199999999998,37,1,0.984899048890372,0.9990681914443033,0.08343066911396631,0.004129818121141332,0.32787624426113815,1.8296916484832764,0.9990591187078564,0.9998953591796159,0.039203387172651726,0.0009147457006952067,0.285718512671523,2.485419511795044,,,,,,,,,,,,,,,,,
IMG-825C59B3C8,roi_erode1,8.0,2,1.9053923;3.2567736,1.3513812383272357,0.8525089885884009,10907,0.4058226975252809,0,0,0.6854413702239789,0.18367174280879864,0.39511911679256245,8,3.6999999999999993,0.852141870105942,2171,4.341999999999999,15,1,6,10.493999999999998,0.9645220588235294,5440,10.879999999999999,17,1,0.878668530047008,0.8163282571912014,0.6048808832074375,1,19.297999999999995,1.0,9649,19.297999999999995,21,1,9,15.269999999999996,0.9167867435158501,8328,16.655999999999995,20,1,0.8163282571912014,1.0,0.042301184433164135,0.056387478849407785,0.37751289137377286,0.8799412250518799,0.6048808832074375,0.9167867435158501,0.32684485764090654,0.09601975595583961,0.3343433368666566,0.7706332206726074,,,,,,,,,,,,,,,,,
IMG-DA4569F340,roi_erode1,8.0,2,1.9053923;3.2567736,1.3513812383272357,0.6401736516947738,3834,1.0,0,0,1.0,1.0,1.0,1,8.225999999999997,1.0,4113,8.225999999999997,9,1,3,15.721999999999998,0.9994914176732359,7865,15.729999999999999,9,1,,0.0,0.0,0,0.0,0.0,0,0.0,0,0,0,0.0,0.0,0,0.0,0,0,0.0,0.0,0.0,0.0,,,0.0,0.0,0.0,0.0,,,,,,,,,,,,,,,,,,,
IMG-8BF8DD5DE4,roi_erode1,8.0,2,1.9053923;3.2567736,1.3513812383272357,0.6334719568393841,5636,0.8763058573161955,0,0,0.9848017855244978,0.8397907239819005,0.8181309457190823,2,11.87,0.999326485940394,5939,11.878,16,1,2,17.508,0.9979480164158687,8772,17.544,15,1,0.9232420826623725,0.16020927601809956,0.18186905428091774,2,2.264,0.999117387466902,1133,2.266,11,1,3,3.892,0.997948717948718,1950,3.9,14,1,0.16020927601809956,0.999117387466902,0.1414027149321267,0.0362697963800905,0.3125802159551444,0.6651508808135986,0.18186905428091774,0.997948717948718,0.13989927252378287,0.04901137847416527,0.37235607608428356,0.6274032592773438,,,,,,,,,,,,,,,,,
IMG-16B3264BD9,roi_erode1,8.0,2,1.9053923;3.2567736,1.3513812383272357,0.4472295514511873,678,0.609542949639043,0,0,0.8587786259541985,0.5070993914807302,0.5620723362658846,5,0.7119999999999997,0.712,500,0.9999999999999997,10,1,4,2.231999999999999,0.9704347826086956,1150,2.299999999999999,16,1,0.9110576923076923,0.49290060851926976,0.43792766373411535,2,0.9699999999999996,0.9979423868312757,486,0.9719999999999996,11,1,1,1.7919999999999994,1.0,896,1.7919999999999994,17,1,0.49290060851926976,0.9979423868312757,1.0141987829614607,0.10091277890466532,0.48752163573140717,0.6619908809661865,0.43792766373411535,1.0,0.24437927663734124,0.15127077223851418,0.39710550622239144,0.5772919654846191,,,,,,,,,,,,,,,,,
IMG-34B5A93F0D,roi_erode1,8.0,2,1.9053923;3.2567736,1.3513812383272357,0.5397348006494678,11967,0.0,0,0,0.9855035605289929,0.9580456906981709,0.9273488486639576,3,53.837999999999994,0.9998514281469376,26923,53.84599999999999,19,1,1,30.123999999999995,1.0,15062,30.123999999999995,18,1,0.0,0.04195430930182905,0.07265115133604236,1,2.3579999999999997,1.0,1179,2.3579999999999997,14,1,3,2.2619999999999996,0.9584745762711865,1180,2.3599999999999994,18,1,0.04195430930182905,1.0,0.017792327948188743,0.016048679809266247,0.43649561916625634,1.559031367301941,0.07265115133604236,0.9584745762711865,0.09235315847801996,0.01748553133850511,0.3259719587776463,0.8374521732330322,,,,,,,,,,,,,,,,,
IMG-893073F906,roi_erode1,8.0,2,1.9053923;3.2567736,1.3513812383272357,0.5763648116589293,4904,-0.0019131867247041627,0,0,0.0,0.046226256513699784,0.019244669316949764,5,0.382,0.6945454545454546,275,0.55,14,1,12,0.154,0.3615023474178404,213,0.426,13,0,0.9854142960587566,0.9537737434863002,0.9807553306830502,1,11.348,1.0,5674,11.348,16,1,4,21.696,0.999355135882082,10855,21.71,35,1,0.9537737434863002,1.0,0.08404773911581778,0.018910741301059002,0.32248420589124094,1.1609959602355957,0.9807553306830502,0.999355135882082,0.18070112034694616,0.014410914347668955,0.3515628410380399,1.7495265007019043,,,,,,,,,,,,,,,,,
IMG-EE9195B25E,roi_erode1,8.0,2,1.9053923;3.2567736,1.3513812383272357,0.6987073532528078,8243,0.32635354303294717,0,0,0.8355422811274967,0.5478179037760263,0.7552007420166954,7,7.907999999999999,0.8490444492162337,4657,9.313999999999998,12,1,2,22.791999999999998,0.9997368190192122,11399,22.797999999999995,18,1,0.6947331947331947,0.45218209622397365,0.24479925798330462,11,7.591999999999998,0.9875130072840791,3844,7.687999999999998,11,1,5,6.247999999999998,0.8454668470906631,3695,7.389999999999998,21,1,0.45218209622397365,0.9875130072840791,0.6469827079167159,0.05064110104693566,0.3720528663422059,0.4278550148010254,0.24479925798330462,0.8454668470906631,0.1656287266463496,0.05336557572545382,0.3777496783001433,0.4045751094818115,,,,,,,,,,,,,,,,,
IMG-8F0C09D99C,roi_erode1,8.0,2,1.9053923;3.2567736,1.3513812383272357,0.7574915947960824,2591,0.41930079089112315,0,0,0.5369774919614148,0.060071942446043164,0.18591479931051466,4,0.25399999999999995,0.7604790419161677,167,0.33399999999999996,12,0,8,0.8619999999999998,0.5708609271523178,755,1.5099999999999998,13,1,0.9368421052631579,0.9399280575539568,0.8140852006894853,1,5.225999999999999,1.0,2613,5.225999999999999,18,1,5,6.597999999999998,0.9978826376285541,3306,6.611999999999998,20,1,0.9399280575539568,1.0,0.17985611510791372,0.05467625899280575,0.4254715803999927,0.6561532020568848,0.8140852006894853,0.9978826376285541,0.6156119182467374,0.10440778133464663,0.38052603678730085,0.4252207279205322,,,,,,,,,,,,,,,,,
IMG-EDA063D47C,roi_erode1,8.0,2,1.9053923;3.2567736,1.3513812383272357,0.6069277940445279,5493,0.003338548263371297,0,0,0.8354027379815345,0.9989337124577928,0.5268558601891935,1,11.242,1.0,5621,11.242,20,1,4,12.774,0.9718502738892271,6572,13.144,18,1,0.007677543186180422,0.0010662875422072153,0.4731441398108065,1,0.012,1.0,6,0.012,3,0,6,8.0,0.6777363605557438,5902,11.804,23,1,0.0010662875422072153,1.0,0.0888572951839346,0.001777145903678692,0.24253562503633297,0.8170404434204102,0.4731441398108065,0.6777363605557438,0.2405002405002405,0.10886644219977554,0.37648907150078187,0.503589391708374,,,,,,,,,,,,,,,,,
IMG-7350051976,roi_erode1,8.0,2,1.9053923;3.2567736,1.3513812383272357,0.725830361793341,9058,0.32184174501314927,0,0,0.9109293488761512,0.9338203227213258,0.7933109520491544,1,17.129999999999995,1.0,8565,17.129999999999995,15,1,1,25.047999999999995,1.0,12524,25.047999999999995,19,1,0.46581691772885286,0.06617967727867423,0.20668904795084564,4,0.8959999999999999,0.7380560131795717,607,1.2139999999999997,13,1,4,3.2839999999999994,0.5032178976402084,3263,6.525999999999999,20,1,0.06617967727867423,0.7380560131795717,0.21805494984736157,0.02927387701700829,0.3691295439768708,0.7024946212768555,0.20668904795084564,0.5032178976402084,0.12668651422056124,0.07740546018876292,0.35086616121120456,0.5937395095825195,,,,,,,,,,,,,,,,,
IMG-4950E13031,roi_erode1,8.0,2,1.9053923;3.2567736,1.3513812383272357,0.6984738955823293,6522,0.0,0,0,0.9996165350103535,0.9993324432576769,1.0,2,14.967999999999998,0.9998663994655979,7485,14.969999999999999,14,1,3,22.363999999999997,0.999731783638802,11185,22.369999999999997,16,1,0.0,0.0006675567423230974,0.0,1,0.009999999999999998,1.0,5,0.009999999999999998,3,0,0,0.0,0.0,0,0.0,0,0,0.0006675567423230974,1.0,0.06675567423230976,0.000534045393858478,0.18204947799304086,0.6263742446899414,0.0,0.0,0.0,0.0,,,,,,,,,,,,,,,,,,,
IMG-9E2C4ABE0B,roi_erode1,8.0,3,1.6310971;2.4108468;3.5982528,0.7797496729688236,0.4928124067998807,4131,0.2593618217478524,0,0,0.3846949327817994,0.16337564645039962,0.30748940931979857,6,1.1159999999999999,0.8028776978417266,695,1.3899999999999997,10,1,7,7.2799999999999985,0.9461918377956849,3847,7.693999999999998,14,1,,0.0,0.0,0,0.0,0.0,0,0.0,0,0,0,0.0,0.0,0,0.0,0,0,0.0,0.0,0.0,0.03549600376116596,,,0.0,0.0,0.0,0.09487650867236833,,,0.9184372858122002,0.8366243535496004,0.6925105906802014,3.0,7.083999999999998,0.9952233773531891,3559.0,7.1179999999999986,9.0,1.0,4.0,17.317999999999998,0.9994228993536473,8664.0,17.327999999999996,19.0,1.0
IMG-D0FB6C7AE7,roi_erode1,8.0,3,1.6310971;2.4108468;3.5982528,0.7797496729688236,0.5386072951207959,2274,0.10652413490388873,0,0,0.6716510903426791,0.9386002576212967,0.6508585445625511,1,4.372,1.0,2186,4.372,12,1,2,7.958,0.999748743718593,3980,7.96,14,1,0.0,0.0,0.027309893704006542,0,0.0,0.0,0,0.0,0,0,2,0.176,0.5269461077844312,167,0.334,13,0,0.0,0.0,0.0,0.028767711464147704,,,0.027309893704006542,0.5269461077844312,0.1635322976287817,0.0955846279640229,0.28124255416488847,1.535245656967163,0.1045958795562599,0.061399742378703305,0.32183156173344235,1.0,0.286,1.0,143.0,0.286,10.0,0.0,3.0,3.908,0.9928861788617886,1968.0,3.936,16.0,1.0
IMG-1815129EC4,roi_erode1,8.0,3,1.6310971;2.4108468;3.5982528,0.7797496729688236,0.8228760640863523,31561,0.007715036201564628,0,0,0.016082197900379718,0.23607231730232087,0.0019824791705735792,6,16.634,0.8945896525760998,9297,18.594,18,1,2,0.144,0.972972972972973,74,0.148,8,0,0.0,0.0,0.018217376162027486,0,0.0,0.0,0,0.0,0,0,3,1.338,0.9838235294117647,680,1.36,22,1,0.0,0.0,0.0,0.05817378497790869,,,0.018217376162027486,0.9838235294117647,0.04018538859270769,0.008894366008519302,0.21091573032863495,0.9512054920196533,0.9235654653167842,0.7639276826976792,0.979800144667399,2.0,60.168,0.9999667608442746,30085.0,60.17,18.0,1.0,1.0,73.146,1.0,36573.0,73.146,26.0,1.0
IMG-AD73EFA971,roi_erode1,8.0,3,1.6310971;2.4108468;3.5982528,0.7797496729688236,0.7284345047923323,5130,-0.0353124203381134,0,0,0.1937046004842615,0.21695071395670198,0.6489698890649762,4,2.8199999999999994,0.9978768577494692,1413,2.8259999999999996,14,1,5,9.291999999999998,0.9454619454619455,4914,9.827999999999998,14,1,,0.0,0.0,0,0.0,0.0,0,0.0,0,0,0,0.0,0.0,0,0.0,0,0,0.0,0.0,0.0,0.04022723783202825,,,0.0,0.0,0.0,0.08379556259904913,,,0.5419532324621733,0.783049286043298,0.3510301109350238,1.0,10.199999999999998,1.0,5100.0,10.199999999999998,15.0,1.0,5.0,3.4419999999999993,0.6474793077501881,2658.0,5.315999999999999,20.0,1.0
IMG-D31CF4ABF7,roi_erode1,8.0,3,1.6310971;2.4108468;3.5982528,0.7797496729688236,0.6146341463414634,2268,0.46939720395804074,0,0,,0.016356710732691015,0.0,1,0.14599999999999996,1.0,73,0.14599999999999996,6,0,0,0.0,0.0,0,0.0,0,0,0.9891940567312022,0.88303831503473,0.984916009598903,1,7.881999999999999,1.0,3941,7.881999999999999,21,1,3,5.733999999999999,0.9979115906717717,2873,5.745999999999999,18,1,0.88303831503473,1.0,0.11203226529240423,0.06285010082903877,0.34580696590266563,2.2296483516693115,0.984916009598903,0.9979115906717717,0.5142269454919439,0.011312992800822765,0.37628059065389363,,0.48936170212765956,0.10060497423257898,0.015083990401097017,8.0,0.42799999999999994,0.4766146993318486,449.0,0.8979999999999999,16.0,1.0,3.0,0.08199999999999999,0.9318181818181818,44.0,0.08799999999999998,9.0,0.0
IMG-182FA24923,roi_erode1,8.0,3,1.6310971;2.4108468;3.5982528,0.7797496729688236,0.649614576033637,2781,1.0,0,0,1.0,1.0,1.0,1,5.643999999999999,1.0,2822,5.643999999999999,4,1,1,11.479999999999999,1.0,5740,11.479999999999999,8,1,,0.0,0.0,0,0.0,0.0,0,0.0,0,0,0,0.0,0.0,0,0.0,0,0,0.0,0.0,0.0,0.0,,,0.0,0.0,0.0,0.0,,,,0.0,0.0,0.0,0.0,0.0,0.0,0.0,0.0,0.0,0.0,0.0,0.0,0.0,0.0,0.0,0.0
IMG-B1DBEB52F4,roi_erode1,8.0,3,1.6310971;2.4108468;3.5982528,0.7797496729688236,0.47349148224804966,11896,0.44473639312596014,0,0,,0.0,0.0002352203230359103,0,0.0,0.0,0,0.0,0,0,1,0.017999999999999995,1.0,9,0.017999999999999995,6,0,0.9689801383619727,0.9113131987318538,0.9737860017772202,4,21.779999999999998,0.9969788519637462,10923,21.845999999999997,25,1,3,74.50999999999999,0.9998926433881746,37259,74.51799999999999,37,1,0.9113131987318538,0.9969788519637462,0.16686133822793262,0.02215084264975805,0.33596278142576036,,0.9737860017772202,0.9998926433881746,0.039203387172651726,0.0073963723799069575,0.28884218364763975,2.5892773866653442,0.4989185291997116,0.08868680126814617,0.02597877789974387,9.0,1.1099999999999999,0.522107243650047,1063.0,2.1259999999999994,19.0,1.0,3.0,1.9259999999999995,0.9688128772635815,994.0,1.9879999999999995,22.0,1.0
IMG-825C59B3C8,roi_erode1,8.0,3,1.6310971;2.4108468;3.5982528,0.7797496729688236,0.8525089885884009,10907,0.8355569209169202,0,0,0.8696629213483146,0.03358714043993232,0.05904997094712377,6,0.5339999999999999,0.672544080604534,397,0.7939999999999998,11,1,6,0.9719999999999998,0.5977859778597786,813,1.6259999999999994,12,1,0.9417001723147617,0.3537225042301184,0.2892213829169088,6,8.065999999999999,0.9646017699115044,4181,8.361999999999998,21,1,1,7.963999999999998,1.0,3982,7.963999999999998,19,1,0.3537225042301184,0.9646017699115044,0.2538071065989848,0.0876057529610829,0.35287281006274596,1.6690312623977661,0.2892213829169088,1.0,0.036316095293434054,0.08984601975595585,0.30567535209510716,1.5576503276824951,0.9626074498567335,0.6126903553299492,0.6517286461359675,2.0,14.481999999999996,0.9998619165976249,7242.0,14.483999999999996,16.0,1.0,8.0,17.683999999999997,0.9854006463835953,8973.0,17.945999999999998,17.0,1.0
IMG-DA4569F340,roi_erode1,8.0,3,1.6310971;2.4108468;3.5982528,0.7797496729688236,0.6401736516947738,3834,0.0,0,0,0.9997391077484998,1.0,0.9992371265098537,1,8.225999999999997,1.0,4113,8.225999999999997,9,1,3,15.709999999999997,0.9994910293930526,7859,15.717999999999998,9,1,,0.0,0.0,0,0.0,0.0,0,0.0,0,0,0,0.0,0.0,0,0.0,0,0,0.0,0.0,0.0,0.0,,,0.0,0.0,0.0,0.0012714558169103626,,,0.0,0.0,0.0007628734901462174,0.0,0.0,0.0,0.0,0.0,0.0,0.0,1.0,0.011999999999999999,1.0,6.0,0.011999999999999999,3.0,0.0
IMG-8BF8DD5DE4,roi_erode1,8.0,3,1.6310971;2.4108468;3.5982528,0.7797496729688236,0.6334719568393841,5636,0.6692493013259203,0,0,0.8450608930987822,0.2272341628959276,0.25041969781757134,2,3.142,0.9775980087118855,1607,3.214,13,1,7,5.174,0.9635009310986965,2685,5.37,13,1,0.7901907356948229,0.021917420814479636,0.046726357022943484,2,0.308,0.9935483870967742,155,0.31,8,0,1,1.002,1.0,501,1.002,13,1,0.021917420814479636,0.9935483870967742,0.1414027149321267,0.09198246606334842,0.22136582596265836,1.2871992588043213,0.046726357022943484,1.0,0.04663309084126096,0.08268047006155568,0.3393795860395237,1.1813386678695679,0.932947540571141,0.7508484162895928,0.7028539451594852,1.0,10.62,1.0,5310.0,10.62,16.0,1.0,3.0,15.022,0.9966825902335457,7536.0,15.072,13.0,1.0
IMG-16B3264BD9,roi_erode1,8.0,3,1.6310971;2.4108468;3.5982528,0.7797496729688236,0.4472295514511873,678,0.699272167427043,0,0,0.7857142857142857,0.2363083164300203,0.21163245356793745,1,0.4659999999999998,1.0,233,0.4659999999999998,8,0,4,0.7039999999999997,0.812933025404157,433,0.8659999999999997,14,1,0.0,0.0,0.008308895405669599,0,0.0,0.0,0,0.0,0,0,3,0.02999999999999999,0.8823529411764706,17,0.03399999999999999,9,0,0.0,0.0,0.0,0.04563894523326572,,,0.008308895405669599,0.8823529411764706,0.7331378299120237,0.1444281524926686,0.24253562503633302,1.3713531494140625,0.9688289806234204,0.7636916835699797,0.7800586510263929,2.0,1.5039999999999996,0.99867197875166,753.0,1.5059999999999996,12.0,1.0,1.0,3.1919999999999993,1.0,1596.0,3.1919999999999993,17.0,1.0
IMG-34B5A93F0D,roi_erode1,8.0,3,1.6310971;2.4108468;3.5982528,0.7797496729688236,0.5397348006494678,11967,0.035520843110819766,0,0,0.7298059566787004,0.7985908476265035,0.45844107868489103,6,44.38999999999999,0.9889938508154353,22442,44.88399999999999,17,1,3,14.833999999999998,0.9961052914316412,7446,14.891999999999998,14,1,0.0,0.023521457547505516,0.009420022164758035,1,1.3219999999999998,1.0,661,1.3219999999999998,14,1,2,0.20799999999999996,0.6797385620915033,153,0.30599999999999994,12,0,0.023521457547505516,1.0,0.017792327948188743,0.05127748914667995,0.5255379403471571,1.610283613204956,0.009420022164758035,0.6797385620915033,0.06156877231867998,0.07003447851249847,0.22882835568514945,1.2831428050994873,0.2273460174137375,0.17788769482599104,0.532138899150351,6.0,8.877999999999998,0.8879775955191038,4999.0,9.997999999999998,17.0,1.0,5.0,14.351999999999999,0.8302672683096147,8643.0,17.285999999999998,21.0,1.0
IMG-893073F906,roi_erode1,8.0,3,1.6310971;2.4108468;3.5982528,0.7797496729688236,0.5763648116589293,4904,0.23316962272519912,0,0,,0.0,0.0014456089627755693,0,0.0,0.0,0,0.0,0,0,2,0.03,0.9375,16,0.032,5,0,0.9374235856396577,0.8234997478567827,0.9124503071919046,1,9.798,1.0,4899,9.798,16,1,2,20.196,0.9999009802950787,10099,20.198,34,1,0.8234997478567827,1.0,0.08404773911581778,0.06345604303244243,0.3325466682161609,,0.9124503071919046,0.9999009802950787,0.09035056017347308,0.03731478135164438,0.3580241081618556,2.674540877342224,0.30579531442663377,0.17650025214321735,0.08610408384531984,5.0,0.896,0.4266666666666667,1050.0,2.1,16.0,1.0,15.0,0.846,0.4438614900314795,953.0,1.906,22.0,1.0
IMG-EE9195B25E,roi_erode1,8.0,3,1.6310971;2.4108468;3.5982528,0.7797496729688236,0.6987073532528078,8243,-0.03449057152711101,0,0,0.008849557522123894,0.0005881660981061052,0.0514111567510269,3,0.003999999999999999,0.4,5,0.009999999999999998,4,0,8,0.7219999999999999,0.4652061855670103,776,1.5519999999999996,10,1,0.011661807580174927,0.041877426185154686,0.015237842851464158,3,0.6839999999999999,0.9606741573033708,356,0.7119999999999999,10,1,3,0.4539999999999999,0.9869565217391304,230,0.4599999999999999,18,0,0.041877426185154686,0.9606741573033708,0.1764498294318316,0.01835078226091048,0.36548942421111597,1.502966046333313,0.015237842851464158,0.9869565217391304,0.09937723598780976,0.029780045051013646,0.23200298931341473,1.0078449249267578,0.9498438595373144,0.9575344077167393,0.933351000397509,6.0,16.253999999999998,0.9984029484029484,8140.0,16.279999999999998,12.0,1.0,1.0,28.17599999999999,1.0,14088.0,28.17599999999999,20.0,1.0
IMG-8F0C09D99C,roi_erode1,8.0,3,1.6310971;2.4108468;3.5982528,0.7797496729688236,0.7574915947960824,2591,0.33054539481471235,0,0,,0.0,0.0004924895345973898,0,0.0,0.0,0,0.0,0,0,2,0.0019999999999999996,0.5,2,0.003999999999999999,2,0,0.5769554247266611,0.3665467625899281,0.13789706968726914,2,1.7819999999999996,0.8743866535819431,1019,2.0379999999999994,16,1,7,0.47599999999999987,0.425,560,1.1199999999999997,19,1,0.3665467625899281,0.8743866535819431,0.35971223021582743,0.17464028776978416,0.4087851770256876,,0.13789706968726914,0.425,0.8618566855454324,0.0859394237872445,0.3097641089567432,1.4096264839172363,0.8740295517155021,0.633453237410072,0.8616104407781334,2.0,3.519999999999999,0.9994321408290744,1761.0,3.521999999999999,17.0,1.0,1.0,6.997999999999998,1.0,3499.0,6.997999999999998,16.0,1.0
IMG-EDA063D47C,roi_erode1,8.0,3,1.6310971;2.4108468;3.5982528,0.7797496729688236,0.6069277940445279,5493,0.19239247738274878,0,0,0.05449722691102001,0.7359161187133464,0.014590347923681257,1,8.282,1.0,4141,8.282,15,1,4,0.312,0.8571428571428571,182,0.364,8,0,0.0,0.0,0.15223665223665223,0,0.0,0.0,0,0.0,0,0,8,2.342,0.616640337019484,1899,3.798,23,1,0.0,0.0,0.0,0.10805047094366448,,,0.15223665223665223,0.616640337019484,0.320666987333654,0.0879028379028379,0.39645498776614674,1.0562968254089355,0.338662113922086,0.2640838812866536,0.8331729998396665,10.0,1.504,0.506056527590848,1486.0,2.972,20.0,1.0,3.0,20.77,0.9992302511305686,10393.0,20.786,23.0,1.0
IMG-7350051976,roi_erode1,8.0,3,1.6310971;2.4108468;3.5982528,0.7797496729688236,0.725830361793341,9058,0.19058949537690598,0,0,0.4013409961685824,0.3684038377671173,0.15569772597706974,7,5.093999999999999,0.753773305711749,3379,6.757999999999999,12,1,7,3.1419999999999995,0.6391375101708706,2458,4.9159999999999995,14,1,0.9901960784313726,0.0113388573920628,0.013682143535820613,2,0.20599999999999996,0.9903846153846154,104,0.20799999999999996,11,0,2,0.4179999999999999,0.9675925925925926,216,0.43199999999999994,16,0,0.0113388573920628,0.9903846153846154,0.10902747492368078,0.09207370257304841,0.2961660698307905,1.306214690208435,0.013682143535820613,0.9675925925925926,0.06334325711028062,0.07465002850446571,0.26049138739569505,1.4939171075820923,0.8178509027373325,0.6202573048408199,0.8306201304871097,3.0,10.799999999999999,0.9492002109333803,5689.0,11.377999999999998,15.0,1.0,2.0,26.219999999999995,0.9997712194005949,13113.0,26.225999999999996,21.0,1.0
IMG-4950E13031,roi_erode1,8.0,3,1.6310971;2.4108468;3.5982528,0.7797496729688236,0.6984738955823293,6522,0.7721189593309401,0,0,0.9662856035652005,0.7368491321762349,0.7948144836835047,2,11.035999999999998,0.9998188077550281,5519,11.037999999999998,11,1,5,17.639999999999997,0.9921259842519685,8890,17.779999999999998,15,1,,0.0,0.0,0,0.0,0.0,0,0.0,0,0,0,0.0,0.0,0,0.0,0,0,0.0,0.0,0.0,0.06935914552736984,,,0.0,0.0,0.0,0.05985695127402772,,,0.8721528288023512,0.263150867823765,0.20518551631649531,2.0,3.7359999999999998,0.9477422628107559,1971.0,3.9419999999999997,13.0,1.0,2.0,4.581999999999999,0.9982570806100218,2295.0,4.589999999999999,15.0,1.0
IMG-9E2C4ABE0B,roi_dilate1,8.0,2,1.9053923;3.2567736,1.3513812383272357,0.6286744002703007,13955,0.22220799114951031,0,0,0.8898596992354868,0.9425459205467749,0.7692180961481433,1,26.477999999999994,1.0,13239,26.477999999999994,22,1,1,46.68999999999999,1.0,23345,46.68999999999999,27,1,0.3611111111111111,0.057454079453225115,0.23078190385185673,7,1.1539999999999997,0.7149938042131351,807,1.6139999999999994,20,1,9,13.051999999999996,0.931753283837807,7004,14.007999999999996,26,1,0.057454079453225115,0.7149938042131351,0.24918126156913006,0.0373415919122882,0.3579197356433944,0.5602691173553467,0.23078190385185673,0.931753283837807,0.14827506672378005,0.09716959372631717,0.2965185734440644,0.6921112537384033,,,,,,,,,,,,,,,,,
IMG-D0FB6C7AE7,roi_dilate1,8.0,2,1.9053923;3.2567736,1.3513812383272357,0.7024733619401186,7285,0.230220129438629,0,0,0.9432256151793655,0.9707989725564418,0.838878896882494,1,14.362,1.0,7181,14.362,17,1,1,22.388,1.0,11194,22.388,20,1,0.2894248608534323,0.029201027443558198,0.161121103117506,3,0.236,0.5462962962962963,216,0.432,13,0,14,2.276,0.5293023255813953,2150,4.3,20,1,0.029201027443558198,0.5462962962962963,0.20278491280248748,0.0189265918615655,0.23258668126089713,1.2501552104949951,0.161121103117506,0.5293023255813953,0.5245803357314149,0.07894934052757793,0.20318168765593927,1.395906686782837,,,,,,,,,,,,,,,,,
IMG-1815129EC4,roi_dilate1,8.0,2,1.9053923;3.2567736,1.3513812383272357,0.891061238068429,52230,0.26600874923895657,0,0,0.9389419959420169,0.9735769932323008,0.8435205736725286,1,114.222,1.0,57111,114.222,26,1,1,98.81,1.0,49405,98.81,28,1,0.34004069635993667,0.026423006767699153,0.1564794263274714,5,2.952,0.952258064516129,1550,3.1,21,1,14,15.698,0.8564102564102564,9165,18.33,26,1,0.026423006767699153,0.952258064516129,0.04261775285112766,0.008685498031059818,0.14380642312201689,0.5967569351196289,0.1564794263274714,0.8564102564102564,0.11951511012463718,0.04810483182516647,0.38190595278568895,0.3344855308532715,,,,,,,,,,,,,,,,,
IMG-AD73EFA971,roi_dilate1,8.0,2,1.9053923;3.2567736,1.3513812383272357,0.7509924038225925,15324,0.059362437898450054,0,0,0.9139593002499108,0.8589013224821973,0.9856264775413711,2,33.75999999999999,0.9996446760630108,16886,33.77199999999999,30,1,1,41.69199999999999,1.0,20846,41.69199999999999,29,1,0.08642911296436695,0.14109867751780264,0.014373522458628841,15,2.9499999999999997,0.5317231434751262,2774,5.547999999999999,29,1,11,0.24399999999999994,0.40131578947368424,304,0.6079999999999999,14,1,0.14109867751780264,0.5317231434751262,0.3814852492370296,0.06263987792472024,0.28502201302871194,0.48191404342651367,0.014373522458628841,0.40131578947368424,0.2600472813238771,0.012505910165484633,0.1712882526935706,0.8389275074005127,,,,,,,,,,,,,,,,,
IMG-D31CF4ABF7,roi_dilate1,8.0,2,1.9053923;3.2567736,1.3513812383272357,0.7626734914853824,7748,0.5598856699211087,0,0,0.6274848746758859,0.11148209979595622,0.12741191275167785,10,1.4999999999999998,0.6239600665557404,1202,2.4039999999999995,17,1,9,1.7199999999999998,0.7078189300411523,1215,2.4299999999999997,16,1,0.9699421159076644,0.8885179002040438,0.8725880872483222,1,19.159999999999997,1.0,9580,19.159999999999997,28,1,1,16.641999999999996,1.0,8321,16.641999999999996,27,1,0.8885179002040438,1.0,0.046373585605639034,0.06269708773882397,0.3499851425080112,1.2829406261444092,0.8725880872483222,1.0,0.05243288590604028,0.0714660234899329,0.35225148797687345,1.418910026550293,,,,,,,,,,,,,,,,,
IMG-182FA24923,roi_dilate1,8.0,2,1.9053923;3.2567736,1.3513812383272357,0.7787579853113729,8960,1.0,0,0,1.0,1.0,1.0,1,18.009999999999998,1.0,9005,18.009999999999998,9,1,1,28.011999999999997,1.0,14006,28.011999999999997,10,1,,0.0,0.0,0,0.0,0.0,0,0.0,0,0,0,0.0,0.0,0,0.0,0,0,0.0,0.0,0.0,0.0,,,0.0,0.0,0.0,0.0,,,,,,,,,,,,,,,,,,,
IMG-B1DBEB52F4,roi_dilate1,8.0,2,1.9053923;3.2567736,1.3513812383272357,0.6903366412052221,32626,0.5215522023583806,0,0,0.538996138996139,0.010682910404358873,0.03938370006305272,3,0.6619999999999999,0.9484240687679083,349,0.6979999999999998,20,1,9,3.661999999999999,0.7516420361247947,2436,4.871999999999999,24,1,0.9906656034523196,0.9893170895956411,0.9606162999369473,1,64.63999999999999,1.0,32320,64.63999999999999,35,1,1,118.83399999999997,1.0,59417,118.83399999999997,43,1,0.9893170895956411,1.0,0.015305029232605839,0.004300713214362239,0.330028625357244,1.8297481536865234,0.9606162999369473,1.0,0.008083682278951709,0.015156904273034453,0.2950726131075389,2.0137505531311035,,,,,,,,,,,,,,,,,
IMG-825C59B3C8,roi_dilate1,8.0,2,1.9053923;3.2567736,1.3513812383272357,0.9006162421007183,22945,0.7274897017065046,0,0,0.9116074237181504,0.3934266739985618,0.4554241569948376,5,17.807999999999996,0.9573164175895065,9301,18.601999999999997,21,1,5,24.743999999999993,0.9946137149288528,12439,24.877999999999993,21,1,0.9371270883054893,0.6065733260014382,0.5445758430051624,3,28.48399999999999,0.993165969316597,14340,28.679999999999993,27,1,6,29.51599999999999,0.9922011563802609,14874,29.747999999999994,27,1,0.6065733260014382,0.993165969316597,0.06344909267797472,0.0811936889302483,0.3610473405923677,0.8782503604888916,0.5445758430051624,0.9922011563802609,0.10983780617288474,0.07152271811957676,0.3288229666487668,0.8350989818572998,,,,,,,,,,,,,,,,,
IMG-DA4569F340,roi_dilate1,8.0,2,1.9053923;3.2567736,1.3513812383272357,0.6899761264392131,11416,1.0,0,0,1.0,1.0,0.9999073473547669,1,23.009999999999998,1.0,11505,23.009999999999998,16,1,1,43.16799999999999,1.0,21584,43.16799999999999,16,1,,0.0,9.26526452330214e-05,0,0.0,0.0,0,0.0,0,0,1,0.003999999999999999,1.0,2,0.003999999999999999,2,0,0.0,0.0,0.0,0.0,,,9.26526452330214e-05,1.0,0.023163161308255357,0.00018530529046604285,0.09999999999999999,1.1758556365966797,,,,,,,,,,,,,,,,,
IMG-8BF8DD5DE4,roi_dilate1,8.0,2,1.9053923;3.2567736,1.3513812383272357,0.770711736881414,13931,0.4442487378159286,0,0,0.903850609332283,0.8141674333026679,0.6452316076294278,2,22.886,0.9946110386788353,11505,23.01,21,1,2,28.364,0.998170045045045,14208,28.416,20,1,0.6696385925807993,0.1858325666973321,0.3547683923705722,12,4.272,0.8134044173648134,2626,5.252,20,1,4,14.97,0.9581413210445469,7812,15.624,24,1,0.1858325666973321,0.8134044173648134,0.42459840067935745,0.06878494091005591,0.26858558793476656,0.676471471786499,0.3547683923705722,0.9581413210445469,0.09082652134423251,0.10102179836512262,0.2724902468589412,0.6289691925048828,,,,,,,,,,,,,,,,,
IMG-16B3264BD9,roi_dilate1,8.0,2,1.9053923;3.2567736,1.3513812383272357,0.7356379425517702,4405,0.8798612639637592,0,0,0.9853380396415965,0.8334605112552461,0.8608553608553609,2,8.727999999999996,0.9988555733577478,4369,8.737999999999996,22,1,1,11.593999999999996,1.0,5797,11.593999999999996,25,1,0.925207756232687,0.1665394887447539,0.13914463914463915,8,0.5499999999999998,0.3150057273768614,873,1.7459999999999993,20,1,11,0.7219999999999998,0.3852721451440768,937,1.8739999999999992,25,1,0.1665394887447539,0.3150057273768614,0.7630675314765359,0.14231209462037392,0.3510873594323256,0.6709811687469482,0.13914463914463915,0.3852721451440768,0.816750816750817,0.12243837243837244,0.39126079732309066,0.6769914627075195,,,,,,,,,,,,,,,,,
IMG-34B5A93F0D,roi_dilate1,8.0,2,1.9053923;3.2567736,1.3513812383272357,0.676899428080566,29944,0.08257646084968834,0,0,0.9096032710796773,0.9652559420346464,0.7640256499691449,1,98.84799999999998,1.0,49424,98.84799999999998,24,1,3,56.61599999999999,0.9941002949852508,28476,56.95199999999999,27,1,0.12263139077583125,0.03474405796535359,0.2359743500308551,7,2.9679999999999995,0.8341765036537381,1779,3.5579999999999994,15,1,11,16.389999999999997,0.9317794201250711,8795,17.589999999999996,31,1,0.03474405796535359,0.8341765036537381,0.06835536980255064,0.01483311524715349,0.42306744776155236,1.132875919342041,0.2359743500308551,0.9317794201250711,0.14756781411821526,0.06105282927745433,0.32064239511162546,0.7946622371673584,,,,,,,,,,,,,,,,,
IMG-893073F906,roi_dilate1,8.0,2,1.9053923;3.2567736,1.3513812383272357,0.735609997525365,14863,0.028425559522662097,0,0,0.04663382594417077,0.20482297355341475,0.028117612905901382,6,4.406,0.6599760335530258,3338,6.676,20,1,5,0.782,0.5766961651917404,678,1.356,19,1,0.8911959821595892,0.7951770264465853,0.9718823870940986,1,25.918,1.0,12959,25.918,24,1,1,46.87,1.0,23435,46.87,38,1,0.7951770264465853,1.0,0.030680493342332943,0.06074737681781923,0.3823944124364834,1.0045626163482666,0.9718823870940986,1.0,0.02073570273296562,0.01623605523991208,0.33027759645818644,1.4585070610046387,,,,,,,,,,,,,,,,,
IMG-EE9195B25E,roi_dilate1,8.0,2,1.9053923;3.2567736,1.3513812383272357,0.8360574730120116,21995,0.5028016718586457,0,0,0.8447916161273107,0.4167828394117912,0.48296520622798644,1,18.535999999999998,1.0,9268,18.535999999999998,28,1,2,29.339999999999993,0.9998636859323882,14672,29.343999999999994,28,1,0.863167800162539,0.5832171605882088,0.5170347937720136,12,25.397999999999993,0.9791811242192922,12969,25.93799999999999,29,1,3,31.407999999999994,0.9998090023556376,15707,31.413999999999994,32,1,0.5832171605882088,0.9791811242192922,0.2698205693214013,0.09077213652920807,0.3530295662760064,0.5408215522766113,0.5170347937720136,0.9998090023556376,0.04937621383192338,0.09442377958458147,0.319708956687827,0.542245626449585,,,,,,,,,,,,,,,,,
IMG-8F0C09D99C,roi_dilate1,8.0,2,1.9053923;3.2567736,1.3513812383272357,0.8319586359719315,6758,0.17943257697838091,0,0,0.41225441225441223,0.09284605615916466,0.40244568184299595,5,1.0079999999999998,0.7659574468085106,658,1.3159999999999998,18,1,2,7.3599999999999985,0.9983722192078134,3686,7.371999999999998,20,1,0.8321126224674212,0.9071539438408354,0.597554318157004,1,12.857999999999997,1.0,6429,12.857999999999997,26,1,2,10.925999999999998,0.9981728485291431,5473,10.945999999999998,28,1,0.9071539438408354,1.0,0.0705517144066601,0.06356709468040074,0.37244131785996776,0.6714756488800049,0.597554318157004,0.9981728485291431,0.10918222513374824,0.1421006660115733,0.3537617669046604,0.5806739330291748,,,,,,,,,,,,,,,,,
IMG-EDA063D47C,roi_dilate1,8.0,2,1.9053923;3.2567736,1.3513812383272357,0.6687666952270551,13269,-0.02802103469504765,0,0,0.5573360609160132,0.9551439410845793,0.21788177903121309,1,25.68,1.0,12840,25.68,22,1,3,10.138,0.8866538394262725,5717,11.434,26,1,0.12863534675615212,0.04485605891542067,0.7821182209687869,10,0.788,0.6533996683250415,603,1.206,20,1,3,40.754,0.9929344118506969,20522,41.044,36,1,0.04485605891542067,0.6533996683250415,0.37194078702670536,0.034553299114780923,0.373315189493539,0.48021388053894043,0.7821182209687869,0.9929344118506969,0.057166812759632604,0.08333015739929113,0.3732664682374134,0.614635705947876,,,,,,,,,,,,,,,,,
IMG-7350051976,roi_dilate1,8.0,2,1.9053923;3.2567736,1.3513812383272357,0.8182982096043245,20133,0.14493265197314345,0,0,0.9244442028591618,0.9828260331601089,0.8185642369491759,1,39.715999999999994,1.0,19858,39.715999999999994,21,1,2,47.017999999999994,0.9902695871946082,23740,47.47999999999999,26,1,0.19930875576036866,0.017173966839891117,0.1814357630508241,2,0.6359999999999999,0.9164265129682997,347,0.6939999999999998,14,1,8,4.579999999999999,0.43519574306347397,5262,10.523999999999997,23,1,0.017173966839891117,0.9164265129682997,0.049492699826775566,0.008933432318732988,0.2314223004819732,0.8321225643157959,0.1814357630508241,0.43519574306347397,0.13792152265361013,0.08099441417833254,0.2797630938314458,0.7365450859069824,,,,,,,,,,,,,,,,,
IMG-4950E13031,roi_dilate1,8.0,2,1.9053923;3.2567736,1.3513812383272357,0.7675896617899958,15399,0.33648429298885085,0,0,0.9787848271231957,0.9630163605591425,0.90471659081506,1,30.725999999999996,1.0,15363,30.725999999999996,18,1,1,43.733999999999995,1.0,21867,43.733999999999995,21,1,0.373015873015873,0.036983639440857516,0.09528340918494001,11,0.8719999999999999,0.7389830508474576,590,1.1799999999999997,15,1,15,2.9339999999999997,0.6369952236213634,2303,4.605999999999999,20,1,0.036983639440857516,0.7389830508474576,0.34476274055036676,0.02403936563655739,0.23186490161146786,0.6826921701431274,0.09528340918494001,0.6369952236213634,0.31030202730657847,0.056992139015308245,0.18459519802943924,0.9418426752090454,,,,,,,,,,,,,,,,,
IMG-9E2C4ABE0B,roi_dilate1,8.0,3,1.6310971;2.4108468;3.5982528,0.7797496729688236,0.6286744002703007,13955,0.22710490052623572,0,0,0.48686448686448686,0.27694717357254733,0.2522982635342186,4,3.549999999999999,0.45629820051413883,3890,7.7799999999999985,17,1,4,12.421999999999997,0.8111531931565887,7657,15.313999999999997,20,1,0.10186757215619695,0.0021358393848782574,0.04949092227091502,3,0.03599999999999999,0.6,30,0.059999999999999984,12,0,20,0.7919999999999998,0.2636484687083888,1502,3.0039999999999996,24,1,0.0021358393848782574,0.6,0.10679196924391289,0.10081161896625375,0.16264269091471475,1.5175316333770752,0.04949092227091502,0.2636484687083888,0.3295001482750668,0.11572045207420344,0.21489055068353088,1.694081425666809,0.8527462551066727,0.7209169870425745,0.6982108141948664,3.0,20.215999999999998,0.9982223977878728,10126.0,20.251999999999995,23.0,1.0,5.0,42.14399999999999,0.99443133553563,21190.0,42.379999999999995,28.0,1.0
IMG-D0FB6C7AE7,roi_dilate1,8.0,3,1.6310971;2.4108468;3.5982528,0.7797496729688236,0.7024733619401186,7285,0.18902119708534726,0,0,0.6716888934134175,0.8890090577261052,0.45930755395683454,1,13.152,1.0,6576,13.152,13,1,2,11.828,0.9649208680045684,6129,12.258,19,1,0.0,0.0,0.08160971223021583,0,0.0,0.0,0,0.0,0,0,13,1.29,0.5922865013774105,1089,2.178,20,1,0.0,0.0,0.0,0.0416385020954441,,,0.08160971223021583,0.5922865013774105,0.48711031175059955,0.17461031175059952,0.20406302006995958,1.7107750177383423,0.11193850588517895,0.11099094227389482,0.4590827338129496,3.0,1.602,0.9756394640682094,821.0,1.642,15.0,1.0,8.0,11.404,0.930786810316683,6126.0,12.252,20.0,1.0
IMG-1815129EC4,roi_dilate1,8.0,3,1.6310971;2.4108468;3.5982528,0.7797496729688236,0.891061238068429,52230,0.047818041797973256,0,0,0.09381098410928353,0.3051942517174954,0.017483353252518354,3,33.786,0.9435848740434564,17903,35.806,21,1,6,0.632,0.30859375,1024,2.048,20,1,0.43636363636363634,0.0011932970798315746,0.006761140515622332,2,0.088,0.6285714285714286,70,0.14,15,0,6,0.5,0.6313131313131313,396,0.792,19,1,0.0011932970798315746,0.6285714285714286,0.017047101140451066,0.05946028877789332,0.060558061405586436,1.3937628269195557,0.006761140515622332,0.6313131313131313,0.05122076148198736,0.01467474816458938,0.08016423631768779,1.1235649585723877,0.8548476700517766,0.693612451202673,0.9757555062318594,4.0,81.368,0.9999016909162407,40688.0,81.376,27.0,1.0,1.0,114.3,1.0,57150.0,114.3,29.0,1.0
IMG-AD73EFA971,roi_dilate1,8.0,3,1.6310971;2.4108468;3.5982528,0.7797496729688236,0.7509924038225925,15324,-0.023023690358249145,0,0,0.4566548257879223,0.27792472024415055,0.633096926713948,8,4.623999999999999,0.42313323572474376,5464,10.927999999999999,25,1,4,26.10599999999999,0.9748319641523525,13390,26.779999999999994,24,1,0.06756756756756757,0.00757884028484232,0.000425531914893617,6,0.13799999999999998,0.46308724832214765,149,0.29799999999999993,14,0,3,0.007999999999999998,0.4444444444444444,9,0.017999999999999995,5,0,0.00757884028484232,0.46308724832214765,0.15259409969481183,0.08845371312309258,0.14494248494649953,1.5962544679641724,0.000425531914893617,0.4444444444444444,0.07092198581560286,0.0842789598108747,0.11055968780110992,1.6018455028533936,0.5796513984596676,0.7144964394710072,0.3664775413711584,9.0,26.869999999999994,0.9564319783583684,14047.0,28.093999999999994,32.0,1.0,5.0,14.931999999999997,0.9632305508966585,7751.0,15.501999999999997,29.0,1.0
IMG-D31CF4ABF7,roi_dilate1,8.0,3,1.6310971;2.4108468;3.5982528,0.7797496729688236,0.7626734914853824,7748,0.6728469619044956,0,0,0.30927835051546393,0.007976256724169913,0.029886744966442953,4,0.14599999999999996,0.8488372093023255,86,0.17199999999999996,8,0,7,0.4779999999999999,0.8385964912280702,285,0.5699999999999998,12,1,0.9480020063534526,0.6935633463179373,0.7075293624161074,1,14.955999999999998,1.0,7478,14.955999999999998,27,1,2,13.479999999999999,0.9989625018526752,6747,13.493999999999998,26,1,0.6935633463179373,1.0,0.046373585605639034,0.12006121313299944,0.36711333219625136,1.9040138721466064,0.7075293624161074,0.9989625018526752,0.10486577181208057,0.15263213087248323,0.37861725897968845,2.1024335622787476,0.7995344777422171,0.2984603969578928,0.2625838926174497,3.0,5.1899999999999995,0.8064014916096954,3218.0,6.435999999999999,20.0,1.0,9.0,4.113999999999999,0.8214856230031949,2504.0,5.007999999999999,21.0,1.0
IMG-182FA24923,roi_dilate1,8.0,3,1.6310971;2.4108468;3.5982528,0.7797496729688236,0.7787579853113729,8960,1.0,0,0,1.0,1.0,0.9987862344709411,1,18.009999999999998,1.0,9005,18.009999999999998,9,1,1,27.977999999999998,1.0,13989,27.977999999999998,10,1,,0.0,0.0,0,0.0,0.0,0,0.0,0,0,0,0.0,0.0,0,0.0,0,0,0.0,0.0,0.0,0.0,,,0.0,0.0,0.0,0.0017492503212908754,,,,0.0,0.0012137655290589747,0.0,0.0,0.0,0.0,0.0,0.0,0.0,2.0,0.023999999999999997,0.7058823529411765,17.0,0.033999999999999996,4.0,0.0
IMG-B1DBEB52F4,roi_dilate1,8.0,3,1.6310971;2.4108468;3.5982528,0.7797496729688236,0.6903366412052221,32626,0.8918041568545201,0,0,0.2,0.0004897609354433867,0.009086058881541719,2,0.027999999999999994,0.875,16,0.031999999999999994,7,0,7,0.4859999999999999,0.43238434163701067,562,1.1239999999999997,22,1,0.99312555772218,0.9333619027212342,0.8910966323379625,1,60.98399999999999,1.0,30492,60.98399999999999,35,1,2,110.23199999999997,0.9999818567774008,55117,110.23399999999997,43,1,0.9333619027212342,1.0,0.015305029232605839,0.015335639291071046,0.3318804639745304,2.7115719318389893,0.8910966323379625,0.9999818567774008,0.016167364557903418,0.03825198454399949,0.30457302977571116,2.535935163497925,0.9084357778719796,0.06614833634332241,0.09981730878049569,3.0,4.269999999999999,0.987968533086534,2161.0,4.321999999999999,23.0,1.0,8.0,8.299999999999999,0.6721736313573048,6174.0,12.347999999999997,31.0,1.0
IMG-825C59B3C8,roi_dilate1,8.0,3,1.6310971;2.4108468;3.5982528,0.7797496729688236,0.9006162421007183,22945,0.5615110530755356,0,0,0.8547215496368039,0.07723869548665455,0.07886354483213122,10,1.5159999999999998,0.41511500547645125,1826,3.6519999999999992,19,1,9,2.6519999999999997,0.6155988857938719,2154,4.307999999999999,18,1,0.773401873808142,0.3216023010870945,0.19902610478526708,5,15.025999999999996,0.9881625674076022,7603,15.205999999999996,27,1,11,9.371999999999998,0.8620309050772627,5436,10.871999999999998,26,1,0.3216023010870945,0.9881625674076022,0.10574848779662453,0.09910748276299648,0.3267613862808946,1.6774909496307373,0.19902610478526708,0.8620309050772627,0.20136931131695535,0.08409914692637206,0.3174024308151819,1.6783874034881592,0.8947420147420148,0.6011590034262511,0.7221103503826017,8.0,27.843999999999994,0.9795947086968759,14212.0,28.423999999999992,23.0,1.0,1.0,39.44599999999999,1.0,19723.0,39.44599999999999,24.0,1.0
IMG-DA4569F340,roi_dilate1,8.0,3,1.6310971;2.4108468;3.5982528,0.7797496729688236,0.6899761264392131,11416,0.8878096865368784,0,0,0.9970264912596865,0.9696653628857018,0.9748911331418512,1,22.311999999999998,1.0,11156,22.311999999999998,13,1,1,42.087999999999994,1.0,21044,42.087999999999994,14,1,,0.0,0.0,0,0.0,0.0,0,0.0,0,0,0,0.0,0.0,0,0.0,0,0,0.0,0.0,0.0,0.01929595827900913,,,0.0,0.0,0.0,0.0194570554989345,,,0.8962264150943396,0.03033463711429813,0.0251088668581488,3.0,0.4739999999999999,0.6790830945558739,349.0,0.6979999999999998,15.0,1.0,10.0,0.5499999999999999,0.507380073800738,542.0,1.0839999999999999,15.0,1.0
IMG-8BF8DD5DE4,roi_dilate1,8.0,3,1.6310971;2.4108468;3.5982528,0.7797496729688236,0.770711736881414,13931,0.5493094249751741,0,0,0.6894273127753304,0.2084778147335645,0.0955495004541326,1,5.892,1.0,2946,5.892,16,1,1,4.208,1.0,2104,4.208,16,1,0.7739307535641547,0.055622390488995824,0.1343324250681199,6,1.284,0.816793893129771,786,1.572,19,1,12,3.008,0.5084516565246788,2958,5.916,23,1,0.055622390488995824,0.816793893129771,0.21229920033967872,0.10133748496213997,0.20823898882905403,1.2952733039855957,0.1343324250681199,0.5084516565246788,0.2724795640326976,0.10236148955495004,0.20649719955666943,1.4804344177246094,0.9131941192995598,0.7358997947774397,0.7701180744777475,2.0,20.786,0.9994230214443697,10399.0,20.798,20.0,1.0,1.0,33.916,1.0,16958.0,33.916,23.0,1.0
IMG-16B3264BD9,roi_dilate1,8.0,3,1.6310971;2.4108468;3.5982528,0.7797496729688236,0.7356379425517702,4405,0.787481460131318,0,0,0.9349593495934959,0.3882106066386875,0.41995841995842,2,3.7279999999999984,0.9159705159705159,2035,4.0699999999999985,18,1,8,5.457999999999998,0.964992927864215,2828,5.655999999999998,16,1,0.0,0.01259061426936284,0.002376002376002376,5,0.07399999999999997,0.5606060606060606,66,0.13199999999999995,19,0,5,0.013999999999999995,0.4375,16,0.03199999999999999,12,0,0.01259061426936284,0.5606060606060606,0.476917207172835,0.17893933613124763,0.16580906307265486,2.015212655067444,0.002376002376002376,0.4375,0.37125037125037136,0.16572616572616575,0.12093203862759094,3.2187280654907227,0.9502546024285154,0.5991987790919496,0.5776655776655777,4.0,6.059999999999998,0.9646609360076409,3141.0,6.281999999999998,21.0,1.0,1.0,7.779999999999998,1.0,3890.0,7.779999999999998,25.0,1.0
IMG-34B5A93F0D,roi_dilate1,8.0,3,1.6310971;2.4108468;3.5982528,0.7797496729688236,0.676899428080566,29944,0.1741808301875148,0,0,0.72,0.6450403296681835,0.34555015964154434,1,66.05599999999998,1.0,33028,66.05599999999998,21,1,4,24.773999999999997,0.9617982762636851,12879,25.757999999999996,27,1,0.0,0.015018651250903268,0.08792358670279843,3,1.5299999999999998,0.9947984395318595,769,1.5379999999999998,14,1,7,6.269999999999999,0.9566676838571865,3277,6.553999999999999,27,1,0.015018651250903268,0.9947984395318595,0.029295158486807416,0.09851961799113335,0.6553712001094181,1.4853057861328125,0.08792358670279843,0.9566676838571865,0.09390679080250063,0.0922164685680556,0.32308213917727785,1.282209038734436,0.5852680293096799,0.33994101908091323,0.5665262536556572,8.0,33.84599999999999,0.9722509479489831,17406.0,34.81199999999999,24.0,1.0,7.0,41.931999999999995,0.9929434051622069,21115.0,42.22999999999999,32.0,1.0
IMG-893073F906,roi_dilate1,8.0,3,1.6310971;2.4108468;3.5982528,0.7797496729688236,0.735609997525365,14863,0.03128286019556079,0,0,0.0,0.029453273608639627,0.0035665408700700867,3,0.554,0.5770833333333333,480,0.96,12,1,2,0.156,0.9069767441860465,86,0.172,12,0,0.6364552829916951,0.45591213106706757,0.9085970223530876,1,14.86,1.0,7430,14.86,23,1,2,43.81,0.9998174266283263,21909,43.818,38,1,0.45591213106706757,1.0,0.030680493342332943,0.12591274467693442,0.4151887706740634,1.7198758125305176,0.9085970223530876,0.9998174266283263,0.04147140546593124,0.04796168042134948,0.3380630752297907,2.2646775245666504,0.11380574943806933,0.5146345953242928,0.08783643677684237,1.0,16.774,1.0,8387.0,16.774,20.0,1.0,9.0,1.892,0.4466477809254013,2118.0,4.236,27.0,1.0
IMG-EE9195B25E,roi_dilate1,8.0,3,1.6310971;2.4108468;3.5982528,0.7797496729688236,0.8360574730120116,21995,0.43170208155733986,0,0,0.15451577801958652,0.004631919773350722,0.042430626419566145,4,0.09199999999999998,0.44660194174757284,103,0.20599999999999993,11,0,3,1.4339999999999997,0.556245151280062,1289,2.5779999999999994,21,1,0.7398575923166087,0.3405585285784953,0.2490865400441094,10,14.393999999999997,0.9503499273735639,7573,15.145999999999997,28,1,8,14.701999999999996,0.9714550019822915,7567,15.133999999999997,31,1,0.3405585285784953,0.9503499273735639,0.2248504744345011,0.07327876961820388,0.35651696609158917,1.2504340410232544,0.2490865400441094,0.9714550019822915,0.13166990355179567,0.1231936535106488,0.2652153239327927,1.1394095420837402,0.873552092407963,0.654809551648154,0.7084828335363245,2.0,29.119999999999994,0.9999313233981183,14561.0,29.121999999999993,31.0,1.0,2.0,42.843999999999994,0.995307345630256,21523.0,43.04599999999999,31.0,1.0
IMG-8F0C09D99C,roi_dilate1,8.0,3,1.6310971;2.4108468;3.5982528,0.7797496729688236,0.8319586359719315,6758,0.60478173667796,0,0,0.7290322580645161,0.032453788627063634,0.0862539578556611,3,0.31399999999999995,0.6826086956521739,230,0.4599999999999999,13,0,7,1.0379999999999998,0.6569620253164556,790,1.5799999999999996,14,1,0.8326612903225806,0.3564272611824467,0.23059285948247626,1,5.051999999999999,1.0,2526,5.051999999999999,25,1,2,4.135999999999999,0.9791666666666666,2112,4.223999999999999,25,1,0.3564272611824467,1.0,0.0705517144066601,0.16939466629039088,0.3385801092684039,1.2800685167312622,0.23059285948247626,0.9791666666666666,0.10918222513374824,0.14417512828911452,0.2821880604243042,1.5184872150421143,0.9068100358422939,0.6111189501904897,0.6831531826618626,1.0,8.661999999999999,1.0,4331.0,8.661999999999999,22.0,1.0,1.0,12.513999999999996,1.0,6257.0,12.513999999999996,25.0,1.0
IMG-EDA063D47C,roi_dilate1,8.0,3,1.6310971;2.4108468;3.5982528,0.7797496729688236,0.6687666952270551,13269,-0.03392099906747108,0,0,0.0,0.336308859629547,0.0,4,7.086,0.7836761778367618,4521,9.042,19,1,0,0.0,0.0,0,0.0,0,0,0.01067479984750286,0.0013389868332961392,0.41968062807271617,2,0.034,0.9444444444444444,18,0.036,9,0,7,21.566,0.9792045041772611,11012,22.024,36,1,0.0013389868332961392,0.9444444444444444,0.07438815740534108,0.1131071933348211,0.1699773738793082,2.2525898218154907,0.41968062807271617,0.9792045041772611,0.13338922977247608,0.12582415488395138,0.3400716713947845,,0.6390977443609023,0.6623521535371569,0.5803193719272838,3.0,17.786,0.9987646001796945,8904.0,17.808,23.0,1.0,2.0,30.45,0.9998686543639588,15227.0,30.454,29.0,1.0
IMG-7350051976,roi_dilate1,8.0,3,1.6310971;2.4108468;3.5982528,0.7797496729688236,0.8182982096043245,20133,-0.03652550090986699,0,0,0.3947580895596547,0.6422667656520663,0.1896765740293773,2,25.545999999999996,0.984279879787316,12977,25.953999999999997,18,1,6,7.323999999999999,0.6656971459734594,5501,11.001999999999999,23,1,0.06493506493506493,0.0004949269982677555,0.04013516309220054,1,0.019999999999999997,1.0,10,0.019999999999999997,6,0,15,0.8619999999999999,0.3702749140893471,1164,2.3279999999999994,22,1,0.0004949269982677555,1.0,0.024746349913387783,0.08431081415491215,0.10540925533894595,1.4306949377059937,0.04013516309220054,0.3702749140893471,0.258602854975519,0.10657885663057722,0.1516280363167031,1.6188207864761353,0.5982311271324978,0.35723830734966594,0.7701882628784221,6.0,14.217999999999998,0.984898863951233,7218.0,14.435999999999998,20.0,1.0,2.0,44.58599999999999,0.9980301741505127,22337.0,44.67399999999999,26.0,1.0
IMG-4950E13031,roi_dilate1,8.0,3,1.6310971;2.4108468;3.5982528,0.7797496729688236,0.7675896617899958,15399,0.678839853331383,0,0,0.9133403361344538,0.5114398545728076,0.4436077782374845,2,16.233999999999998,0.9948523103321485,8159,16.317999999999998,18,1,2,21.299999999999997,0.9932848349188584,10722,21.443999999999996,18,1,0.4235294117647059,0.0030088384629850186,0.03144393876706661,7,0.027999999999999997,0.2916666666666667,48,0.09599999999999999,12,0,18,0.3439999999999999,0.22631578947368422,760,1.5199999999999998,19,1,0.0030088384629850186,0.2916666666666667,0.2193944712593243,0.12351908731899956,0.1261453676593428,1.6386613845825195,0.03144393876706661,0.22631578947368422,0.37236243276789416,0.11872155564749691,0.15043812577038884,1.7083545923233032,0.9089373863341128,0.48555130696420734,0.5249482829954489,3.0,15.315999999999999,0.9886392977020397,7746.0,15.491999999999997,17.0,1.0,5.0,24.569999999999997,0.9682377049180327,12688.0,25.375999999999998,21.0,1.0
