影像号,读者,split,filter,n_roi,n_below,n_above,frac_below,frac_above,roi_min,roi_max
IMG-5B9E750116,R1,A,wavelet-LLH,7901,0,0,0.0,0.0,-4.89760160446167,3.393092393875122
IMG-5B9E750116,R1,A,wavelet-LHL,7901,0,0,0.0,0.0,-4.63979434967041,6.10648250579834
IMG-5B9E750116,R1,A,wavelet-LHH,7901,0,0,0.0,0.0,-1.96300208568573,1.7551729679107666
IMG-5B9E750116,R1,A,wavelet-HLL,7901,0,0,0.0,0.0,-3.6162033081054688,5.3484625816345215
IMG-5B9E750116,R1,A,wavelet-HLH,7901,0,0,0.0,0.0,-1.8469867706298828,2.0850908756256104
IMG-5B9E750116,R1,A,wavelet-HHL,7901,0,0,0.0,0.0,-3.13915753364563,3.104252576828003
IMG-5B9E750116,R1,A,wavelet-HHH,7901,0,0,0.0,0.0,-1.5834294557571411,1.2145214080810547
IMG-5B9E750116,R1,A,wavelet-LLL,7901,0,0,0.0,0.0,-5.811657905578613,11.291805267333984
IMG-5B9E750116,R1,A,log-sigma-1-0-mm-3D,7901,0,0,0.0,0.0,-2.408721446990967,1.9064215421676636
IMG-5B9E750116,R1,A,log-sigma-2-0-mm-3D,7901,0,0,0.0,0.0,-1.6489415168762207,2.1052074432373047
IMG-5B9E750116,R1,A,log-sigma-3-0-mm-3D,7901,0,0,0.0,0.0,-1.228657841682434,2.2272613048553467
IMG-81E9925726,R1,A,wavelet-LLH,7865,0,0,0.0,0.0,-3.438572883605957,2.593930959701538
IMG-81E9925726,R1,A,wavelet-LHL,7865,0,0,0.0,0.0,-3.5615885257720947,3.1369540691375732
IMG-81E9925726,R1,A,wavelet-LHH,7865,0,0,0.0,0.0,-1.5849711894989014,1.3256105184555054
IMG-81E9925726,R1,A,wavelet-HLL,7865,0,0,0.0,0.0,-2.7603800296783447,4.139917373657227
IMG-81E9925726,R1,A,wavelet-HLH,7865,0,0,0.0,0.0,-1.4254605770111084,1.1399725675582886
IMG-81E9925726,R1,A,wavelet-HHL,7865,0,0,0.0,0.0,-2.1553564071655273,2.186856269836426
IMG-81E9925726,R1,A,wavelet-HHH,7865,0,0,0.0,0.0,-0.7078660726547241,0.8243957757949829
IMG-81E9925726,R1,A,wavelet-LLL,7865,0,0,0.0,0.0,-5.8599982261657715,8.740955352783203
IMG-81E9925726,R1,A,log-sigma-1-0-mm-3D,7865,0,0,0.0,0.0,-1.7389285564422607,1.4316034317016602
IMG-81E9925726,R1,A,log-sigma-2-0-mm-3D,7865,0,0,0.0,0.0,-1.4789483547210693,1.548447608947754
IMG-81E9925726,R1,A,log-sigma-3-0-mm-3D,7865,0,0,0.0,0.0,-1.4528228044509888,1.4807069301605225
IMG-FE253BFCC1,R1,A,wavelet-LLH,27308,0,0,0.0,0.0,-4.555698871612549,7.7914018630981445
IMG-FE253BFCC1,R1,A,wavelet-LHL,27308,0,0,0.0,0.0,-6.5653910636901855,5.948237419128418
IMG-FE253BFCC1,R1,A,wavelet-LHH,27308,0,0,0.0,0.0,-3.0672645568847656,2.5604665279388428
IMG-FE253BFCC1,R1,A,wavelet-HLL,27308,0,0,0.0,0.0,-6.273726463317871,4.768250465393066
IMG-FE253BFCC1,R1,A,wavelet-HLH,27308,0,0,0.0,0.0,-2.666506290435791,2.9770102500915527
IMG-FE253BFCC1,R1,A,wavelet-HHL,27308,0,0,0.0,0.0,-3.2629895210266113,5.0870184898376465
IMG-FE253BFCC1,R1,A,wavelet-HHH,27308,0,0,0.0,0.0,-1.9616502523422241,2.2610414028167725
IMG-FE253BFCC1,R1,A,wavelet-LLL,27308,0,0,0.0,0.0,-6.966898441314697,12.79927921295166
IMG-FE253BFCC1,R1,A,log-sigma-1-0-mm-3D,27308,0,0,0.0,0.0,-2.867502212524414,1.8627092838287354
IMG-FE253BFCC1,R1,A,log-sigma-2-0-mm-3D,27308,0,0,0.0,0.0,-2.712075710296631,1.6673188209533691
IMG-FE253BFCC1,R1,A,log-sigma-3-0-mm-3D,27308,0,0,0.0,0.0,-2.5145304203033447,1.2464585304260254
IMG-7F272E52C4,R1,A,wavelet-LLH,9025,0,0,0.0,0.0,-6.1521687507629395,2.923701524734497
IMG-7F272E52C4,R1,A,wavelet-LHL,9025,0,0,0.0,0.0,-5.691282272338867,5.857611656188965
IMG-7F272E52C4,R1,A,wavelet-LHH,9025,0,0,0.0,0.0,-1.7669110298156738,2.2821526527404785
IMG-7F272E52C4,R1,A,wavelet-HLL,9025,0,0,0.0,0.0,-6.22219181060791,7.090860843658447
IMG-7F272E52C4,R1,A,wavelet-HLH,9025,0,0,0.0,0.0,-3.6944403648376465,2.281052589416504
IMG-7F272E52C4,R1,A,wavelet-HHL,9025,0,0,0.0,0.0,-5.29794454574585,6.1681389808654785
IMG-7F272E52C4,R1,A,wavelet-HHH,9025,0,0,0.0,0.0,-1.9026756286621094,2.2439467906951904
IMG-7F272E52C4,R1,A,wavelet-LLL,9025,0,0,0.0,0.0,-7.288734436035156,13.837445259094238
IMG-7F272E52C4,R1,A,log-sigma-1-0-mm-3D,9025,0,0,0.0,0.0,-3.195072650909424,1.8361849784851074
IMG-7F272E52C4,R1,A,log-sigma-2-0-mm-3D,9025,0,0,0.0,0.0,-2.602755069732666,1.9680089950561523
IMG-7F272E52C4,R1,A,log-sigma-3-0-mm-3D,9025,0,0,0.0,0.0,-2.2967336177825928,1.8266693353652954
IMG-380589DDAC,R1,A,wavelet-LLH,5590,0,0,0.0,0.0,-5.3177571296691895,4.0624680519104
IMG-380589DDAC,R1,A,wavelet-LHL,5590,0,0,0.0,0.0,-9.715119361877441,5.640758991241455
IMG-380589DDAC,R1,A,wavelet-LHH,5590,0,0,0.0,0.0,-2.364715576171875,2.6648569107055664
IMG-380589DDAC,R1,A,wavelet-HLL,5590,0,0,0.0,0.0,-12.893665313720703,8.398313522338867
IMG-380589DDAC,R1,A,wavelet-HLH,5590,0,0,0.0,0.0,-4.319455623626709,4.310760498046875
IMG-380589DDAC,R1,A,wavelet-HHL,5590,0,0,0.0,0.0,-5.628907680511475,7.2824530601501465
IMG-380589DDAC,R1,A,wavelet-HHH,5590,0,0,0.0,0.0,-4.035654067993164,2.620781898498535
IMG-380589DDAC,R1,A,wavelet-LLL,5590,0,0,0.0,0.0,-7.872703552246094,13.562355995178223
IMG-380589DDAC,R1,A,log-sigma-1-0-mm-3D,5590,0,0,0.0,0.0,-2.89389705657959,3.135929822921753
IMG-380589DDAC,R1,A,log-sigma-2-0-mm-3D,5590,0,0,0.0,0.0,-3.0967001914978027,3.0696511268615723
IMG-380589DDAC,R1,A,log-sigma-3-0-mm-3D,5590,0,0,0.0,0.0,-2.101759195327759,3.2195212841033936
IMG-8EEA8E66A1,R1,A,wavelet-LLH,5240,0,0,0.0,0.0,-3.9579455852508545,7.493121147155762
IMG-8EEA8E66A1,R1,A,wavelet-LHL,5240,0,0,0.0,0.0,-3.957080841064453,4.58768367767334
IMG-8EEA8E66A1,R1,A,wavelet-LHH,5240,0,0,0.0,0.0,-2.4104392528533936,2.1969690322875977
IMG-8EEA8E66A1,R1,A,wavelet-HLL,5240,0,0,0.0,0.0,-5.042280197143555,4.563864231109619
IMG-8EEA8E66A1,R1,A,wavelet-HLH,5240,0,0,0.0,0.0,-2.183424472808838,2.274203300476074
IMG-8EEA8E66A1,R1,A,wavelet-HHL,5240,0,0,0.0,0.0,-4.282413005828857,4.180946350097656
IMG-8EEA8E66A1,R1,A,wavelet-HHH,5240,0,0,0.0,0.0,-1.9494253396987915,2.9547290802001953
IMG-8EEA8E66A1,R1,A,wavelet-LLL,5240,0,0,0.0,0.0,-10.451020240783691,13.021024703979492
IMG-8EEA8E66A1,R1,A,log-sigma-1-0-mm-3D,5240,0,0,0.0,0.0,-2.4202611446380615,2.206300735473633
IMG-8EEA8E66A1,R1,A,log-sigma-2-0-mm-3D,5240,0,0,0.0,0.0,-1.8493131399154663,2.609415054321289
IMG-8EEA8E66A1,R1,A,log-sigma-3-0-mm-3D,5240,0,0,0.0,0.0,-1.5199034214019775,2.6043894290924072
IMG-FD56119EA7,R1,B,wavelet-LLH,1634,0,0,0.0,0.0,-2.9144890308380127,3.5906150341033936
IMG-FD56119EA7,R1,B,wavelet-LHL,1634,0,0,0.0,0.0,-2.478645086288452,3.373995065689087
IMG-FD56119EA7,R1,B,wavelet-LHH,1634,0,0,0.0,0.0,-2.1461341381073,1.5255237817764282
IMG-FD56119EA7,R1,B,wavelet-HLL,1634,0,0,0.0,0.0,-5.425798416137695,3.6365692615509033
IMG-FD56119EA7,R1,B,wavelet-HLH,1634,0,0,0.0,0.0,-1.726915955543518,1.197239875793457
IMG-FD56119EA7,R1,B,wavelet-HHL,1634,0,0,0.0,0.0,-1.9932013750076294,2.072126626968384
IMG-FD56119EA7,R1,B,wavelet-HHH,1634,0,0,0.0,0.0,-1.0425889492034912,1.2047332525253296
IMG-FD56119EA7,R1,B,wavelet-LLL,1634,0,0,0.0,0.0,-8.582902908325195,11.194418907165527
IMG-FD56119EA7,R1,B,log-sigma-1-0-mm-3D,1634,0,0,0.0,0.0,-1.4690977334976196,2.287083387374878
IMG-FD56119EA7,R1,B,log-sigma-2-0-mm-3D,1634,0,0,0.0,0.0,-1.926654577255249,2.2920033931732178
IMG-FD56119EA7,R1,B,log-sigma-3-0-mm-3D,1634,0,0,0.0,0.0,-1.934488296508789,1.7190392017364502
IMG-05082286D9,R1,B,wavelet-LLH,32487,0,0,0.0,0.0,-3.6989333629608154,3.457475423812866
IMG-05082286D9,R1,B,wavelet-LHL,32487,0,0,0.0,0.0,-3.4940199851989746,6.031822204589844
IMG-05082286D9,R1,B,wavelet-LHH,32487,0,0,0.0,0.0,-1.9239234924316406,1.9408984184265137
IMG-05082286D9,R1,B,wavelet-HLL,32487,0,0,0.0,0.0,-3.4662234783172607,4.920976161956787
IMG-05082286D9,R1,B,wavelet-HLH,32487,0,0,0.0,0.0,-1.4476127624511719,1.6739141941070557
IMG-05082286D9,R1,B,wavelet-HHL,32487,0,0,0.0,0.0,-3.00262188911438,2.6218223571777344
IMG-05082286D9,R1,B,wavelet-HHH,32487,0,0,0.0,0.0,-1.3280609846115112,1.178829312324524
IMG-05082286D9,R1,B,wavelet-LLL,32487,0,0,0.0,0.0,-10.581384658813477,8.839029312133789
IMG-05082286D9,R1,B,log-sigma-1-0-mm-3D,32487,0,0,0.0,0.0,-1.7015392780303955,1.882392406463623
IMG-05082286D9,R1,B,log-sigma-2-0-mm-3D,32487,0,0,0.0,0.0,-1.9031212329864502,2.1337008476257324
IMG-05082286D9,R1,B,log-sigma-3-0-mm-3D,32487,0,0,0.0,0.0,-1.7656692266464233,1.9848871231079102
IMG-2586B3625A,R1,A,wavelet-LLH,5741,0,0,0.0,0.0,-6.732995986938477,4.434884548187256
IMG-2586B3625A,R1,A,wavelet-LHL,5741,0,0,0.0,0.0,-6.700874328613281,3.5319695472717285
IMG-2586B3625A,R1,A,wavelet-LHH,5741,0,0,0.0,0.0,-2.831794500350952,3.2494750022888184
IMG-2586B3625A,R1,A,wavelet-HLL,5741,0,0,0.0,0.0,-12.967303276062012,6.584469318389893
IMG-2586B3625A,R1,A,wavelet-HLH,5741,0,0,0.0,0.0,-3.7393860816955566,4.708933353424072
IMG-2586B3625A,R1,A,wavelet-HHL,5741,0,0,0.0,0.0,-5.576209545135498,5.2322587966918945
IMG-2586B3625A,R1,A,wavelet-HHH,5741,0,0,0.0,0.0,-3.152266502380371,3.621339797973633
IMG-2586B3625A,R1,A,wavelet-LLL,5741,0,0,0.0,0.0,-7.695190906524658,16.468719482421875
IMG-2586B3625A,R1,A,log-sigma-1-0-mm-3D,5741,0,0,0.0,0.0,-2.0383317470550537,1.9008084535598755
IMG-2586B3625A,R1,A,log-sigma-2-0-mm-3D,5741,0,0,0.0,0.0,-3.2753686904907227,1.4131546020507812
IMG-2586B3625A,R1,A,log-sigma-3-0-mm-3D,5741,0,0,0.0,0.0,-3.00840425491333,1.3713847398757935
IMG-9E2C4ABE0B,R1,A,wavelet-LLH,8856,0,0,0.0,0.0,-6.668351650238037,3.995915651321411
IMG-9E2C4ABE0B,R1,A,wavelet-LHL,8856,0,0,0.0,0.0,-5.641979217529297,6.1988396644592285
IMG-9E2C4ABE0B,R1,A,wavelet-LHH,8856,0,0,0.0,0.0,-3.4132041931152344,3.6686456203460693
IMG-9E2C4ABE0B,R1,A,wavelet-HLL,8856,0,0,0.0,0.0,-8.386186599731445,5.560018062591553
IMG-9E2C4ABE0B,R1,A,wavelet-HLH,8856,0,0,0.0,0.0,-2.7777090072631836,2.6064159870147705
IMG-9E2C4ABE0B,R1,A,wavelet-HHL,8856,0,0,0.0,0.0,-3.7671313285827637,5.369476795196533
IMG-9E2C4ABE0B,R1,A,wavelet-HHH,8856,0,0,0.0,0.0,-2.362523078918457,3.1009294986724854
IMG-9E2C4ABE0B,R1,A,wavelet-LLL,8856,0,0,0.0,0.0,-7.383667469024658,14.415387153625488
IMG-9E2C4ABE0B,R1,A,log-sigma-1-0-mm-3D,8856,0,0,0.0,0.0,-2.851686477661133,2.596815824508667
IMG-9E2C4ABE0B,R1,A,log-sigma-2-0-mm-3D,8856,0,0,0.0,0.0,-2.900376319885254,2.38454270362854
IMG-9E2C4ABE0B,R1,A,log-sigma-3-0-mm-3D,8856,0,0,0.0,0.0,-2.156217575073242,3.0177178382873535
IMG-CC74D73278,R1,B,wavelet-LLH,1875,0,0,0.0,0.0,-3.040435314178467,2.468954086303711
IMG-CC74D73278,R1,B,wavelet-LHL,1875,0,0,0.0,0.0,-4.693854808807373,2.7666027545928955
IMG-CC74D73278,R1,B,wavelet-LHH,1875,0,0,0.0,0.0,-1.346673607826233,2.212873935699463
IMG-CC74D73278,R1,B,wavelet-HLL,1875,0,0,0.0,0.0,-4.281287670135498,4.3671464920043945
IMG-CC74D73278,R1,B,wavelet-HLH,1875,0,0,0.0,0.0,-1.628929853439331,1.7452385425567627
IMG-CC74D73278,R1,B,wavelet-HHL,1875,0,0,0.0,0.0,-2.461737632751465,2.228440046310425
IMG-CC74D73278,R1,B,wavelet-HHH,1875,0,0,0.0,0.0,-1.0523825883865356,1.0906163454055786
IMG-CC74D73278,R1,B,wavelet-LLL,1875,0,0,0.0,0.0,-7.655331611633301,9.481474876403809
IMG-CC74D73278,R1,B,log-sigma-1-0-mm-3D,1875,0,0,0.0,0.0,-1.9628084897994995,2.0448641777038574
IMG-CC74D73278,R1,B,log-sigma-2-0-mm-3D,1875,0,0,0.0,0.0,-1.6835403442382812,2.341111660003662
IMG-CC74D73278,R1,B,log-sigma-3-0-mm-3D,1875,0,0,0.0,0.0,-1.955967664718628,2.0286550521850586
IMG-B842AB8222,R1,A,wavelet-LLH,1973,0,0,0.0,0.0,-4.96101713180542,4.6493096351623535
IMG-B842AB8222,R1,A,wavelet-LHL,1973,0,0,0.0,0.0,-4.726977825164795,6.99711275100708
IMG-B842AB8222,R1,A,wavelet-LHH,1973,0,0,0.0,0.0,-2.9422619342803955,2.565460681915283
IMG-B842AB8222,R1,A,wavelet-HLL,1973,0,0,0.0,0.0,-7.218939304351807,9.662701606750488
IMG-B842AB8222,R1,A,wavelet-HLH,1973,0,0,0.0,0.0,-3.8927507400512695,3.5016651153564453
IMG-B842AB8222,R1,A,wavelet-HHL,1973,0,0,0.0,0.0,-6.410180568695068,7.537280082702637
IMG-B842AB8222,R1,A,wavelet-HHH,1973,0,0,0.0,0.0,-2.12888240814209,2.6292951107025146
IMG-B842AB8222,R1,A,wavelet-LLL,1973,0,0,0.0,0.0,-8.069788932800293,18.082414627075195
IMG-B842AB8222,R1,A,log-sigma-1-0-mm-3D,1973,0,0,0.0,0.0,-2.043154716491699,3.3744723796844482
IMG-B842AB8222,R1,A,log-sigma-2-0-mm-3D,1973,0,0,0.0,0.0,-1.3491437435150146,3.7425947189331055
IMG-B842AB8222,R1,A,log-sigma-3-0-mm-3D,1973,0,0,0.0,0.0,-0.9579436182975769,3.7119240760803223
IMG-03F1BA49E0,R1,A,wavelet-LLH,14394,0,0,0.0,0.0,-5.249727249145508,4.143331050872803
IMG-03F1BA49E0,R1,A,wavelet-LHL,14394,0,0,0.0,0.0,-5.661355972290039,4.788400650024414
IMG-03F1BA49E0,R1,A,wavelet-LHH,14394,0,0,0.0,0.0,-2.396350145339966,2.7249345779418945
IMG-03F1BA49E0,R1,A,wavelet-HLL,14394,0,0,0.0,0.0,-7.643636226654053,6.497696399688721
IMG-03F1BA49E0,R1,A,wavelet-HLH,14394,0,0,0.0,0.0,-3.24546480178833,3.7294814586639404
IMG-03F1BA49E0,R1,A,wavelet-HHL,14394,0,0,0.0,0.0,-6.816779613494873,5.360768795013428
IMG-03F1BA49E0,R1,A,wavelet-HHH,14394,0,0,0.0,0.0,-2.2868525981903076,2.5737833976745605
IMG-03F1BA49E0,R1,A,wavelet-LLL,14394,0,0,0.0,0.0,-7.622015476226807,21.956687927246094
IMG-03F1BA49E0,R1,A,log-sigma-1-0-mm-3D,14394,0,0,0.0,0.0,-3.8018479347229004,2.278677463531494
IMG-03F1BA49E0,R1,A,log-sigma-2-0-mm-3D,14394,1,0,6.947339169098236e-05,0.0,-4.933035373687744,1.9229326248168945
IMG-03F1BA49E0,R1,A,log-sigma-3-0-mm-3D,14394,0,0,0.0,0.0,-2.9922525882720947,2.203765869140625
IMG-2F73457616,R1,A,wavelet-LLH,6836,0,0,0.0,0.0,-8.226914405822754,6.173356533050537
IMG-2F73457616,R1,A,wavelet-LHL,6836,0,0,0.0,0.0,-6.687912940979004,5.879287242889404
IMG-2F73457616,R1,A,wavelet-LHH,6836,0,0,0.0,0.0,-3.259772777557373,3.007277011871338
IMG-2F73457616,R1,A,wavelet-HLL,6836,0,0,0.0,0.0,-5.854986667633057,7.132005214691162
IMG-2F73457616,R1,A,wavelet-HLH,6836,0,0,0.0,0.0,-2.2490334510803223,3.2709949016571045
IMG-2F73457616,R1,A,wavelet-HHL,6836,0,0,0.0,0.0,-5.622455596923828,3.8674778938293457
IMG-2F73457616,R1,A,wavelet-HHH,6836,0,0,0.0,0.0,-1.6247376203536987,1.6929343938827515
IMG-2F73457616,R1,A,wavelet-LLL,6836,0,0,0.0,0.0,-8.043964385986328,12.071796417236328
IMG-2F73457616,R1,A,log-sigma-1-0-mm-3D,6836,0,0,0.0,0.0,-2.28212571144104,2.4260547161102295
IMG-2F73457616,R1,A,log-sigma-2-0-mm-3D,6836,0,0,0.0,0.0,-2.9022998809814453,2.417024850845337
IMG-2F73457616,R1,A,log-sigma-3-0-mm-3D,6836,0,0,0.0,0.0,-2.9474143981933594,2.01408052444458
IMG-887B5BBEA4,R1,A,wavelet-LLH,9742,0,0,0.0,0.0,-5.433060169219971,4.2346272468566895
IMG-887B5BBEA4,R1,A,wavelet-LHL,9742,0,0,0.0,0.0,-6.672490119934082,5.506402969360352
IMG-887B5BBEA4,R1,A,wavelet-LHH,9742,0,0,0.0,0.0,-2.6249990463256836,2.4264638423919678
IMG-887B5BBEA4,R1,A,wavelet-HLL,9742,0,0,0.0,0.0,-6.1583757400512695,6.287087440490723
IMG-887B5BBEA4,R1,A,wavelet-HLH,9742,0,0,0.0,0.0,-2.4004571437835693,2.2928929328918457
IMG-887B5BBEA4,R1,A,wavelet-HHL,9742,0,0,0.0,0.0,-3.6765825748443604,4.259640693664551
IMG-887B5BBEA4,R1,A,wavelet-HHH,9742,0,0,0.0,0.0,-1.703533411026001,1.9713972806930542
IMG-887B5BBEA4,R1,A,wavelet-LLL,9742,0,0,0.0,0.0,-6.988570690155029,14.933895111083984
IMG-887B5BBEA4,R1,A,log-sigma-1-0-mm-3D,9742,0,0,0.0,0.0,-2.2701683044433594,2.410613536834717
IMG-887B5BBEA4,R1,A,log-sigma-2-0-mm-3D,9742,0,0,0.0,0.0,-2.2798831462860107,2.5927236080169678
IMG-887B5BBEA4,R1,A,log-sigma-3-0-mm-3D,9742,0,0,0.0,0.0,-2.5356664657592773,2.726797103881836
IMG-AD2B6907E7,R1,A,wavelet-LLH,7904,0,0,0.0,0.0,-8.387795448303223,5.616166591644287
IMG-AD2B6907E7,R1,A,wavelet-LHL,7904,0,0,0.0,0.0,-7.379934787750244,6.093656539916992
IMG-AD2B6907E7,R1,A,wavelet-LHH,7904,0,0,0.0,0.0,-2.192812442779541,2.9716875553131104
IMG-AD2B6907E7,R1,A,wavelet-HLL,7904,0,0,0.0,0.0,-6.8799729347229,5.3446879386901855
IMG-AD2B6907E7,R1,A,wavelet-HLH,7904,0,0,0.0,0.0,-2.230734348297119,2.4688527584075928
IMG-AD2B6907E7,R1,A,wavelet-HHL,7904,0,0,0.0,0.0,-3.3706419467926025,4.027592182159424
IMG-AD2B6907E7,R1,A,wavelet-HHH,7904,0,0,0.0,0.0,-1.8338558673858643,1.681362271308899
IMG-AD2B6907E7,R1,A,wavelet-LLL,7904,0,0,0.0,0.0,-6.620341777801514,18.376033782958984
IMG-AD2B6907E7,R1,A,log-sigma-1-0-mm-3D,7904,0,0,0.0,0.0,-1.9409337043762207,2.916110038757324
IMG-AD2B6907E7,R1,A,log-sigma-2-0-mm-3D,7904,0,0,0.0,0.0,-2.8032662868499756,2.1968181133270264
IMG-AD2B6907E7,R1,A,log-sigma-3-0-mm-3D,7904,0,0,0.0,0.0,-3.5003011226654053,2.3540923595428467
IMG-9E2C4ABE0B,R2,A,wavelet-LLH,20993,0,0,0.0,0.0,-5.0518083572387695,4.977538108825684
IMG-9E2C4ABE0B,R2,A,wavelet-LHL,20993,0,0,0.0,0.0,-8.319756507873535,5.555906295776367
IMG-9E2C4ABE0B,R2,A,wavelet-LHH,20993,0,0,0.0,0.0,-2.896763563156128,2.8431737422943115
IMG-9E2C4ABE0B,R2,A,wavelet-HLL,20993,0,0,0.0,0.0,-6.334824562072754,5.686763763427734
IMG-9E2C4ABE0B,R2,A,wavelet-HLH,20993,0,0,0.0,0.0,-2.8143577575683594,3.1355128288269043
IMG-9E2C4ABE0B,R2,A,wavelet-HHL,20993,0,0,0.0,0.0,-4.344100475311279,5.657478332519531
IMG-9E2C4ABE0B,R2,A,wavelet-HHH,20993,0,0,0.0,0.0,-2.2258095741271973,2.1902997493743896
IMG-9E2C4ABE0B,R2,A,wavelet-LLL,20993,0,0,0.0,0.0,-6.0837249755859375,13.288531303405762
IMG-9E2C4ABE0B,R2,A,log-sigma-1-0-mm-3D,20993,0,0,0.0,0.0,-2.884848117828369,2.262996196746826
IMG-9E2C4ABE0B,R2,A,log-sigma-2-0-mm-3D,20993,0,0,0.0,0.0,-2.0486419200897217,2.6080257892608643
IMG-9E2C4ABE0B,R2,A,log-sigma-3-0-mm-3D,20993,0,0,0.0,0.0,-1.6710354089736938,2.2871053218841553
IMG-56F78D7F71,R1,A,wavelet-LLH,67626,0,0,0.0,0.0,-5.031370162963867,4.0788984298706055
IMG-56F78D7F71,R1,A,wavelet-LHL,67626,0,0,0.0,0.0,-3.94861102104187,5.220763683319092
IMG-56F78D7F71,R1,A,wavelet-LHH,67626,0,0,0.0,0.0,-1.728674054145813,1.852628469467163
IMG-56F78D7F71,R1,A,wavelet-HLL,67626,0,0,0.0,0.0,-5.898963928222656,5.66969108581543
IMG-56F78D7F71,R1,A,wavelet-HLH,67626,0,0,0.0,0.0,-2.005598783493042,2.458559989929199
IMG-56F78D7F71,R1,A,wavelet-HHL,67626,0,0,0.0,0.0,-2.9302501678466797,2.7161102294921875
IMG-56F78D7F71,R1,A,wavelet-HHH,67626,0,0,0.0,0.0,-1.3013014793395996,1.392216682434082
IMG-56F78D7F71,R1,A,wavelet-LLL,67626,0,0,0.0,0.0,-5.573823928833008,21.058748245239258
IMG-56F78D7F71,R1,A,log-sigma-1-0-mm-3D,67626,0,0,0.0,0.0,-3.054781198501587,2.3598740100860596
IMG-56F78D7F71,R1,A,log-sigma-2-0-mm-3D,67626,0,0,0.0,0.0,-4.066502571105957,1.8572356700897217
IMG-56F78D7F71,R1,A,log-sigma-3-0-mm-3D,67626,0,0,0.0,0.0,-3.390164375305176,1.5936951637268066
IMG-FF74DF2CB0,R1,A,wavelet-LLH,5334,0,0,0.0,0.0,-5.217892646789551,3.6616787910461426
IMG-FF74DF2CB0,R1,A,wavelet-LHL,5334,0,0,0.0,0.0,-7.108728408813477,9.411704063415527
IMG-FF74DF2CB0,R1,A,wavelet-LHH,5334,0,0,0.0,0.0,-2.8643689155578613,3.6870954036712646
IMG-FF74DF2CB0,R1,A,wavelet-HLL,5334,0,0,0.0,0.0,-11.772760391235352,8.831932067871094
IMG-FF74DF2CB0,R1,A,wavelet-HLH,5334,0,0,0.0,0.0,-3.5806705951690674,3.8750579357147217
IMG-FF74DF2CB0,R1,A,wavelet-HHL,5334,0,0,0.0,0.0,-4.586721897125244,5.630706310272217
IMG-FF74DF2CB0,R1,A,wavelet-HHH,5334,0,0,0.0,0.0,-1.8219212293624878,1.95761239528656
IMG-FF74DF2CB0,R1,A,wavelet-LLL,5334,0,0,0.0,0.0,-9.309974670410156,15.812758445739746
IMG-FF74DF2CB0,R1,A,log-sigma-1-0-mm-3D,5334,0,0,0.0,0.0,-2.2226943969726562,2.9604663848876953
IMG-FF74DF2CB0,R1,A,log-sigma-2-0-mm-3D,5334,0,0,0.0,0.0,-3.277111768722534,2.6161797046661377
IMG-FF74DF2CB0,R1,A,log-sigma-3-0-mm-3D,5334,0,0,0.0,0.0,-3.763047933578491,2.509211778640747
IMG-CA8DB0E356,R1,A,wavelet-LLH,2943,0,0,0.0,0.0,-6.032491683959961,3.9090945720672607
IMG-CA8DB0E356,R1,A,wavelet-LHL,2943,0,0,0.0,0.0,-7.538718223571777,5.246429443359375
IMG-CA8DB0E356,R1,A,wavelet-LHH,2943,0,0,0.0,0.0,-1.828225016593933,2.3527867794036865
IMG-CA8DB0E356,R1,A,wavelet-HLL,2943,0,0,0.0,0.0,-11.46798324584961,4.871344089508057
IMG-CA8DB0E356,R1,A,wavelet-HLH,2943,0,0,0.0,0.0,-2.7397265434265137,2.474522113800049
IMG-CA8DB0E356,R1,A,wavelet-HHL,2943,0,0,0.0,0.0,-3.923377752304077,4.917995929718018
IMG-CA8DB0E356,R1,A,wavelet-HHH,2943,0,0,0.0,0.0,-1.3916188478469849,1.5406428575515747
IMG-CA8DB0E356,R1,A,wavelet-LLL,2943,0,0,0.0,0.0,-7.567486763000488,12.00312328338623
IMG-CA8DB0E356,R1,A,log-sigma-1-0-mm-3D,2943,0,0,0.0,0.0,-1.9185233116149902,2.3395981788635254
IMG-CA8DB0E356,R1,A,log-sigma-2-0-mm-3D,2943,0,0,0.0,0.0,-2.1455912590026855,2.16719388961792
IMG-CA8DB0E356,R1,A,log-sigma-3-0-mm-3D,2943,0,0,0.0,0.0,-2.0846903324127197,2.435335397720337
IMG-B620C26C3C,R1,B,wavelet-LLH,1939,0,0,0.0,0.0,-5.623075008392334,3.5261666774749756
IMG-B620C26C3C,R1,B,wavelet-LHL,1939,0,0,0.0,0.0,-5.1623101234436035,3.8531672954559326
IMG-B620C26C3C,R1,B,wavelet-LHH,1939,0,0,0.0,0.0,-3.4221086502075195,2.239088773727417
IMG-B620C26C3C,R1,B,wavelet-HLL,1939,0,0,0.0,0.0,-6.630217552185059,5.476222991943359
IMG-B620C26C3C,R1,B,wavelet-HLH,1939,0,0,0.0,0.0,-2.42348051071167,2.542004108428955
IMG-B620C26C3C,R1,B,wavelet-HHL,1939,0,0,0.0,0.0,-3.568956136703491,2.9273452758789062
IMG-B620C26C3C,R1,B,wavelet-HHH,1939,0,0,0.0,0.0,-1.7372004985809326,1.6853278875350952
IMG-B620C26C3C,R1,B,wavelet-LLL,1939,0,0,0.0,0.0,-8.891749382019043,16.909944534301758
IMG-B620C26C3C,R1,B,log-sigma-1-0-mm-3D,1939,0,0,0.0,0.0,-2.7016265392303467,3.1600847244262695
IMG-B620C26C3C,R1,B,log-sigma-2-0-mm-3D,1939,0,0,0.0,0.0,-2.512165069580078,2.1013972759246826
IMG-B620C26C3C,R1,B,log-sigma-3-0-mm-3D,1939,0,0,0.0,0.0,-2.970928430557251,1.933894395828247
IMG-D0FB6C7AE7,R1,A,wavelet-LLH,4667,0,0,0.0,0.0,-4.087759494781494,2.563544273376465
IMG-D0FB6C7AE7,R1,A,wavelet-LHL,4667,0,0,0.0,0.0,-3.701643943786621,4.225645542144775
IMG-D0FB6C7AE7,R1,A,wavelet-LHH,4667,0,0,0.0,0.0,-2.123469829559326,1.3644161224365234
IMG-D0FB6C7AE7,R1,A,wavelet-HLL,4667,0,0,0.0,0.0,-3.307157039642334,3.6809449195861816
IMG-D0FB6C7AE7,R1,A,wavelet-HLH,4667,0,0,0.0,0.0,-1.4778727293014526,1.2613928318023682
IMG-D0FB6C7AE7,R1,A,wavelet-HHL,4667,0,0,0.0,0.0,-1.7026679515838623,2.0792081356048584
IMG-D0FB6C7AE7,R1,A,wavelet-HHH,4667,0,0,0.0,0.0,-0.8601170778274536,1.191451072692871
IMG-D0FB6C7AE7,R1,A,wavelet-LLL,4667,0,0,0.0,0.0,-4.667322158813477,11.38281536102295
IMG-D0FB6C7AE7,R1,A,log-sigma-1-0-mm-3D,4667,0,0,0.0,0.0,-1.624528408050537,1.5673205852508545
IMG-D0FB6C7AE7,R1,A,log-sigma-2-0-mm-3D,4667,0,0,0.0,0.0,-1.526428461074829,1.8105473518371582
IMG-D0FB6C7AE7,R1,A,log-sigma-3-0-mm-3D,4667,0,0,0.0,0.0,-1.2500420808792114,1.8004692792892456
IMG-21459DC175,R1,A,wavelet-LLH,4999,0,0,0.0,0.0,-5.252511978149414,3.5052337646484375
IMG-21459DC175,R1,A,wavelet-LHL,4999,0,0,0.0,0.0,-11.0167236328125,7.517734527587891
IMG-21459DC175,R1,A,wavelet-LHH,4999,0,0,0.0,0.0,-3.784876585006714,4.005620956420898
IMG-21459DC175,R1,A,wavelet-HLL,4999,0,0,0.0,0.0,-5.345521450042725,5.706724166870117
IMG-21459DC175,R1,A,wavelet-HLH,4999,0,0,0.0,0.0,-2.7874817848205566,3.186634063720703
IMG-21459DC175,R1,A,wavelet-HHL,4999,0,0,0.0,0.0,-5.5764689445495605,5.958851337432861
IMG-21459DC175,R1,A,wavelet-HHH,4999,0,0,0.0,0.0,-2.6445858478546143,2.9075143337249756
IMG-21459DC175,R1,A,wavelet-LLL,4999,0,0,0.0,0.0,-5.927823543548584,18.233840942382812
IMG-21459DC175,R1,A,log-sigma-1-0-mm-3D,4999,0,0,0.0,0.0,-1.7196028232574463,2.749438524246216
IMG-21459DC175,R1,A,log-sigma-2-0-mm-3D,4999,0,0,0.0,0.0,-1.291658878326416,2.1502022743225098
IMG-21459DC175,R1,A,log-sigma-3-0-mm-3D,4999,0,0,0.0,0.0,-1.7623966932296753,2.301112174987793
IMG-E04D5E9519,R1,B,wavelet-LLH,6635,0,0,0.0,0.0,-2.6547250747680664,3.327089548110962
IMG-E04D5E9519,R1,B,wavelet-LHL,6635,0,0,0.0,0.0,-3.411862373352051,4.460914611816406
IMG-E04D5E9519,R1,B,wavelet-LHH,6635,0,0,0.0,0.0,-1.7849228382110596,1.6010661125183105
IMG-E04D5E9519,R1,B,wavelet-HLL,6635,0,0,0.0,0.0,-3.2317285537719727,3.7948265075683594
IMG-E04D5E9519,R1,B,wavelet-HLH,6635,0,0,0.0,0.0,-1.3449158668518066,1.219622015953064
IMG-E04D5E9519,R1,B,wavelet-HHL,6635,0,0,0.0,0.0,-1.928885579109192,1.8240574598312378
IMG-E04D5E9519,R1,B,wavelet-HHH,6635,0,0,0.0,0.0,-1.3363995552062988,1.1679747104644775
IMG-E04D5E9519,R1,B,wavelet-LLL,6635,0,0,0.0,0.0,-6.320039749145508,9.814794540405273
IMG-E04D5E9519,R1,B,log-sigma-1-0-mm-3D,6635,0,0,0.0,0.0,-1.8231383562088013,2.0451242923736572
IMG-E04D5E9519,R1,B,log-sigma-2-0-mm-3D,6635,0,0,0.0,0.0,-1.7096055746078491,2.076907157897949
IMG-E04D5E9519,R1,B,log-sigma-3-0-mm-3D,6635,0,0,0.0,0.0,-1.4925204515457153,1.9105045795440674
IMG-D0FB6C7AE7,R2,A,wavelet-LLH,9579,0,0,0.0,0.0,-4.136138439178467,3.4100632667541504
IMG-D0FB6C7AE7,R2,A,wavelet-LHL,9579,0,0,0.0,0.0,-3.7454516887664795,4.275655746459961
IMG-D0FB6C7AE7,R2,A,wavelet-LHH,9579,0,0,0.0,0.0,-2.253662109375,2.882176637649536
IMG-D0FB6C7AE7,R2,A,wavelet-HLL,9579,0,0,0.0,0.0,-4.4541335105896,3.8663570880889893
IMG-D0FB6C7AE7,R2,A,wavelet-HLH,9579,0,0,0.0,0.0,-1.9024266004562378,1.9282865524291992
IMG-D0FB6C7AE7,R2,A,wavelet-HHL,9579,0,0,0.0,0.0,-3.742215633392334,3.7338035106658936
IMG-D0FB6C7AE7,R2,A,wavelet-HHH,9579,0,0,0.0,0.0,-1.885788083076477,1.5758702754974365
IMG-D0FB6C7AE7,R2,A,wavelet-LLL,9579,0,0,0.0,0.0,-6.158535957336426,12.322254180908203
IMG-D0FB6C7AE7,R2,A,log-sigma-1-0-mm-3D,9579,0,0,0.0,0.0,-1.9261715412139893,1.9659842252731323
IMG-D0FB6C7AE7,R2,A,log-sigma-2-0-mm-3D,9579,0,0,0.0,0.0,-1.544493556022644,2.1706929206848145
IMG-D0FB6C7AE7,R2,A,log-sigma-3-0-mm-3D,9579,0,0,0.0,0.0,-1.2648361921310425,2.213062286376953
IMG-D9EB6D7E30,R1,B,wavelet-LLH,12710,0,0,0.0,0.0,-9.720977783203125,4.928815841674805
IMG-D9EB6D7E30,R1,B,wavelet-LHL,12710,0,0,0.0,0.0,-8.277832984924316,7.152763843536377
IMG-D9EB6D7E30,R1,B,wavelet-LHH,12710,0,0,0.0,0.0,-3.097763776779175,3.263047933578491
IMG-D9EB6D7E30,R1,B,wavelet-HLL,12710,0,0,0.0,0.0,-5.844314098358154,6.434868812561035
IMG-D9EB6D7E30,R1,B,wavelet-HLH,12710,0,0,0.0,0.0,-2.8065385818481445,3.8049161434173584
IMG-D9EB6D7E30,R1,B,wavelet-HHL,12710,0,0,0.0,0.0,-3.794186592102051,4.315406799316406
IMG-D9EB6D7E30,R1,B,wavelet-HHH,12710,0,0,0.0,0.0,-1.9617289304733276,2.1634681224823
IMG-D9EB6D7E30,R1,B,wavelet-LLL,12710,0,0,0.0,0.0,-9.689714431762695,18.670166015625
IMG-D9EB6D7E30,R1,B,log-sigma-1-0-mm-3D,12710,0,0,0.0,0.0,-2.7766566276550293,3.739990472793579
IMG-D9EB6D7E30,R1,B,log-sigma-2-0-mm-3D,12710,0,0,0.0,0.0,-2.83961820602417,3.1861493587493896
IMG-D9EB6D7E30,R1,B,log-sigma-3-0-mm-3D,12710,0,0,0.0,0.0,-2.9009153842926025,3.4332408905029297
IMG-9FBC3B9E41,R1,B,wavelet-LLH,2230,0,0,0.0,0.0,-5.740781784057617,5.317721366882324
IMG-9FBC3B9E41,R1,B,wavelet-LHL,2230,0,0,0.0,0.0,-8.96565055847168,4.18563175201416
IMG-9FBC3B9E41,R1,B,wavelet-LHH,2230,0,0,0.0,0.0,-3.4892046451568604,3.2298805713653564
IMG-9FBC3B9E41,R1,B,wavelet-HLL,2230,0,0,0.0,0.0,-6.9951395988464355,7.771627426147461
IMG-9FBC3B9E41,R1,B,wavelet-HLH,2230,0,0,0.0,0.0,-1.9752920866012573,3.0883686542510986
IMG-9FBC3B9E41,R1,B,wavelet-HHL,2230,0,0,0.0,0.0,-3.6023223400115967,3.9998135566711426
IMG-9FBC3B9E41,R1,B,wavelet-HHH,2230,0,0,0.0,0.0,-1.4833240509033203,1.249764084815979
IMG-9FBC3B9E41,R1,B,wavelet-LLL,2230,0,0,0.0,0.0,-10.698604583740234,14.420344352722168
IMG-9FBC3B9E41,R1,B,log-sigma-1-0-mm-3D,2230,0,0,0.0,0.0,-5.228793144226074,3.1344828605651855
IMG-9FBC3B9E41,R1,B,log-sigma-2-0-mm-3D,2230,0,0,0.0,0.0,-3.7013111114501953,2.9065589904785156
IMG-9FBC3B9E41,R1,B,log-sigma-3-0-mm-3D,2230,0,0,0.0,0.0,-2.998023748397827,2.7305638790130615
IMG-37A61CD40F,R1,A,wavelet-LLH,10533,0,0,0.0,0.0,-5.329041481018066,3.699826717376709
IMG-37A61CD40F,R1,A,wavelet-LHL,10533,0,0,0.0,0.0,-4.794511318206787,3.8406124114990234
IMG-37A61CD40F,R1,A,wavelet-LHH,10533,0,0,0.0,0.0,-2.1154377460479736,2.2579736709594727
IMG-37A61CD40F,R1,A,wavelet-HLL,10533,0,0,0.0,0.0,-6.971716403961182,5.604057788848877
IMG-37A61CD40F,R1,A,wavelet-HLH,10533,0,0,0.0,0.0,-2.0492420196533203,2.304370403289795
IMG-37A61CD40F,R1,A,wavelet-HHL,10533,0,0,0.0,0.0,-2.202190637588501,3.042910099029541
IMG-37A61CD40F,R1,A,wavelet-HHH,10533,0,0,0.0,0.0,-1.33998703956604,1.3577271699905396
IMG-37A61CD40F,R1,A,wavelet-LLL,10533,0,0,0.0,0.0,-5.508886814117432,21.905536651611328
IMG-37A61CD40F,R1,A,log-sigma-1-0-mm-3D,10533,0,0,0.0,0.0,-3.81396746635437,2.1800057888031006
IMG-37A61CD40F,R1,A,log-sigma-2-0-mm-3D,10533,0,0,0.0,0.0,-4.540388107299805,1.5604112148284912
IMG-37A61CD40F,R1,A,log-sigma-3-0-mm-3D,10533,0,0,0.0,0.0,-3.2085862159729004,1.3742657899856567
IMG-F9D06E12D1,R1,A,wavelet-LLH,15764,0,0,0.0,0.0,-8.651102066040039,6.29561185836792
IMG-F9D06E12D1,R1,A,wavelet-LHL,15764,0,0,0.0,0.0,-6.486462593078613,4.657439708709717
IMG-F9D06E12D1,R1,A,wavelet-LHH,15764,0,0,0.0,0.0,-2.3203840255737305,3.3629543781280518
IMG-F9D06E12D1,R1,A,wavelet-HLL,15764,0,0,0.0,0.0,-8.019852638244629,4.475854396820068
IMG-F9D06E12D1,R1,A,wavelet-HLH,15764,0,0,0.0,0.0,-2.912968158721924,4.602466106414795
IMG-F9D06E12D1,R1,A,wavelet-HHL,15764,0,0,0.0,0.0,-3.768566608428955,4.62033748626709
IMG-F9D06E12D1,R1,A,wavelet-HHH,15764,0,0,0.0,0.0,-1.8392833471298218,1.7637439966201782
IMG-F9D06E12D1,R1,A,wavelet-LLL,15764,0,0,0.0,0.0,-5.667086601257324,16.125478744506836
IMG-F9D06E12D1,R1,A,log-sigma-1-0-mm-3D,15764,0,0,0.0,0.0,-2.060920238494873,2.104123592376709
IMG-F9D06E12D1,R1,A,log-sigma-2-0-mm-3D,15764,0,0,0.0,0.0,-2.7578442096710205,1.603959083557129
IMG-F9D06E12D1,R1,A,log-sigma-3-0-mm-3D,15764,0,0,0.0,0.0,-3.242107629776001,1.537764549255371
IMG-924E797A9E,R1,A,wavelet-LLH,8984,0,0,0.0,0.0,-5.247011184692383,4.570212364196777
IMG-924E797A9E,R1,A,wavelet-LHL,8984,0,0,0.0,0.0,-9.379817008972168,6.073143005371094
IMG-924E797A9E,R1,A,wavelet-LHH,8984,0,0,0.0,0.0,-3.282421350479126,2.854194164276123
IMG-924E797A9E,R1,A,wavelet-HLL,8984,0,0,0.0,0.0,-10.463851928710938,6.435337066650391
IMG-924E797A9E,R1,A,wavelet-HLH,8984,0,0,0.0,0.0,-2.707066774368286,3.6145458221435547
IMG-924E797A9E,R1,A,wavelet-HHL,8984,0,0,0.0,0.0,-4.767362117767334,6.593136310577393
IMG-924E797A9E,R1,A,wavelet-HHH,8984,0,0,0.0,0.0,-2.8612794876098633,2.848194122314453
IMG-924E797A9E,R1,A,wavelet-LLL,8984,0,0,0.0,0.0,-7.420767307281494,17.547286987304688
IMG-924E797A9E,R1,A,log-sigma-1-0-mm-3D,8984,0,0,0.0,0.0,-3.0824520587921143,2.859574794769287
IMG-924E797A9E,R1,A,log-sigma-2-0-mm-3D,8984,0,0,0.0,0.0,-2.2926836013793945,2.4934873580932617
IMG-924E797A9E,R1,A,log-sigma-3-0-mm-3D,8984,0,0,0.0,0.0,-2.067164421081543,2.3972055912017822
IMG-A6F90B5698,R1,A,wavelet-LLH,8354,0,0,0.0,0.0,-5.279169082641602,4.117678165435791
IMG-A6F90B5698,R1,A,wavelet-LHL,8354,0,0,0.0,0.0,-5.495489120483398,4.007347583770752
IMG-A6F90B5698,R1,A,wavelet-LHH,8354,0,0,0.0,0.0,-3.1213104724884033,1.9657741785049438
IMG-A6F90B5698,R1,A,wavelet-HLL,8354,0,0,0.0,0.0,-8.441936492919922,5.147355556488037
IMG-A6F90B5698,R1,A,wavelet-HLH,8354,0,0,0.0,0.0,-3.8775339126586914,4.2855377197265625
IMG-A6F90B5698,R1,A,wavelet-HHL,8354,0,0,0.0,0.0,-3.093932867050171,4.86853551864624
IMG-A6F90B5698,R1,A,wavelet-HHH,8354,0,0,0.0,0.0,-1.508156180381775,1.5581142902374268
IMG-A6F90B5698,R1,A,wavelet-LLL,8354,0,0,0.0,0.0,-6.487096786499023,12.880435943603516
IMG-A6F90B5698,R1,A,log-sigma-1-0-mm-3D,8354,0,0,0.0,0.0,-3.332716464996338,1.9643893241882324
IMG-A6F90B5698,R1,A,log-sigma-2-0-mm-3D,8354,0,0,0.0,0.0,-2.5380027294158936,2.2174339294433594
IMG-A6F90B5698,R1,A,log-sigma-3-0-mm-3D,8354,0,0,0.0,0.0,-3.2182669639587402,1.8002185821533203
IMG-089709848D,R1,B,wavelet-LLH,11732,0,0,0.0,0.0,-5.1279497146606445,4.915741443634033
IMG-089709848D,R1,B,wavelet-LHL,11732,0,0,0.0,0.0,-4.367910861968994,5.196861743927002
IMG-089709848D,R1,B,wavelet-LHH,11732,0,0,0.0,0.0,-3.209503650665283,3.0822079181671143
IMG-089709848D,R1,B,wavelet-HLL,11732,0,0,0.0,0.0,-5.95361328125,7.865157604217529
IMG-089709848D,R1,B,wavelet-HLH,11732,0,0,0.0,0.0,-3.033390522003174,2.911649227142334
IMG-089709848D,R1,B,wavelet-HHL,11732,0,0,0.0,0.0,-2.6142752170562744,4.42797327041626
IMG-089709848D,R1,B,wavelet-HHH,11732,0,0,0.0,0.0,-1.6450692415237427,1.776023030281067
IMG-089709848D,R1,B,wavelet-LLL,11732,0,0,0.0,0.0,-10.183466911315918,9.505844116210938
IMG-089709848D,R1,B,log-sigma-1-0-mm-3D,11732,0,0,0.0,0.0,-2.557072162628174,2.075570583343506
IMG-089709848D,R1,B,log-sigma-2-0-mm-3D,11732,0,0,0.0,0.0,-2.1725244522094727,2.7823538780212402
IMG-089709848D,R1,B,log-sigma-3-0-mm-3D,11732,0,0,0.0,0.0,-1.5059242248535156,3.063469409942627
IMG-3650048DDE,R1,A,wavelet-LLH,989,0,0,0.0,0.0,-3.475585460662842,3.7265286445617676
IMG-3650048DDE,R1,A,wavelet-LHL,989,0,0,0.0,0.0,-4.363227844238281,6.92351770401001
IMG-3650048DDE,R1,A,wavelet-LHH,989,0,0,0.0,0.0,-2.1568801403045654,1.3665093183517456
IMG-3650048DDE,R1,A,wavelet-HLL,989,0,0,0.0,0.0,-5.540829181671143,4.2851386070251465
IMG-3650048DDE,R1,A,wavelet-HLH,989,0,0,0.0,0.0,-1.6086028814315796,1.2745600938796997
IMG-3650048DDE,R1,A,wavelet-HHL,989,0,0,0.0,0.0,-3.3350770473480225,5.27894926071167
IMG-3650048DDE,R1,A,wavelet-HHH,989,0,0,0.0,0.0,-1.7536646127700806,2.6058189868927
IMG-3650048DDE,R1,A,wavelet-LLL,989,0,0,0.0,0.0,-5.6548686027526855,8.438085556030273
IMG-3650048DDE,R1,A,log-sigma-1-0-mm-3D,989,0,0,0.0,0.0,-1.8484265804290771,2.53167986869812
IMG-3650048DDE,R1,A,log-sigma-2-0-mm-3D,989,0,0,0.0,0.0,-1.6431883573532104,2.4032199382781982
IMG-3650048DDE,R1,A,log-sigma-3-0-mm-3D,989,0,0,0.0,0.0,-1.254490613937378,2.2892496585845947
IMG-03F39E1825,R1,A,wavelet-LLH,7042,0,0,0.0,0.0,-4.5449957847595215,3.9275496006011963
IMG-03F39E1825,R1,A,wavelet-LHL,7042,0,0,0.0,0.0,-7.1921210289001465,6.720827102661133
IMG-03F39E1825,R1,A,wavelet-LHH,7042,0,0,0.0,0.0,-1.9192004203796387,3.000455379486084
IMG-03F39E1825,R1,A,wavelet-HLL,7042,0,0,0.0,0.0,-7.66707181930542,7.378281116485596
IMG-03F39E1825,R1,A,wavelet-HLH,7042,0,0,0.0,0.0,-2.4119784832000732,2.419389009475708
IMG-03F39E1825,R1,A,wavelet-HHL,7042,0,0,0.0,0.0,-4.1454081535339355,4.5164361000061035
IMG-03F39E1825,R1,A,wavelet-HHH,7042,0,0,0.0,0.0,-2.553257465362549,2.3683924674987793
IMG-03F39E1825,R1,A,wavelet-LLL,7042,0,0,0.0,0.0,-6.401455402374268,11.188100814819336
IMG-03F39E1825,R1,A,log-sigma-1-0-mm-3D,7042,0,0,0.0,0.0,-1.7618868350982666,2.4804329872131348
IMG-03F39E1825,R1,A,log-sigma-2-0-mm-3D,7042,0,0,0.0,0.0,-1.721724510192871,2.769521474838257
IMG-03F39E1825,R1,A,log-sigma-3-0-mm-3D,7042,0,0,0.0,0.0,-1.5123043060302734,2.930063247680664
IMG-38CE1E9C5E,R1,A,wavelet-LLH,3301,0,0,0.0,0.0,-5.513459205627441,5.512718200683594
IMG-38CE1E9C5E,R1,A,wavelet-LHL,3301,0,0,0.0,0.0,-5.309715747833252,4.285251617431641
IMG-38CE1E9C5E,R1,A,wavelet-LHH,3301,0,0,0.0,0.0,-3.633424997329712,2.373187780380249
IMG-38CE1E9C5E,R1,A,wavelet-HLL,3301,0,0,0.0,0.0,-8.130692481994629,3.6577320098876953
IMG-38CE1E9C5E,R1,A,wavelet-HLH,3301,0,0,0.0,0.0,-2.563824415206909,2.624772787094116
IMG-38CE1E9C5E,R1,A,wavelet-HHL,3301,0,0,0.0,0.0,-3.429297685623169,3.964484930038452
IMG-38CE1E9C5E,R1,A,wavelet-HHH,3301,0,0,0.0,0.0,-1.839832067489624,1.6034897565841675
IMG-38CE1E9C5E,R1,A,wavelet-LLL,3301,0,0,0.0,0.0,-7.3393049240112305,13.319713592529297
IMG-38CE1E9C5E,R1,A,log-sigma-1-0-mm-3D,3301,0,0,0.0,0.0,-1.7416393756866455,1.965803623199463
IMG-38CE1E9C5E,R1,A,log-sigma-2-0-mm-3D,3301,0,0,0.0,0.0,-2.793458938598633,2.1902096271514893
IMG-38CE1E9C5E,R1,A,log-sigma-3-0-mm-3D,3301,0,0,0.0,0.0,-3.7244715690612793,2.335686683654785
IMG-DC6849C376,R1,B,wavelet-LLH,832,0,0,0.0,0.0,-2.607445240020752,4.052708625793457
IMG-DC6849C376,R1,B,wavelet-LHL,832,0,0,0.0,0.0,-2.312100648880005,4.850272178649902
IMG-DC6849C376,R1,B,wavelet-LHH,832,0,0,0.0,0.0,-1.6739082336425781,1.2163695096969604
IMG-DC6849C376,R1,B,wavelet-HLL,832,0,0,0.0,0.0,-6.493969440460205,3.9314846992492676
IMG-DC6849C376,R1,B,wavelet-HLH,832,0,0,0.0,0.0,-1.3154442310333252,1.4585050344467163
IMG-DC6849C376,R1,B,wavelet-HHL,832,0,0,0.0,0.0,-3.7918360233306885,3.3780062198638916
IMG-DC6849C376,R1,B,wavelet-HHH,832,0,0,0.0,0.0,-0.8184903860092163,0.9799997806549072
IMG-DC6849C376,R1,B,wavelet-LLL,832,0,0,0.0,0.0,-6.305202960968018,19.76520538330078
IMG-DC6849C376,R1,B,log-sigma-1-0-mm-3D,832,0,0,0.0,0.0,-1.3766446113586426,2.6632585525512695
IMG-DC6849C376,R1,B,log-sigma-2-0-mm-3D,832,0,0,0.0,0.0,-0.9826840162277222,3.1020522117614746
IMG-DC6849C376,R1,B,log-sigma-3-0-mm-3D,832,0,0,0.0,0.0,-0.4679751694202423,3.320998430252075
IMG-E69BFF1B31,R1,B,wavelet-LLH,11725,0,0,0.0,0.0,-4.477805137634277,4.648970127105713
IMG-E69BFF1B31,R1,B,wavelet-LHL,11725,0,0,0.0,0.0,-5.069166660308838,5.577624320983887
IMG-E69BFF1B31,R1,B,wavelet-LHH,11725,0,0,0.0,0.0,-2.250582218170166,2.0983779430389404
IMG-E69BFF1B31,R1,B,wavelet-HLL,11725,0,0,0.0,0.0,-3.3665590286254883,5.272665023803711
IMG-E69BFF1B31,R1,B,wavelet-HLH,11725,0,0,0.0,0.0,-2.214017629623413,2.2227585315704346
IMG-E69BFF1B31,R1,B,wavelet-HHL,11725,0,0,0.0,0.0,-3.377667188644409,3.1437442302703857
IMG-E69BFF1B31,R1,B,wavelet-HHH,11725,0,0,0.0,0.0,-1.2483599185943604,1.6122004985809326
IMG-E69BFF1B31,R1,B,wavelet-LLL,11725,0,0,0.0,0.0,-8.028433799743652,17.718727111816406
IMG-E69BFF1B31,R1,B,log-sigma-1-0-mm-3D,11725,0,0,0.0,0.0,-1.761529564857483,2.542147159576416
IMG-E69BFF1B31,R1,B,log-sigma-2-0-mm-3D,11725,0,0,0.0,0.0,-1.8838915824890137,3.104611396789551
IMG-E69BFF1B31,R1,B,log-sigma-3-0-mm-3D,11725,0,0,0.0,0.0,-2.2644011974334717,3.0413808822631836
IMG-E69BFF1B31,R2,B,wavelet-LLH,17588,0,0,0.0,0.0,-4.5105204582214355,3.876786708831787
IMG-E69BFF1B31,R2,B,wavelet-LHL,17588,0,0,0.0,0.0,-5.227921009063721,6.5322160720825195
IMG-E69BFF1B31,R2,B,wavelet-LHH,17588,0,0,0.0,0.0,-2.2351737022399902,2.6165058612823486
IMG-E69BFF1B31,R2,B,wavelet-HLL,17588,0,0,0.0,0.0,-5.274074077606201,5.333559036254883
IMG-E69BFF1B31,R2,B,wavelet-HLH,17588,0,0,0.0,0.0,-2.4268088340759277,2.0711374282836914
IMG-E69BFF1B31,R2,B,wavelet-HHL,17588,0,0,0.0,0.0,-3.1452128887176514,3.048273801803589
IMG-E69BFF1B31,R2,B,wavelet-HHH,17588,0,0,0.0,0.0,-1.5467898845672607,1.8391356468200684
IMG-E69BFF1B31,R2,B,wavelet-LLL,17588,0,0,0.0,0.0,-9.834061622619629,14.70394229888916
IMG-E69BFF1B31,R2,B,log-sigma-1-0-mm-3D,17588,0,0,0.0,0.0,-2.525294780731201,2.6402487754821777
IMG-E69BFF1B31,R2,B,log-sigma-2-0-mm-3D,17588,0,0,0.0,0.0,-2.0162930488586426,2.616161584854126
IMG-E69BFF1B31,R2,B,log-sigma-3-0-mm-3D,17588,0,0,0.0,0.0,-2.4596612453460693,2.5362143516540527
IMG-7692AF5B6E,R1,A,wavelet-LLH,3724,0,0,0.0,0.0,-5.762447357177734,3.3016865253448486
IMG-7692AF5B6E,R1,A,wavelet-LHL,3724,0,0,0.0,0.0,-4.47041654586792,5.395340442657471
IMG-7692AF5B6E,R1,A,wavelet-LHH,3724,0,0,0.0,0.0,-1.9822773933410645,1.9084216356277466
IMG-7692AF5B6E,R1,A,wavelet-HLL,3724,0,0,0.0,0.0,-4.86199426651001,4.853759288787842
IMG-7692AF5B6E,R1,A,wavelet-HLH,3724,0,0,0.0,0.0,-2.1086058616638184,2.320164680480957
IMG-7692AF5B6E,R1,A,wavelet-HHL,3724,0,0,0.0,0.0,-2.8662269115448,3.6334052085876465
IMG-7692AF5B6E,R1,A,wavelet-HHH,3724,0,0,0.0,0.0,-1.5455379486083984,1.4389232397079468
IMG-7692AF5B6E,R1,A,wavelet-LLL,3724,0,0,0.0,0.0,-6.834443092346191,14.132832527160645
IMG-7692AF5B6E,R1,A,log-sigma-1-0-mm-3D,3724,0,0,0.0,0.0,-1.9307935237884521,2.1045501232147217
IMG-7692AF5B6E,R1,A,log-sigma-2-0-mm-3D,3724,0,0,0.0,0.0,-2.4831528663635254,2.677098035812378
IMG-7692AF5B6E,R1,A,log-sigma-3-0-mm-3D,3724,0,0,0.0,0.0,-2.031787395477295,2.9563608169555664
IMG-00E0E335F8,R1,B,wavelet-LLH,3040,0,0,0.0,0.0,-4.562050819396973,4.760801315307617
IMG-00E0E335F8,R1,B,wavelet-LHL,3040,0,0,0.0,0.0,-3.4261832237243652,2.5605359077453613
IMG-00E0E335F8,R1,B,wavelet-LHH,3040,0,0,0.0,0.0,-1.641095519065857,1.3919931650161743
IMG-00E0E335F8,R1,B,wavelet-HLL,3040,0,0,0.0,0.0,-2.5735487937927246,2.574667453765869
IMG-00E0E335F8,R1,B,wavelet-HLH,3040,0,0,0.0,0.0,-1.2969473600387573,1.2439097166061401
IMG-00E0E335F8,R1,B,wavelet-HHL,3040,0,0,0.0,0.0,-2.0103585720062256,2.80757212638855
IMG-00E0E335F8,R1,B,wavelet-HHH,3040,0,0,0.0,0.0,-1.2934613227844238,1.4211684465408325
IMG-00E0E335F8,R1,B,wavelet-LLL,3040,0,0,0.0,0.0,-5.928143501281738,10.326395034790039
IMG-00E0E335F8,R1,B,log-sigma-1-0-mm-3D,3040,0,0,0.0,0.0,-1.7322760820388794,1.6945048570632935
IMG-00E0E335F8,R1,B,log-sigma-2-0-mm-3D,3040,0,0,0.0,0.0,-1.7657698392868042,1.654078483581543
IMG-00E0E335F8,R1,B,log-sigma-3-0-mm-3D,3040,0,0,0.0,0.0,-1.4777922630310059,1.6221511363983154
IMG-E26D72CC96,R1,A,wavelet-LLH,4728,0,0,0.0,0.0,-11.183450698852539,5.866510391235352
IMG-E26D72CC96,R1,A,wavelet-LHL,4728,0,0,0.0,0.0,-5.347095489501953,7.005719184875488
IMG-E26D72CC96,R1,A,wavelet-LHH,4728,0,0,0.0,0.0,-3.508301258087158,4.751258373260498
IMG-E26D72CC96,R1,A,wavelet-HLL,4728,0,0,0.0,0.0,-10.203167915344238,7.7967610359191895
IMG-E26D72CC96,R1,A,wavelet-HLH,4728,0,0,0.0,0.0,-3.5712621212005615,3.962433338165283
IMG-E26D72CC96,R1,A,wavelet-HHL,4728,0,0,0.0,0.0,-3.7466440200805664,5.1334638595581055
IMG-E26D72CC96,R1,A,wavelet-HHH,4728,0,0,0.0,0.0,-3.8531506061553955,1.875106692314148
IMG-E26D72CC96,R1,A,wavelet-LLL,4728,0,0,0.0,0.0,-5.832926273345947,21.00016975402832
IMG-E26D72CC96,R1,A,log-sigma-1-0-mm-3D,4728,0,0,0.0,0.0,-2.3251006603240967,3.029867172241211
IMG-E26D72CC96,R1,A,log-sigma-2-0-mm-3D,4728,0,0,0.0,0.0,-3.9397034645080566,2.817601203918457
IMG-E26D72CC96,R1,A,log-sigma-3-0-mm-3D,4728,0,0,0.0,0.0,-3.765657424926758,2.8159427642822266
IMG-39120D1441,R1,B,wavelet-LLH,3606,0,0,0.0,0.0,-4.684915065765381,4.890722751617432
IMG-39120D1441,R1,B,wavelet-LHL,3606,0,0,0.0,0.0,-5.264289379119873,10.39516544342041
IMG-39120D1441,R1,B,wavelet-LHH,3606,0,0,0.0,0.0,-3.241917848587036,2.33144474029541
IMG-39120D1441,R1,B,wavelet-HLL,3606,0,0,0.0,0.0,-4.256629467010498,6.94020938873291
IMG-39120D1441,R1,B,wavelet-HLH,3606,0,0,0.0,0.0,-2.4673328399658203,2.3511462211608887
IMG-39120D1441,R1,B,wavelet-HHL,3606,0,0,0.0,0.0,-4.672260284423828,3.9070379734039307
IMG-39120D1441,R1,B,wavelet-HHH,3606,0,0,0.0,0.0,-1.5856019258499146,2.1013619899749756
IMG-39120D1441,R1,B,wavelet-LLL,3606,0,0,0.0,0.0,-8.317434310913086,17.608295440673828
IMG-39120D1441,R1,B,log-sigma-1-0-mm-3D,3606,0,0,0.0,0.0,-2.0940442085266113,3.0505645275115967
IMG-39120D1441,R1,B,log-sigma-2-0-mm-3D,3606,0,0,0.0,0.0,-3.3177003860473633,3.542395830154419
IMG-39120D1441,R1,B,log-sigma-3-0-mm-3D,3606,0,0,0.0,0.0,-3.667924404144287,3.7251055240631104
IMG-185ACED11B,R1,A,wavelet-LLH,4546,0,0,0.0,0.0,-4.4705891609191895,4.394101142883301
IMG-185ACED11B,R1,A,wavelet-LHL,4546,0,0,0.0,0.0,-5.495915412902832,5.773112773895264
IMG-185ACED11B,R1,A,wavelet-LHH,4546,0,0,0.0,0.0,-2.744631290435791,2.567030668258667
IMG-185ACED11B,R1,A,wavelet-HLL,4546,0,0,0.0,0.0,-8.68358039855957,7.597753524780273
IMG-185ACED11B,R1,A,wavelet-HLH,4546,0,0,0.0,0.0,-2.1137139797210693,2.0752947330474854
IMG-185ACED11B,R1,A,wavelet-HHL,4546,0,0,0.0,0.0,-4.230579376220703,5.004158973693848
IMG-185ACED11B,R1,A,wavelet-HHH,4546,0,0,0.0,0.0,-1.6776776313781738,1.6035479307174683
IMG-185ACED11B,R1,A,wavelet-LLL,4546,0,0,0.0,0.0,-6.509825706481934,11.624037742614746
IMG-185ACED11B,R1,A,log-sigma-1-0-mm-3D,4546,0,0,0.0,0.0,-1.1020362377166748,2.4930546283721924
IMG-185ACED11B,R1,A,log-sigma-2-0-mm-3D,4546,0,0,0.0,0.0,-2.6010966300964355,1.950174331665039
IMG-185ACED11B,R1,A,log-sigma-3-0-mm-3D,4546,0,0,0.0,0.0,-2.8786675930023193,1.9462312459945679
IMG-731AEA47FE,R1,A,wavelet-LLH,13306,0,0,0.0,0.0,-7.26430082321167,5.892487049102783
IMG-731AEA47FE,R1,A,wavelet-LHL,13306,0,0,0.0,0.0,-9.915685653686523,6.206699371337891
IMG-731AEA47FE,R1,A,wavelet-LHH,13306,0,0,0.0,0.0,-3.1871397495269775,4.48550271987915
IMG-731AEA47FE,R1,A,wavelet-HLL,13306,0,0,0.0,0.0,-12.340372085571289,8.715615272521973
IMG-731AEA47FE,R1,A,wavelet-HLH,13306,0,0,0.0,0.0,-2.7176294326782227,5.1754865646362305
IMG-731AEA47FE,R1,A,wavelet-HHL,13306,0,0,0.0,0.0,-7.154445171356201,6.737556457519531
IMG-731AEA47FE,R1,A,wavelet-HHH,13306,0,0,0.0,0.0,-3.623824119567871,3.0592446327209473
IMG-731AEA47FE,R1,A,wavelet-LLL,13306,0,0,0.0,0.0,-8.794380187988281,22.302099227905273
IMG-731AEA47FE,R1,A,log-sigma-1-0-mm-3D,13306,0,0,0.0,0.0,-2.518578052520752,2.64616060256958
IMG-731AEA47FE,R1,A,log-sigma-2-0-mm-3D,13306,0,0,0.0,0.0,-2.9317502975463867,2.624802589416504
IMG-731AEA47FE,R1,A,log-sigma-3-0-mm-3D,13306,0,0,0.0,0.0,-2.324876308441162,2.712214946746826
IMG-DCC2F206AC,R1,A,wavelet-LLH,7048,0,0,0.0,0.0,-2.9393529891967773,3.7090914249420166
IMG-DCC2F206AC,R1,A,wavelet-LHL,7048,0,0,0.0,0.0,-3.0702340602874756,2.5862419605255127
IMG-DCC2F206AC,R1,A,wavelet-LHH,7048,0,0,0.0,0.0,-1.5793112516403198,1.2105512619018555
IMG-DCC2F206AC,R1,A,wavelet-HLL,7048,0,0,0.0,0.0,-3.506216049194336,3.1654276847839355
IMG-DCC2F206AC,R1,A,wavelet-HLH,7048,0,0,0.0,0.0,-1.2983113527297974,1.2634471654891968
IMG-DCC2F206AC,R1,A,wavelet-HHL,7048,0,0,0.0,0.0,-2.0113651752471924,2.252535581588745
IMG-DCC2F206AC,R1,A,wavelet-HHH,7048,0,0,0.0,0.0,-0.9958593249320984,0.9596635699272156
IMG-DCC2F206AC,R1,A,wavelet-LLL,7048,0,0,0.0,0.0,-6.596366882324219,9.888797760009766
IMG-DCC2F206AC,R1,A,log-sigma-1-0-mm-3D,7048,0,0,0.0,0.0,-1.436444878578186,1.6527297496795654
IMG-DCC2F206AC,R1,A,log-sigma-2-0-mm-3D,7048,0,0,0.0,0.0,-1.8440321683883667,2.005819797515869
IMG-DCC2F206AC,R1,A,log-sigma-3-0-mm-3D,7048,0,0,0.0,0.0,-1.6336052417755127,2.139364242553711
IMG-4AC748A020,R1,B,wavelet-LLH,5445,0,0,0.0,0.0,-6.243298053741455,4.507193565368652
IMG-4AC748A020,R1,B,wavelet-LHL,5445,0,0,0.0,0.0,-7.763859748840332,5.05269718170166
IMG-4AC748A020,R1,B,wavelet-LHH,5445,0,0,0.0,0.0,-2.4303910732269287,3.042626142501831
IMG-4AC748A020,R1,B,wavelet-HLL,5445,0,0,0.0,0.0,-5.419271469116211,4.043319225311279
IMG-4AC748A020,R1,B,wavelet-HLH,5445,0,0,0.0,0.0,-1.6756733655929565,1.9931901693344116
IMG-4AC748A020,R1,B,wavelet-HHL,5445,0,0,0.0,0.0,-3.609954357147217,4.057177543640137
IMG-4AC748A020,R1,B,wavelet-HHH,5445,0,0,0.0,0.0,-1.6500214338302612,1.7136591672897339
IMG-4AC748A020,R1,B,wavelet-LLL,5445,0,0,0.0,0.0,-8.720174789428711,13.437416076660156
IMG-4AC748A020,R1,B,log-sigma-1-0-mm-3D,5445,0,0,0.0,0.0,-2.611886739730835,2.5703389644622803
IMG-4AC748A020,R1,B,log-sigma-2-0-mm-3D,5445,0,0,0.0,0.0,-2.7550907135009766,2.8137800693511963
IMG-4AC748A020,R1,B,log-sigma-3-0-mm-3D,5445,0,0,0.0,0.0,-1.9576624631881714,3.0139517784118652
IMG-A3393E0C00,R1,A,wavelet-LLH,4385,0,0,0.0,0.0,-4.8247528076171875,3.222123861312866
IMG-A3393E0C00,R1,A,wavelet-LHL,4385,0,0,0.0,0.0,-5.194295883178711,2.997714042663574
IMG-A3393E0C00,R1,A,wavelet-LHH,4385,0,0,0.0,0.0,-1.3814703226089478,1.6162265539169312
IMG-A3393E0C00,R1,A,wavelet-HLL,4385,0,0,0.0,0.0,-4.0167927742004395,4.37109375
IMG-A3393E0C00,R1,A,wavelet-HLH,4385,0,0,0.0,0.0,-1.6994719505310059,1.4350571632385254
IMG-A3393E0C00,R1,A,wavelet-HHL,4385,0,0,0.0,0.0,-2.3771145343780518,2.6199140548706055
IMG-A3393E0C00,R1,A,wavelet-HHH,4385,0,0,0.0,0.0,-1.1504130363464355,1.197360873222351
IMG-A3393E0C00,R1,A,wavelet-LLL,4385,0,0,0.0,0.0,-4.808547019958496,14.893966674804688
IMG-A3393E0C00,R1,A,log-sigma-1-0-mm-3D,4385,0,0,0.0,0.0,-2.8499767780303955,1.4568150043487549
IMG-A3393E0C00,R1,A,log-sigma-2-0-mm-3D,4385,0,0,0.0,0.0,-3.0181169509887695,1.440671682357788
IMG-A3393E0C00,R1,A,log-sigma-3-0-mm-3D,4385,0,0,0.0,0.0,-2.596527099609375,1.3094353675842285
IMG-D06C7EE47C,R1,A,wavelet-LLH,12059,0,0,0.0,0.0,-7.349617958068848,4.635249614715576
IMG-D06C7EE47C,R1,A,wavelet-LHL,12059,0,0,0.0,0.0,-14.161768913269043,7.5429205894470215
IMG-D06C7EE47C,R1,A,wavelet-LHH,12059,0,0,0.0,0.0,-2.346414804458618,4.327915668487549
IMG-D06C7EE47C,R1,A,wavelet-HLL,12059,0,0,0.0,0.0,-9.604694366455078,8.132749557495117
IMG-D06C7EE47C,R1,A,wavelet-HLH,12059,0,0,0.0,0.0,-3.245192289352417,3.8755199909210205
IMG-D06C7EE47C,R1,A,wavelet-HHL,12059,0,0,0.0,0.0,-5.844062328338623,5.083120822906494
IMG-D06C7EE47C,R1,A,wavelet-HHH,12059,0,0,0.0,0.0,-2.4870691299438477,2.4693143367767334
IMG-D06C7EE47C,R1,A,wavelet-LLL,12059,0,0,0.0,0.0,-7.064268589019775,15.886174201965332
IMG-D06C7EE47C,R1,A,log-sigma-1-0-mm-3D,12059,0,0,0.0,0.0,-2.6866090297698975,2.567363739013672
IMG-D06C7EE47C,R1,A,log-sigma-2-0-mm-3D,12059,0,0,0.0,0.0,-2.3401594161987305,2.538933753967285
IMG-D06C7EE47C,R1,A,log-sigma-3-0-mm-3D,12059,0,0,0.0,0.0,-2.3095202445983887,2.144176959991455
IMG-2760B2A8FA,R1,A,wavelet-LLH,4839,0,0,0.0,0.0,-4.766056537628174,4.436715602874756
IMG-2760B2A8FA,R1,A,wavelet-LHL,4839,0,0,0.0,0.0,-8.874829292297363,6.135142803192139
IMG-2760B2A8FA,R1,A,wavelet-LHH,4839,0,0,0.0,0.0,-2.8114242553710938,1.978392481803894
IMG-2760B2A8FA,R1,A,wavelet-HLL,4839,0,0,0.0,0.0,-7.099669456481934,5.816153526306152
IMG-2760B2A8FA,R1,A,wavelet-HLH,4839,0,0,0.0,0.0,-1.8982778787612915,2.2016794681549072
IMG-2760B2A8FA,R1,A,wavelet-HHL,4839,0,0,0.0,0.0,-3.634894371032715,4.439325332641602
IMG-2760B2A8FA,R1,A,wavelet-HHH,4839,0,0,0.0,0.0,-1.2804927825927734,1.2639864683151245
IMG-2760B2A8FA,R1,A,wavelet-LLL,4839,0,0,0.0,0.0,-7.374110698699951,9.468832015991211
IMG-2760B2A8FA,R1,A,log-sigma-1-0-mm-3D,4839,0,0,0.0,0.0,-3.296280860900879,2.1573047637939453
IMG-2760B2A8FA,R1,A,log-sigma-2-0-mm-3D,4839,0,0,0.0,0.0,-2.9737465381622314,2.8927669525146484
IMG-2760B2A8FA,R1,A,log-sigma-3-0-mm-3D,4839,0,0,0.0,0.0,-2.3563427925109863,2.148989200592041
IMG-E6E984C73C,R1,B,wavelet-LLH,7453,0,0,0.0,0.0,-6.441524028778076,4.783745765686035
IMG-E6E984C73C,R1,B,wavelet-LHL,7453,0,0,0.0,0.0,-7.2321343421936035,7.496070384979248
IMG-E6E984C73C,R1,B,wavelet-LHH,7453,0,0,0.0,0.0,-2.538066864013672,2.5009446144104004
IMG-E6E984C73C,R1,B,wavelet-HLL,7453,0,0,0.0,0.0,-4.574836730957031,7.749292850494385
IMG-E6E984C73C,R1,B,wavelet-HLH,7453,0,0,0.0,0.0,-1.7492727041244507,1.761898398399353
IMG-E6E984C73C,R1,B,wavelet-HHL,7453,0,0,0.0,0.0,-4.036594390869141,2.968118190765381
IMG-E6E984C73C,R1,B,wavelet-HHH,7453,0,0,0.0,0.0,-1.3338011503219604,1.194804310798645
IMG-E6E984C73C,R1,B,wavelet-LLL,7453,3,0,0.0004025224741714746,0.0,-12.124778747558594,13.844161987304688
IMG-E6E984C73C,R1,B,log-sigma-1-0-mm-3D,7453,0,0,0.0,0.0,-3.153961420059204,2.603266954421997
IMG-E6E984C73C,R1,B,log-sigma-2-0-mm-3D,7453,0,0,0.0,0.0,-2.9473888874053955,2.962864398956299
IMG-E6E984C73C,R1,B,log-sigma-3-0-mm-3D,7453,0,0,0.0,0.0,-2.4904096126556396,3.0571632385253906
IMG-818E128307,R1,B,wavelet-LLH,7552,0,0,0.0,0.0,-5.783421516418457,3.7076587677001953
IMG-818E128307,R1,B,wavelet-LHL,7552,0,0,0.0,0.0,-2.831916570663452,4.950564384460449
IMG-818E128307,R1,B,wavelet-LHH,7552,0,0,0.0,0.0,-1.674275279045105,2.1878132820129395
IMG-818E128307,R1,B,wavelet-HLL,7552,0,0,0.0,0.0,-3.656416893005371,4.101994514465332
IMG-818E128307,R1,B,wavelet-HLH,7552,0,0,0.0,0.0,-1.789618730545044,1.729933738708496
IMG-818E128307,R1,B,wavelet-HHL,7552,0,0,0.0,0.0,-2.6256210803985596,2.0820157527923584
IMG-818E128307,R1,B,wavelet-HHH,7552,0,0,0.0,0.0,-1.2102179527282715,0.9708183407783508
IMG-818E128307,R1,B,wavelet-LLL,7552,0,0,0.0,0.0,-8.834074974060059,14.158126831054688
IMG-818E128307,R1,B,log-sigma-1-0-mm-3D,7552,0,0,0.0,0.0,-2.1754255294799805,2.013030529022217
IMG-818E128307,R1,B,log-sigma-2-0-mm-3D,7552,0,0,0.0,0.0,-2.403998613357544,2.6088807582855225
IMG-818E128307,R1,B,log-sigma-3-0-mm-3D,7552,0,0,0.0,0.0,-2.4864468574523926,2.6123061180114746
IMG-02B7360D27,R1,A,wavelet-LLH,8396,0,0,0.0,0.0,-6.150509357452393,4.6033759117126465
IMG-02B7360D27,R1,A,wavelet-LHL,8396,0,0,0.0,0.0,-5.694075584411621,6.599910736083984
IMG-02B7360D27,R1,A,wavelet-LHH,8396,0,0,0.0,0.0,-2.846804141998291,4.069235801696777
IMG-02B7360D27,R1,A,wavelet-HLL,8396,0,0,0.0,0.0,-8.791790962219238,5.441808223724365
IMG-02B7360D27,R1,A,wavelet-HLH,8396,0,0,0.0,0.0,-3.0202808380126953,4.1036696434021
IMG-02B7360D27,R1,A,wavelet-HHL,8396,0,0,0.0,0.0,-5.836729049682617,3.8984897136688232
IMG-02B7360D27,R1,A,wavelet-HHH,8396,0,0,0.0,0.0,-2.7672173976898193,1.7133041620254517
IMG-02B7360D27,R1,A,wavelet-LLL,8396,0,0,0.0,0.0,-6.852140426635742,14.364339828491211
IMG-02B7360D27,R1,A,log-sigma-1-0-mm-3D,8396,0,0,0.0,0.0,-3.433043956756592,2.899656295776367
IMG-02B7360D27,R1,A,log-sigma-2-0-mm-3D,8396,0,0,0.0,0.0,-4.127625465393066,2.3145523071289062
IMG-02B7360D27,R1,A,log-sigma-3-0-mm-3D,8396,0,0,0.0,0.0,-2.882697105407715,2.335597038269043
IMG-C518AF9324,R1,A,wavelet-LLH,15792,0,0,0.0,0.0,-3.8862528800964355,4.437259674072266
IMG-C518AF9324,R1,A,wavelet-LHL,15792,0,0,0.0,0.0,-9.258537292480469,8.058940887451172
IMG-C518AF9324,R1,A,wavelet-LHH,15792,0,0,0.0,0.0,-2.260591745376587,3.249541759490967
IMG-C518AF9324,R1,A,wavelet-HLL,15792,0,0,0.0,0.0,-9.223089218139648,4.280848979949951
IMG-C518AF9324,R1,A,wavelet-HLH,15792,0,0,0.0,0.0,-1.4693598747253418,2.208317995071411
IMG-C518AF9324,R1,A,wavelet-HHL,15792,0,0,0.0,0.0,-4.966892719268799,4.355045318603516
IMG-C518AF9324,R1,A,wavelet-HHH,15792,0,0,0.0,0.0,-1.3391894102096558,1.204756259918213
IMG-C518AF9324,R1,A,wavelet-LLL,15792,0,0,0.0,0.0,-7.356470108032227,14.798274993896484
IMG-C518AF9324,R1,A,log-sigma-1-0-mm-3D,15792,0,0,0.0,0.0,-1.8573139905929565,2.214780330657959
IMG-C518AF9324,R1,A,log-sigma-2-0-mm-3D,15792,0,0,0.0,0.0,-2.840820550918579,2.288477897644043
IMG-C518AF9324,R1,A,log-sigma-3-0-mm-3D,15792,0,0,0.0,0.0,-3.1316683292388916,2.058446168899536
IMG-577B8F64F1,R1,A,wavelet-LLH,5698,0,0,0.0,0.0,-6.103728294372559,4.927517890930176
IMG-577B8F64F1,R1,A,wavelet-LHL,5698,0,0,0.0,0.0,-7.647336959838867,8.439894676208496
IMG-577B8F64F1,R1,A,wavelet-LHH,5698,0,0,0.0,0.0,-2.387378215789795,2.746908664703369
IMG-577B8F64F1,R1,A,wavelet-HLL,5698,0,0,0.0,0.0,-5.3842082023620605,4.5189528465271
IMG-577B8F64F1,R1,A,wavelet-HLH,5698,0,0,0.0,0.0,-1.6880627870559692,2.5824921131134033
IMG-577B8F64F1,R1,A,wavelet-HHL,5698,0,0,0.0,0.0,-4.111254692077637,3.3077664375305176
IMG-577B8F64F1,R1,A,wavelet-HHH,5698,0,0,0.0,0.0,-1.3199167251586914,1.743582844734192
IMG-577B8F64F1,R1,A,wavelet-LLL,5698,0,0,0.0,0.0,-7.372044563293457,18.264150619506836
IMG-577B8F64F1,R1,A,log-sigma-1-0-mm-3D,5698,0,0,0.0,0.0,-2.1335175037384033,2.4188437461853027
IMG-577B8F64F1,R1,A,log-sigma-2-0-mm-3D,5698,0,0,0.0,0.0,-3.4611105918884277,2.473024845123291
IMG-577B8F64F1,R1,A,log-sigma-3-0-mm-3D,5698,0,0,0.0,0.0,-3.601900339126587,2.305884838104248
IMG-6C8346139A,R1,A,wavelet-LLH,5606,0,0,0.0,0.0,-5.01891565322876,4.690601348876953
IMG-6C8346139A,R1,A,wavelet-LHL,5606,0,0,0.0,0.0,-8.866299629211426,4.943683624267578
IMG-6C8346139A,R1,A,wavelet-LHH,5606,0,0,0.0,0.0,-2.323096513748169,2.5485198497772217
IMG-6C8346139A,R1,A,wavelet-HLL,5606,0,0,0.0,0.0,-8.443685531616211,5.648918628692627
IMG-6C8346139A,R1,A,wavelet-HLH,5606,0,0,0.0,0.0,-2.3007333278656006,2.9931273460388184
IMG-6C8346139A,R1,A,wavelet-HHL,5606,0,0,0.0,0.0,-4.866570949554443,5.542356491088867
IMG-6C8346139A,R1,A,wavelet-HHH,5606,0,0,0.0,0.0,-2.5268735885620117,2.8796024322509766
IMG-6C8346139A,R1,A,wavelet-LLL,5606,0,0,0.0,0.0,-6.341554641723633,16.61847496032715
IMG-6C8346139A,R1,A,log-sigma-1-0-mm-3D,5606,0,0,0.0,0.0,-3.044048547744751,2.5036556720733643
IMG-6C8346139A,R1,A,log-sigma-2-0-mm-3D,5606,0,0,0.0,0.0,-2.821565628051758,2.6318674087524414
IMG-6C8346139A,R1,A,log-sigma-3-0-mm-3D,5606,0,0,0.0,0.0,-3.1833620071411133,2.635991096496582
IMG-61AAFD85E8,R1,A,wavelet-LLH,4358,0,0,0.0,0.0,-6.053579330444336,3.836378574371338
IMG-61AAFD85E8,R1,A,wavelet-LHL,4358,0,0,0.0,0.0,-4.809455871582031,3.8166584968566895
IMG-61AAFD85E8,R1,A,wavelet-LHH,4358,0,0,0.0,0.0,-2.200890064239502,2.350720167160034
IMG-61AAFD85E8,R1,A,wavelet-HLL,4358,0,0,0.0,0.0,-5.61171293258667,5.6509246826171875
IMG-61AAFD85E8,R1,A,wavelet-HLH,4358,0,0,0.0,0.0,-2.289172649383545,1.9850184917449951
IMG-61AAFD85E8,R1,A,wavelet-HHL,4358,0,0,0.0,0.0,-3.828935146331787,3.5108532905578613
IMG-61AAFD85E8,R1,A,wavelet-HHH,4358,0,0,0.0,0.0,-1.7694817781448364,1.5690046548843384
IMG-61AAFD85E8,R1,A,wavelet-LLL,4358,0,0,0.0,0.0,-8.172269821166992,15.865180969238281
IMG-61AAFD85E8,R1,A,log-sigma-1-0-mm-3D,4358,0,0,0.0,0.0,-1.7834255695343018,2.23758864402771
IMG-61AAFD85E8,R1,A,log-sigma-2-0-mm-3D,4358,0,0,0.0,0.0,-1.9907925128936768,2.863781452178955
IMG-61AAFD85E8,R1,A,log-sigma-3-0-mm-3D,4358,0,0,0.0,0.0,-1.69663667678833,3.1326820850372314
IMG-5E6C0EE889,R1,A,wavelet-LLH,4451,0,0,0.0,0.0,-4.467658996582031,4.085221767425537
IMG-5E6C0EE889,R1,A,wavelet-LHL,4451,0,0,0.0,0.0,-5.700464725494385,5.7830729484558105
IMG-5E6C0EE889,R1,A,wavelet-LHH,4451,0,0,0.0,0.0,-1.7347047328948975,2.436641216278076
IMG-5E6C0EE889,R1,A,wavelet-HLL,4451,0,0,0.0,0.0,-4.422200679779053,4.924661636352539
IMG-5E6C0EE889,R1,A,wavelet-HLH,4451,0,0,0.0,0.0,-2.4650321006774902,2.7245452404022217
IMG-5E6C0EE889,R1,A,wavelet-HHL,4451,0,0,0.0,0.0,-4.345577239990234,4.346177101135254
IMG-5E6C0EE889,R1,A,wavelet-HHH,4451,0,0,0.0,0.0,-2.119216203689575,2.108419418334961
IMG-5E6C0EE889,R1,A,wavelet-LLL,4451,0,0,0.0,0.0,-7.008371829986572,14.115644454956055
IMG-5E6C0EE889,R1,A,log-sigma-1-0-mm-3D,4451,0,0,0.0,0.0,-1.4163151979446411,2.473259925842285
IMG-5E6C0EE889,R1,A,log-sigma-2-0-mm-3D,4451,0,0,0.0,0.0,-1.7394042015075684,3.1920807361602783
IMG-5E6C0EE889,R1,A,log-sigma-3-0-mm-3D,4451,0,0,0.0,0.0,-1.197295069694519,2.9019718170166016
IMG-45EE2A9CDC,R1,A,wavelet-LLH,9106,0,0,0.0,0.0,-5.539167404174805,3.0612521171569824
IMG-45EE2A9CDC,R1,A,wavelet-LHL,9106,0,0,0.0,0.0,-9.19798469543457,6.144617557525635
IMG-45EE2A9CDC,R1,A,wavelet-LHH,9106,0,0,0.0,0.0,-2.39005184173584,2.8427248001098633
IMG-45EE2A9CDC,R1,A,wavelet-HLL,9106,0,0,0.0,0.0,-6.6434526443481445,5.842666149139404
IMG-45EE2A9CDC,R1,A,wavelet-HLH,9106,0,0,0.0,0.0,-3.1887478828430176,3.1851444244384766
IMG-45EE2A9CDC,R1,A,wavelet-HHL,9106,0,0,0.0,0.0,-4.594117164611816,4.52517032623291
IMG-45EE2A9CDC,R1,A,wavelet-HHH,9106,0,0,0.0,0.0,-2.6816911697387695,2.4816997051239014
IMG-45EE2A9CDC,R1,A,wavelet-LLL,9106,0,0,0.0,0.0,-6.747130870819092,12.539620399475098
IMG-45EE2A9CDC,R1,A,log-sigma-1-0-mm-3D,9106,0,0,0.0,0.0,-1.9662258625030518,2.998072624206543
IMG-45EE2A9CDC,R1,A,log-sigma-2-0-mm-3D,9106,0,0,0.0,0.0,-1.7577799558639526,2.9111175537109375
IMG-45EE2A9CDC,R1,A,log-sigma-3-0-mm-3D,9106,0,0,0.0,0.0,-1.8657971620559692,2.8671071529388428
IMG-B03647841E,R1,A,wavelet-LLH,2191,0,0,0.0,0.0,-1.9424614906311035,2.246960401535034
IMG-B03647841E,R1,A,wavelet-LHL,2191,0,0,0.0,0.0,-2.393946409225464,4.736320972442627
IMG-B03647841E,R1,A,wavelet-LHH,2191,0,0,0.0,0.0,-1.6937634944915771,1.7345181703567505
IMG-B03647841E,R1,A,wavelet-HLL,2191,0,0,0.0,0.0,-3.07655930519104,4.708588600158691
IMG-B03647841E,R1,A,wavelet-HLH,2191,0,0,0.0,0.0,-1.894521713256836,1.4968692064285278
IMG-B03647841E,R1,A,wavelet-HHL,2191,0,0,0.0,0.0,-2.38657283782959,2.4244422912597656
IMG-B03647841E,R1,A,wavelet-HHH,2191,0,0,0.0,0.0,-1.0987279415130615,0.8408470749855042
IMG-B03647841E,R1,A,wavelet-LLL,2191,0,0,0.0,0.0,-7.344128131866455,7.936250686645508
IMG-B03647841E,R1,A,log-sigma-1-0-mm-3D,2191,0,0,0.0,0.0,-1.4245495796203613,1.0620112419128418
IMG-B03647841E,R1,A,log-sigma-2-0-mm-3D,2191,0,0,0.0,0.0,-1.3111605644226074,1.8312084674835205
IMG-B03647841E,R1,A,log-sigma-3-0-mm-3D,2191,0,0,0.0,0.0,-1.3274707794189453,2.2260360717773438
IMG-56DFF2D2FE,R1,A,wavelet-LLH,47073,0,0,0.0,0.0,-4.873993396759033,15.479164123535156
IMG-56DFF2D2FE,R1,A,wavelet-LHL,47073,0,0,0.0,0.0,-5.725743770599365,5.262271881103516
IMG-56DFF2D2FE,R1,A,wavelet-LHH,47073,0,0,0.0,0.0,-2.033660411834717,2.2801835536956787
IMG-56DFF2D2FE,R1,A,wavelet-HLL,47073,0,0,0.0,0.0,-5.139906406402588,4.2318034172058105
IMG-56DFF2D2FE,R1,A,wavelet-HLH,47073,0,0,0.0,0.0,-1.3893886804580688,1.7417895793914795
IMG-56DFF2D2FE,R1,A,wavelet-HHL,47073,0,0,0.0,0.0,-3.594727039337158,4.442117691040039
IMG-56DFF2D2FE,R1,A,wavelet-HHH,47073,0,0,0.0,0.0,-1.225656270980835,1.3903520107269287
IMG-56DFF2D2FE,R1,A,wavelet-LLL,47073,0,0,0.0,0.0,-7.999063968658447,20.42484474182129
IMG-56DFF2D2FE,R1,A,log-sigma-1-0-mm-3D,47073,0,0,0.0,0.0,-2.991624593734741,2.2124736309051514
IMG-56DFF2D2FE,R1,A,log-sigma-2-0-mm-3D,47073,0,0,0.0,0.0,-4.231469631195068,2.7350754737854004
IMG-56DFF2D2FE,R1,A,log-sigma-3-0-mm-3D,47073,0,0,0.0,0.0,-3.707690954208374,2.712583303451538
IMG-38B5B96114,R1,A,wavelet-LLH,23753,0,0,0.0,0.0,-5.597560882568359,7.931703567504883
IMG-38B5B96114,R1,A,wavelet-LHL,23753,0,0,0.0,0.0,-5.055685997009277,4.475830078125
IMG-38B5B96114,R1,A,wavelet-LHH,23753,0,0,0.0,0.0,-2.502924919128418,4.300174236297607
IMG-38B5B96114,R1,A,wavelet-HLL,23753,0,0,0.0,0.0,-5.222410202026367,3.9321367740631104
IMG-38B5B96114,R1,A,wavelet-HLH,23753,0,0,0.0,0.0,-2.761256456375122,2.656930685043335
IMG-38B5B96114,R1,A,wavelet-HHL,23753,0,0,0.0,0.0,-4.204230785369873,3.7921783924102783
IMG-38B5B96114,R1,A,wavelet-HHH,23753,0,0,0.0,0.0,-2.288261651992798,1.6234183311462402
IMG-38B5B96114,R1,A,wavelet-LLL,23753,0,0,0.0,0.0,-5.835451126098633,14.507294654846191
IMG-38B5B96114,R1,A,log-sigma-1-0-mm-3D,23753,0,0,0.0,0.0,-3.3773446083068848,2.1151180267333984
IMG-38B5B96114,R1,A,log-sigma-2-0-mm-3D,23753,0,0,0.0,0.0,-2.4885542392730713,1.681623935699463
IMG-38B5B96114,R1,A,log-sigma-3-0-mm-3D,23753,0,0,0.0,0.0,-2.4288010597229004,1.7552345991134644
IMG-1815129EC4,R1,A,wavelet-LLH,50058,0,0,0.0,0.0,-6.6402459144592285,15.103324890136719
IMG-1815129EC4,R1,A,wavelet-LHL,50058,0,0,0.0,0.0,-11.605257987976074,5.857247352600098
IMG-1815129EC4,R1,A,wavelet-LHH,50058,0,0,0.0,0.0,-3.269740343093872,4.210474014282227
IMG-1815129EC4,R1,A,wavelet-HLL,50058,0,0,0.0,0.0,-6.504508972167969,7.05329704284668
IMG-1815129EC4,R1,A,wavelet-HLH,50058,0,0,0.0,0.0,-3.395007610321045,3.6117494106292725
IMG-1815129EC4,R1,A,wavelet-HHL,50058,0,0,0.0,0.0,-7.7805891036987305,9.902804374694824
IMG-1815129EC4,R1,A,wavelet-HHH,50058,0,0,0.0,0.0,-2.8844923973083496,2.9512970447540283
IMG-1815129EC4,R1,A,wavelet-LLL,50058,0,0,0.0,0.0,-8.743494987487793,18.664262771606445
IMG-1815129EC4,R1,A,log-sigma-1-0-mm-3D,50058,0,0,0.0,0.0,-4.755316257476807,2.407277822494507
IMG-1815129EC4,R1,A,log-sigma-2-0-mm-3D,50058,0,0,0.0,0.0,-3.093202829360962,2.2170913219451904
IMG-1815129EC4,R1,A,log-sigma-3-0-mm-3D,50058,0,0,0.0,0.0,-2.6207151412963867,2.2983593940734863
IMG-1815129EC4,R2,A,wavelet-LLH,49209,0,0,0.0,0.0,-7.425136089324951,13.91214370727539
IMG-1815129EC4,R2,A,wavelet-LHL,49209,0,0,0.0,0.0,-10.689964294433594,5.469779968261719
IMG-1815129EC4,R2,A,wavelet-LHH,49209,0,0,0.0,0.0,-3.4402859210968018,4.450790882110596
IMG-1815129EC4,R2,A,wavelet-HLL,49209,0,0,0.0,0.0,-9.483471870422363,8.228614807128906
IMG-1815129EC4,R2,A,wavelet-HLH,49209,0,0,0.0,0.0,-3.848655939102173,4.005651473999023
IMG-1815129EC4,R2,A,wavelet-HHL,49209,0,0,0.0,0.0,-9.18975830078125,9.121782302856445
IMG-1815129EC4,R2,A,wavelet-HHH,49209,0,0,0.0,0.0,-2.519254446029663,2.9572319984436035
IMG-1815129EC4,R2,A,wavelet-LLL,49209,0,0,0.0,0.0,-8.614751815795898,21.39684295654297
IMG-1815129EC4,R2,A,log-sigma-1-0-mm-3D,49209,0,0,0.0,0.0,-4.380270004272461,2.8891799449920654
IMG-1815129EC4,R2,A,log-sigma-2-0-mm-3D,49209,0,0,0.0,0.0,-3.241262197494507,2.1672329902648926
IMG-1815129EC4,R2,A,log-sigma-3-0-mm-3D,49209,0,0,0.0,0.0,-2.575507640838623,2.135415554046631
IMG-85B5930876,R1,A,wavelet-LLH,25159,0,0,0.0,0.0,-8.20564079284668,6.002929210662842
IMG-85B5930876,R1,A,wavelet-LHL,25159,0,0,0.0,0.0,-13.19103717803955,8.052107810974121
IMG-85B5930876,R1,A,wavelet-LHH,25159,0,0,0.0,0.0,-3.669327974319458,3.789273977279663
IMG-85B5930876,R1,A,wavelet-HLL,25159,0,0,0.0,0.0,-21.217832565307617,6.541172504425049
IMG-85B5930876,R1,A,wavelet-HLH,25159,0,0,0.0,0.0,-4.253810882568359,4.999787330627441
IMG-85B5930876,R1,A,wavelet-HHL,25159,0,0,0.0,0.0,-8.038986206054688,7.709100723266602
IMG-85B5930876,R1,A,wavelet-HHH,25159,0,0,0.0,0.0,-2.180333137512207,2.200171947479248
IMG-85B5930876,R1,A,wavelet-LLL,25159,0,0,0.0,0.0,-9.247793197631836,19.48075294494629
IMG-85B5930876,R1,A,log-sigma-1-0-mm-3D,25159,0,0,0.0,0.0,-3.0346508026123047,3.4103751182556152
IMG-85B5930876,R1,A,log-sigma-2-0-mm-3D,25159,0,0,0.0,0.0,-3.8715524673461914,2.6445517539978027
IMG-85B5930876,R1,A,log-sigma-3-0-mm-3D,25159,0,0,0.0,0.0,-3.5353918075561523,2.130897283554077
IMG-F07AE3A14A,R1,A,wavelet-LLH,14131,0,0,0.0,0.0,-5.759629726409912,19.123769760131836
IMG-F07AE3A14A,R1,A,wavelet-LHL,14131,0,0,0.0,0.0,-6.217656135559082,6.168980598449707
IMG-F07AE3A14A,R1,A,wavelet-LHH,14131,0,0,0.0,0.0,-2.3356335163116455,2.3933358192443848
IMG-F07AE3A14A,R1,A,wavelet-HLL,14131,0,0,0.0,0.0,-5.717251300811768,5.137520790100098
IMG-F07AE3A14A,R1,A,wavelet-HLH,14131,0,0,0.0,0.0,-2.1822850704193115,3.0370500087738037
IMG-F07AE3A14A,R1,A,wavelet-HHL,14131,0,0,0.0,0.0,-4.165648460388184,3.748015880584717
IMG-F07AE3A14A,R1,A,wavelet-HHH,14131,0,0,0.0,0.0,-2.1132333278656006,2.2119948863983154
IMG-F07AE3A14A,R1,A,wavelet-LLL,14131,0,0,0.0,0.0,-8.173310279846191,13.84463119506836
IMG-F07AE3A14A,R1,A,log-sigma-1-0-mm-3D,14131,0,0,0.0,0.0,-2.7069997787475586,2.812319755554199
IMG-F07AE3A14A,R1,A,log-sigma-2-0-mm-3D,14131,0,0,0.0,0.0,-2.436241865158081,2.6068310737609863
IMG-F07AE3A14A,R1,A,log-sigma-3-0-mm-3D,14131,0,0,0.0,0.0,-2.735978126525879,2.089836359024048
IMG-0CCEB31762,R1,A,wavelet-LLH,13185,0,0,0.0,0.0,-6.030810356140137,6.118215560913086
IMG-0CCEB31762,R1,A,wavelet-LHL,13185,0,0,0.0,0.0,-7.802610874176025,4.136014938354492
IMG-0CCEB31762,R1,A,wavelet-LHH,13185,0,0,0.0,0.0,-3.5100512504577637,2.8552839756011963
IMG-0CCEB31762,R1,A,wavelet-HLL,13185,0,0,0.0,0.0,-10.089005470275879,5.015994548797607
IMG-0CCEB31762,R1,A,wavelet-HLH,13185,0,0,0.0,0.0,-3.1340136528015137,3.899016857147217
IMG-0CCEB31762,R1,A,wavelet-HHL,13185,0,0,0.0,0.0,-4.27780818939209,5.629806041717529
IMG-0CCEB31762,R1,A,wavelet-HHH,13185,0,0,0.0,0.0,-2.4223873615264893,3.485062837600708
IMG-0CCEB31762,R1,A,wavelet-LLL,13185,0,0,0.0,0.0,-8.836474418640137,13.860977172851562
IMG-0CCEB31762,R1,A,log-sigma-1-0-mm-3D,13185,0,0,0.0,0.0,-3.1114721298217773,2.182894229888916
IMG-0CCEB31762,R1,A,log-sigma-2-0-mm-3D,13185,0,0,0.0,0.0,-2.445761203765869,1.9209411144256592
IMG-0CCEB31762,R1,A,log-sigma-3-0-mm-3D,13185,0,0,0.0,0.0,-2.6054115295410156,1.9948469400405884
IMG-8605D71E24,R1,A,wavelet-LLH,5504,0,0,0.0,0.0,-4.1708269119262695,3.2905571460723877
IMG-8605D71E24,R1,A,wavelet-LHL,5504,0,0,0.0,0.0,-5.557703495025635,8.645548820495605
IMG-8605D71E24,R1,A,wavelet-LHH,5504,0,0,0.0,0.0,-2.0526223182678223,1.9519662857055664
IMG-8605D71E24,R1,A,wavelet-HLL,5504,0,0,0.0,0.0,-7.241060256958008,4.743114948272705
IMG-8605D71E24,R1,A,wavelet-HLH,5504,0,0,0.0,0.0,-1.9315855503082275,2.4491491317749023
IMG-8605D71E24,R1,A,wavelet-HHL,5504,0,0,0.0,0.0,-4.882989406585693,3.87975811958313
IMG-8605D71E24,R1,A,wavelet-HHH,5504,0,0,0.0,0.0,-1.8480653762817383,1.8949867486953735
IMG-8605D71E24,R1,A,wavelet-LLL,5504,0,0,0.0,0.0,-6.49562406539917,10.462855339050293
IMG-8605D71E24,R1,A,log-sigma-1-0-mm-3D,5504,0,0,0.0,0.0,-2.307424783706665,1.7945436239242554
IMG-8605D71E24,R1,A,log-sigma-2-0-mm-3D,5504,0,0,0.0,0.0,-2.134162425994873,2.023005485534668
IMG-8605D71E24,R1,A,log-sigma-3-0-mm-3D,5504,0,0,0.0,0.0,-1.7740386724472046,2.415297746658325
IMG-76EDC743AD,R1,A,wavelet-LLH,7474,0,0,0.0,0.0,-5.364593982696533,3.100229263305664
IMG-76EDC743AD,R1,A,wavelet-LHL,7474,0,0,0.0,0.0,-4.301964282989502,4.185035705566406
IMG-76EDC743AD,R1,A,wavelet-LHH,7474,0,0,0.0,0.0,-1.5517898797988892,1.8909566402435303
IMG-76EDC743AD,R1,A,wavelet-HLL,7474,0,0,0.0,0.0,-6.697836875915527,6.349788188934326
IMG-76EDC743AD,R1,A,wavelet-HLH,7474,0,0,0.0,0.0,-2.5245978832244873,2.36885404586792
IMG-76EDC743AD,R1,A,wavelet-HHL,7474,0,0,0.0,0.0,-3.963902235031128,4.682512283325195
IMG-76EDC743AD,R1,A,wavelet-HHH,7474,0,0,0.0,0.0,-2.3639678955078125,1.906660556793213
IMG-76EDC743AD,R1,A,wavelet-LLL,7474,0,0,0.0,0.0,-6.595852851867676,13.789102554321289
IMG-76EDC743AD,R1,A,log-sigma-1-0-mm-3D,7474,0,0,0.0,0.0,-1.5053884983062744,2.162822723388672
IMG-76EDC743AD,R1,A,log-sigma-2-0-mm-3D,7474,0,0,0.0,0.0,-2.2060599327087402,2.0279860496520996
IMG-76EDC743AD,R1,A,log-sigma-3-0-mm-3D,7474,0,0,0.0,0.0,-2.7581288814544678,2.1943633556365967
IMG-D5C387DB04,R1,A,wavelet-LLH,527,0,0,0.0,0.0,-6.534002780914307,14.588747024536133
IMG-D5C387DB04,R1,A,wavelet-LHL,527,0,0,0.0,0.0,-3.2202634811401367,2.788717269897461
IMG-D5C387DB04,R1,A,wavelet-LHH,527,0,0,0.0,0.0,-1.138787031173706,1.0618327856063843
IMG-D5C387DB04,R1,A,wavelet-HLL,527,0,0,0.0,0.0,-4.0432047843933105,3.4621500968933105
IMG-D5C387DB04,R1,A,wavelet-HLH,527,0,0,0.0,0.0,-1.9699183702468872,2.0140464305877686
IMG-D5C387DB04,R1,A,wavelet-HHL,527,0,0,0.0,0.0,-2.2131991386413574,2.148432493209839
IMG-D5C387DB04,R1,A,wavelet-HHH,527,0,0,0.0,0.0,-1.6273915767669678,1.1832164525985718
IMG-D5C387DB04,R1,A,wavelet-LLL,527,0,0,0.0,0.0,-8.861431121826172,8.768075942993164
IMG-D5C387DB04,R1,A,log-sigma-1-0-mm-3D,527,0,0,0.0,0.0,-3.1708016395568848,2.553492546081543
IMG-D5C387DB04,R1,A,log-sigma-2-0-mm-3D,527,0,0,0.0,0.0,-3.0960631370544434,1.8756896257400513
IMG-D5C387DB04,R1,A,log-sigma-3-0-mm-3D,527,0,0,0.0,0.0,-2.380244016647339,1.267787218093872
IMG-13AB453ACC,R1,A,wavelet-LLH,16001,0,0,0.0,0.0,-5.149420261383057,4.199140548706055
IMG-13AB453ACC,R1,A,wavelet-LHL,16001,0,0,0.0,0.0,-8.3488187789917,5.514163017272949
IMG-13AB453ACC,R1,A,wavelet-LHH,16001,0,0,0.0,0.0,-2.780064582824707,3.789327621459961
IMG-13AB453ACC,R1,A,wavelet-HLL,16001,0,0,0.0,0.0,-7.8639726638793945,7.1648383140563965
IMG-13AB453ACC,R1,A,wavelet-HLH,16001,0,0,0.0,0.0,-2.645601511001587,2.6695733070373535
IMG-13AB453ACC,R1,A,wavelet-HHL,16001,0,0,0.0,0.0,-4.454317092895508,5.500459671020508
IMG-13AB453ACC,R1,A,wavelet-HHH,16001,0,0,0.0,0.0,-2.074099063873291,2.912776470184326
IMG-13AB453ACC,R1,A,wavelet-LLL,16001,0,0,0.0,0.0,-7.3068437576293945,11.245479583740234
IMG-13AB453ACC,R1,A,log-sigma-1-0-mm-3D,16001,0,0,0.0,0.0,-2.4443092346191406,2.0647735595703125
IMG-13AB453ACC,R1,A,log-sigma-2-0-mm-3D,16001,0,0,0.0,0.0,-2.232438325881958,1.883182168006897
IMG-13AB453ACC,R1,A,log-sigma-3-0-mm-3D,16001,0,0,0.0,0.0,-2.010660409927368,1.6682066917419434
IMG-F990629A43,R1,A,wavelet-LLH,7652,0,0,0.0,0.0,-8.886070251464844,5.521694183349609
IMG-F990629A43,R1,A,wavelet-LHL,7652,0,0,0.0,0.0,-6.5672101974487305,6.575403213500977
IMG-F990629A43,R1,A,wavelet-LHH,7652,0,0,0.0,0.0,-2.4927806854248047,2.629002809524536
IMG-F990629A43,R1,A,wavelet-HLL,7652,0,0,0.0,0.0,-6.583021640777588,6.416455268859863
IMG-F990629A43,R1,A,wavelet-HLH,7652,0,0,0.0,0.0,-3.8413259983062744,3.2271745204925537
IMG-F990629A43,R1,A,wavelet-HHL,7652,0,0,0.0,0.0,-4.273071765899658,4.387126445770264
IMG-F990629A43,R1,A,wavelet-HHH,7652,0,0,0.0,0.0,-1.6661574840545654,2.008685827255249
IMG-F990629A43,R1,A,wavelet-LLL,7652,0,0,0.0,0.0,-6.263540744781494,22.268653869628906
IMG-F990629A43,R1,A,log-sigma-1-0-mm-3D,7652,0,0,0.0,0.0,-2.9833452701568604,3.1981799602508545
IMG-F990629A43,R1,A,log-sigma-2-0-mm-3D,7652,0,0,0.0,0.0,-3.0895957946777344,3.2657339572906494
IMG-F990629A43,R1,A,log-sigma-3-0-mm-3D,7652,0,0,0.0,0.0,-3.3472228050231934,3.1341004371643066
IMG-A7DECE2A4F,R1,B,wavelet-LLH,6065,0,0,0.0,0.0,-4.331693649291992,8.098158836364746
IMG-A7DECE2A4F,R1,B,wavelet-LHL,6065,0,0,0.0,0.0,-5.451292037963867,4.885897636413574
IMG-A7DECE2A4F,R1,B,wavelet-LHH,6065,0,0,0.0,0.0,-2.898916244506836,3.056727409362793
IMG-A7DECE2A4F,R1,B,wavelet-HLL,6065,0,0,0.0,0.0,-3.4253485202789307,4.69581937789917
IMG-A7DECE2A4F,R1,B,wavelet-HLH,6065,0,0,0.0,0.0,-2.332582712173462,2.117594003677368
IMG-A7DECE2A4F,R1,B,wavelet-HHL,6065,0,0,0.0,0.0,-2.6747395992279053,2.7373969554901123
IMG-A7DECE2A4F,R1,B,wavelet-HHH,6065,0,0,0.0,0.0,-1.5391337871551514,1.2671048641204834
IMG-A7DECE2A4F,R1,B,wavelet-LLL,6065,2,0,0.00032976092333058534,0.0,-15.137213706970215,17.99470329284668
IMG-A7DECE2A4F,R1,B,log-sigma-1-0-mm-3D,6065,0,0,0.0,0.0,-2.217421531677246,2.8052268028259277
IMG-A7DECE2A4F,R1,B,log-sigma-2-0-mm-3D,6065,0,0,0.0,0.0,-1.8445185422897339,3.976640224456787
IMG-A7DECE2A4F,R1,B,log-sigma-3-0-mm-3D,6065,0,0,0.0,0.0,-1.5570464134216309,3.5582621097564697
IMG-EE31B11EBE,R1,A,wavelet-LLH,3976,0,0,0.0,0.0,-7.297540187835693,4.10921573638916
IMG-EE31B11EBE,R1,A,wavelet-LHL,3976,0,0,0.0,0.0,-4.321288108825684,4.782272815704346
IMG-EE31B11EBE,R1,A,wavelet-LHH,3976,0,0,0.0,0.0,-2.6715564727783203,3.2669222354888916
IMG-EE31B11EBE,R1,A,wavelet-HLL,3976,0,0,0.0,0.0,-8.881644248962402,4.700454235076904
IMG-EE31B11EBE,R1,A,wavelet-HLH,3976,0,0,0.0,0.0,-1.8736319541931152,2.7723147869110107
IMG-EE31B11EBE,R1,A,wavelet-HHL,3976,0,0,0.0,0.0,-2.7446558475494385,3.2497167587280273
IMG-EE31B11EBE,R1,A,wavelet-HHH,3976,0,0,0.0,0.0,-1.4746975898742676,1.4242210388183594
IMG-EE31B11EBE,R1,A,wavelet-LLL,3976,0,0,0.0,0.0,-4.668524742126465,16.748048782348633
IMG-EE31B11EBE,R1,A,log-sigma-1-0-mm-3D,3976,0,0,0.0,0.0,-2.2220563888549805,2.27362060546875
IMG-EE31B11EBE,R1,A,log-sigma-2-0-mm-3D,3976,0,0,0.0,0.0,-3.228752613067627,1.5285682678222656
IMG-EE31B11EBE,R1,A,log-sigma-3-0-mm-3D,3976,0,0,0.0,0.0,-2.6548080444335938,1.535400629043579
IMG-94E4BDAA75,R1,A,wavelet-LLH,13557,0,0,0.0,0.0,-7.75791597366333,3.9560842514038086
IMG-94E4BDAA75,R1,A,wavelet-LHL,13557,0,0,0.0,0.0,-8.635619163513184,7.563176155090332
IMG-94E4BDAA75,R1,A,wavelet-LHH,13557,0,0,0.0,0.0,-3.641329288482666,4.1839213371276855
IMG-94E4BDAA75,R1,A,wavelet-HLL,13557,0,0,0.0,0.0,-6.386789798736572,5.9852294921875
IMG-94E4BDAA75,R1,A,wavelet-HLH,13557,0,0,0.0,0.0,-3.06508469581604,2.5206267833709717
IMG-94E4BDAA75,R1,A,wavelet-HHL,13557,0,0,0.0,0.0,-6.140254974365234,5.3339080810546875
IMG-94E4BDAA75,R1,A,wavelet-HHH,13557,0,0,0.0,0.0,-3.6229915618896484,3.3109328746795654
IMG-94E4BDAA75,R1,A,wavelet-LLL,13557,0,0,0.0,0.0,-8.135624885559082,14.851285934448242
IMG-94E4BDAA75,R1,A,log-sigma-1-0-mm-3D,13557,0,0,0.0,0.0,-2.911583423614502,2.314223051071167
IMG-94E4BDAA75,R1,A,log-sigma-2-0-mm-3D,13557,0,0,0.0,0.0,-2.6168971061706543,2.418984889984131
IMG-94E4BDAA75,R1,A,log-sigma-3-0-mm-3D,13557,0,0,0.0,0.0,-1.8899016380310059,2.136948585510254
IMG-38EF930E76,R1,A,wavelet-LLH,20494,0,0,0.0,0.0,-5.322265625,4.037603378295898
IMG-38EF930E76,R1,A,wavelet-LHL,20494,0,0,0.0,0.0,-8.225954055786133,5.549513816833496
IMG-38EF930E76,R1,A,wavelet-LHH,20494,0,0,0.0,0.0,-2.193831443786621,2.2769839763641357
IMG-38EF930E76,R1,A,wavelet-HLL,20494,0,0,0.0,0.0,-6.149855136871338,5.531739234924316
IMG-38EF930E76,R1,A,wavelet-HLH,20494,0,0,0.0,0.0,-1.6308163404464722,2.3604300022125244
IMG-38EF930E76,R1,A,wavelet-HHL,20494,0,0,0.0,0.0,-6.148252487182617,5.135219573974609
IMG-38EF930E76,R1,A,wavelet-HHH,20494,0,0,0.0,0.0,-1.1762001514434814,1.3424452543258667
IMG-38EF930E76,R1,A,wavelet-LLL,20494,0,0,0.0,0.0,-10.665545463562012,15.658549308776855
IMG-38EF930E76,R1,A,log-sigma-1-0-mm-3D,20494,0,0,0.0,0.0,-2.309464931488037,2.0849359035491943
IMG-38EF930E76,R1,A,log-sigma-2-0-mm-3D,20494,0,0,0.0,0.0,-2.8484156131744385,2.1485397815704346
IMG-38EF930E76,R1,A,log-sigma-3-0-mm-3D,20494,0,0,0.0,0.0,-2.6757545471191406,2.2177798748016357
IMG-41EAFCF85F,R1,A,wavelet-LLH,6884,0,0,0.0,0.0,-4.770329475402832,3.580820083618164
IMG-41EAFCF85F,R1,A,wavelet-LHL,6884,0,0,0.0,0.0,-8.302726745605469,6.342363357543945
IMG-41EAFCF85F,R1,A,wavelet-LHH,6884,0,0,0.0,0.0,-2.689141273498535,2.296487808227539
IMG-41EAFCF85F,R1,A,wavelet-HLL,6884,0,0,0.0,0.0,-4.803750514984131,5.988489627838135
IMG-41EAFCF85F,R1,A,wavelet-HLH,6884,0,0,0.0,0.0,-2.109746217727661,3.023146390914917
IMG-41EAFCF85F,R1,A,wavelet-HHL,6884,0,0,0.0,0.0,-4.316042900085449,8.074289321899414
IMG-41EAFCF85F,R1,A,wavelet-HHH,6884,0,0,0.0,0.0,-2.286226511001587,1.9039422273635864
IMG-41EAFCF85F,R1,A,wavelet-LLL,6884,0,0,0.0,0.0,-7.046394348144531,15.353724479675293
IMG-41EAFCF85F,R1,A,log-sigma-1-0-mm-3D,6884,0,0,0.0,0.0,-2.367082118988037,2.1274311542510986
IMG-41EAFCF85F,R1,A,log-sigma-2-0-mm-3D,6884,0,0,0.0,0.0,-2.712163209915161,1.9882676601409912
IMG-41EAFCF85F,R1,A,log-sigma-3-0-mm-3D,6884,0,0,0.0,0.0,-2.415782928466797,1.921687364578247
IMG-ABFF501689,R1,A,wavelet-LLH,1031,0,0,0.0,0.0,-3.4302279949188232,2.731452226638794
IMG-ABFF501689,R1,A,wavelet-LHL,1031,0,0,0.0,0.0,-3.066480875015259,2.7593226432800293
IMG-ABFF501689,R1,A,wavelet-LHH,1031,0,0,0.0,0.0,-2.101210832595825,1.2278692722320557
IMG-ABFF501689,R1,A,wavelet-HLL,1031,0,0,0.0,0.0,-5.380125045776367,5.283298969268799
IMG-ABFF501689,R1,A,wavelet-HLH,1031,0,0,0.0,0.0,-2.306619167327881,2.2456462383270264
IMG-ABFF501689,R1,A,wavelet-HHL,1031,0,0,0.0,0.0,-3.0869576930999756,2.3351681232452393
IMG-ABFF501689,R1,A,wavelet-HHH,1031,0,0,0.0,0.0,-1.0552476644515991,1.1032025814056396
IMG-ABFF501689,R1,A,wavelet-LLL,1031,0,0,0.0,0.0,-6.681236743927002,11.521077156066895
IMG-ABFF501689,R1,A,log-sigma-1-0-mm-3D,1031,0,0,0.0,0.0,-2.9835824966430664,1.8398267030715942
IMG-ABFF501689,R1,A,log-sigma-2-0-mm-3D,1031,0,0,0.0,0.0,-1.4770598411560059,2.035550117492676
IMG-ABFF501689,R1,A,log-sigma-3-0-mm-3D,1031,0,0,0.0,0.0,-1.3286426067352295,2.3580574989318848
IMG-7CBC99386C,R1,A,wavelet-LLH,8480,0,0,0.0,0.0,-6.942795753479004,13.435773849487305
IMG-7CBC99386C,R1,A,wavelet-LHL,8480,0,0,0.0,0.0,-7.806518077850342,6.986291408538818
IMG-7CBC99386C,R1,A,wavelet-LHH,8480,0,0,0.0,0.0,-2.4146692752838135,3.298302412033081
IMG-7CBC99386C,R1,A,wavelet-HLL,8480,0,0,0.0,0.0,-5.883467674255371,5.498064994812012
IMG-7CBC99386C,R1,A,wavelet-HLH,8480,0,0,0.0,0.0,-2.288767099380493,2.591346263885498
IMG-7CBC99386C,R1,A,wavelet-HHL,8480,0,0,0.0,0.0,-3.5516343116760254,5.277503490447998
IMG-7CBC99386C,R1,A,wavelet-HHH,8480,0,0,0.0,0.0,-2.104128837585449,1.7413660287857056
IMG-7CBC99386C,R1,A,wavelet-LLL,8480,0,0,0.0,0.0,-6.7070488929748535,13.323287010192871
IMG-7CBC99386C,R1,A,log-sigma-1-0-mm-3D,8480,0,0,0.0,0.0,-2.4220235347747803,2.2105817794799805
IMG-7CBC99386C,R1,A,log-sigma-2-0-mm-3D,8480,0,0,0.0,0.0,-3.1156301498413086,2.210200071334839
IMG-7CBC99386C,R1,A,log-sigma-3-0-mm-3D,8480,0,0,0.0,0.0,-2.5527777671813965,2.1700918674468994
IMG-179056E0FE,R1,B,wavelet-LLH,17984,0,0,0.0,0.0,-4.659667015075684,5.861386299133301
IMG-179056E0FE,R1,B,wavelet-LHL,17984,0,0,0.0,0.0,-5.156535625457764,5.24251651763916
IMG-179056E0FE,R1,B,wavelet-LHH,17984,0,0,0.0,0.0,-2.3017821311950684,2.6231911182403564
IMG-179056E0FE,R1,B,wavelet-HLL,17984,0,0,0.0,0.0,-4.198183536529541,5.251467227935791
IMG-179056E0FE,R1,B,wavelet-HLH,17984,0,0,0.0,0.0,-1.8874802589416504,1.80694580078125
IMG-179056E0FE,R1,B,wavelet-HHL,17984,0,0,0.0,0.0,-3.3346002101898193,3.4808080196380615
IMG-179056E0FE,R1,B,wavelet-HHH,17984,0,0,0.0,0.0,-1.5441843271255493,1.4354615211486816
IMG-179056E0FE,R1,B,wavelet-LLL,17984,7,0,0.00038923487544483985,0.0,-12.943302154541016,18.306175231933594
IMG-179056E0FE,R1,B,log-sigma-1-0-mm-3D,17984,0,0,0.0,0.0,-2.9341535568237305,3.2840187549591064
IMG-179056E0FE,R1,B,log-sigma-2-0-mm-3D,17984,0,0,0.0,0.0,-3.302295446395874,3.326508045196533
IMG-179056E0FE,R1,B,log-sigma-3-0-mm-3D,17984,0,0,0.0,0.0,-3.635366439819336,3.6542351245880127
IMG-4A4951ED11,R1,B,wavelet-LLH,2348,0,0,0.0,0.0,-1.6900770664215088,2.7214882373809814
IMG-4A4951ED11,R1,B,wavelet-LHL,2348,0,0,0.0,0.0,-5.752857685089111,6.040294170379639
IMG-4A4951ED11,R1,B,wavelet-LHH,2348,0,0,0.0,0.0,-1.3351843357086182,1.7735790014266968
IMG-4A4951ED11,R1,B,wavelet-HLL,2348,0,0,0.0,0.0,-4.4770684242248535,3.0828704833984375
IMG-4A4951ED11,R1,B,wavelet-HLH,2348,0,0,0.0,0.0,-0.8706275820732117,1.4975610971450806
IMG-4A4951ED11,R1,B,wavelet-HHL,2348,0,0,0.0,0.0,-2.976343870162964,2.546065330505371
IMG-4A4951ED11,R1,B,wavelet-HHH,2348,0,0,0.0,0.0,-0.999469518661499,0.8882797956466675
IMG-4A4951ED11,R1,B,wavelet-LLL,2348,0,0,0.0,0.0,-6.323132514953613,8.118986129760742
IMG-4A4951ED11,R1,B,log-sigma-1-0-mm-3D,2348,0,0,0.0,0.0,-1.6161985397338867,2.122122287750244
IMG-4A4951ED11,R1,B,log-sigma-2-0-mm-3D,2348,0,0,0.0,0.0,-1.7132244110107422,2.2462010383605957
IMG-4A4951ED11,R1,B,log-sigma-3-0-mm-3D,2348,0,0,0.0,0.0,-0.7263878583908081,2.2964651584625244
IMG-0E260E9467,R1,A,wavelet-LLH,14936,0,0,0.0,0.0,-6.557528972625732,16.066072463989258
IMG-0E260E9467,R1,A,wavelet-LHL,14936,0,0,0.0,0.0,-9.655394554138184,4.929288387298584
IMG-0E260E9467,R1,A,wavelet-LHH,14936,0,0,0.0,0.0,-2.8120663166046143,2.9825515747070312
IMG-0E260E9467,R1,A,wavelet-HLL,14936,0,0,0.0,0.0,-8.610074043273926,6.5913848876953125
IMG-0E260E9467,R1,A,wavelet-HLH,14936,0,0,0.0,0.0,-2.658923864364624,2.6188464164733887
IMG-0E260E9467,R1,A,wavelet-HHL,14936,0,0,0.0,0.0,-4.461568355560303,5.814423561096191
IMG-0E260E9467,R1,A,wavelet-HHH,14936,0,0,0.0,0.0,-2.040471076965332,2.9420413970947266
IMG-0E260E9467,R1,A,wavelet-LLL,14936,0,0,0.0,0.0,-8.465856552124023,17.68644142150879
IMG-0E260E9467,R1,A,log-sigma-1-0-mm-3D,14936,0,0,0.0,0.0,-2.803727388381958,3.45861554145813
IMG-0E260E9467,R1,A,log-sigma-2-0-mm-3D,14936,0,0,0.0,0.0,-3.8687002658843994,3.342271327972412
IMG-0E260E9467,R1,A,log-sigma-3-0-mm-3D,14936,0,0,0.0,0.0,-3.4177331924438477,2.852952718734741
IMG-2D81B46B15,R1,A,wavelet-LLH,9926,0,0,0.0,0.0,-7.7615742683410645,6.456531524658203
IMG-2D81B46B15,R1,A,wavelet-LHL,9926,0,0,0.0,0.0,-13.33626937866211,7.729678153991699
IMG-2D81B46B15,R1,A,wavelet-LHH,9926,0,0,0.0,0.0,-4.13032865524292,4.3403449058532715
IMG-2D81B46B15,R1,A,wavelet-HLL,9926,0,0,0.0,0.0,-9.975573539733887,6.889082431793213
IMG-2D81B46B15,R1,A,wavelet-HLH,9926,0,0,0.0,0.0,-3.7319343090057373,4.736690044403076
IMG-2D81B46B15,R1,A,wavelet-HHL,9926,0,0,0.0,0.0,-6.993523120880127,8.426003456115723
IMG-2D81B46B15,R1,A,wavelet-HHH,9926,0,0,0.0,0.0,-2.986577272415161,3.084955930709839
IMG-2D81B46B15,R1,A,wavelet-LLL,9926,0,0,0.0,0.0,-9.959131240844727,14.638582229614258
IMG-2D81B46B15,R1,A,log-sigma-1-0-mm-3D,9926,0,0,0.0,0.0,-3.291133403778076,2.640242099761963
IMG-2D81B46B15,R1,A,log-sigma-2-0-mm-3D,9926,0,0,0.0,0.0,-3.1176137924194336,2.81080961227417
IMG-2D81B46B15,R1,A,log-sigma-3-0-mm-3D,9926,0,0,0.0,0.0,-2.223914623260498,2.536893129348755
IMG-9E4E3CF0DC,R1,A,wavelet-LLH,8892,0,0,0.0,0.0,-4.195630073547363,5.044048309326172
IMG-9E4E3CF0DC,R1,A,wavelet-LHL,8892,0,0,0.0,0.0,-4.591431140899658,3.9051289558410645
IMG-9E4E3CF0DC,R1,A,wavelet-LHH,8892,0,0,0.0,0.0,-2.3025739192962646,2.2418642044067383
IMG-9E4E3CF0DC,R1,A,wavelet-HLL,8892,0,0,0.0,0.0,-5.334963798522949,3.918464183807373
IMG-9E4E3CF0DC,R1,A,wavelet-HLH,8892,0,0,0.0,0.0,-2.112591028213501,2.5990841388702393
IMG-9E4E3CF0DC,R1,A,wavelet-HHL,8892,0,0,0.0,0.0,-3.362748622894287,5.670773983001709
IMG-9E4E3CF0DC,R1,A,wavelet-HHH,8892,0,0,0.0,0.0,-1.6626026630401611,1.6885052919387817
IMG-9E4E3CF0DC,R1,A,wavelet-LLL,8892,0,0,0.0,0.0,-7.092073440551758,13.53101921081543
IMG-9E4E3CF0DC,R1,A,log-sigma-1-0-mm-3D,8892,0,0,0.0,0.0,-1.9181914329528809,1.794946551322937
IMG-9E4E3CF0DC,R1,A,log-sigma-2-0-mm-3D,8892,0,0,0.0,0.0,-2.1001157760620117,2.065235137939453
IMG-9E4E3CF0DC,R1,A,log-sigma-3-0-mm-3D,8892,0,0,0.0,0.0,-2.0697195529937744,2.0932159423828125
IMG-D9B504042D,R1,A,wavelet-LLH,12382,0,0,0.0,0.0,-3.1285619735717773,2.7585458755493164
IMG-D9B504042D,R1,A,wavelet-LHL,12382,0,0,0.0,0.0,-3.595017671585083,3.4439103603363037
IMG-D9B504042D,R1,A,wavelet-LHH,12382,0,0,0.0,0.0,-1.2120991945266724,1.6903685331344604
IMG-D9B504042D,R1,A,wavelet-HLL,12382,0,0,0.0,0.0,-4.699214458465576,3.333636999130249
IMG-D9B504042D,R1,A,wavelet-HLH,12382,0,0,0.0,0.0,-1.279956579208374,1.3968819379806519
IMG-D9B504042D,R1,A,wavelet-HHL,12382,0,0,0.0,0.0,-2.177654981613159,2.5332133769989014
IMG-D9B504042D,R1,A,wavelet-HHH,12382,0,0,0.0,0.0,-1.0576114654541016,1.0379921197891235
IMG-D9B504042D,R1,A,wavelet-LLL,12382,0,0,0.0,0.0,-6.274072170257568,11.05118179321289
IMG-D9B504042D,R1,A,log-sigma-1-0-mm-3D,12382,0,0,0.0,0.0,-2.283848762512207,1.3005424737930298
IMG-D9B504042D,R1,A,log-sigma-2-0-mm-3D,12382,0,0,0.0,0.0,-2.2882447242736816,1.5522723197937012
IMG-D9B504042D,R1,A,log-sigma-3-0-mm-3D,12382,0,0,0.0,0.0,-1.9892475605010986,1.3967069387435913
IMG-882D513D84,R1,B,wavelet-LLH,17898,0,0,0.0,0.0,-3.479665517807007,3.4093170166015625
IMG-882D513D84,R1,B,wavelet-LHL,17898,0,0,0.0,0.0,-4.516224384307861,3.6875500679016113
IMG-882D513D84,R1,B,wavelet-LHH,17898,0,0,0.0,0.0,-1.4148006439208984,1.5789343118667603
IMG-882D513D84,R1,B,wavelet-HLL,17898,0,0,0.0,0.0,-4.320164680480957,2.861203908920288
IMG-882D513D84,R1,B,wavelet-HLH,17898,0,0,0.0,0.0,-1.559855341911316,1.564222812652588
IMG-882D513D84,R1,B,wavelet-HHL,17898,0,0,0.0,0.0,-2.777343273162842,2.198953151702881
IMG-882D513D84,R1,B,wavelet-HHH,17898,0,0,0.0,0.0,-0.925454318523407,0.8812167048454285
IMG-882D513D84,R1,B,wavelet-LLL,17898,0,0,0.0,0.0,-6.517047882080078,9.330485343933105
IMG-882D513D84,R1,B,log-sigma-1-0-mm-3D,17898,0,0,0.0,0.0,-1.9857197999954224,1.5703966617584229
IMG-882D513D84,R1,B,log-sigma-2-0-mm-3D,17898,0,0,0.0,0.0,-1.7800590991973877,1.8063814640045166
IMG-882D513D84,R1,B,log-sigma-3-0-mm-3D,17898,0,0,0.0,0.0,-1.5614346265792847,1.8788284063339233
IMG-6827311D79,R1,A,wavelet-LLH,10012,0,0,0.0,0.0,-4.9012322425842285,4.754723072052002
IMG-6827311D79,R1,A,wavelet-LHL,10012,0,0,0.0,0.0,-3.9409868717193604,4.76112174987793
IMG-6827311D79,R1,A,wavelet-LHH,10012,0,0,0.0,0.0,-1.6602346897125244,1.917678952217102
IMG-6827311D79,R1,A,wavelet-HLL,10012,0,0,0.0,0.0,-5.229024887084961,4.623671531677246
IMG-6827311D79,R1,A,wavelet-HLH,10012,0,0,0.0,0.0,-2.5232300758361816,2.054264545440674
IMG-6827311D79,R1,A,wavelet-HHL,10012,0,0,0.0,0.0,-3.58166241645813,5.684142589569092
IMG-6827311D79,R1,A,wavelet-HHH,10012,0,0,0.0,0.0,-2.3184447288513184,2.0158534049987793
IMG-6827311D79,R1,A,wavelet-LLL,10012,0,0,0.0,0.0,-6.7819061279296875,7.48089599609375
IMG-6827311D79,R1,A,log-sigma-1-0-mm-3D,10012,0,0,0.0,0.0,-2.1598870754241943,2.1205148696899414
IMG-6827311D79,R1,A,log-sigma-2-0-mm-3D,10012,0,0,0.0,0.0,-1.8143763542175293,1.9174003601074219
IMG-6827311D79,R1,A,log-sigma-3-0-mm-3D,10012,0,0,0.0,0.0,-1.4730753898620605,1.7642346620559692
IMG-BDD045A536,R1,A,wavelet-LLH,22556,0,0,0.0,0.0,-8.621301651000977,5.141023635864258
IMG-BDD045A536,R1,A,wavelet-LHL,22556,0,1,0.0,4.433410179109771e-05,-11.001397132873535,12.007157325744629
IMG-BDD045A536,R1,A,wavelet-LHH,22556,0,0,0.0,0.0,-3.8150060176849365,3.983602285385132
IMG-BDD045A536,R1,A,wavelet-HLL,22556,0,0,0.0,0.0,-8.461130142211914,7.901149749755859
IMG-BDD045A536,R1,A,wavelet-HLH,22556,0,0,0.0,0.0,-4.049205303192139,4.007271766662598
IMG-BDD045A536,R1,A,wavelet-HHL,22556,0,0,0.0,0.0,-5.855639934539795,5.400181293487549
IMG-BDD045A536,R1,A,wavelet-HHH,22556,0,0,0.0,0.0,-2.5140411853790283,2.4591567516326904
IMG-BDD045A536,R1,A,wavelet-LLL,22556,0,0,0.0,0.0,-7.5486578941345215,16.878488540649414
IMG-BDD045A536,R1,A,log-sigma-1-0-mm-3D,22556,0,0,0.0,0.0,-2.885012626647949,3.2695870399475098
IMG-BDD045A536,R1,A,log-sigma-2-0-mm-3D,22556,0,0,0.0,0.0,-3.534715175628662,2.4332432746887207
IMG-BDD045A536,R1,A,log-sigma-3-0-mm-3D,22556,0,0,0.0,0.0,-3.6986255645751953,2.5364832878112793
IMG-C67D2F1ADF,R1,A,wavelet-LLH,15950,0,0,0.0,0.0,-5.534514904022217,4.551285266876221
IMG-C67D2F1ADF,R1,A,wavelet-LHL,15950,0,0,0.0,0.0,-10.419438362121582,7.1474714279174805
IMG-C67D2F1ADF,R1,A,wavelet-LHH,15950,0,0,0.0,0.0,-2.9032206535339355,3.5450456142425537
IMG-C67D2F1ADF,R1,A,wavelet-HLL,15950,0,0,0.0,0.0,-12.256580352783203,6.693034648895264
IMG-C67D2F1ADF,R1,A,wavelet-HLH,15950,0,0,0.0,0.0,-2.7856285572052,3.6799471378326416
IMG-C67D2F1ADF,R1,A,wavelet-HHL,15950,0,0,0.0,0.0,-6.6163177490234375,7.33172082901001
IMG-C67D2F1ADF,R1,A,wavelet-HHH,15950,0,0,0.0,0.0,-2.784571409225464,2.7129697799682617
IMG-C67D2F1ADF,R1,A,wavelet-LLL,15950,0,0,0.0,0.0,-7.264847755432129,14.397459030151367
IMG-C67D2F1ADF,R1,A,log-sigma-1-0-mm-3D,15950,0,0,0.0,0.0,-3.362074851989746,2.3809287548065186
IMG-C67D2F1ADF,R1,A,log-sigma-2-0-mm-3D,15950,0,0,0.0,0.0,-2.995922088623047,2.7809219360351562
IMG-C67D2F1ADF,R1,A,log-sigma-3-0-mm-3D,15950,0,0,0.0,0.0,-1.982753038406372,2.704860210418701
IMG-B63D1A35CF,R1,A,wavelet-LLH,7533,0,0,0.0,0.0,-4.864107131958008,3.3827710151672363
IMG-B63D1A35CF,R1,A,wavelet-LHL,7533,0,0,0.0,0.0,-4.53173828125,3.7304561138153076
IMG-B63D1A35CF,R1,A,wavelet-LHH,7533,0,0,0.0,0.0,-1.8809465169906616,1.6888866424560547
IMG-B63D1A35CF,R1,A,wavelet-HLL,7533,0,0,0.0,0.0,-11.150270462036133,7.106731414794922
IMG-B63D1A35CF,R1,A,wavelet-HLH,7533,0,0,0.0,0.0,-3.134976387023926,4.180920124053955
IMG-B63D1A35CF,R1,A,wavelet-HHL,7533,0,0,0.0,0.0,-3.247060537338257,3.4471020698547363
IMG-B63D1A35CF,R1,A,wavelet-HHH,7533,0,0,0.0,0.0,-1.6566753387451172,1.5365396738052368
IMG-B63D1A35CF,R1,A,wavelet-LLL,7533,0,0,0.0,0.0,-8.170149803161621,9.226895332336426
IMG-B63D1A35CF,R1,A,log-sigma-1-0-mm-3D,7533,0,0,0.0,0.0,-2.350968837738037,2.100388765335083
IMG-B63D1A35CF,R1,A,log-sigma-2-0-mm-3D,7533,0,0,0.0,0.0,-1.6495375633239746,2.4141852855682373
IMG-B63D1A35CF,R1,A,log-sigma-3-0-mm-3D,7533,0,0,0.0,0.0,-1.4454666376113892,2.3249878883361816
IMG-A8BED95109,R1,B,wavelet-LLH,4931,0,0,0.0,0.0,-4.088171482086182,3.955888032913208
IMG-A8BED95109,R1,B,wavelet-LHL,4931,0,0,0.0,0.0,-3.3291289806365967,5.011077880859375
IMG-A8BED95109,R1,B,wavelet-LHH,4931,0,0,0.0,0.0,-2.0470972061157227,1.5349867343902588
IMG-A8BED95109,R1,B,wavelet-HLL,4931,0,0,0.0,0.0,-4.98507022857666,4.4021100997924805
IMG-A8BED95109,R1,B,wavelet-HLH,4931,0,0,0.0,0.0,-1.4366958141326904,1.533565878868103
IMG-A8BED95109,R1,B,wavelet-HHL,4931,0,0,0.0,0.0,-4.43275785446167,2.8383517265319824
IMG-A8BED95109,R1,B,wavelet-HHH,4931,0,0,0.0,0.0,-1.9947600364685059,1.3676376342773438
IMG-A8BED95109,R1,B,wavelet-LLL,4931,0,0,0.0,0.0,-8.982239723205566,12.02305793762207
IMG-A8BED95109,R1,B,log-sigma-1-0-mm-3D,4931,0,0,0.0,0.0,-2.7110109329223633,2.2382636070251465
IMG-A8BED95109,R1,B,log-sigma-2-0-mm-3D,4931,0,0,0.0,0.0,-2.6838619709014893,2.7364518642425537
IMG-A8BED95109,R1,B,log-sigma-3-0-mm-3D,4931,0,0,0.0,0.0,-1.8630778789520264,2.715890884399414
IMG-ECA2952C4C,R1,A,wavelet-LLH,5611,0,0,0.0,0.0,-4.398227691650391,4.75750732421875
IMG-ECA2952C4C,R1,A,wavelet-LHL,5611,0,0,0.0,0.0,-5.031557083129883,6.017912864685059
IMG-ECA2952C4C,R1,A,wavelet-LHH,5611,0,0,0.0,0.0,-2.6102912425994873,2.664893388748169
IMG-ECA2952C4C,R1,A,wavelet-HLL,5611,0,0,0.0,0.0,-11.086350440979004,7.302195072174072
IMG-ECA2952C4C,R1,A,wavelet-HLH,5611,0,0,0.0,0.0,-3.349545955657959,3.006253242492676
IMG-ECA2952C4C,R1,A,wavelet-HHL,5611,0,0,0.0,0.0,-5.264278411865234,4.759833812713623
IMG-ECA2952C4C,R1,A,wavelet-HHH,5611,0,0,0.0,0.0,-1.465648889541626,2.2246286869049072
IMG-ECA2952C4C,R1,A,wavelet-LLL,5611,0,0,0.0,0.0,-5.7370171546936035,19.08539581298828
IMG-ECA2952C4C,R1,A,log-sigma-1-0-mm-3D,5611,0,0,0.0,0.0,-2.2987942695617676,2.90321946144104
IMG-ECA2952C4C,R1,A,log-sigma-2-0-mm-3D,5611,0,0,0.0,0.0,-3.3075132369995117,2.4072132110595703
IMG-ECA2952C4C,R1,A,log-sigma-3-0-mm-3D,5611,0,0,0.0,0.0,-4.008634090423584,2.4418816566467285
IMG-6B62EF437D,R1,B,wavelet-LLH,4213,0,0,0.0,0.0,-4.519010066986084,4.202118396759033
IMG-6B62EF437D,R1,B,wavelet-LHL,4213,0,0,0.0,0.0,-2.973353862762451,6.806119441986084
IMG-6B62EF437D,R1,B,wavelet-LHH,4213,0,0,0.0,0.0,-3.160651445388794,2.0060973167419434
IMG-6B62EF437D,R1,B,wavelet-HLL,4213,0,0,0.0,0.0,-3.4894981384277344,4.761475563049316
IMG-6B62EF437D,R1,B,wavelet-HLH,4213,0,0,0.0,0.0,-1.830994963645935,1.390854835510254
IMG-6B62EF437D,R1,B,wavelet-HHL,4213,0,0,0.0,0.0,-3.422053098678589,2.7385756969451904
IMG-6B62EF437D,R1,B,wavelet-HHH,4213,0,0,0.0,0.0,-1.1176750659942627,1.2541295289993286
IMG-6B62EF437D,R1,B,wavelet-LLL,4213,0,0,0.0,0.0,-8.055949211120605,12.874104499816895
IMG-6B62EF437D,R1,B,log-sigma-1-0-mm-3D,4213,0,0,0.0,0.0,-2.176276445388794,2.363309621810913
IMG-6B62EF437D,R1,B,log-sigma-2-0-mm-3D,4213,0,0,0.0,0.0,-2.807546615600586,2.954683303833008
IMG-6B62EF437D,R1,B,log-sigma-3-0-mm-3D,4213,0,0,0.0,0.0,-1.7884498834609985,3.1837196350097656
IMG-E025660C70,R1,A,wavelet-LLH,4462,0,0,0.0,0.0,-3.62176513671875,2.339797019958496
IMG-E025660C70,R1,A,wavelet-LHL,4462,0,0,0.0,0.0,-4.1902174949646,4.860352516174316
IMG-E025660C70,R1,A,wavelet-LHH,4462,0,0,0.0,0.0,-2.020158290863037,1.678652286529541
IMG-E025660C70,R1,A,wavelet-HLL,4462,0,0,0.0,0.0,-4.837612152099609,4.433088302612305
IMG-E025660C70,R1,A,wavelet-HLH,4462,0,0,0.0,0.0,-1.724915623664856,1.4178802967071533
IMG-E025660C70,R1,A,wavelet-HHL,4462,0,0,0.0,0.0,-2.845503807067871,2.48636794090271
IMG-E025660C70,R1,A,wavelet-HHH,4462,0,0,0.0,0.0,-1.0640242099761963,1.4193743467330933
IMG-E025660C70,R1,A,wavelet-LLL,4462,0,0,0.0,0.0,-6.530878067016602,8.4481782913208
IMG-E025660C70,R1,A,log-sigma-1-0-mm-3D,4462,0,0,0.0,0.0,-2.5526208877563477,1.4056260585784912
IMG-E025660C70,R1,A,log-sigma-2-0-mm-3D,4462,0,0,0.0,0.0,-1.7553350925445557,1.4943585395812988
IMG-E025660C70,R1,A,log-sigma-3-0-mm-3D,4462,0,0,0.0,0.0,-1.567499041557312,1.4570069313049316
IMG-C7F57DC895,R1,B,wavelet-LLH,57987,0,0,0.0,0.0,-5.012975215911865,4.471794128417969
IMG-C7F57DC895,R1,B,wavelet-LHL,57987,0,0,0.0,0.0,-5.711887359619141,7.580021858215332
IMG-C7F57DC895,R1,B,wavelet-LHH,57987,0,0,0.0,0.0,-2.957918167114258,2.6967427730560303
IMG-C7F57DC895,R1,B,wavelet-HLL,57987,0,0,0.0,0.0,-5.344049453735352,5.722614288330078
IMG-C7F57DC895,R1,B,wavelet-HLH,57987,0,0,0.0,0.0,-1.9778155088424683,2.1936397552490234
IMG-C7F57DC895,R1,B,wavelet-HHL,57987,0,0,0.0,0.0,-3.0753111839294434,2.9624946117401123
IMG-C7F57DC895,R1,B,wavelet-HHH,57987,0,0,0.0,0.0,-1.5301676988601685,1.362209677696228
IMG-C7F57DC895,R1,B,wavelet-LLL,57987,0,0,0.0,0.0,-9.851827621459961,15.95045280456543
IMG-C7F57DC895,R1,B,log-sigma-1-0-mm-3D,57987,0,0,0.0,0.0,-2.2866101264953613,2.1971869468688965
IMG-C7F57DC895,R1,B,log-sigma-2-0-mm-3D,57987,0,0,0.0,0.0,-2.993049383163452,2.4646313190460205
IMG-C7F57DC895,R1,B,log-sigma-3-0-mm-3D,57987,0,0,0.0,0.0,-2.8321523666381836,2.8059592247009277
IMG-4285B9C1CD,R1,A,wavelet-LLH,4763,0,0,0.0,0.0,-5.615167140960693,4.516202926635742
IMG-4285B9C1CD,R1,A,wavelet-LHL,4763,0,0,0.0,0.0,-2.7531769275665283,3.246661901473999
IMG-4285B9C1CD,R1,A,wavelet-LHH,4763,0,0,0.0,0.0,-2.5837666988372803,2.1166789531707764
IMG-4285B9C1CD,R1,A,wavelet-HLL,4763,0,0,0.0,0.0,-5.17922306060791,4.570504188537598
IMG-4285B9C1CD,R1,A,wavelet-HLH,4763,0,0,0.0,0.0,-2.076827049255371,3.532581090927124
IMG-4285B9C1CD,R1,A,wavelet-HHL,4763,0,0,0.0,0.0,-2.6305179595947266,2.5457072257995605
IMG-4285B9C1CD,R1,A,wavelet-HHH,4763,0,0,0.0,0.0,-1.3147432804107666,0.9909418225288391
IMG-4285B9C1CD,R1,A,wavelet-LLL,4763,0,0,0.0,0.0,-5.75508451461792,21.22987937927246
IMG-4285B9C1CD,R1,A,log-sigma-1-0-mm-3D,4763,0,0,0.0,0.0,-2.5038914680480957,2.1313629150390625
IMG-4285B9C1CD,R1,A,log-sigma-2-0-mm-3D,4763,0,0,0.0,0.0,-3.170142650604248,1.8051197528839111
IMG-4285B9C1CD,R1,A,log-sigma-3-0-mm-3D,4763,0,0,0.0,0.0,-3.5255343914031982,1.8893780708312988
IMG-AD73EFA971,R1,A,wavelet-LLH,12690,0,0,0.0,0.0,-6.57453727722168,12.236084938049316
IMG-AD73EFA971,R1,A,wavelet-LHL,12690,0,0,0.0,0.0,-10.036511421203613,5.005331039428711
IMG-AD73EFA971,R1,A,wavelet-LHH,12690,0,0,0.0,0.0,-3.2956702709198,3.5833489894866943
IMG-AD73EFA971,R1,A,wavelet-HLL,12690,0,0,0.0,0.0,-7.2861328125,3.1765809059143066
IMG-AD73EFA971,R1,A,wavelet-HLH,12690,0,0,0.0,0.0,-1.5081626176834106,1.7081127166748047
IMG-AD73EFA971,R1,A,wavelet-HHL,12690,0,0,0.0,0.0,-5.470450401306152,4.795230865478516
IMG-AD73EFA971,R1,A,wavelet-HHH,12690,0,0,0.0,0.0,-1.7166471481323242,1.5019314289093018
IMG-AD73EFA971,R1,A,wavelet-LLL,12690,0,0,0.0,0.0,-6.826437950134277,13.756962776184082
IMG-AD73EFA971,R1,A,log-sigma-1-0-mm-3D,12690,0,0,0.0,0.0,-2.614415168762207,1.7502750158309937
IMG-AD73EFA971,R1,A,log-sigma-2-0-mm-3D,12690,0,0,0.0,0.0,-2.907536268234253,2.1576108932495117
IMG-AD73EFA971,R1,A,log-sigma-3-0-mm-3D,12690,0,0,0.0,0.0,-2.642638683319092,2.0955445766448975
IMG-AD73EFA971,R2,A,wavelet-LLH,14036,0,0,0.0,0.0,-5.91437292098999,10.966747283935547
IMG-AD73EFA971,R2,A,wavelet-LHL,14036,0,0,0.0,0.0,-8.995351791381836,5.951071739196777
IMG-AD73EFA971,R2,A,wavelet-LHH,14036,0,0,0.0,0.0,-2.953786849975586,3.211620807647705
IMG-AD73EFA971,R2,A,wavelet-HLL,14036,0,0,0.0,0.0,-6.5302886962890625,3.8523406982421875
IMG-AD73EFA971,R2,A,wavelet-HLH,14036,0,0,0.0,0.0,-1.4395897388458252,1.8644551038742065
IMG-AD73EFA971,R2,A,wavelet-HHL,14036,0,0,0.0,0.0,-4.9029622077941895,5.91501522064209
IMG-AD73EFA971,R2,A,wavelet-HHH,14036,0,0,0.0,0.0,-1.5985831022262573,1.7087972164154053
IMG-AD73EFA971,R2,A,wavelet-LLL,14036,0,0,0.0,0.0,-7.857715606689453,21.26873207092285
IMG-AD73EFA971,R2,A,log-sigma-1-0-mm-3D,14036,0,0,0.0,0.0,-4.7441229820251465,2.38739013671875
IMG-AD73EFA971,R2,A,log-sigma-2-0-mm-3D,14036,0,0,0.0,0.0,-3.9157814979553223,2.471173048019409
IMG-AD73EFA971,R2,A,log-sigma-3-0-mm-3D,14036,0,0,0.0,0.0,-2.3684988021850586,2.095956802368164
IMG-2348AD09B4,R1,A,wavelet-LLH,11200,0,0,0.0,0.0,-9.780210494995117,4.474886894226074
IMG-2348AD09B4,R1,A,wavelet-LHL,11200,0,0,0.0,0.0,-13.370407104492188,7.976425647735596
IMG-2348AD09B4,R1,A,wavelet-LHH,11200,0,0,0.0,0.0,-2.669865608215332,3.539458751678467
IMG-2348AD09B4,R1,A,wavelet-HLL,11200,0,0,0.0,0.0,-8.473093032836914,7.241425514221191
IMG-2348AD09B4,R1,A,wavelet-HLH,11200,0,0,0.0,0.0,-2.4600284099578857,3.754019021987915
IMG-2348AD09B4,R1,A,wavelet-HHL,11200,0,0,0.0,0.0,-4.334500312805176,4.5045671463012695
IMG-2348AD09B4,R1,A,wavelet-HHH,11200,0,0,0.0,0.0,-2.275254964828491,1.974581003189087
IMG-2348AD09B4,R1,A,wavelet-LLL,11200,0,0,0.0,0.0,-6.80204439163208,19.322866439819336
IMG-2348AD09B4,R1,A,log-sigma-1-0-mm-3D,11200,0,0,0.0,0.0,-2.856717586517334,2.7267069816589355
IMG-2348AD09B4,R1,A,log-sigma-2-0-mm-3D,11200,0,0,0.0,0.0,-3.6442208290100098,2.2313296794891357
IMG-2348AD09B4,R1,A,log-sigma-3-0-mm-3D,11200,0,0,0.0,0.0,-3.950500011444092,2.2564783096313477
IMG-FF80C5A277,R1,A,wavelet-LLH,12620,0,0,0.0,0.0,-9.695752143859863,5.105494499206543
IMG-FF80C5A277,R1,A,wavelet-LHL,12620,0,0,0.0,0.0,-7.777055263519287,6.298186302185059
IMG-FF80C5A277,R1,A,wavelet-LHH,12620,0,0,0.0,0.0,-2.5604727268218994,3.938046455383301
IMG-FF80C5A277,R1,A,wavelet-HLL,12620,0,0,0.0,0.0,-9.395774841308594,7.84752082824707
IMG-FF80C5A277,R1,A,wavelet-HLH,12620,0,0,0.0,0.0,-3.799199104309082,3.781569480895996
IMG-FF80C5A277,R1,A,wavelet-HHL,12620,0,0,0.0,0.0,-5.109507083892822,7.43083381652832
IMG-FF80C5A277,R1,A,wavelet-HHH,12620,0,0,0.0,0.0,-1.8339893817901611,2.0043962001800537
IMG-FF80C5A277,R1,A,wavelet-LLL,12620,0,0,0.0,0.0,-6.4149088859558105,17.126901626586914
IMG-FF80C5A277,R1,A,log-sigma-1-0-mm-3D,12620,0,0,0.0,0.0,-2.6022512912750244,3.314807891845703
IMG-FF80C5A277,R1,A,log-sigma-2-0-mm-3D,12620,0,0,0.0,0.0,-2.8952126502990723,2.1607260704040527
IMG-FF80C5A277,R1,A,log-sigma-3-0-mm-3D,12620,0,0,0.0,0.0,-2.9117331504821777,2.317410945892334
IMG-4ADDC9946B,R1,A,wavelet-LLH,3435,0,0,0.0,0.0,-4.8052659034729,2.8585546016693115
IMG-4ADDC9946B,R1,A,wavelet-LHL,3435,0,0,0.0,0.0,-3.900994062423706,3.8812618255615234
IMG-4ADDC9946B,R1,A,wavelet-LHH,3435,0,0,0.0,0.0,-2.0170984268188477,2.253852605819702
IMG-4ADDC9946B,R1,A,wavelet-HLL,3435,0,0,0.0,0.0,-4.048437118530273,5.929216384887695
IMG-4ADDC9946B,R1,A,wavelet-HLH,3435,0,0,0.0,0.0,-1.9178136587142944,2.1072046756744385
IMG-4ADDC9946B,R1,A,wavelet-HHL,3435,0,0,0.0,0.0,-5.965830326080322,3.862020254135132
IMG-4ADDC9946B,R1,A,wavelet-HHH,3435,0,0,0.0,0.0,-1.4998822212219238,2.020724058151245
IMG-4ADDC9946B,R1,A,wavelet-LLL,3435,0,0,0.0,0.0,-9.279000282287598,11.488962173461914
IMG-4ADDC9946B,R1,A,log-sigma-1-0-mm-3D,3435,0,0,0.0,0.0,-2.534611463546753,2.470304012298584
IMG-4ADDC9946B,R1,A,log-sigma-2-0-mm-3D,3435,0,0,0.0,0.0,-2.2007031440734863,2.5049686431884766
IMG-4ADDC9946B,R1,A,log-sigma-3-0-mm-3D,3435,0,0,0.0,0.0,-1.12052321434021,2.5623834133148193
IMG-557CCA8640,R1,B,wavelet-LLH,5018,0,0,0.0,0.0,-4.931957721710205,4.220139980316162
IMG-557CCA8640,R1,B,wavelet-LHL,5018,0,0,0.0,0.0,-5.734557151794434,4.698093414306641
IMG-557CCA8640,R1,B,wavelet-LHH,5018,0,0,0.0,0.0,-3.69891357421875,2.564730405807495
IMG-557CCA8640,R1,B,wavelet-HLL,5018,0,0,0.0,0.0,-5.533512592315674,6.395002841949463
IMG-557CCA8640,R1,B,wavelet-HLH,5018,0,0,0.0,0.0,-2.9008920192718506,2.2408852577209473
IMG-557CCA8640,R1,B,wavelet-HHL,5018,0,0,0.0,0.0,-2.883819341659546,2.9370992183685303
IMG-557CCA8640,R1,B,wavelet-HHH,5018,0,0,0.0,0.0,-1.568357229232788,1.5156962871551514
IMG-557CCA8640,R1,B,wavelet-LLL,5018,0,0,0.0,0.0,-9.734902381896973,14.786285400390625
IMG-557CCA8640,R1,B,log-sigma-1-0-mm-3D,5018,0,0,0.0,0.0,-2.1773629188537598,2.403458595275879
IMG-557CCA8640,R1,B,log-sigma-2-0-mm-3D,5018,0,0,0.0,0.0,-2.0784053802490234,3.11700439453125
IMG-557CCA8640,R1,B,log-sigma-3-0-mm-3D,5018,0,0,0.0,0.0,-1.9448702335357666,3.4850125312805176
IMG-922C9D652E,R1,A,wavelet-LLH,12158,0,0,0.0,0.0,-9.114521980285645,6.557462692260742
IMG-922C9D652E,R1,A,wavelet-LHL,12158,0,0,0.0,0.0,-10.870429992675781,4.811336040496826
IMG-922C9D652E,R1,A,wavelet-LHH,12158,0,0,0.0,0.0,-3.0688517093658447,2.763188600540161
IMG-922C9D652E,R1,A,wavelet-HLL,12158,0,0,0.0,0.0,-10.906896591186523,5.638215065002441
IMG-922C9D652E,R1,A,wavelet-HLH,12158,0,0,0.0,0.0,-2.7405104637145996,2.8636887073516846
IMG-922C9D652E,R1,A,wavelet-HHL,12158,0,0,0.0,0.0,-4.331180572509766,3.5330989360809326
IMG-922C9D652E,R1,A,wavelet-HHH,12158,0,0,0.0,0.0,-2.1571455001831055,2.283102035522461
IMG-922C9D652E,R1,A,wavelet-LLL,12158,0,0,0.0,0.0,-7.951377868652344,17.998271942138672
IMG-922C9D652E,R1,A,log-sigma-1-0-mm-3D,12158,0,0,0.0,0.0,-2.2343127727508545,2.8465750217437744
IMG-922C9D652E,R1,A,log-sigma-2-0-mm-3D,12158,0,0,0.0,0.0,-2.2474100589752197,2.9318575859069824
IMG-922C9D652E,R1,A,log-sigma-3-0-mm-3D,12158,0,0,0.0,0.0,-2.0012588500976562,2.97017765045166
IMG-4C76CFDF5A,R1,A,wavelet-LLH,4900,0,0,0.0,0.0,-3.445735216140747,3.5985798835754395
IMG-4C76CFDF5A,R1,A,wavelet-LHL,4900,0,0,0.0,0.0,-3.876088857650757,4.2088470458984375
IMG-4C76CFDF5A,R1,A,wavelet-LHH,4900,0,0,0.0,0.0,-1.9511092901229858,1.5953404903411865
IMG-4C76CFDF5A,R1,A,wavelet-HLL,4900,0,0,0.0,0.0,-6.916361331939697,4.553555011749268
IMG-4C76CFDF5A,R1,A,wavelet-HLH,4900,0,0,0.0,0.0,-3.216391086578369,2.767214298248291
IMG-4C76CFDF5A,R1,A,wavelet-HHL,4900,0,0,0.0,0.0,-4.743087291717529,4.206231594085693
IMG-4C76CFDF5A,R1,A,wavelet-HHH,4900,0,0,0.0,0.0,-2.1996219158172607,1.704831600189209
IMG-4C76CFDF5A,R1,A,wavelet-LLL,4900,0,0,0.0,0.0,-8.265501976013184,11.652697563171387
IMG-4C76CFDF5A,R1,A,log-sigma-1-0-mm-3D,4900,0,0,0.0,0.0,-2.5535531044006348,2.315714120864868
IMG-4C76CFDF5A,R1,A,log-sigma-2-0-mm-3D,4900,0,0,0.0,0.0,-1.6833230257034302,2.0324506759643555
IMG-4C76CFDF5A,R1,A,log-sigma-3-0-mm-3D,4900,0,0,0.0,0.0,-1.5564199686050415,1.9496653079986572
IMG-46D99E88E9,R1,B,wavelet-LLH,6185,0,0,0.0,0.0,-7.0632853507995605,4.821946144104004
IMG-46D99E88E9,R1,B,wavelet-LHL,6185,0,0,0.0,0.0,-5.75770378112793,5.69711971282959
IMG-46D99E88E9,R1,B,wavelet-LHH,6185,0,0,0.0,0.0,-2.133178234100342,1.9155300855636597
IMG-46D99E88E9,R1,B,wavelet-HLL,6185,0,0,0.0,0.0,-6.326300144195557,3.927263021469116
IMG-46D99E88E9,R1,B,wavelet-HLH,6185,0,0,0.0,0.0,-2.104896068572998,2.306540012359619
IMG-46D99E88E9,R1,B,wavelet-HHL,6185,0,0,0.0,0.0,-3.135213613510132,3.6374294757843018
IMG-46D99E88E9,R1,B,wavelet-HHH,6185,0,0,0.0,0.0,-1.2695766687393188,1.3455995321273804
IMG-46D99E88E9,R1,B,wavelet-LLL,6185,0,0,0.0,0.0,-9.509668350219727,14.269370079040527
IMG-46D99E88E9,R1,B,log-sigma-1-0-mm-3D,6185,0,0,0.0,0.0,-2.08841872215271,2.1926045417785645
IMG-46D99E88E9,R1,B,log-sigma-2-0-mm-3D,6185,0,0,0.0,0.0,-2.918273448944092,2.438669443130493
IMG-46D99E88E9,R1,B,log-sigma-3-0-mm-3D,6185,0,0,0.0,0.0,-2.5039918422698975,2.5702548027038574
IMG-3AA422094F,R1,A,wavelet-LLH,4072,0,0,0.0,0.0,-6.273431777954102,6.272993564605713
IMG-3AA422094F,R1,A,wavelet-LHL,4072,0,0,0.0,0.0,-6.404299736022949,6.083057880401611
IMG-3AA422094F,R1,A,wavelet-LHH,4072,0,0,0.0,0.0,-2.549316883087158,2.297384023666382
IMG-3AA422094F,R1,A,wavelet-HLL,4072,0,0,0.0,0.0,-10.84649658203125,8.743313789367676
IMG-3AA422094F,R1,A,wavelet-HLH,4072,0,0,0.0,0.0,-3.0532448291778564,3.9583609104156494
IMG-3AA422094F,R1,A,wavelet-HHL,4072,0,0,0.0,0.0,-5.684333801269531,2.705731153488159
IMG-3AA422094F,R1,A,wavelet-HHH,4072,0,0,0.0,0.0,-2.3615458011627197,1.5172832012176514
IMG-3AA422094F,R1,A,wavelet-LLL,4072,0,0,0.0,0.0,-5.775707721710205,19.198270797729492
IMG-3AA422094F,R1,A,log-sigma-1-0-mm-3D,4072,0,0,0.0,0.0,-2.095062255859375,2.6119866371154785
IMG-3AA422094F,R1,A,log-sigma-2-0-mm-3D,4072,0,0,0.0,0.0,-3.384807825088501,2.350951671600342
IMG-3AA422094F,R1,A,log-sigma-3-0-mm-3D,4072,0,0,0.0,0.0,-3.317379951477051,2.4043312072753906
IMG-34BB6ABEC6,R1,B,wavelet-LLH,3129,0,0,0.0,0.0,-4.458773136138916,5.804441928863525
IMG-34BB6ABEC6,R1,B,wavelet-LHL,3129,0,0,0.0,0.0,-4.17132043838501,4.153875827789307
IMG-34BB6ABEC6,R1,B,wavelet-LHH,3129,0,0,0.0,0.0,-2.294630765914917,2.67980694770813
IMG-34BB6ABEC6,R1,B,wavelet-HLL,3129,0,0,0.0,0.0,-3.4088151454925537,3.38116192817688
IMG-34BB6ABEC6,R1,B,wavelet-HLH,3129,0,0,0.0,0.0,-1.5438264608383179,1.6226327419281006
IMG-34BB6ABEC6,R1,B,wavelet-HHL,3129,0,0,0.0,0.0,-3.6041343212127686,3.1121933460235596
IMG-34BB6ABEC6,R1,B,wavelet-HHH,3129,0,0,0.0,0.0,-1.3802764415740967,1.2876508235931396
IMG-34BB6ABEC6,R1,B,wavelet-LLL,3129,0,0,0.0,0.0,-6.19382381439209,8.834467887878418
IMG-34BB6ABEC6,R1,B,log-sigma-1-0-mm-3D,3129,0,0,0.0,0.0,-1.6590278148651123,2.0468242168426514
IMG-34BB6ABEC6,R1,B,log-sigma-2-0-mm-3D,3129,0,0,0.0,0.0,-1.5230255126953125,2.1387648582458496
IMG-34BB6ABEC6,R1,B,log-sigma-3-0-mm-3D,3129,0,0,0.0,0.0,-1.1760871410369873,2.2549185752868652
IMG-C75BD32FBE,R1,A,wavelet-LLH,4525,0,0,0.0,0.0,-7.1113152503967285,5.331696033477783
IMG-C75BD32FBE,R1,A,wavelet-LHL,4525,0,0,0.0,0.0,-9.855367660522461,7.579547882080078
IMG-C75BD32FBE,R1,A,wavelet-LHH,4525,0,0,0.0,0.0,-2.6303935050964355,3.1318562030792236
IMG-C75BD32FBE,R1,A,wavelet-HLL,4525,0,0,0.0,0.0,-9.384193420410156,8.673423767089844
IMG-C75BD32FBE,R1,A,wavelet-HLH,4525,0,0,0.0,0.0,-3.951178789138794,2.7615954875946045
IMG-C75BD32FBE,R1,A,wavelet-HHL,4525,0,0,0.0,0.0,-4.9501495361328125,8.638351440429688
IMG-C75BD32FBE,R1,A,wavelet-HHH,4525,0,0,0.0,0.0,-2.9370882511138916,2.746896266937256
IMG-C75BD32FBE,R1,A,wavelet-LLL,4525,0,0,0.0,0.0,-6.062334060668945,18.251802444458008
IMG-C75BD32FBE,R1,A,log-sigma-1-0-mm-3D,4525,0,0,0.0,0.0,-1.9425772428512573,2.7467336654663086
IMG-C75BD32FBE,R1,A,log-sigma-2-0-mm-3D,4525,0,0,0.0,0.0,-3.232961654663086,2.473097324371338
IMG-C75BD32FBE,R1,A,log-sigma-3-0-mm-3D,4525,0,0,0.0,0.0,-3.1602559089660645,2.607405185699463
IMG-4971F5AC6D,R1,A,wavelet-LLH,13063,0,0,0.0,0.0,-4.734334945678711,3.7621707916259766
IMG-4971F5AC6D,R1,A,wavelet-LHL,13063,0,0,0.0,0.0,-10.383504867553711,6.188814640045166
IMG-4971F5AC6D,R1,A,wavelet-LHH,13063,0,0,0.0,0.0,-2.6288182735443115,2.0607330799102783
IMG-4971F5AC6D,R1,A,wavelet-HLL,13063,0,0,0.0,0.0,-6.7877984046936035,5.1172776222229
IMG-4971F5AC6D,R1,A,wavelet-HLH,13063,0,0,0.0,0.0,-2.468472957611084,2.3528199195861816
IMG-4971F5AC6D,R1,A,wavelet-HHL,13063,0,0,0.0,0.0,-4.84135627746582,3.8531241416931152
IMG-4971F5AC6D,R1,A,wavelet-HHH,13063,0,0,0.0,0.0,-2.226747751235962,2.4997482299804688
IMG-4971F5AC6D,R1,A,wavelet-LLL,13063,0,0,0.0,0.0,-8.375795364379883,12.687909126281738
IMG-4971F5AC6D,R1,A,log-sigma-1-0-mm-3D,13063,0,0,0.0,0.0,-2.43919038772583,2.345123052597046
IMG-4971F5AC6D,R1,A,log-sigma-2-0-mm-3D,13063,0,0,0.0,0.0,-2.9557416439056396,2.4139652252197266
IMG-4971F5AC6D,R1,A,log-sigma-3-0-mm-3D,13063,0,0,0.0,0.0,-2.5255889892578125,2.581573009490967
IMG-88A5AD1265,R1,B,wavelet-LLH,5185,0,0,0.0,0.0,-4.554741382598877,4.1030988693237305
IMG-88A5AD1265,R1,B,wavelet-LHL,5185,0,0,0.0,0.0,-4.251553535461426,6.384099960327148
IMG-88A5AD1265,R1,B,wavelet-LHH,5185,0,0,0.0,0.0,-3.390819787979126,2.7956039905548096
IMG-88A5AD1265,R1,B,wavelet-HLL,5185,0,0,0.0,0.0,-2.6125104427337646,3.4353373050689697
IMG-88A5AD1265,R1,B,wavelet-HLH,5185,0,0,0.0,0.0,-1.9487113952636719,1.8173739910125732
IMG-88A5AD1265,R1,B,wavelet-HHL,5185,0,0,0.0,0.0,-2.1563212871551514,2.6680638790130615
IMG-88A5AD1265,R1,B,wavelet-HHH,5185,0,0,0.0,0.0,-1.7213672399520874,1.1207728385925293
IMG-88A5AD1265,R1,B,wavelet-LLL,5185,0,0,0.0,0.0,-8.759069442749023,10.167685508728027
IMG-88A5AD1265,R1,B,log-sigma-1-0-mm-3D,5185,0,0,0.0,0.0,-1.434190273284912,2.7841920852661133
IMG-88A5AD1265,R1,B,log-sigma-2-0-mm-3D,5185,0,0,0.0,0.0,-1.6230933666229248,2.4600117206573486
IMG-88A5AD1265,R1,B,log-sigma-3-0-mm-3D,5185,0,0,0.0,0.0,-2.1428093910217285,2.3726062774658203
IMG-97E9F2C29B,R1,B,wavelet-LLH,3042,0,0,0.0,0.0,-3.0291943550109863,3.0514988899230957
IMG-97E9F2C29B,R1,B,wavelet-LHL,3042,0,0,0.0,0.0,-8.167379379272461,6.58825159072876
IMG-97E9F2C29B,R1,B,wavelet-LHH,3042,0,0,0.0,0.0,-2.480658769607544,1.8532437086105347
IMG-97E9F2C29B,R1,B,wavelet-HLL,3042,0,0,0.0,0.0,-4.3291850090026855,3.8350751399993896
IMG-97E9F2C29B,R1,B,wavelet-HLH,3042,0,0,0.0,0.0,-1.5488028526306152,1.5082244873046875
IMG-97E9F2C29B,R1,B,wavelet-HHL,3042,0,0,0.0,0.0,-4.651561737060547,2.9486894607543945
IMG-97E9F2C29B,R1,B,wavelet-HHH,3042,0,0,0.0,0.0,-1.0384671688079834,1.4786304235458374
IMG-97E9F2C29B,R1,B,wavelet-LLL,3042,0,0,0.0,0.0,-7.046473503112793,11.763474464416504
IMG-97E9F2C29B,R1,B,log-sigma-1-0-mm-3D,3042,0,0,0.0,0.0,-1.6074378490447998,2.334639549255371
IMG-97E9F2C29B,R1,B,log-sigma-2-0-mm-3D,3042,0,0,0.0,0.0,-1.8082635402679443,2.3207852840423584
IMG-97E9F2C29B,R1,B,log-sigma-3-0-mm-3D,3042,0,0,0.0,0.0,-1.5807290077209473,2.5109786987304688
IMG-97E9F2C29B,R2,B,wavelet-LLH,11839,0,0,0.0,0.0,-9.813020706176758,6.235769271850586
IMG-97E9F2C29B,R2,B,wavelet-LHL,11839,0,0,0.0,0.0,-1.0194042921066284,0.710253894329071
IMG-97E9F2C29B,R2,B,wavelet-LHH,11839,0,0,0.0,0.0,-0.9650510549545288,1.2693759202957153
IMG-97E9F2C29B,R2,B,wavelet-HLL,11839,0,0,0.0,0.0,-3.521484375,4.533588409423828
IMG-97E9F2C29B,R2,B,wavelet-HLH,11839,0,0,0.0,0.0,-3.4981117248535156,2.5681025981903076
IMG-97E9F2C29B,R2,B,wavelet-HHL,11839,0,0,0.0,0.0,-0.29852980375289917,0.33257994055747986
IMG-97E9F2C29B,R2,B,wavelet-HHH,11839,0,0,0.0,0.0,-0.32257363200187683,0.49532604217529297
IMG-97E9F2C29B,R2,B,wavelet-LLL,11839,0,0,0.0,0.0,-7.378010272979736,16.688596725463867
IMG-97E9F2C29B,R2,B,log-sigma-1-0-mm-3D,11839,0,0,0.0,0.0,-2.604590654373169,1.9571752548217773
IMG-97E9F2C29B,R2,B,log-sigma-2-0-mm-3D,11839,0,0,0.0,0.0,-2.7115416526794434,2.0521485805511475
IMG-97E9F2C29B,R2,B,log-sigma-3-0-mm-3D,11839,0,0,0.0,0.0,-1.7967551946640015,2.175365447998047
IMG-3277CEE26B,R1,A,wavelet-LLH,3151,0,0,0.0,0.0,-6.888174057006836,4.0773844718933105
IMG-3277CEE26B,R1,A,wavelet-LHL,3151,0,0,0.0,0.0,-8.865134239196777,7.484778881072998
IMG-3277CEE26B,R1,A,wavelet-LHH,3151,0,0,0.0,0.0,-2.334559440612793,3.198615789413452
IMG-3277CEE26B,R1,A,wavelet-HLL,3151,0,0,0.0,0.0,-12.975303649902344,6.418443202972412
IMG-3277CEE26B,R1,A,wavelet-HLH,3151,0,0,0.0,0.0,-2.695556163787842,4.169053554534912
IMG-3277CEE26B,R1,A,wavelet-HHL,3151,0,0,0.0,0.0,-6.165932655334473,8.658768653869629
IMG-3277CEE26B,R1,A,wavelet-HHH,3151,0,0,0.0,0.0,-2.3150930404663086,2.240842819213867
IMG-3277CEE26B,R1,A,wavelet-LLL,3151,0,0,0.0,0.0,-6.637804985046387,13.979960441589355
IMG-3277CEE26B,R1,A,log-sigma-1-0-mm-3D,3151,0,0,0.0,0.0,-2.991846799850464,2.542463779449463
IMG-3277CEE26B,R1,A,log-sigma-2-0-mm-3D,3151,0,0,0.0,0.0,-2.6590261459350586,2.4386889934539795
IMG-3277CEE26B,R1,A,log-sigma-3-0-mm-3D,3151,0,0,0.0,0.0,-2.063302755355835,2.330557346343994
IMG-1583C2350D,R1,B,wavelet-LLH,3693,0,0,0.0,0.0,-3.554896831512451,3.0882837772369385
IMG-1583C2350D,R1,B,wavelet-LHL,3693,0,0,0.0,0.0,-4.695464611053467,4.981113433837891
IMG-1583C2350D,R1,B,wavelet-LHH,3693,0,0,0.0,0.0,-1.4173280000686646,1.3970706462860107
IMG-1583C2350D,R1,B,wavelet-HLL,3693,0,0,0.0,0.0,-6.0819902420043945,4.508755207061768
IMG-1583C2350D,R1,B,wavelet-HLH,3693,0,0,0.0,0.0,-1.803531527519226,2.076138496398926
IMG-1583C2350D,R1,B,wavelet-HHL,3693,0,0,0.0,0.0,-4.708380222320557,2.096195697784424
IMG-1583C2350D,R1,B,wavelet-HHH,3693,0,0,0.0,0.0,-0.965827226638794,1.2599619626998901
IMG-1583C2350D,R1,B,wavelet-LLL,3693,0,0,0.0,0.0,-6.863715648651123,16.819671630859375
IMG-1583C2350D,R1,B,log-sigma-1-0-mm-3D,3693,0,0,0.0,0.0,-2.255383014678955,2.197918176651001
IMG-1583C2350D,R1,B,log-sigma-2-0-mm-3D,3693,0,0,0.0,0.0,-1.7350835800170898,1.987194538116455
IMG-1583C2350D,R1,B,log-sigma-3-0-mm-3D,3693,0,0,0.0,0.0,-2.0250191688537598,1.9822313785552979
IMG-FCB482DFC1,R1,A,wavelet-LLH,10365,0,0,0.0,0.0,-5.998438835144043,4.016017436981201
IMG-FCB482DFC1,R1,A,wavelet-LHL,10365,0,0,0.0,0.0,-9.090150833129883,7.987927436828613
IMG-FCB482DFC1,R1,A,wavelet-LHH,10365,0,0,0.0,0.0,-3.0926811695098877,3.976287364959717
IMG-FCB482DFC1,R1,A,wavelet-HLL,10365,0,0,0.0,0.0,-5.532100200653076,5.286241054534912
IMG-FCB482DFC1,R1,A,wavelet-HLH,10365,0,0,0.0,0.0,-2.5519537925720215,3.289050817489624
IMG-FCB482DFC1,R1,A,wavelet-HHL,10365,0,0,0.0,0.0,-5.829965591430664,7.89878511428833
IMG-FCB482DFC1,R1,A,wavelet-HHH,10365,0,0,0.0,0.0,-2.1837408542633057,1.7160476446151733
IMG-FCB482DFC1,R1,A,wavelet-LLL,10365,0,0,0.0,0.0,-7.360213756561279,17.818645477294922
IMG-FCB482DFC1,R1,A,log-sigma-1-0-mm-3D,10365,0,0,0.0,0.0,-2.2537777423858643,2.5173847675323486
IMG-FCB482DFC1,R1,A,log-sigma-2-0-mm-3D,10365,0,0,0.0,0.0,-2.638664722442627,2.1774778366088867
IMG-FCB482DFC1,R1,A,log-sigma-3-0-mm-3D,10365,0,0,0.0,0.0,-3.5432798862457275,1.9916614294052124
IMG-0CBFC07908,R1,A,wavelet-LLH,13671,0,0,0.0,0.0,-5.215901851654053,5.257842540740967
IMG-0CBFC07908,R1,A,wavelet-LHL,13671,0,0,0.0,0.0,-5.019658088684082,3.926943302154541
IMG-0CBFC07908,R1,A,wavelet-LHH,13671,0,0,0.0,0.0,-2.159367084503174,2.113621473312378
IMG-0CBFC07908,R1,A,wavelet-HLL,13671,0,0,0.0,0.0,-6.178763389587402,6.799623489379883
IMG-0CBFC07908,R1,A,wavelet-HLH,13671,0,0,0.0,0.0,-2.3973045349121094,3.1123902797698975
IMG-0CBFC07908,R1,A,wavelet-HHL,13671,0,0,0.0,0.0,-3.985462188720703,5.122503757476807
IMG-0CBFC07908,R1,A,wavelet-HHH,13671,0,0,0.0,0.0,-2.5159666538238525,2.1631925106048584
IMG-0CBFC07908,R1,A,wavelet-LLL,13671,0,0,0.0,0.0,-7.665428161621094,12.986860275268555
IMG-0CBFC07908,R1,A,log-sigma-1-0-mm-3D,13671,0,0,0.0,0.0,-2.6073176860809326,2.0750930309295654
IMG-0CBFC07908,R1,A,log-sigma-2-0-mm-3D,13671,0,0,0.0,0.0,-2.5514986515045166,2.297539234161377
IMG-0CBFC07908,R1,A,log-sigma-3-0-mm-3D,13671,0,0,0.0,0.0,-2.186328411102295,2.3052778244018555
IMG-B98B3A15DF,R1,A,wavelet-LLH,28323,0,0,0.0,0.0,-7.279360294342041,7.169112205505371
IMG-B98B3A15DF,R1,A,wavelet-LHL,28323,0,0,0.0,0.0,-7.209187030792236,7.907332897186279
IMG-B98B3A15DF,R1,A,wavelet-LHH,28323,0,0,0.0,0.0,-3.2801549434661865,3.311368942260742
IMG-B98B3A15DF,R1,A,wavelet-HLL,28323,0,0,0.0,0.0,-8.732413291931152,5.7143330574035645
IMG-B98B3A15DF,R1,A,wavelet-HLH,28323,0,0,0.0,0.0,-2.623283863067627,4.0993971824646
IMG-B98B3A15DF,R1,A,wavelet-HHL,28323,0,0,0.0,0.0,-7.045604228973389,9.62886905670166
IMG-B98B3A15DF,R1,A,wavelet-HHH,28323,0,0,0.0,0.0,-2.840628147125244,2.600799560546875
IMG-B98B3A15DF,R1,A,wavelet-LLL,28323,0,0,0.0,0.0,-9.18154239654541,18.123411178588867
IMG-B98B3A15DF,R1,A,log-sigma-1-0-mm-3D,28323,0,0,0.0,0.0,-3.903104305267334,3.115334987640381
IMG-B98B3A15DF,R1,A,log-sigma-2-0-mm-3D,28323,0,0,0.0,0.0,-4.028264999389648,2.756014823913574
IMG-B98B3A15DF,R1,A,log-sigma-3-0-mm-3D,28323,0,0,0.0,0.0,-2.930164337158203,2.1409356594085693
IMG-1EA2F09A23,R1,A,wavelet-LLH,13220,0,0,0.0,0.0,-8.343490600585938,13.302020072937012
IMG-1EA2F09A23,R1,A,wavelet-LHL,13220,0,0,0.0,0.0,-7.883435249328613,7.351015567779541
IMG-1EA2F09A23,R1,A,wavelet-LHH,13220,0,0,0.0,0.0,-2.5755491256713867,3.221470594406128
IMG-1EA2F09A23,R1,A,wavelet-HLL,13220,0,0,0.0,0.0,-8.134282112121582,5.617402076721191
IMG-1EA2F09A23,R1,A,wavelet-HLH,13220,0,0,0.0,0.0,-2.9768526554107666,3.023754596710205
IMG-1EA2F09A23,R1,A,wavelet-HHL,13220,0,0,0.0,0.0,-6.984689712524414,7.385346412658691
IMG-1EA2F09A23,R1,A,wavelet-HHH,13220,0,0,0.0,0.0,-2.5458083152770996,3.270491361618042
IMG-1EA2F09A23,R1,A,wavelet-LLL,13220,0,0,0.0,0.0,-6.581420421600342,20.789918899536133
IMG-1EA2F09A23,R1,A,log-sigma-1-0-mm-3D,13220,0,0,0.0,0.0,-3.4110000133514404,2.6771275997161865
IMG-1EA2F09A23,R1,A,log-sigma-2-0-mm-3D,13220,0,0,0.0,0.0,-4.053547382354736,2.825972557067871
IMG-1EA2F09A23,R1,A,log-sigma-3-0-mm-3D,13220,0,0,0.0,0.0,-4.437028884887695,2.889267683029175
IMG-0E703C00C4,R1,A,wavelet-LLH,14341,0,0,0.0,0.0,-8.744993209838867,5.418436527252197
IMG-0E703C00C4,R1,A,wavelet-LHL,14341,0,0,0.0,0.0,-6.740825176239014,7.642428398132324
IMG-0E703C00C4,R1,A,wavelet-LHH,14341,0,0,0.0,0.0,-3.6140506267547607,2.6807820796966553
IMG-0E703C00C4,R1,A,wavelet-HLL,14341,0,0,0.0,0.0,-10.25377082824707,6.971592903137207
IMG-0E703C00C4,R1,A,wavelet-HLH,14341,0,0,0.0,0.0,-3.0676212310791016,3.6337859630584717
IMG-0E703C00C4,R1,A,wavelet-HHL,14341,0,0,0.0,0.0,-7.147794723510742,5.704933166503906
IMG-0E703C00C4,R1,A,wavelet-HHH,14341,0,0,0.0,0.0,-2.318187713623047,2.3508241176605225
IMG-0E703C00C4,R1,A,wavelet-LLL,14341,0,0,0.0,0.0,-8.947408676147461,16.978660583496094
IMG-0E703C00C4,R1,A,log-sigma-1-0-mm-3D,14341,0,0,0.0,0.0,-3.0114145278930664,2.6953468322753906
IMG-0E703C00C4,R1,A,log-sigma-2-0-mm-3D,14341,0,0,0.0,0.0,-2.904360294342041,2.8423163890838623
IMG-0E703C00C4,R1,A,log-sigma-3-0-mm-3D,14341,0,0,0.0,0.0,-2.1655733585357666,2.985229015350342
IMG-2038F1FF32,R1,A,wavelet-LLH,14581,0,0,0.0,0.0,-6.774255752563477,4.313328742980957
IMG-2038F1FF32,R1,A,wavelet-LHL,14581,0,0,0.0,0.0,-11.59318733215332,6.5063676834106445
IMG-2038F1FF32,R1,A,wavelet-LHH,14581,0,0,0.0,0.0,-3.102579116821289,4.979123115539551
IMG-2038F1FF32,R1,A,wavelet-HLL,14581,0,0,0.0,0.0,-9.254961967468262,6.0623698234558105
IMG-2038F1FF32,R1,A,wavelet-HLH,14581,0,0,0.0,0.0,-4.2288408279418945,5.8740105628967285
IMG-2038F1FF32,R1,A,wavelet-HHL,14581,0,0,0.0,0.0,-6.306347370147705,5.252683639526367
IMG-2038F1FF32,R1,A,wavelet-HHH,14581,0,0,0.0,0.0,-2.3485374450683594,3.1183817386627197
IMG-2038F1FF32,R1,A,wavelet-LLL,14581,0,0,0.0,0.0,-8.382862091064453,11.692606925964355
IMG-2038F1FF32,R1,A,log-sigma-1-0-mm-3D,14581,0,0,0.0,0.0,-2.6236512660980225,2.3890562057495117
IMG-2038F1FF32,R1,A,log-sigma-2-0-mm-3D,14581,0,0,0.0,0.0,-1.8198459148406982,2.826279640197754
IMG-2038F1FF32,R1,A,log-sigma-3-0-mm-3D,14581,0,0,0.0,0.0,-1.518768310546875,2.4388105869293213
IMG-D122DA15EE,R1,A,wavelet-LLH,5937,0,0,0.0,0.0,-5.776553630828857,3.5628204345703125
IMG-D122DA15EE,R1,A,wavelet-LHL,5937,0,0,0.0,0.0,-4.844369411468506,4.614534378051758
IMG-D122DA15EE,R1,A,wavelet-LHH,5937,0,0,0.0,0.0,-3.6362130641937256,3.049588203430176
IMG-D122DA15EE,R1,A,wavelet-HLL,5937,0,0,0.0,0.0,-7.683175086975098,3.5119571685791016
IMG-D122DA15EE,R1,A,wavelet-HLH,5937,0,0,0.0,0.0,-1.6962339878082275,2.356196641921997
IMG-D122DA15EE,R1,A,wavelet-HHL,5937,0,0,0.0,0.0,-3.3105392456054688,2.858466863632202
IMG-D122DA15EE,R1,A,wavelet-HHH,5937,0,0,0.0,0.0,-1.6172833442687988,1.662609338760376
IMG-D122DA15EE,R1,A,wavelet-LLL,5937,0,0,0.0,0.0,-7.070033550262451,14.984489440917969
IMG-D122DA15EE,R1,A,log-sigma-1-0-mm-3D,5937,0,0,0.0,0.0,-1.9895288944244385,1.6518253087997437
IMG-D122DA15EE,R1,A,log-sigma-2-0-mm-3D,5937,0,0,0.0,0.0,-2.73994779586792,1.8288474082946777
IMG-D122DA15EE,R1,A,log-sigma-3-0-mm-3D,5937,0,0,0.0,0.0,-2.595365285873413,1.715280532836914
IMG-5F709341D1,R1,B,wavelet-LLH,6083,0,0,0.0,0.0,-3.6572420597076416,3.204439878463745
IMG-5F709341D1,R1,B,wavelet-LHL,6083,0,0,0.0,0.0,-9.715116500854492,7.467657566070557
IMG-5F709341D1,R1,B,wavelet-LHH,6083,0,0,0.0,0.0,-2.6959855556488037,2.2829456329345703
IMG-5F709341D1,R1,B,wavelet-HLL,6083,0,0,0.0,0.0,-7.15178108215332,3.53969144821167
IMG-5F709341D1,R1,B,wavelet-HLH,6083,0,0,0.0,0.0,-1.5942459106445312,1.6918835639953613
IMG-5F709341D1,R1,B,wavelet-HHL,6083,0,0,0.0,0.0,-2.9678843021392822,3.5357139110565186
IMG-5F709341D1,R1,B,wavelet-HHH,6083,0,0,0.0,0.0,-1.6101329326629639,1.6429963111877441
IMG-5F709341D1,R1,B,wavelet-LLL,6083,0,0,0.0,0.0,-7.417524337768555,17.87260627746582
IMG-5F709341D1,R1,B,log-sigma-1-0-mm-3D,6083,0,0,0.0,0.0,-2.312528371810913,2.204773187637329
IMG-5F709341D1,R1,B,log-sigma-2-0-mm-3D,6083,0,0,0.0,0.0,-2.8061063289642334,2.176389455795288
IMG-5F709341D1,R1,B,log-sigma-3-0-mm-3D,6083,0,0,0.0,0.0,-2.336031913757324,2.3841593265533447
IMG-79A4F0ADA9,R1,A,wavelet-LLH,7152,0,0,0.0,0.0,-3.8527605533599854,2.448258876800537
IMG-79A4F0ADA9,R1,A,wavelet-LHL,7152,0,0,0.0,0.0,-4.416339874267578,4.125020980834961
IMG-79A4F0ADA9,R1,A,wavelet-LHH,7152,0,0,0.0,0.0,-1.5266008377075195,2.1240689754486084
IMG-79A4F0ADA9,R1,A,wavelet-HLL,7152,0,0,0.0,0.0,-5.003031253814697,4.89593505859375
IMG-79A4F0ADA9,R1,A,wavelet-HLH,7152,0,0,0.0,0.0,-1.4518452882766724,2.00303053855896
IMG-79A4F0ADA9,R1,A,wavelet-HHL,7152,0,0,0.0,0.0,-4.397854804992676,4.885870456695557
IMG-79A4F0ADA9,R1,A,wavelet-HHH,7152,0,0,0.0,0.0,-1.7173683643341064,1.3662785291671753
IMG-79A4F0ADA9,R1,A,wavelet-LLL,7152,0,0,0.0,0.0,-6.746722221374512,15.40509033203125
IMG-79A4F0ADA9,R1,A,log-sigma-1-0-mm-3D,7152,0,0,0.0,0.0,-2.490840435028076,1.4459675550460815
IMG-79A4F0ADA9,R1,A,log-sigma-2-0-mm-3D,7152,0,0,0.0,0.0,-3.0895354747772217,1.364695429801941
IMG-79A4F0ADA9,R1,A,log-sigma-3-0-mm-3D,7152,0,0,0.0,0.0,-1.9419407844543457,1.584578037261963
IMG-05B7E87122,R1,B,wavelet-LLH,2905,0,0,0.0,0.0,-4.374950885772705,4.049725532531738
IMG-05B7E87122,R1,B,wavelet-LHL,2905,0,0,0.0,0.0,-4.470407009124756,3.275195598602295
IMG-05B7E87122,R1,B,wavelet-LHH,2905,0,0,0.0,0.0,-2.555088996887207,1.5367205142974854
IMG-05B7E87122,R1,B,wavelet-HLL,2905,0,0,0.0,0.0,-6.238443374633789,5.653298377990723
IMG-05B7E87122,R1,B,wavelet-HLH,2905,0,0,0.0,0.0,-1.8905647993087769,2.3529326915740967
IMG-05B7E87122,R1,B,wavelet-HHL,2905,0,0,0.0,0.0,-2.8092126846313477,3.3856372833251953
IMG-05B7E87122,R1,B,wavelet-HHH,2905,0,0,0.0,0.0,-1.2870105504989624,1.2544834613800049
IMG-05B7E87122,R1,B,wavelet-LLL,2905,0,0,0.0,0.0,-5.220321178436279,16.662521362304688
IMG-05B7E87122,R1,B,log-sigma-1-0-mm-3D,2905,0,0,0.0,0.0,-1.5888292789459229,2.006300687789917
IMG-05B7E87122,R1,B,log-sigma-2-0-mm-3D,2905,0,0,0.0,0.0,-1.8897850513458252,2.1398377418518066
IMG-05B7E87122,R1,B,log-sigma-3-0-mm-3D,2905,0,0,0.0,0.0,-2.1937921047210693,1.7103171348571777
IMG-F83C4C56BC,R1,B,wavelet-LLH,1420,0,0,0.0,0.0,-3.2353131771087646,4.329783916473389
IMG-F83C4C56BC,R1,B,wavelet-LHL,1420,0,0,0.0,0.0,-4.71949577331543,4.963377952575684
IMG-F83C4C56BC,R1,B,wavelet-LHH,1420,0,0,0.0,0.0,-2.45359468460083,1.7327444553375244
IMG-F83C4C56BC,R1,B,wavelet-HLL,1420,0,0,0.0,0.0,-3.719796657562256,3.6725759506225586
IMG-F83C4C56BC,R1,B,wavelet-HLH,1420,0,0,0.0,0.0,-1.8799872398376465,2.3508894443511963
IMG-F83C4C56BC,R1,B,wavelet-HHL,1420,0,0,0.0,0.0,-2.693427085876465,2.702458143234253
IMG-F83C4C56BC,R1,B,wavelet-HHH,1420,0,0,0.0,0.0,-1.4002039432525635,1.379741907119751
IMG-F83C4C56BC,R1,B,wavelet-LLL,1420,0,0,0.0,0.0,-6.58785343170166,10.329940795898438
IMG-F83C4C56BC,R1,B,log-sigma-1-0-mm-3D,1420,0,0,0.0,0.0,-2.2828564643859863,1.6613621711730957
IMG-F83C4C56BC,R1,B,log-sigma-2-0-mm-3D,1420,0,0,0.0,0.0,-1.9764647483825684,1.7342272996902466
IMG-F83C4C56BC,R1,B,log-sigma-3-0-mm-3D,1420,0,0,0.0,0.0,-2.2825348377227783,1.604017972946167
IMG-455A5A01E4,R1,A,wavelet-LLH,6649,0,0,0.0,0.0,-5.06090784072876,3.2780911922454834
IMG-455A5A01E4,R1,A,wavelet-LHL,6649,0,0,0.0,0.0,-6.924575328826904,3.679949998855591
IMG-455A5A01E4,R1,A,wavelet-LHH,6649,0,0,0.0,0.0,-2.046168565750122,1.632393479347229
IMG-455A5A01E4,R1,A,wavelet-HLL,6649,0,0,0.0,0.0,-3.986738920211792,3.1969070434570312
IMG-455A5A01E4,R1,A,wavelet-HLH,6649,0,0,0.0,0.0,-1.2267431020736694,1.2811822891235352
IMG-455A5A01E4,R1,A,wavelet-HHL,6649,0,0,0.0,0.0,-2.4397289752960205,3.127195119857788
IMG-455A5A01E4,R1,A,wavelet-HHH,6649,0,0,0.0,0.0,-1.1804274320602417,1.0652552843093872
IMG-455A5A01E4,R1,A,wavelet-LLL,6649,0,0,0.0,0.0,-8.268089294433594,13.181617736816406
IMG-455A5A01E4,R1,A,log-sigma-1-0-mm-3D,6649,0,0,0.0,0.0,-3.368290662765503,1.9487441778182983
IMG-455A5A01E4,R1,A,log-sigma-2-0-mm-3D,6649,0,0,0.0,0.0,-3.2283053398132324,1.2366963624954224
IMG-455A5A01E4,R1,A,log-sigma-3-0-mm-3D,6649,0,0,0.0,0.0,-2.72798490524292,1.0537855625152588
IMG-E488AF3FF6,R1,B,wavelet-LLH,3719,0,0,0.0,0.0,-4.369460582733154,4.306705474853516
IMG-E488AF3FF6,R1,B,wavelet-LHL,3719,0,0,0.0,0.0,-5.325607776641846,6.087706089019775
IMG-E488AF3FF6,R1,B,wavelet-LHH,3719,0,0,0.0,0.0,-2.6290695667266846,2.417867660522461
IMG-E488AF3FF6,R1,B,wavelet-HLL,3719,0,0,0.0,0.0,-5.178278923034668,4.292871475219727
IMG-E488AF3FF6,R1,B,wavelet-HLH,3719,0,0,0.0,0.0,-1.7948280572891235,2.1680753231048584
IMG-E488AF3FF6,R1,B,wavelet-HHL,3719,0,0,0.0,0.0,-3.830838680267334,2.877659320831299
IMG-E488AF3FF6,R1,B,wavelet-HHH,3719,0,0,0.0,0.0,-1.6601144075393677,1.8338338136672974
IMG-E488AF3FF6,R1,B,wavelet-LLL,3719,0,0,0.0,0.0,-8.434671401977539,18.816495895385742
IMG-E488AF3FF6,R1,B,log-sigma-1-0-mm-3D,3719,0,0,0.0,0.0,-2.2746798992156982,2.8476741313934326
IMG-E488AF3FF6,R1,B,log-sigma-2-0-mm-3D,3719,0,0,0.0,0.0,-2.7984681129455566,2.400113582611084
IMG-E488AF3FF6,R1,B,log-sigma-3-0-mm-3D,3719,0,0,0.0,0.0,-2.5790367126464844,2.434295654296875
IMG-24923A3FA1,R1,A,wavelet-LLH,3292,0,0,0.0,0.0,-4.325745105743408,4.305445194244385
IMG-24923A3FA1,R1,A,wavelet-LHL,3292,0,0,0.0,0.0,-9.901590347290039,6.9615797996521
IMG-24923A3FA1,R1,A,wavelet-LHH,3292,0,0,0.0,0.0,-2.0587291717529297,2.866651773452759
IMG-24923A3FA1,R1,A,wavelet-HLL,3292,0,0,0.0,0.0,-5.258739471435547,3.0970213413238525
IMG-24923A3FA1,R1,A,wavelet-HLH,3292,0,0,0.0,0.0,-2.3688368797302246,2.298339605331421
IMG-24923A3FA1,R1,A,wavelet-HHL,3292,0,0,0.0,0.0,-2.932769775390625,3.510557174682617
IMG-24923A3FA1,R1,A,wavelet-HHH,3292,0,0,0.0,0.0,-2.166511058807373,1.4727176427841187
IMG-24923A3FA1,R1,A,wavelet-LLL,3292,0,0,0.0,0.0,-6.622839450836182,10.206377029418945
IMG-24923A3FA1,R1,A,log-sigma-1-0-mm-3D,3292,0,0,0.0,0.0,-2.265244483947754,2.9282732009887695
IMG-24923A3FA1,R1,A,log-sigma-2-0-mm-3D,3292,0,0,0.0,0.0,-3.2113537788391113,2.2227325439453125
IMG-24923A3FA1,R1,A,log-sigma-3-0-mm-3D,3292,0,0,0.0,0.0,-3.548295021057129,2.3116116523742676
IMG-FFE4FA252C,R1,B,wavelet-LLH,26393,0,0,0.0,0.0,-5.656810283660889,6.134683609008789
IMG-FFE4FA252C,R1,B,wavelet-LHL,26393,0,0,0.0,0.0,-6.2871904373168945,5.354062080383301
IMG-FFE4FA252C,R1,B,wavelet-LHH,26393,0,0,0.0,0.0,-1.9877095222473145,2.322366952896118
IMG-FFE4FA252C,R1,B,wavelet-HLL,26393,0,0,0.0,0.0,-5.454452991485596,4.0846781730651855
IMG-FFE4FA252C,R1,B,wavelet-HLH,26393,0,0,0.0,0.0,-1.9069730043411255,2.011298179626465
IMG-FFE4FA252C,R1,B,wavelet-HHL,26393,0,0,0.0,0.0,-3.0760223865509033,2.331517219543457
IMG-FFE4FA252C,R1,B,wavelet-HHH,26393,0,0,0.0,0.0,-1.1295795440673828,1.1628233194351196
IMG-FFE4FA252C,R1,B,wavelet-LLL,26393,0,0,0.0,0.0,-10.64033317565918,11.810050010681152
IMG-FFE4FA252C,R1,B,log-sigma-1-0-mm-3D,26393,0,0,0.0,0.0,-2.6705496311187744,2.170273542404175
IMG-FFE4FA252C,R1,B,log-sigma-2-0-mm-3D,26393,0,0,0.0,0.0,-1.968550443649292,2.153369426727295
IMG-FFE4FA252C,R1,B,log-sigma-3-0-mm-3D,26393,0,0,0.0,0.0,-2.085693359375,1.8542689085006714
IMG-76AA075229,R1,A,wavelet-LLH,13333,0,0,0.0,0.0,-4.1082563400268555,4.55195426940918
IMG-76AA075229,R1,A,wavelet-LHL,13333,0,0,0.0,0.0,-10.34232234954834,7.707309722900391
IMG-76AA075229,R1,A,wavelet-LHH,13333,0,0,0.0,0.0,-3.4962990283966064,2.986750602722168
IMG-76AA075229,R1,A,wavelet-HLL,13333,0,0,0.0,0.0,-7.041121006011963,4.8243303298950195
IMG-76AA075229,R1,A,wavelet-HLH,13333,0,0,0.0,0.0,-2.2891080379486084,1.8633588552474976
IMG-76AA075229,R1,A,wavelet-HHL,13333,0,0,0.0,0.0,-4.828620910644531,4.653139591217041
IMG-76AA075229,R1,A,wavelet-HHH,13333,0,0,0.0,0.0,-1.8229472637176514,2.420379161834717
IMG-76AA075229,R1,A,wavelet-LLL,13333,0,0,0.0,0.0,-7.420293807983398,14.227824211120605
IMG-76AA075229,R1,A,log-sigma-1-0-mm-3D,13333,0,0,0.0,0.0,-2.8432559967041016,2.342270851135254
IMG-76AA075229,R1,A,log-sigma-2-0-mm-3D,13333,0,0,0.0,0.0,-2.779367446899414,2.2815966606140137
IMG-76AA075229,R1,A,log-sigma-3-0-mm-3D,13333,0,0,0.0,0.0,-2.205615997314453,2.0117783546447754
IMG-55F9E5483B,R1,B,wavelet-LLH,11815,0,0,0.0,0.0,-8.060379028320312,5.217952728271484
IMG-55F9E5483B,R1,B,wavelet-LHL,11815,0,0,0.0,0.0,-5.182517051696777,6.873554706573486
IMG-55F9E5483B,R1,B,wavelet-LHH,11815,0,0,0.0,0.0,-2.9221935272216797,3.1523706912994385
IMG-55F9E5483B,R1,B,wavelet-HLL,11815,0,0,0.0,0.0,-5.896461486816406,4.7692084312438965
IMG-55F9E5483B,R1,B,wavelet-HLH,11815,0,0,0.0,0.0,-2.3737027645111084,3.4385104179382324
IMG-55F9E5483B,R1,B,wavelet-HHL,11815,0,0,0.0,0.0,-3.2998857498168945,2.9164891242980957
IMG-55F9E5483B,R1,B,wavelet-HHH,11815,0,0,0.0,0.0,-1.985242486000061,1.8095085620880127
IMG-55F9E5483B,R1,B,wavelet-LLL,11815,0,0,0.0,0.0,-6.854257583618164,19.21464729309082
IMG-55F9E5483B,R1,B,log-sigma-1-0-mm-3D,11815,0,0,0.0,0.0,-3.2146644592285156,3.4329183101654053
IMG-55F9E5483B,R1,B,log-sigma-2-0-mm-3D,11815,0,0,0.0,0.0,-3.449613094329834,3.0689966678619385
IMG-55F9E5483B,R1,B,log-sigma-3-0-mm-3D,11815,0,0,0.0,0.0,-3.6401596069335938,2.6963999271392822
IMG-84BD5A09A5,R1,B,wavelet-LLH,1001,0,0,0.0,0.0,-5.054226398468018,3.9176859855651855
IMG-84BD5A09A5,R1,B,wavelet-LHL,1001,0,0,0.0,0.0,-3.0041024684906006,4.188962459564209
IMG-84BD5A09A5,R1,B,wavelet-LHH,1001,0,0,0.0,0.0,-1.4358245134353638,1.3552262783050537
IMG-84BD5A09A5,R1,B,wavelet-HLL,1001,0,0,0.0,0.0,-3.5732455253601074,3.844229221343994
IMG-84BD5A09A5,R1,B,wavelet-HLH,1001,0,0,0.0,0.0,-1.4484738111495972,2.3750381469726562
IMG-84BD5A09A5,R1,B,wavelet-HHL,1001,0,0,0.0,0.0,-2.1206846237182617,2.175886392593384
IMG-84BD5A09A5,R1,B,wavelet-HHH,1001,0,0,0.0,0.0,-0.9753020405769348,1.2505148649215698
IMG-84BD5A09A5,R1,B,wavelet-LLL,1001,0,0,0.0,0.0,-4.915117263793945,10.632132530212402
IMG-84BD5A09A5,R1,B,log-sigma-1-0-mm-3D,1001,0,0,0.0,0.0,-1.8121864795684814,3.1281371116638184
IMG-84BD5A09A5,R1,B,log-sigma-2-0-mm-3D,1001,0,0,0.0,0.0,-1.3024506568908691,2.188875436782837
IMG-84BD5A09A5,R1,B,log-sigma-3-0-mm-3D,1001,0,0,0.0,0.0,-1.4909522533416748,2.3327183723449707
IMG-94B3FD2C28,R1,A,wavelet-LLH,6918,0,0,0.0,0.0,-6.852873802185059,4.032954216003418
IMG-94B3FD2C28,R1,A,wavelet-LHL,6918,0,0,0.0,0.0,-6.168990612030029,4.817346572875977
IMG-94B3FD2C28,R1,A,wavelet-LHH,6918,0,0,0.0,0.0,-2.44221568107605,2.9647247791290283
IMG-94B3FD2C28,R1,A,wavelet-HLL,6918,0,0,0.0,0.0,-7.1437578201293945,5.996452808380127
IMG-94B3FD2C28,R1,A,wavelet-HLH,6918,0,0,0.0,0.0,-2.268688440322876,3.5492565631866455
IMG-94B3FD2C28,R1,A,wavelet-HHL,6918,0,0,0.0,0.0,-4.172442436218262,4.281521320343018
IMG-94B3FD2C28,R1,A,wavelet-HHH,6918,0,0,0.0,0.0,-1.8641430139541626,2.0333406925201416
IMG-94B3FD2C28,R1,A,wavelet-LLL,6918,0,0,0.0,0.0,-6.127519130706787,17.102169036865234
IMG-94B3FD2C28,R1,A,log-sigma-1-0-mm-3D,6918,0,0,0.0,0.0,-2.980839490890503,2.4440104961395264
IMG-94B3FD2C28,R1,A,log-sigma-2-0-mm-3D,6918,0,0,0.0,0.0,-2.7296712398529053,1.9309993982315063
IMG-94B3FD2C28,R1,A,log-sigma-3-0-mm-3D,6918,0,0,0.0,0.0,-4.2628583908081055,2.1039540767669678
IMG-40350FCA2E,R1,B,wavelet-LLH,2639,0,0,0.0,0.0,-5.112398147583008,3.0944085121154785
IMG-40350FCA2E,R1,B,wavelet-LHL,2639,0,0,0.0,0.0,-5.850910663604736,6.858057022094727
IMG-40350FCA2E,R1,B,wavelet-LHH,2639,0,0,0.0,0.0,-3.4527063369750977,2.991560697555542
IMG-40350FCA2E,R1,B,wavelet-HLL,2639,0,0,0.0,0.0,-4.862552165985107,5.07849645614624
IMG-40350FCA2E,R1,B,wavelet-HLH,2639,0,0,0.0,0.0,-2.2889888286590576,2.4177980422973633
IMG-40350FCA2E,R1,B,wavelet-HHL,2639,0,0,0.0,0.0,-3.275883674621582,4.094361305236816
IMG-40350FCA2E,R1,B,wavelet-HHH,2639,0,0,0.0,0.0,-1.3722288608551025,1.5183497667312622
IMG-40350FCA2E,R1,B,wavelet-LLL,2639,0,0,0.0,0.0,-8.72439193725586,13.45503044128418
IMG-40350FCA2E,R1,B,log-sigma-1-0-mm-3D,2639,0,0,0.0,0.0,-4.091934680938721,2.9622888565063477
IMG-40350FCA2E,R1,B,log-sigma-2-0-mm-3D,2639,0,0,0.0,0.0,-3.3422584533691406,2.808954954147339
IMG-40350FCA2E,R1,B,log-sigma-3-0-mm-3D,2639,0,0,0.0,0.0,-2.240006923675537,3.13836932182312
IMG-FC78791CB1,R1,A,wavelet-LLH,17233,0,0,0.0,0.0,-6.306952476501465,5.970879554748535
IMG-FC78791CB1,R1,A,wavelet-LHL,17233,0,0,0.0,0.0,-9.71197509765625,5.944653034210205
IMG-FC78791CB1,R1,A,wavelet-LHH,17233,0,0,0.0,0.0,-3.2363908290863037,4.937780380249023
IMG-FC78791CB1,R1,A,wavelet-HLL,17233,0,0,0.0,0.0,-11.806352615356445,6.839691638946533
IMG-FC78791CB1,R1,A,wavelet-HLH,17233,0,0,0.0,0.0,-3.6713991165161133,4.361715793609619
IMG-FC78791CB1,R1,A,wavelet-HHL,17233,0,0,0.0,0.0,-4.976418972015381,7.468322277069092
IMG-FC78791CB1,R1,A,wavelet-HHH,17233,0,0,0.0,0.0,-2.7888851165771484,2.3239598274230957
IMG-FC78791CB1,R1,A,wavelet-LLL,17233,0,0,0.0,0.0,-8.600518226623535,22.945711135864258
IMG-FC78791CB1,R1,A,log-sigma-1-0-mm-3D,17233,0,0,0.0,0.0,-4.863733768463135,3.4003067016601562
IMG-FC78791CB1,R1,A,log-sigma-2-0-mm-3D,17233,0,0,0.0,0.0,-4.256158828735352,2.9277007579803467
IMG-FC78791CB1,R1,A,log-sigma-3-0-mm-3D,17233,0,0,0.0,0.0,-3.994114875793457,2.4336795806884766
IMG-71E57AB0AA,R1,A,wavelet-LLH,6519,0,0,0.0,0.0,-5.67973518371582,4.947632789611816
IMG-71E57AB0AA,R1,A,wavelet-LHL,6519,0,0,0.0,0.0,-4.363952159881592,5.169970512390137
IMG-71E57AB0AA,R1,A,wavelet-LHH,6519,0,0,0.0,0.0,-2.642955780029297,2.314311981201172
IMG-71E57AB0AA,R1,A,wavelet-HLL,6519,0,0,0.0,0.0,-6.09168815612793,5.455820083618164
IMG-71E57AB0AA,R1,A,wavelet-HLH,6519,0,0,0.0,0.0,-2.080688953399658,2.5795066356658936
IMG-71E57AB0AA,R1,A,wavelet-HHL,6519,0,0,0.0,0.0,-4.947840690612793,4.676055908203125
IMG-71E57AB0AA,R1,A,wavelet-HHH,6519,0,0,0.0,0.0,-1.8246411085128784,1.929894208908081
IMG-71E57AB0AA,R1,A,wavelet-LLL,6519,0,0,0.0,0.0,-6.500733852386475,14.961230278015137
IMG-71E57AB0AA,R1,A,log-sigma-1-0-mm-3D,6519,0,0,0.0,0.0,-1.8100147247314453,2.7809605598449707
IMG-71E57AB0AA,R1,A,log-sigma-2-0-mm-3D,6519,0,0,0.0,0.0,-2.251697301864624,2.6115193367004395
IMG-71E57AB0AA,R1,A,log-sigma-3-0-mm-3D,6519,0,0,0.0,0.0,-1.5574692487716675,2.982626438140869
IMG-833E2B96C5,R1,A,wavelet-LLH,8250,0,0,0.0,0.0,-7.486849308013916,6.598430156707764
IMG-833E2B96C5,R1,A,wavelet-LHL,8250,0,0,0.0,0.0,-5.70377779006958,5.637994289398193
IMG-833E2B96C5,R1,A,wavelet-LHH,8250,0,0,0.0,0.0,-2.3137292861938477,2.5106372833251953
IMG-833E2B96C5,R1,A,wavelet-HLL,8250,0,0,0.0,0.0,-8.545660018920898,8.523809432983398
IMG-833E2B96C5,R1,A,wavelet-HLH,8250,0,0,0.0,0.0,-2.8085296154022217,3.4919445514678955
IMG-833E2B96C5,R1,A,wavelet-HHL,8250,0,0,0.0,0.0,-5.366515159606934,6.2611212730407715
IMG-833E2B96C5,R1,A,wavelet-HHH,8250,0,0,0.0,0.0,-2.224538564682007,2.2056939601898193
IMG-833E2B96C5,R1,A,wavelet-LLL,8250,0,0,0.0,0.0,-6.154519081115723,19.021331787109375
IMG-833E2B96C5,R1,A,log-sigma-1-0-mm-3D,8250,0,0,0.0,0.0,-1.9512972831726074,2.5890583992004395
IMG-833E2B96C5,R1,A,log-sigma-2-0-mm-3D,8250,0,0,0.0,0.0,-3.1023950576782227,2.429776668548584
IMG-833E2B96C5,R1,A,log-sigma-3-0-mm-3D,8250,0,0,0.0,0.0,-2.9307467937469482,2.8835787773132324
IMG-8DC884E180,R1,B,wavelet-LLH,10649,0,0,0.0,0.0,-5.40571403503418,4.78386926651001
IMG-8DC884E180,R1,B,wavelet-LHL,10649,0,0,0.0,0.0,-7.179104804992676,8.87911605834961
IMG-8DC884E180,R1,B,wavelet-LHH,10649,0,0,0.0,0.0,-2.89736270904541,2.1809823513031006
IMG-8DC884E180,R1,B,wavelet-HLL,10649,0,0,0.0,0.0,-17.030981063842773,7.713222980499268
IMG-8DC884E180,R1,B,wavelet-HLH,10649,0,0,0.0,0.0,-2.703125476837158,3.809037685394287
IMG-8DC884E180,R1,B,wavelet-HHL,10649,0,0,0.0,0.0,-4.183377265930176,3.831524133682251
IMG-8DC884E180,R1,B,wavelet-HHH,10649,0,0,0.0,0.0,-1.4373703002929688,1.9474626779556274
IMG-8DC884E180,R1,B,wavelet-LLL,10649,0,0,0.0,0.0,-8.280817985534668,20.919118881225586
IMG-8DC884E180,R1,B,log-sigma-1-0-mm-3D,10649,0,0,0.0,0.0,-2.2663185596466064,2.7999861240386963
IMG-8DC884E180,R1,B,log-sigma-2-0-mm-3D,10649,0,0,0.0,0.0,-2.4682583808898926,2.675940990447998
IMG-8DC884E180,R1,B,log-sigma-3-0-mm-3D,10649,0,0,0.0,0.0,-2.7535197734832764,2.6472482681274414
IMG-224449B3C8,R1,B,wavelet-LLH,6045,0,0,0.0,0.0,-4.870476722717285,3.666893720626831
IMG-224449B3C8,R1,B,wavelet-LHL,6045,0,0,0.0,0.0,-4.122598648071289,5.757429122924805
IMG-224449B3C8,R1,B,wavelet-LHH,6045,0,0,0.0,0.0,-2.0886430740356445,2.1567351818084717
IMG-224449B3C8,R1,B,wavelet-HLL,6045,0,0,0.0,0.0,-5.208685874938965,3.901444435119629
IMG-224449B3C8,R1,B,wavelet-HLH,6045,0,0,0.0,0.0,-1.899658441543579,1.9363009929656982
IMG-224449B3C8,R1,B,wavelet-HHL,6045,0,0,0.0,0.0,-2.9424984455108643,2.694375514984131
IMG-224449B3C8,R1,B,wavelet-HHH,6045,0,0,0.0,0.0,-1.2939695119857788,1.1966068744659424
IMG-224449B3C8,R1,B,wavelet-LLL,6045,0,0,0.0,0.0,-7.59215784072876,16.346500396728516
IMG-224449B3C8,R1,B,log-sigma-1-0-mm-3D,6045,0,0,0.0,0.0,-1.8920038938522339,2.0523159503936768
IMG-224449B3C8,R1,B,log-sigma-2-0-mm-3D,6045,0,0,0.0,0.0,-2.7292537689208984,2.0419774055480957
IMG-224449B3C8,R1,B,log-sigma-3-0-mm-3D,6045,0,0,0.0,0.0,-3.215052843093872,2.2381041049957275
IMG-23C5F88703,R1,A,wavelet-LLH,5959,0,0,0.0,0.0,-6.068107604980469,4.686765193939209
IMG-23C5F88703,R1,A,wavelet-LHL,5959,0,0,0.0,0.0,-11.702082633972168,8.00809097290039
IMG-23C5F88703,R1,A,wavelet-LHH,5959,0,0,0.0,0.0,-3.447709798812866,3.4943885803222656
IMG-23C5F88703,R1,A,wavelet-HLL,5959,0,0,0.0,0.0,-7.874203205108643,7.6415510177612305
IMG-23C5F88703,R1,A,wavelet-HLH,5959,0,0,0.0,0.0,-2.370713233947754,2.745450973510742
IMG-23C5F88703,R1,A,wavelet-HHL,5959,0,0,0.0,0.0,-3.9619317054748535,4.7918243408203125
IMG-23C5F88703,R1,A,wavelet-HHH,5959,0,0,0.0,0.0,-1.7557671070098877,1.8844267129898071
IMG-23C5F88703,R1,A,wavelet-LLL,5959,0,0,0.0,0.0,-7.524293422698975,19.398897171020508
IMG-23C5F88703,R1,A,log-sigma-1-0-mm-3D,5959,0,0,0.0,0.0,-3.5230355262756348,4.048168659210205
IMG-23C5F88703,R1,A,log-sigma-2-0-mm-3D,5959,0,0,0.0,0.0,-3.6444122791290283,2.778350591659546
IMG-23C5F88703,R1,A,log-sigma-3-0-mm-3D,5959,0,0,0.0,0.0,-3.8269948959350586,1.9708020687103271
IMG-BE4E03A7EC,R1,A,wavelet-LLH,12270,0,0,0.0,0.0,-4.914554119110107,5.2863287925720215
IMG-BE4E03A7EC,R1,A,wavelet-LHL,12270,0,0,0.0,0.0,-5.580120086669922,5.17692232131958
IMG-BE4E03A7EC,R1,A,wavelet-LHH,12270,0,0,0.0,0.0,-3.504631519317627,4.205608367919922
IMG-BE4E03A7EC,R1,A,wavelet-HLL,12270,0,0,0.0,0.0,-4.969210624694824,3.85084867477417
IMG-BE4E03A7EC,R1,A,wavelet-HLH,12270,0,0,0.0,0.0,-1.819355845451355,2.266186475753784
IMG-BE4E03A7EC,R1,A,wavelet-HHL,12270,0,0,0.0,0.0,-3.344444990158081,3.946178674697876
IMG-BE4E03A7EC,R1,A,wavelet-HHH,12270,0,0,0.0,0.0,-2.847264289855957,2.1312716007232666
IMG-BE4E03A7EC,R1,A,wavelet-LLL,12270,0,0,0.0,0.0,-8.194215774536133,12.540470123291016
IMG-BE4E03A7EC,R1,A,log-sigma-1-0-mm-3D,12270,0,0,0.0,0.0,-2.096933603286743,2.2850847244262695
IMG-BE4E03A7EC,R1,A,log-sigma-2-0-mm-3D,12270,0,0,0.0,0.0,-3.2584896087646484,2.0288431644439697
IMG-BE4E03A7EC,R1,A,log-sigma-3-0-mm-3D,12270,0,0,0.0,0.0,-2.640200614929199,2.0167181491851807
IMG-888B3DCBD4,R1,B,wavelet-LLH,9814,0,0,0.0,0.0,-4.20504093170166,6.006467342376709
IMG-888B3DCBD4,R1,B,wavelet-LHL,9814,0,0,0.0,0.0,-6.187922954559326,6.234231472015381
IMG-888B3DCBD4,R1,B,wavelet-LHH,9814,0,0,0.0,0.0,-2.9934475421905518,2.280189275741577
IMG-888B3DCBD4,R1,B,wavelet-HLL,9814,0,0,0.0,0.0,-4.664048194885254,4.570714473724365
IMG-888B3DCBD4,R1,B,wavelet-HLH,9814,0,0,0.0,0.0,-1.9730935096740723,1.9780153036117554
IMG-888B3DCBD4,R1,B,wavelet-HHL,9814,0,0,0.0,0.0,-3.557771921157837,3.0959768295288086
IMG-888B3DCBD4,R1,B,wavelet-HHH,9814,0,0,0.0,0.0,-1.2288897037506104,1.4794838428497314
IMG-888B3DCBD4,R1,B,wavelet-LLL,9814,0,0,0.0,0.0,-7.667850017547607,14.895217895507812
IMG-888B3DCBD4,R1,B,log-sigma-1-0-mm-3D,9814,0,0,0.0,0.0,-2.1593337059020996,2.490792751312256
IMG-888B3DCBD4,R1,B,log-sigma-2-0-mm-3D,9814,0,0,0.0,0.0,-2.338155508041382,2.5670700073242188
IMG-888B3DCBD4,R1,B,log-sigma-3-0-mm-3D,9814,0,0,0.0,0.0,-2.3387527465820312,2.782771348953247
IMG-CF55BF6E7E,R1,A,wavelet-LLH,4106,0,0,0.0,0.0,-4.385309219360352,3.4326179027557373
IMG-CF55BF6E7E,R1,A,wavelet-LHL,4106,0,0,0.0,0.0,-4.642380237579346,3.075003147125244
IMG-CF55BF6E7E,R1,A,wavelet-LHH,4106,0,0,0.0,0.0,-3.1719515323638916,2.3247270584106445
IMG-CF55BF6E7E,R1,A,wavelet-HLL,4106,0,0,0.0,0.0,-6.2321553230285645,4.177935600280762
IMG-CF55BF6E7E,R1,A,wavelet-HLH,4106,0,0,0.0,0.0,-2.079789638519287,2.1193151473999023
IMG-CF55BF6E7E,R1,A,wavelet-HHL,4106,0,0,0.0,0.0,-3.3813602924346924,6.349282741546631
IMG-CF55BF6E7E,R1,A,wavelet-HHH,4106,0,0,0.0,0.0,-2.1457250118255615,2.0142931938171387
IMG-CF55BF6E7E,R1,A,wavelet-LLL,4106,0,0,0.0,0.0,-5.793979167938232,9.727925300598145
IMG-CF55BF6E7E,R1,A,log-sigma-1-0-mm-3D,4106,0,0,0.0,0.0,-1.9647153615951538,1.7625648975372314
IMG-CF55BF6E7E,R1,A,log-sigma-2-0-mm-3D,4106,0,0,0.0,0.0,-1.328383445739746,1.6936026811599731
IMG-CF55BF6E7E,R1,A,log-sigma-3-0-mm-3D,4106,0,0,0.0,0.0,-1.310192346572876,1.807051658630371
IMG-2993B54556,R1,A,wavelet-LLH,6324,0,0,0.0,0.0,-5.521739482879639,3.3479502201080322
IMG-2993B54556,R1,A,wavelet-LHL,6324,0,0,0.0,0.0,-5.177457332611084,8.614130973815918
IMG-2993B54556,R1,A,wavelet-LHH,6324,0,0,0.0,0.0,-2.2796671390533447,2.0311598777770996
IMG-2993B54556,R1,A,wavelet-HLL,6324,0,0,0.0,0.0,-5.959643363952637,5.56358528137207
IMG-2993B54556,R1,A,wavelet-HLH,6324,0,0,0.0,0.0,-2.631619453430176,2.3737316131591797
IMG-2993B54556,R1,A,wavelet-HHL,6324,0,0,0.0,0.0,-3.7835352420806885,4.112159729003906
IMG-2993B54556,R1,A,wavelet-HHH,6324,0,0,0.0,0.0,-1.681760311126709,1.8365399837493896
IMG-2993B54556,R1,A,wavelet-LLL,6324,0,0,0.0,0.0,-7.673125267028809,11.061511993408203
IMG-2993B54556,R1,A,log-sigma-1-0-mm-3D,6324,0,0,0.0,0.0,-1.7197662591934204,2.505539894104004
IMG-2993B54556,R1,A,log-sigma-2-0-mm-3D,6324,0,0,0.0,0.0,-1.8989248275756836,2.6087849140167236
IMG-2993B54556,R1,A,log-sigma-3-0-mm-3D,6324,0,0,0.0,0.0,-1.6953012943267822,2.6624696254730225
IMG-ABC443CC89,R1,B,wavelet-LLH,5401,0,0,0.0,0.0,-10.552797317504883,19.477916717529297
IMG-ABC443CC89,R1,B,wavelet-LHL,5401,0,0,0.0,0.0,-3.8252413272857666,5.880081653594971
IMG-ABC443CC89,R1,B,wavelet-LHH,5401,0,0,0.0,0.0,-2.1243388652801514,2.387385129928589
IMG-ABC443CC89,R1,B,wavelet-HLL,5401,0,0,0.0,0.0,-3.8009164333343506,7.539060592651367
IMG-ABC443CC89,R1,B,wavelet-HLH,5401,0,0,0.0,0.0,-2.2549543380737305,2.7519423961639404
IMG-ABC443CC89,R1,B,wavelet-HHL,5401,0,0,0.0,0.0,-3.4558050632476807,2.964064121246338
IMG-ABC443CC89,R1,B,wavelet-HHH,5401,0,0,0.0,0.0,-1.4050424098968506,1.708092451095581
IMG-ABC443CC89,R1,B,wavelet-LLL,5401,0,0,0.0,0.0,-8.110719680786133,15.309077262878418
IMG-ABC443CC89,R1,B,log-sigma-1-0-mm-3D,5401,0,0,0.0,0.0,-3.124580144882202,2.9104723930358887
IMG-ABC443CC89,R1,B,log-sigma-2-0-mm-3D,5401,0,0,0.0,0.0,-2.8563895225524902,2.8417835235595703
IMG-ABC443CC89,R1,B,log-sigma-3-0-mm-3D,5401,0,0,0.0,0.0,-3.7226614952087402,3.114027261734009
IMG-0BF441CFFD,R1,A,wavelet-LLH,5075,0,0,0.0,0.0,-4.189095973968506,5.323570728302002
IMG-0BF441CFFD,R1,A,wavelet-LHL,5075,0,0,0.0,0.0,-6.517584800720215,5.603511810302734
IMG-0BF441CFFD,R1,A,wavelet-LHH,5075,0,0,0.0,0.0,-2.141326665878296,3.339075803756714
IMG-0BF441CFFD,R1,A,wavelet-HLL,5075,0,0,0.0,0.0,-6.768289566040039,6.826334476470947
IMG-0BF441CFFD,R1,A,wavelet-HLH,5075,0,0,0.0,0.0,-2.1905908584594727,2.092383623123169
IMG-0BF441CFFD,R1,A,wavelet-HHL,5075,0,0,0.0,0.0,-4.706116199493408,2.8702449798583984
IMG-0BF441CFFD,R1,A,wavelet-HHH,5075,0,0,0.0,0.0,-2.2262325286865234,2.473841667175293
IMG-0BF441CFFD,R1,A,wavelet-LLL,5075,0,0,0.0,0.0,-6.910739898681641,16.398038864135742
IMG-0BF441CFFD,R1,A,log-sigma-1-0-mm-3D,5075,0,0,0.0,0.0,-1.6055879592895508,2.471801519393921
IMG-0BF441CFFD,R1,A,log-sigma-2-0-mm-3D,5075,0,0,0.0,0.0,-2.3053834438323975,2.593195915222168
IMG-0BF441CFFD,R1,A,log-sigma-3-0-mm-3D,5075,0,0,0.0,0.0,-2.7876133918762207,3.47163462638855
IMG-CF7D513190,R1,B,wavelet-LLH,10423,0,0,0.0,0.0,-5.273379802703857,4.831521511077881
IMG-CF7D513190,R1,B,wavelet-LHL,10423,0,0,0.0,0.0,-8.2745943069458,6.8577141761779785
IMG-CF7D513190,R1,B,wavelet-LHH,10423,0,0,0.0,0.0,-2.6602485179901123,2.877365827560425
IMG-CF7D513190,R1,B,wavelet-HLL,10423,0,0,0.0,0.0,-7.150705337524414,5.035462379455566
IMG-CF7D513190,R1,B,wavelet-HLH,10423,0,0,0.0,0.0,-1.7913098335266113,2.1783840656280518
IMG-CF7D513190,R1,B,wavelet-HHL,10423,0,0,0.0,0.0,-3.064483404159546,3.5082664489746094
IMG-CF7D513190,R1,B,wavelet-HHH,10423,0,0,0.0,0.0,-1.1474661827087402,1.4392141103744507
IMG-CF7D513190,R1,B,wavelet-LLL,10423,0,0,0.0,0.0,-10.762788772583008,15.508679389953613
IMG-CF7D513190,R1,B,log-sigma-1-0-mm-3D,10423,0,0,0.0,0.0,-3.43854022026062,2.9406938552856445
IMG-CF7D513190,R1,B,log-sigma-2-0-mm-3D,10423,0,0,0.0,0.0,-3.3640928268432617,3.3212761878967285
IMG-CF7D513190,R1,B,log-sigma-3-0-mm-3D,10423,0,0,0.0,0.0,-3.4220786094665527,2.412308931350708
IMG-1610969B40,R1,B,wavelet-LLH,1826,0,0,0.0,0.0,-2.1542253494262695,2.579969644546509
IMG-1610969B40,R1,B,wavelet-LHL,1826,0,0,0.0,0.0,-2.5426442623138428,4.271714210510254
IMG-1610969B40,R1,B,wavelet-LHH,1826,0,0,0.0,0.0,-1.585790753364563,1.3713693618774414
IMG-1610969B40,R1,B,wavelet-HLL,1826,0,0,0.0,0.0,-3.977599620819092,3.0927562713623047
IMG-1610969B40,R1,B,wavelet-HLH,1826,0,0,0.0,0.0,-1.584024429321289,1.6030023097991943
IMG-1610969B40,R1,B,wavelet-HHL,1826,0,0,0.0,0.0,-2.7202374935150146,2.214355230331421
IMG-1610969B40,R1,B,wavelet-HHH,1826,0,0,0.0,0.0,-1.3847150802612305,1.2155168056488037
IMG-1610969B40,R1,B,wavelet-LLL,1826,0,0,0.0,0.0,-7.297360897064209,13.080011367797852
IMG-1610969B40,R1,B,log-sigma-1-0-mm-3D,1826,0,0,0.0,0.0,-1.1650817394256592,2.4500973224639893
IMG-1610969B40,R1,B,log-sigma-2-0-mm-3D,1826,0,0,0.0,0.0,-1.1945890188217163,1.93275785446167
IMG-1610969B40,R1,B,log-sigma-3-0-mm-3D,1826,0,0,0.0,0.0,-2.854613780975342,1.8936271667480469
IMG-27963623FC,R1,B,wavelet-LLH,7784,0,0,0.0,0.0,-9.407792091369629,5.5582709312438965
IMG-27963623FC,R1,B,wavelet-LHL,7784,0,0,0.0,0.0,-6.713398456573486,6.500508785247803
IMG-27963623FC,R1,B,wavelet-LHH,7784,0,0,0.0,0.0,-3.302109479904175,4.82819938659668
IMG-27963623FC,R1,B,wavelet-HLL,7784,0,0,0.0,0.0,-5.983547210693359,4.257829189300537
IMG-27963623FC,R1,B,wavelet-HLH,7784,0,0,0.0,0.0,-2.0014288425445557,2.8156087398529053
IMG-27963623FC,R1,B,wavelet-HHL,7784,0,0,0.0,0.0,-4.953123569488525,3.649629592895508
IMG-27963623FC,R1,B,wavelet-HHH,7784,0,0,0.0,0.0,-1.5499895811080933,1.7543091773986816
IMG-27963623FC,R1,B,wavelet-LLL,7784,0,0,0.0,0.0,-10.871114730834961,16.85881233215332
IMG-27963623FC,R1,B,log-sigma-1-0-mm-3D,7784,0,0,0.0,0.0,-3.0030388832092285,3.6256580352783203
IMG-27963623FC,R1,B,log-sigma-2-0-mm-3D,7784,0,0,0.0,0.0,-3.1766517162323,2.683979034423828
IMG-27963623FC,R1,B,log-sigma-3-0-mm-3D,7784,0,0,0.0,0.0,-3.0764150619506836,2.58200740814209
IMG-4C2D1F3E83,R1,A,wavelet-LLH,2101,0,0,0.0,0.0,-11.778667449951172,6.325941562652588
IMG-4C2D1F3E83,R1,A,wavelet-LHL,2101,0,0,0.0,0.0,-5.658633232116699,4.754837512969971
IMG-4C2D1F3E83,R1,A,wavelet-LHH,2101,0,0,0.0,0.0,-3.3411030769348145,3.9858462810516357
IMG-4C2D1F3E83,R1,A,wavelet-HLL,2101,0,0,0.0,0.0,-6.0491414070129395,4.920150279998779
IMG-4C2D1F3E83,R1,A,wavelet-HLH,2101,0,0,0.0,0.0,-3.470883369445801,2.970041275024414
IMG-4C2D1F3E83,R1,A,wavelet-HHL,2101,0,0,0.0,0.0,-5.798010349273682,3.2646074295043945
IMG-4C2D1F3E83,R1,A,wavelet-HHH,2101,0,0,0.0,0.0,-2.21146559715271,1.9732731580734253
IMG-4C2D1F3E83,R1,A,wavelet-LLL,2101,0,0,0.0,0.0,-6.34539270401001,19.75428581237793
IMG-4C2D1F3E83,R1,A,log-sigma-1-0-mm-3D,2101,0,0,0.0,0.0,-2.338839530944824,3.1760077476501465
IMG-4C2D1F3E83,R1,A,log-sigma-2-0-mm-3D,2101,0,0,0.0,0.0,-2.8479154109954834,3.332695960998535
IMG-4C2D1F3E83,R1,A,log-sigma-3-0-mm-3D,2101,0,0,0.0,0.0,-3.308459758758545,1.9938149452209473
IMG-661F5E6D96,R1,B,wavelet-LLH,1460,0,0,0.0,0.0,-3.504584312438965,3.461738348007202
IMG-661F5E6D96,R1,B,wavelet-LHL,1460,0,0,0.0,0.0,-3.5534470081329346,4.759815692901611
IMG-661F5E6D96,R1,B,wavelet-LHH,1460,0,0,0.0,0.0,-1.8524154424667358,1.5946319103240967
IMG-661F5E6D96,R1,B,wavelet-HLL,1460,0,0,0.0,0.0,-3.4463276863098145,6.9653496742248535
IMG-661F5E6D96,R1,B,wavelet-HLH,1460,0,0,0.0,0.0,-2.2115612030029297,1.6322038173675537
IMG-661F5E6D96,R1,B,wavelet-HHL,1460,0,0,0.0,0.0,-3.6458816528320312,2.4926419258117676
IMG-661F5E6D96,R1,B,wavelet-HHH,1460,0,0,0.0,0.0,-1.5105730295181274,1.3001550436019897
IMG-661F5E6D96,R1,B,wavelet-LLL,1460,0,0,0.0,0.0,-7.413845539093018,16.551063537597656
IMG-661F5E6D96,R1,B,log-sigma-1-0-mm-3D,1460,0,0,0.0,0.0,-2.3287079334259033,2.5241165161132812
IMG-661F5E6D96,R1,B,log-sigma-2-0-mm-3D,1460,0,0,0.0,0.0,-1.8814697265625,2.9527945518493652
IMG-661F5E6D96,R1,B,log-sigma-3-0-mm-3D,1460,0,0,0.0,0.0,-1.034062147140503,2.9778010845184326
IMG-26EAA54C4E,R1,B,wavelet-LLH,3875,0,0,0.0,0.0,-5.761569976806641,5.037166118621826
IMG-26EAA54C4E,R1,B,wavelet-LHL,3875,0,0,0.0,0.0,-8.57753849029541,5.188618183135986
IMG-26EAA54C4E,R1,B,wavelet-LHH,3875,0,0,0.0,0.0,-2.6222035884857178,3.2341740131378174
IMG-26EAA54C4E,R1,B,wavelet-HLL,3875,0,0,0.0,0.0,-7.374679088592529,5.307458877563477
IMG-26EAA54C4E,R1,B,wavelet-HLH,3875,0,0,0.0,0.0,-2.8765299320220947,2.989478826522827
IMG-26EAA54C4E,R1,B,wavelet-HHL,3875,0,0,0.0,0.0,-3.617361068725586,2.811415433883667
IMG-26EAA54C4E,R1,B,wavelet-HHH,3875,0,0,0.0,0.0,-2.2110860347747803,1.8411757946014404
IMG-26EAA54C4E,R1,B,wavelet-LLL,3875,9,0,0.00232258064516129,0.0,-16.827478408813477,11.513922691345215
IMG-26EAA54C4E,R1,B,log-sigma-1-0-mm-3D,3875,0,0,0.0,0.0,-3.5892653465270996,2.9382145404815674
IMG-26EAA54C4E,R1,B,log-sigma-2-0-mm-3D,3875,0,0,0.0,0.0,-4.174651145935059,3.3482372760772705
IMG-26EAA54C4E,R1,B,log-sigma-3-0-mm-3D,3875,0,0,0.0,0.0,-3.432069778442383,2.89318585395813
IMG-64F9D9EAFD,R1,A,wavelet-LLH,3232,0,0,0.0,0.0,-4.886080265045166,6.457425117492676
IMG-64F9D9EAFD,R1,A,wavelet-LHL,3232,0,0,0.0,0.0,-9.29391860961914,6.395678520202637
IMG-64F9D9EAFD,R1,A,wavelet-LHH,3232,0,0,0.0,0.0,-2.7715702056884766,4.0814032554626465
IMG-64F9D9EAFD,R1,A,wavelet-HLL,3232,0,0,0.0,0.0,-4.895583152770996,8.381570816040039
IMG-64F9D9EAFD,R1,A,wavelet-HLH,3232,0,0,0.0,0.0,-2.553997278213501,2.8904342651367188
IMG-64F9D9EAFD,R1,A,wavelet-HHL,3232,0,0,0.0,0.0,-5.448393821716309,8.90157699584961
IMG-64F9D9EAFD,R1,A,wavelet-HHH,3232,0,0,0.0,0.0,-2.393965005874634,2.786020040512085
IMG-64F9D9EAFD,R1,A,wavelet-LLL,3232,0,0,0.0,0.0,-7.137345314025879,18.6374568939209
IMG-64F9D9EAFD,R1,A,log-sigma-1-0-mm-3D,3232,0,0,0.0,0.0,-2.1016368865966797,2.4524762630462646
IMG-64F9D9EAFD,R1,A,log-sigma-2-0-mm-3D,3232,0,0,0.0,0.0,-2.6014721393585205,3.3049914836883545
IMG-64F9D9EAFD,R1,A,log-sigma-3-0-mm-3D,3232,0,0,0.0,0.0,-2.1001856327056885,3.2654500007629395
IMG-409C8E0531,R1,B,wavelet-LLH,2409,0,0,0.0,0.0,-5.2597479820251465,2.6909308433532715
IMG-409C8E0531,R1,B,wavelet-LHL,2409,0,1,0.0,0.00041511000415110004,-6.096618175506592,12.262401580810547
IMG-409C8E0531,R1,B,wavelet-LHH,2409,0,0,0.0,0.0,-4.088164806365967,2.768645763397217
IMG-409C8E0531,R1,B,wavelet-HLL,2409,0,0,0.0,0.0,-8.744672775268555,4.920936107635498
IMG-409C8E0531,R1,B,wavelet-HLH,2409,0,0,0.0,0.0,-3.5628435611724854,2.6716034412384033
IMG-409C8E0531,R1,B,wavelet-HHL,2409,0,0,0.0,0.0,-6.595887184143066,5.051569938659668
IMG-409C8E0531,R1,B,wavelet-HHH,2409,0,0,0.0,0.0,-2.25537109375,2.3020083904266357
IMG-409C8E0531,R1,B,wavelet-LLL,2409,0,0,0.0,0.0,-10.059845924377441,13.445683479309082
IMG-409C8E0531,R1,B,log-sigma-1-0-mm-3D,2409,0,0,0.0,0.0,-4.163100242614746,4.5582804679870605
IMG-409C8E0531,R1,B,log-sigma-2-0-mm-3D,2409,0,0,0.0,0.0,-2.8350532054901123,3.8671951293945312
IMG-409C8E0531,R1,B,log-sigma-3-0-mm-3D,2409,0,0,0.0,0.0,-1.2018707990646362,4.135161876678467
IMG-BA1F2CA3C2,R1,A,wavelet-LLH,6177,0,0,0.0,0.0,-7.118706226348877,14.07504653930664
IMG-BA1F2CA3C2,R1,A,wavelet-LHL,6177,0,0,0.0,0.0,-12.112789154052734,11.272358894348145
IMG-BA1F2CA3C2,R1,A,wavelet-LHH,6177,0,0,0.0,0.0,-3.404006242752075,3.588977575302124
IMG-BA1F2CA3C2,R1,A,wavelet-HLL,6177,0,0,0.0,0.0,-6.534997463226318,5.91654634475708
IMG-BA1F2CA3C2,R1,A,wavelet-HLH,6177,0,0,0.0,0.0,-2.4386539459228516,2.8675458431243896
IMG-BA1F2CA3C2,R1,A,wavelet-HHL,6177,0,0,0.0,0.0,-5.191342830657959,6.066160202026367
IMG-BA1F2CA3C2,R1,A,wavelet-HHH,6177,0,0,0.0,0.0,-1.9467726945877075,2.098240375518799
IMG-BA1F2CA3C2,R1,A,wavelet-LLL,6177,0,0,0.0,0.0,-5.9254374504089355,18.37543296813965
IMG-BA1F2CA3C2,R1,A,log-sigma-1-0-mm-3D,6177,0,0,0.0,0.0,-3.4878592491149902,2.7663638591766357
IMG-BA1F2CA3C2,R1,A,log-sigma-2-0-mm-3D,6177,0,0,0.0,0.0,-3.0483622550964355,3.4495809078216553
IMG-BA1F2CA3C2,R1,A,log-sigma-3-0-mm-3D,6177,0,0,0.0,0.0,-3.269610643386841,2.8108229637145996
IMG-99018A3BBF,R1,A,wavelet-LLH,14283,0,0,0.0,0.0,-7.547065734863281,16.131755828857422
IMG-99018A3BBF,R1,A,wavelet-LHL,14283,0,0,0.0,0.0,-12.84429931640625,9.603826522827148
IMG-99018A3BBF,R1,A,wavelet-LHH,14283,0,0,0.0,0.0,-3.6989407539367676,4.426013469696045
IMG-99018A3BBF,R1,A,wavelet-HLL,14283,0,0,0.0,0.0,-9.758203506469727,7.199746608734131
IMG-99018A3BBF,R1,A,wavelet-HLH,14283,0,0,0.0,0.0,-4.712747097015381,4.027017116546631
IMG-99018A3BBF,R1,A,wavelet-HHL,14283,0,0,0.0,0.0,-6.338113784790039,8.568196296691895
IMG-99018A3BBF,R1,A,wavelet-HHH,14283,0,0,0.0,0.0,-2.928088903427124,3.3616714477539062
IMG-99018A3BBF,R1,A,wavelet-LLL,14283,0,0,0.0,0.0,-10.497342109680176,13.243402481079102
IMG-99018A3BBF,R1,A,log-sigma-1-0-mm-3D,14283,0,0,0.0,0.0,-3.5673696994781494,3.3365068435668945
IMG-99018A3BBF,R1,A,log-sigma-2-0-mm-3D,14283,0,0,0.0,0.0,-2.721325159072876,2.7309911251068115
IMG-99018A3BBF,R1,A,log-sigma-3-0-mm-3D,14283,0,0,0.0,0.0,-3.7858328819274902,2.5655031204223633
IMG-50E116010A,R1,A,wavelet-LLH,15505,0,0,0.0,0.0,-8.741387367248535,5.087086200714111
IMG-50E116010A,R1,A,wavelet-LHL,15505,0,0,0.0,0.0,-8.87695026397705,6.06071138381958
IMG-50E116010A,R1,A,wavelet-LHH,15505,0,0,0.0,0.0,-2.3858447074890137,2.7854301929473877
IMG-50E116010A,R1,A,wavelet-HLL,15505,0,0,0.0,0.0,-4.726099967956543,5.85167932510376
IMG-50E116010A,R1,A,wavelet-HLH,15505,0,0,0.0,0.0,-2.2661125659942627,2.2803537845611572
IMG-50E116010A,R1,A,wavelet-HHL,15505,0,0,0.0,0.0,-4.259253025054932,4.57128381729126
IMG-50E116010A,R1,A,wavelet-HHH,15505,0,0,0.0,0.0,-2.006467819213867,1.5651049613952637
IMG-50E116010A,R1,A,wavelet-LLL,15505,0,0,0.0,0.0,-9.04367446899414,14.235116004943848
IMG-50E116010A,R1,A,log-sigma-1-0-mm-3D,15505,0,0,0.0,0.0,-3.5109410285949707,2.6280620098114014
IMG-50E116010A,R1,A,log-sigma-2-0-mm-3D,15505,0,0,0.0,0.0,-2.671863555908203,2.4316787719726562
IMG-50E116010A,R1,A,log-sigma-3-0-mm-3D,15505,0,0,0.0,0.0,-2.208433151245117,1.9276022911071777
IMG-CA1864CAB7,R1,B,wavelet-LLH,29753,0,0,0.0,0.0,-3.258486032485962,3.0696094036102295
IMG-CA1864CAB7,R1,B,wavelet-LHL,29753,0,0,0.0,0.0,-5.07838773727417,4.428762435913086
IMG-CA1864CAB7,R1,B,wavelet-LHH,29753,0,0,0.0,0.0,-1.6409024000167847,2.259497880935669
IMG-CA1864CAB7,R1,B,wavelet-HLL,29753,0,0,0.0,0.0,-3.452211618423462,2.931222915649414
IMG-CA1864CAB7,R1,B,wavelet-HLH,29753,0,0,0.0,0.0,-1.0263618230819702,0.9553127884864807
IMG-CA1864CAB7,R1,B,wavelet-HHL,29753,0,0,0.0,0.0,-1.998761534690857,2.135681629180908
IMG-CA1864CAB7,R1,B,wavelet-HHH,29753,0,0,0.0,0.0,-1.1844801902770996,0.9356181621551514
IMG-CA1864CAB7,R1,B,wavelet-LLL,29753,0,0,0.0,0.0,-10.22663688659668,9.063339233398438
IMG-CA1864CAB7,R1,B,log-sigma-1-0-mm-3D,29753,0,0,0.0,0.0,-2.416425943374634,1.7023108005523682
IMG-CA1864CAB7,R1,B,log-sigma-2-0-mm-3D,29753,0,0,0.0,0.0,-2.6416544914245605,1.5590360164642334
IMG-CA1864CAB7,R1,B,log-sigma-3-0-mm-3D,29753,0,0,0.0,0.0,-2.1860127449035645,1.7110031843185425
IMG-B5724F0DA1,R1,B,wavelet-LLH,13760,0,0,0.0,0.0,-6.990227222442627,3.820895195007324
IMG-B5724F0DA1,R1,B,wavelet-LHL,13760,0,0,0.0,0.0,-4.477893352508545,4.053034782409668
IMG-B5724F0DA1,R1,B,wavelet-LHH,13760,0,0,0.0,0.0,-2.8641672134399414,2.0936830043792725
IMG-B5724F0DA1,R1,B,wavelet-HLL,13760,0,0,0.0,0.0,-3.2667346000671387,4.231775760650635
IMG-B5724F0DA1,R1,B,wavelet-HLH,13760,0,0,0.0,0.0,-1.5874695777893066,1.7415274381637573
IMG-B5724F0DA1,R1,B,wavelet-HHL,13760,0,0,0.0,0.0,-2.6340889930725098,2.3279926776885986
IMG-B5724F0DA1,R1,B,wavelet-HHH,13760,0,0,0.0,0.0,-0.9849461913108826,1.326416015625
IMG-B5724F0DA1,R1,B,wavelet-LLL,13760,0,0,0.0,0.0,-9.071656227111816,7.5402045249938965
IMG-B5724F0DA1,R1,B,log-sigma-1-0-mm-3D,13760,0,0,0.0,0.0,-1.8274271488189697,2.1236965656280518
IMG-B5724F0DA1,R1,B,log-sigma-2-0-mm-3D,13760,0,0,0.0,0.0,-1.695124626159668,1.6866350173950195
IMG-B5724F0DA1,R1,B,log-sigma-3-0-mm-3D,13760,0,0,0.0,0.0,-1.874002456665039,1.7052013874053955
IMG-B58B195A92,R1,A,wavelet-LLH,27309,0,0,0.0,0.0,-3.7550830841064453,3.2149980068206787
IMG-B58B195A92,R1,A,wavelet-LHL,27309,0,0,0.0,0.0,-3.9702866077423096,5.031189441680908
IMG-B58B195A92,R1,A,wavelet-LHH,27309,0,0,0.0,0.0,-2.1737279891967773,2.2887985706329346
IMG-B58B195A92,R1,A,wavelet-HLL,27309,0,0,0.0,0.0,-3.49322509765625,5.429489612579346
IMG-B58B195A92,R1,A,wavelet-HLH,27309,0,0,0.0,0.0,-2.098565101623535,2.154841184616089
IMG-B58B195A92,R1,A,wavelet-HHL,27309,0,0,0.0,0.0,-4.216207981109619,3.960474729537964
IMG-B58B195A92,R1,A,wavelet-HHH,27309,0,0,0.0,0.0,-1.680270791053772,1.7194578647613525
IMG-B58B195A92,R1,A,wavelet-LLL,27309,0,0,0.0,0.0,-7.659319877624512,10.531976699829102
IMG-B58B195A92,R1,A,log-sigma-1-0-mm-3D,27309,0,0,0.0,0.0,-2.0230913162231445,1.6199424266815186
IMG-B58B195A92,R1,A,log-sigma-2-0-mm-3D,27309,0,0,0.0,0.0,-2.0277349948883057,1.7325321435928345
IMG-B58B195A92,R1,A,log-sigma-3-0-mm-3D,27309,0,0,0.0,0.0,-1.8721716403961182,1.7467904090881348
IMG-1B12ABD1BD,R1,A,wavelet-LLH,3245,0,0,0.0,0.0,-5.1119065284729,4.450621604919434
IMG-1B12ABD1BD,R1,A,wavelet-LHL,3245,0,0,0.0,0.0,-6.463554382324219,3.4170737266540527
IMG-1B12ABD1BD,R1,A,wavelet-LHH,3245,0,0,0.0,0.0,-1.5461450815200806,1.8973861932754517
IMG-1B12ABD1BD,R1,A,wavelet-HLL,3245,0,0,0.0,0.0,-6.002511978149414,3.8526062965393066
IMG-1B12ABD1BD,R1,A,wavelet-HLH,3245,0,0,0.0,0.0,-1.6226037740707397,1.6841901540756226
IMG-1B12ABD1BD,R1,A,wavelet-HHL,3245,0,0,0.0,0.0,-2.7414889335632324,2.864088773727417
IMG-1B12ABD1BD,R1,A,wavelet-HHH,3245,0,0,0.0,0.0,-1.3395745754241943,1.0155211687088013
IMG-1B12ABD1BD,R1,A,wavelet-LLL,3245,0,0,0.0,0.0,-5.374978542327881,13.98322868347168
IMG-1B12ABD1BD,R1,A,log-sigma-1-0-mm-3D,3245,0,0,0.0,0.0,-1.8826709985733032,1.9287307262420654
IMG-1B12ABD1BD,R1,A,log-sigma-2-0-mm-3D,3245,0,0,0.0,0.0,-2.592236042022705,1.837859869003296
IMG-1B12ABD1BD,R1,A,log-sigma-3-0-mm-3D,3245,0,0,0.0,0.0,-1.789372444152832,1.9723129272460938
IMG-2F127584F6,R1,B,wavelet-LLH,4831,0,0,0.0,0.0,-2.6448934078216553,3.085066318511963
IMG-2F127584F6,R1,B,wavelet-LHL,4831,0,0,0.0,0.0,-5.541954517364502,5.364594459533691
IMG-2F127584F6,R1,B,wavelet-LHH,4831,0,0,0.0,0.0,-1.0474461317062378,1.003968358039856
IMG-2F127584F6,R1,B,wavelet-HLL,4831,0,0,0.0,0.0,-8.631226539611816,6.292151927947998
IMG-2F127584F6,R1,B,wavelet-HLH,4831,0,0,0.0,0.0,-1.5986675024032593,1.629971981048584
IMG-2F127584F6,R1,B,wavelet-HHL,4831,0,0,0.0,0.0,-3.3881449699401855,2.940098524093628
IMG-2F127584F6,R1,B,wavelet-HHH,4831,0,0,0.0,0.0,-0.8468594551086426,0.9137579798698425
IMG-2F127584F6,R1,B,wavelet-LLL,4831,0,0,0.0,0.0,-6.744546413421631,23.200725555419922
IMG-2F127584F6,R1,B,log-sigma-1-0-mm-3D,4831,0,0,0.0,0.0,-2.9387199878692627,2.841656446456909
IMG-2F127584F6,R1,B,log-sigma-2-0-mm-3D,4831,0,0,0.0,0.0,-1.884181261062622,2.9475207328796387
IMG-2F127584F6,R1,B,log-sigma-3-0-mm-3D,4831,0,0,0.0,0.0,-2.855738639831543,3.1198551654815674
IMG-E32C034F3E,R1,A,wavelet-LLH,30393,0,0,0.0,0.0,-5.343211650848389,4.743576526641846
IMG-E32C034F3E,R1,A,wavelet-LHL,30393,0,0,0.0,0.0,-15.886576652526855,8.4602632522583
IMG-E32C034F3E,R1,A,wavelet-LHH,30393,0,0,0.0,0.0,-3.651862859725952,5.86431884765625
IMG-E32C034F3E,R1,A,wavelet-HLL,30393,0,0,0.0,0.0,-9.333125114440918,6.786454200744629
IMG-E32C034F3E,R1,A,wavelet-HLH,30393,0,0,0.0,0.0,-4.112987041473389,3.3604297637939453
IMG-E32C034F3E,R1,A,wavelet-HHL,30393,0,0,0.0,0.0,-6.591986656188965,5.566664695739746
IMG-E32C034F3E,R1,A,wavelet-HHH,30393,0,0,0.0,0.0,-2.9995200634002686,2.875311851501465
IMG-E32C034F3E,R1,A,wavelet-LLL,30393,0,0,0.0,0.0,-7.94323205947876,14.800612449645996
IMG-E32C034F3E,R1,A,log-sigma-1-0-mm-3D,30393,0,0,0.0,0.0,-3.1490535736083984,2.6410698890686035
IMG-E32C034F3E,R1,A,log-sigma-2-0-mm-3D,30393,0,0,0.0,0.0,-2.2821717262268066,2.2097384929656982
IMG-E32C034F3E,R1,A,log-sigma-3-0-mm-3D,30393,0,0,0.0,0.0,-2.7804713249206543,2.0519187450408936
IMG-D41184EA72,R1,A,wavelet-LLH,4069,0,0,0.0,0.0,-4.400099754333496,5.483712673187256
IMG-D41184EA72,R1,A,wavelet-LHL,4069,0,0,0.0,0.0,-3.522942304611206,3.14313006401062
IMG-D41184EA72,R1,A,wavelet-LHH,4069,0,0,0.0,0.0,-1.8340671062469482,2.3719654083251953
IMG-D41184EA72,R1,A,wavelet-HLL,4069,0,0,0.0,0.0,-9.071203231811523,4.387344837188721
IMG-D41184EA72,R1,A,wavelet-HLH,4069,0,0,0.0,0.0,-2.424163341522217,2.7543768882751465
IMG-D41184EA72,R1,A,wavelet-HHL,4069,0,0,0.0,0.0,-3.3394851684570312,3.247854471206665
IMG-D41184EA72,R1,A,wavelet-HHH,4069,0,0,0.0,0.0,-2.841140031814575,2.0456619262695312
IMG-D41184EA72,R1,A,wavelet-LLL,4069,0,0,0.0,0.0,-7.310788631439209,11.399319648742676
IMG-D41184EA72,R1,A,log-sigma-1-0-mm-3D,4069,0,0,0.0,0.0,-2.2736082077026367,2.481339693069458
IMG-D41184EA72,R1,A,log-sigma-2-0-mm-3D,4069,0,0,0.0,0.0,-1.7278563976287842,2.36246395111084
IMG-D41184EA72,R1,A,log-sigma-3-0-mm-3D,4069,0,0,0.0,0.0,-2.0346407890319824,2.256089687347412
IMG-5BA0ADBC4C,R1,B,wavelet-LLH,4495,0,0,0.0,0.0,-5.42141056060791,4.525397777557373
IMG-5BA0ADBC4C,R1,B,wavelet-LHL,4495,0,0,0.0,0.0,-10.10161018371582,7.894923686981201
IMG-5BA0ADBC4C,R1,B,wavelet-LHH,4495,0,0,0.0,0.0,-2.7741341590881348,3.920616388320923
IMG-5BA0ADBC4C,R1,B,wavelet-HLL,4495,0,0,0.0,0.0,-4.80504035949707,3.3698647022247314
IMG-5BA0ADBC4C,R1,B,wavelet-HLH,4495,0,0,0.0,0.0,-2.4987165927886963,1.7291594743728638
IMG-5BA0ADBC4C,R1,B,wavelet-HHL,4495,0,0,0.0,0.0,-3.044454336166382,2.905510663986206
IMG-5BA0ADBC4C,R1,B,wavelet-HHH,4495,0,0,0.0,0.0,-1.5923184156417847,1.4662426710128784
IMG-5BA0ADBC4C,R1,B,wavelet-LLL,4495,0,0,0.0,0.0,-8.758284568786621,14.168731689453125
IMG-5BA0ADBC4C,R1,B,log-sigma-1-0-mm-3D,4495,0,0,0.0,0.0,-1.369916558265686,2.6937665939331055
IMG-5BA0ADBC4C,R1,B,log-sigma-2-0-mm-3D,4495,0,0,0.0,0.0,-2.053083896636963,2.335986375808716
IMG-5BA0ADBC4C,R1,B,log-sigma-3-0-mm-3D,4495,0,0,0.0,0.0,-2.7744970321655273,2.618558406829834
IMG-3764EDD622,R1,A,wavelet-LLH,38657,0,0,0.0,0.0,-6.886734485626221,5.543315887451172
IMG-3764EDD622,R1,A,wavelet-LHL,38657,0,0,0.0,0.0,-9.583147048950195,4.5161824226379395
IMG-3764EDD622,R1,A,wavelet-LHH,38657,0,0,0.0,0.0,-2.5217227935791016,2.461383581161499
IMG-3764EDD622,R1,A,wavelet-HLL,38657,0,0,0.0,0.0,-11.327546119689941,6.888258934020996
IMG-3764EDD622,R1,A,wavelet-HLH,38657,0,0,0.0,0.0,-3.2235422134399414,3.5240678787231445
IMG-3764EDD622,R1,A,wavelet-HHL,38657,0,0,0.0,0.0,-4.55346155166626,4.615886688232422
IMG-3764EDD622,R1,A,wavelet-HHH,38657,0,0,0.0,0.0,-1.8290700912475586,1.7198433876037598
IMG-3764EDD622,R1,A,wavelet-LLL,38657,0,0,0.0,0.0,-8.413790702819824,21.22662353515625
IMG-3764EDD622,R1,A,log-sigma-1-0-mm-3D,38657,0,0,0.0,0.0,-6.006034851074219,2.682664394378662
IMG-3764EDD622,R1,A,log-sigma-2-0-mm-3D,38657,0,0,0.0,0.0,-3.5901589393615723,2.116265296936035
IMG-3764EDD622,R1,A,log-sigma-3-0-mm-3D,38657,0,0,0.0,0.0,-2.6032474040985107,1.8188295364379883
IMG-64AB7DEE94,R1,A,wavelet-LLH,31479,0,0,0.0,0.0,-6.354543685913086,4.82076358795166
IMG-64AB7DEE94,R1,A,wavelet-LHL,31479,0,0,0.0,0.0,-7.4718852043151855,7.095963001251221
IMG-64AB7DEE94,R1,A,wavelet-LHH,31479,0,0,0.0,0.0,-3.6093809604644775,4.177892208099365
IMG-64AB7DEE94,R1,A,wavelet-HLL,31479,0,0,0.0,0.0,-9.7388277053833,5.8816142082214355
IMG-64AB7DEE94,R1,A,wavelet-HLH,31479,0,0,0.0,0.0,-2.501530647277832,3.032973051071167
IMG-64AB7DEE94,R1,A,wavelet-HHL,31479,0,0,0.0,0.0,-4.386518478393555,5.185718059539795
IMG-64AB7DEE94,R1,A,wavelet-HHH,31479,0,0,0.0,0.0,-2.36740779876709,1.970139980316162
IMG-64AB7DEE94,R1,A,wavelet-LLL,31479,0,0,0.0,0.0,-7.844379425048828,14.551351547241211
IMG-64AB7DEE94,R1,A,log-sigma-1-0-mm-3D,31479,0,0,0.0,0.0,-2.742727041244507,2.4707822799682617
IMG-64AB7DEE94,R1,A,log-sigma-2-0-mm-3D,31479,0,0,0.0,0.0,-2.9671247005462646,1.8608222007751465
IMG-64AB7DEE94,R1,A,log-sigma-3-0-mm-3D,31479,0,0,0.0,0.0,-2.8308048248291016,2.034438133239746
IMG-7A55781B9B,R1,A,wavelet-LLH,7495,0,0,0.0,0.0,-3.93495512008667,3.079765558242798
IMG-7A55781B9B,R1,A,wavelet-LHL,7495,0,0,0.0,0.0,-7.364551067352295,5.849964618682861
IMG-7A55781B9B,R1,A,wavelet-LHH,7495,0,0,0.0,0.0,-1.8818550109863281,2.549656629562378
IMG-7A55781B9B,R1,A,wavelet-HLL,7495,0,0,0.0,0.0,-5.355775833129883,5.501857757568359
IMG-7A55781B9B,R1,A,wavelet-HLH,7495,0,0,0.0,0.0,-1.66005539894104,2.1012117862701416
IMG-7A55781B9B,R1,A,wavelet-HHL,7495,0,0,0.0,0.0,-3.9500391483306885,4.121894359588623
IMG-7A55781B9B,R1,A,wavelet-HHH,7495,0,0,0.0,0.0,-1.802304744720459,1.5762040615081787
IMG-7A55781B9B,R1,A,wavelet-LLL,7495,0,0,0.0,0.0,-6.931443691253662,12.710794448852539
IMG-7A55781B9B,R1,A,log-sigma-1-0-mm-3D,7495,0,0,0.0,0.0,-3.6174371242523193,1.4294387102127075
IMG-7A55781B9B,R1,A,log-sigma-2-0-mm-3D,7495,0,0,0.0,0.0,-2.1737682819366455,1.4027109146118164
IMG-7A55781B9B,R1,A,log-sigma-3-0-mm-3D,7495,0,0,0.0,0.0,-1.8327960968017578,1.195062279701233
IMG-1956F93A94,R1,A,wavelet-LLH,18290,0,0,0.0,0.0,-10.615158081054688,5.9328532218933105
IMG-1956F93A94,R1,A,wavelet-LHL,18290,0,0,0.0,0.0,-12.498041152954102,5.613275527954102
IMG-1956F93A94,R1,A,wavelet-LHH,18290,0,0,0.0,0.0,-2.4095051288604736,3.0515148639678955
IMG-1956F93A94,R1,A,wavelet-HLL,18290,0,0,0.0,0.0,-9.732213973999023,6.989747524261475
IMG-1956F93A94,R1,A,wavelet-HLH,18290,0,0,0.0,0.0,-3.789121389389038,4.657982349395752
IMG-1956F93A94,R1,A,wavelet-HHL,18290,0,0,0.0,0.0,-5.087078094482422,8.494067192077637
IMG-1956F93A94,R1,A,wavelet-HHH,18290,0,0,0.0,0.0,-2.2478256225585938,2.439387083053589
IMG-1956F93A94,R1,A,wavelet-LLL,18290,0,0,0.0,0.0,-5.957509517669678,21.051101684570312
IMG-1956F93A94,R1,A,log-sigma-1-0-mm-3D,18290,0,0,0.0,0.0,-3.8950862884521484,2.3767881393432617
IMG-1956F93A94,R1,A,log-sigma-2-0-mm-3D,18290,0,0,0.0,0.0,-3.623049020767212,2.1313979625701904
IMG-1956F93A94,R1,A,log-sigma-3-0-mm-3D,18290,0,0,0.0,0.0,-2.497227907180786,1.9751616716384888
IMG-18C4D92767,R1,A,wavelet-LLH,10361,0,0,0.0,0.0,-7.704847812652588,6.368240833282471
IMG-18C4D92767,R1,A,wavelet-LHL,10361,0,0,0.0,0.0,-8.582432746887207,9.790897369384766
IMG-18C4D92767,R1,A,wavelet-LHH,10361,0,0,0.0,0.0,-3.7321419715881348,4.716107368469238
IMG-18C4D92767,R1,A,wavelet-HLL,10361,0,0,0.0,0.0,-6.72544002532959,6.444313049316406
IMG-18C4D92767,R1,A,wavelet-HLH,10361,0,0,0.0,0.0,-2.6851987838745117,3.442108392715454
IMG-18C4D92767,R1,A,wavelet-HHL,10361,0,0,0.0,0.0,-5.2170796394348145,6.818408966064453
IMG-18C4D92767,R1,A,wavelet-HHH,10361,0,0,0.0,0.0,-2.406278371810913,2.8388776779174805
IMG-18C4D92767,R1,A,wavelet-LLL,10361,0,0,0.0,0.0,-7.634646415710449,16.78057861328125
IMG-18C4D92767,R1,A,log-sigma-1-0-mm-3D,10361,0,0,0.0,0.0,-3.0270748138427734,2.4184343814849854
IMG-18C4D92767,R1,A,log-sigma-2-0-mm-3D,10361,0,0,0.0,0.0,-2.825944423675537,2.0289883613586426
IMG-18C4D92767,R1,A,log-sigma-3-0-mm-3D,10361,0,0,0.0,0.0,-2.0556066036224365,1.8636268377304077
IMG-65A394D23B,R1,B,wavelet-LLH,13291,0,0,0.0,0.0,-5.920022964477539,4.869741916656494
IMG-65A394D23B,R1,B,wavelet-LHL,13291,0,0,0.0,0.0,-6.140020847320557,7.362086296081543
IMG-65A394D23B,R1,B,wavelet-LHH,13291,0,0,0.0,0.0,-4.594937324523926,2.1706643104553223
IMG-65A394D23B,R1,B,wavelet-HLL,13291,0,0,0.0,0.0,-6.159206390380859,6.123929500579834
IMG-65A394D23B,R1,B,wavelet-HLH,13291,0,0,0.0,0.0,-2.394131660461426,2.3478689193725586
IMG-65A394D23B,R1,B,wavelet-HHL,13291,0,0,0.0,0.0,-3.572758436203003,3.667306661605835
IMG-65A394D23B,R1,B,wavelet-HHH,13291,0,0,0.0,0.0,-1.9438549280166626,1.694226861000061
IMG-65A394D23B,R1,B,wavelet-LLL,13291,0,0,0.0,0.0,-8.937104225158691,13.540027618408203
IMG-65A394D23B,R1,B,log-sigma-1-0-mm-3D,13291,0,0,0.0,0.0,-2.098078489303589,2.407196521759033
IMG-65A394D23B,R1,B,log-sigma-2-0-mm-3D,13291,0,0,0.0,0.0,-2.1137237548828125,2.6972477436065674
IMG-65A394D23B,R1,B,log-sigma-3-0-mm-3D,13291,0,0,0.0,0.0,-1.9356776475906372,2.873661994934082
IMG-A22BE3ED59,R1,A,wavelet-LLH,22032,0,0,0.0,0.0,-8.16242504119873,6.987275123596191
IMG-A22BE3ED59,R1,A,wavelet-LHL,22032,0,0,0.0,0.0,-13.040143966674805,9.273702621459961
IMG-A22BE3ED59,R1,A,wavelet-LHH,22032,0,0,0.0,0.0,-4.180255889892578,5.128408908843994
IMG-A22BE3ED59,R1,A,wavelet-HLL,22032,0,0,0.0,0.0,-12.29311752319336,9.453739166259766
IMG-A22BE3ED59,R1,A,wavelet-HLH,22032,0,0,0.0,0.0,-3.8326001167297363,3.040001392364502
IMG-A22BE3ED59,R1,A,wavelet-HHL,22032,0,0,0.0,0.0,-8.471327781677246,8.51296329498291
IMG-A22BE3ED59,R1,A,wavelet-HHH,22032,0,0,0.0,0.0,-2.749950647354126,2.352736234664917
IMG-A22BE3ED59,R1,A,wavelet-LLL,22032,0,0,0.0,0.0,-7.282957553863525,18.946731567382812
IMG-A22BE3ED59,R1,A,log-sigma-1-0-mm-3D,22032,0,0,0.0,0.0,-3.1802096366882324,4.235801696777344
IMG-A22BE3ED59,R1,A,log-sigma-2-0-mm-3D,22032,0,0,0.0,0.0,-2.920907974243164,3.835845470428467
IMG-A22BE3ED59,R1,A,log-sigma-3-0-mm-3D,22032,0,0,0.0,0.0,-3.4015421867370605,2.689074993133545
IMG-5A5B8AB14F,R1,B,wavelet-LLH,10181,0,0,0.0,0.0,-4.1547136306762695,5.129516124725342
IMG-5A5B8AB14F,R1,B,wavelet-LHL,10181,0,0,0.0,0.0,-4.609579086303711,7.710081577301025
IMG-5A5B8AB14F,R1,B,wavelet-LHH,10181,0,0,0.0,0.0,-2.469241142272949,2.026440143585205
IMG-5A5B8AB14F,R1,B,wavelet-HLL,10181,0,0,0.0,0.0,-5.6702704429626465,4.9004645347595215
IMG-5A5B8AB14F,R1,B,wavelet-HLH,10181,0,0,0.0,0.0,-2.2225217819213867,1.7909517288208008
IMG-5A5B8AB14F,R1,B,wavelet-HHL,10181,0,0,0.0,0.0,-2.9406816959381104,3.498080015182495
IMG-5A5B8AB14F,R1,B,wavelet-HHH,10181,0,0,0.0,0.0,-1.5063087940216064,1.2988275289535522
IMG-5A5B8AB14F,R1,B,wavelet-LLL,10181,1,0,9.822217856792063e-05,0.0,-11.027318000793457,12.003643989562988
IMG-5A5B8AB14F,R1,B,log-sigma-1-0-mm-3D,10181,0,0,0.0,0.0,-2.903759002685547,2.232854127883911
IMG-5A5B8AB14F,R1,B,log-sigma-2-0-mm-3D,10181,0,0,0.0,0.0,-3.210376262664795,2.574423313140869
IMG-5A5B8AB14F,R1,B,log-sigma-3-0-mm-3D,10181,0,0,0.0,0.0,-2.1946632862091064,2.769850492477417
IMG-6EC79803B0,R1,A,wavelet-LLH,6640,0,0,0.0,0.0,-5.868059158325195,2.9446640014648438
IMG-6EC79803B0,R1,A,wavelet-LHL,6640,0,0,0.0,0.0,-4.185643196105957,6.05389928817749
IMG-6EC79803B0,R1,A,wavelet-LHH,6640,0,0,0.0,0.0,-1.9556924104690552,2.1556689739227295
IMG-6EC79803B0,R1,A,wavelet-HLL,6640,0,0,0.0,0.0,-7.087004661560059,5.622376441955566
IMG-6EC79803B0,R1,A,wavelet-HLH,6640,0,0,0.0,0.0,-1.9419991970062256,1.8897936344146729
IMG-6EC79803B0,R1,A,wavelet-HHL,6640,0,0,0.0,0.0,-3.5569777488708496,3.5753073692321777
IMG-6EC79803B0,R1,A,wavelet-HHH,6640,0,0,0.0,0.0,-1.521251916885376,1.6517411470413208
IMG-6EC79803B0,R1,A,wavelet-LLL,6640,0,0,0.0,0.0,-7.377217769622803,10.50759506225586
IMG-6EC79803B0,R1,A,log-sigma-1-0-mm-3D,6640,0,0,0.0,0.0,-2.3923535346984863,2.6895251274108887
IMG-6EC79803B0,R1,A,log-sigma-2-0-mm-3D,6640,0,0,0.0,0.0,-2.1137633323669434,2.5257084369659424
IMG-6EC79803B0,R1,A,log-sigma-3-0-mm-3D,6640,0,0,0.0,0.0,-1.7092852592468262,2.4858078956604004
IMG-4FC941C223,R1,A,wavelet-LLH,2339,0,0,0.0,0.0,-3.5696473121643066,5.481513500213623
IMG-4FC941C223,R1,A,wavelet-LHL,2339,0,0,0.0,0.0,-4.698692798614502,3.8481600284576416
IMG-4FC941C223,R1,A,wavelet-LHH,2339,0,0,0.0,0.0,-2.8192367553710938,1.6543680429458618
IMG-4FC941C223,R1,A,wavelet-HLL,2339,0,0,0.0,0.0,-3.8992416858673096,9.063864707946777
IMG-4FC941C223,R1,A,wavelet-HLH,2339,0,0,0.0,0.0,-3.645834445953369,3.7617597579956055
IMG-4FC941C223,R1,A,wavelet-HHL,2339,0,0,0.0,0.0,-4.32511568069458,4.54160213470459
IMG-4FC941C223,R1,A,wavelet-HHH,2339,0,0,0.0,0.0,-3.0798001289367676,2.184584856033325
IMG-4FC941C223,R1,A,wavelet-LLL,2339,0,0,0.0,0.0,-7.502980709075928,11.217451095581055
IMG-4FC941C223,R1,A,log-sigma-1-0-mm-3D,2339,0,0,0.0,0.0,-1.618650197982788,2.9144675731658936
IMG-4FC941C223,R1,A,log-sigma-2-0-mm-3D,2339,0,0,0.0,0.0,-1.800508975982666,3.5732364654541016
IMG-4FC941C223,R1,A,log-sigma-3-0-mm-3D,2339,0,0,0.0,0.0,-1.556146502494812,3.892538547515869
IMG-6816D8B955,R1,A,wavelet-LLH,14326,0,0,0.0,0.0,-3.783083438873291,2.6235311031341553
IMG-6816D8B955,R1,A,wavelet-LHL,14326,0,0,0.0,0.0,-6.040460586547852,4.75486421585083
IMG-6816D8B955,R1,A,wavelet-LHH,14326,0,0,0.0,0.0,-1.7977895736694336,2.1535181999206543
IMG-6816D8B955,R1,A,wavelet-HLL,14326,0,0,0.0,0.0,-6.6034111976623535,4.591194152832031
IMG-6816D8B955,R1,A,wavelet-HLH,14326,0,0,0.0,0.0,-1.6575981378555298,1.4826878309249878
IMG-6816D8B955,R1,A,wavelet-HHL,14326,0,0,0.0,0.0,-2.860839366912842,2.496533155441284
IMG-6816D8B955,R1,A,wavelet-HHH,14326,0,0,0.0,0.0,-1.1343246698379517,1.1711714267730713
IMG-6816D8B955,R1,A,wavelet-LLL,14326,0,0,0.0,0.0,-6.684191703796387,11.184053421020508
IMG-6816D8B955,R1,A,log-sigma-1-0-mm-3D,14326,0,0,0.0,0.0,-3.045893907546997,1.4233722686767578
IMG-6816D8B955,R1,A,log-sigma-2-0-mm-3D,14326,0,0,0.0,0.0,-2.592538833618164,1.2566382884979248
IMG-6816D8B955,R1,A,log-sigma-3-0-mm-3D,14326,0,0,0.0,0.0,-1.6239198446273804,1.0338990688323975
IMG-15C2735A6C,R1,B,wavelet-LLH,18131,0,0,0.0,0.0,-5.476478576660156,5.834980010986328
IMG-15C2735A6C,R1,B,wavelet-LHL,18131,0,0,0.0,0.0,-7.027248859405518,7.243627548217773
IMG-15C2735A6C,R1,B,wavelet-LHH,18131,0,0,0.0,0.0,-2.7054443359375,3.164994955062866
IMG-15C2735A6C,R1,B,wavelet-HLL,18131,0,0,0.0,0.0,-5.526876926422119,4.440011978149414
IMG-15C2735A6C,R1,B,wavelet-HLH,18131,0,0,0.0,0.0,-2.0153231620788574,2.7157158851623535
IMG-15C2735A6C,R1,B,wavelet-HHL,18131,0,0,0.0,0.0,-3.8042359352111816,3.361412763595581
IMG-15C2735A6C,R1,B,wavelet-HHH,18131,0,0,0.0,0.0,-1.485821008682251,1.3648357391357422
IMG-15C2735A6C,R1,B,wavelet-LLL,18131,5,0,0.0002757707793282224,0.0,-12.247477531433105,12.001599311828613
IMG-15C2735A6C,R1,B,log-sigma-1-0-mm-3D,18131,0,0,0.0,0.0,-2.8135085105895996,1.7982091903686523
IMG-15C2735A6C,R1,B,log-sigma-2-0-mm-3D,18131,0,0,0.0,0.0,-3.305980682373047,2.422926425933838
IMG-15C2735A6C,R1,B,log-sigma-3-0-mm-3D,18131,0,0,0.0,0.0,-2.994133710861206,2.570779323577881
IMG-DE81D2274C,R1,A,wavelet-LLH,2851,0,0,0.0,0.0,-4.747079372406006,4.5317487716674805
IMG-DE81D2274C,R1,A,wavelet-LHL,2851,0,0,0.0,0.0,-5.797861099243164,5.8340044021606445
IMG-DE81D2274C,R1,A,wavelet-LHH,2851,0,0,0.0,0.0,-2.076589822769165,1.6103092432022095
IMG-DE81D2274C,R1,A,wavelet-HLL,2851,0,0,0.0,0.0,-8.58133316040039,5.302084445953369
IMG-DE81D2274C,R1,A,wavelet-HLH,2851,0,0,0.0,0.0,-3.7407872676849365,3.7787294387817383
IMG-DE81D2274C,R1,A,wavelet-HHL,2851,0,0,0.0,0.0,-4.191456317901611,5.457046985626221
IMG-DE81D2274C,R1,A,wavelet-HHH,2851,0,0,0.0,0.0,-1.7499217987060547,1.7969403266906738
IMG-DE81D2274C,R1,A,wavelet-LLL,2851,0,0,0.0,0.0,-5.899555206298828,15.48684024810791
IMG-DE81D2274C,R1,A,log-sigma-1-0-mm-3D,2851,0,0,0.0,0.0,-3.1179556846618652,2.130990505218506
IMG-DE81D2274C,R1,A,log-sigma-2-0-mm-3D,2851,0,0,0.0,0.0,-2.5312139987945557,2.1440842151641846
IMG-DE81D2274C,R1,A,log-sigma-3-0-mm-3D,2851,0,0,0.0,0.0,-2.6213459968566895,2.0129611492156982
IMG-902274DA71,R1,A,wavelet-LLH,6439,0,0,0.0,0.0,-7.350650310516357,4.853858947753906
IMG-902274DA71,R1,A,wavelet-LHL,6439,0,0,0.0,0.0,-7.209384918212891,7.0684428215026855
IMG-902274DA71,R1,A,wavelet-LHH,6439,0,0,0.0,0.0,-3.4393668174743652,4.329190254211426
IMG-902274DA71,R1,A,wavelet-HLL,6439,0,0,0.0,0.0,-10.979723930358887,7.9574761390686035
IMG-902274DA71,R1,A,wavelet-HLH,6439,0,0,0.0,0.0,-3.423815965652466,4.757748126983643
IMG-902274DA71,R1,A,wavelet-HHL,6439,0,0,0.0,0.0,-5.802433967590332,5.166457176208496
IMG-902274DA71,R1,A,wavelet-HHH,6439,0,0,0.0,0.0,-2.972088575363159,2.8085124492645264
IMG-902274DA71,R1,A,wavelet-LLL,6439,0,0,0.0,0.0,-6.231568336486816,18.85963249206543
IMG-902274DA71,R1,A,log-sigma-1-0-mm-3D,6439,0,0,0.0,0.0,-2.647749900817871,3.124948740005493
IMG-902274DA71,R1,A,log-sigma-2-0-mm-3D,6439,0,0,0.0,0.0,-2.037006139755249,3.064134120941162
IMG-902274DA71,R1,A,log-sigma-3-0-mm-3D,6439,0,0,0.0,0.0,-2.1400256156921387,3.2552833557128906
IMG-492B7B6733,R1,A,wavelet-LLH,1802,0,0,0.0,0.0,-3.616546392440796,3.2623679637908936
IMG-492B7B6733,R1,A,wavelet-LHL,1802,0,0,0.0,0.0,-5.14253568649292,3.979011058807373
IMG-492B7B6733,R1,A,wavelet-LHH,1802,0,0,0.0,0.0,-1.6631783246994019,2.0968286991119385
IMG-492B7B6733,R1,A,wavelet-HLL,1802,0,0,0.0,0.0,-4.765507698059082,4.9315643310546875
IMG-492B7B6733,R1,A,wavelet-HLH,1802,0,0,0.0,0.0,-1.7936229705810547,1.7863293886184692
IMG-492B7B6733,R1,A,wavelet-HHL,1802,0,0,0.0,0.0,-3.903747081756592,3.486720561981201
IMG-492B7B6733,R1,A,wavelet-HHH,1802,0,0,0.0,0.0,-1.2812848091125488,1.3445730209350586
IMG-492B7B6733,R1,A,wavelet-LLL,1802,0,0,0.0,0.0,-6.524348258972168,11.99024772644043
IMG-492B7B6733,R1,A,log-sigma-1-0-mm-3D,1802,0,0,0.0,0.0,-2.448173999786377,1.998411774635315
IMG-492B7B6733,R1,A,log-sigma-2-0-mm-3D,1802,0,0,0.0,0.0,-2.2105555534362793,2.0031003952026367
IMG-492B7B6733,R1,A,log-sigma-3-0-mm-3D,1802,0,0,0.0,0.0,-1.9635815620422363,2.4434096813201904
IMG-1C08E2D087,R1,A,wavelet-LLH,16359,0,0,0.0,0.0,-5.808925628662109,10.461372375488281
IMG-1C08E2D087,R1,A,wavelet-LHL,16359,0,0,0.0,0.0,-7.060261249542236,5.8015055656433105
IMG-1C08E2D087,R1,A,wavelet-LHH,16359,0,0,0.0,0.0,-2.731159210205078,5.097641944885254
IMG-1C08E2D087,R1,A,wavelet-HLL,16359,0,0,0.0,0.0,-8.433037757873535,6.408218860626221
IMG-1C08E2D087,R1,A,wavelet-HLH,16359,0,0,0.0,0.0,-2.071800947189331,3.5868489742279053
IMG-1C08E2D087,R1,A,wavelet-HHL,16359,0,0,0.0,0.0,-6.0197553634643555,6.176483631134033
IMG-1C08E2D087,R1,A,wavelet-HHH,16359,0,0,0.0,0.0,-2.020986318588257,2.025543689727783
IMG-1C08E2D087,R1,A,wavelet-LLL,16359,0,0,0.0,0.0,-8.716614723205566,13.263838768005371
IMG-1C08E2D087,R1,A,log-sigma-1-0-mm-3D,16359,0,0,0.0,0.0,-2.227715492248535,2.61299467086792
IMG-1C08E2D087,R1,A,log-sigma-2-0-mm-3D,16359,0,0,0.0,0.0,-2.263352870941162,1.933554768562317
IMG-1C08E2D087,R1,A,log-sigma-3-0-mm-3D,16359,0,0,0.0,0.0,-2.572556972503662,1.9997812509536743
IMG-E93A5C05AD,R1,A,wavelet-LLH,1443,0,0,0.0,0.0,-3.011031150817871,6.00054407119751
IMG-E93A5C05AD,R1,A,wavelet-LHL,1443,0,0,0.0,0.0,-2.4404428005218506,3.8179574012756348
IMG-E93A5C05AD,R1,A,wavelet-LHH,1443,0,0,0.0,0.0,-1.5288041830062866,1.3459402322769165
IMG-E93A5C05AD,R1,A,wavelet-HLL,1443,0,0,0.0,0.0,-3.961482286453247,3.853742837905884
IMG-E93A5C05AD,R1,A,wavelet-HLH,1443,0,0,0.0,0.0,-1.6046850681304932,1.424265742301941
IMG-E93A5C05AD,R1,A,wavelet-HHL,1443,0,0,0.0,0.0,-2.3130688667297363,2.160492181777954
IMG-E93A5C05AD,R1,A,wavelet-HHH,1443,0,0,0.0,0.0,-1.2011637687683105,1.2651034593582153
IMG-E93A5C05AD,R1,A,wavelet-LLL,1443,0,0,0.0,0.0,-7.571712017059326,6.0194172859191895
IMG-E93A5C05AD,R1,A,log-sigma-1-0-mm-3D,1443,0,0,0.0,0.0,-2.087459087371826,1.2379404306411743
IMG-E93A5C05AD,R1,A,log-sigma-2-0-mm-3D,1443,0,0,0.0,0.0,-1.633521556854248,1.8813971281051636
IMG-E93A5C05AD,R1,A,log-sigma-3-0-mm-3D,1443,0,0,0.0,0.0,-1.5929038524627686,2.7165682315826416
IMG-FD48BE03D7,R1,B,wavelet-LLH,5835,0,0,0.0,0.0,-5.665099620819092,3.9027819633483887
IMG-FD48BE03D7,R1,B,wavelet-LHL,5835,0,0,0.0,0.0,-7.01539945602417,5.729168891906738
IMG-FD48BE03D7,R1,B,wavelet-LHH,5835,0,0,0.0,0.0,-2.8747522830963135,4.204626083374023
IMG-FD48BE03D7,R1,B,wavelet-HLL,5835,0,0,0.0,0.0,-3.8777289390563965,3.9379653930664062
IMG-FD48BE03D7,R1,B,wavelet-HLH,5835,0,0,0.0,0.0,-2.5633342266082764,1.8178400993347168
IMG-FD48BE03D7,R1,B,wavelet-HHL,5835,0,0,0.0,0.0,-2.9070968627929688,3.4475345611572266
IMG-FD48BE03D7,R1,B,wavelet-HHH,5835,0,0,0.0,0.0,-1.4819737672805786,1.4907807111740112
IMG-FD48BE03D7,R1,B,wavelet-LLL,5835,0,0,0.0,0.0,-7.941338062286377,10.987276077270508
IMG-FD48BE03D7,R1,B,log-sigma-1-0-mm-3D,5835,0,0,0.0,0.0,-2.3606433868408203,2.5279340744018555
IMG-FD48BE03D7,R1,B,log-sigma-2-0-mm-3D,5835,0,0,0.0,0.0,-2.1559438705444336,2.6016931533813477
IMG-FD48BE03D7,R1,B,log-sigma-3-0-mm-3D,5835,0,0,0.0,0.0,-2.1316957473754883,1.8466095924377441
IMG-EA7B6364A7,R1,B,wavelet-LLH,3768,0,0,0.0,0.0,-2.379324197769165,3.0639235973358154
IMG-EA7B6364A7,R1,B,wavelet-LHL,3768,0,0,0.0,0.0,-4.9458394050598145,3.632075071334839
IMG-EA7B6364A7,R1,B,wavelet-LHH,3768,0,0,0.0,0.0,-1.4030715227127075,1.4424935579299927
IMG-EA7B6364A7,R1,B,wavelet-HLL,3768,0,0,0.0,0.0,-3.210357666015625,3.8759264945983887
IMG-EA7B6364A7,R1,B,wavelet-HLH,3768,0,0,0.0,0.0,-1.1422947645187378,1.180799961090088
IMG-EA7B6364A7,R1,B,wavelet-HHL,3768,0,0,0.0,0.0,-1.8403376340866089,2.0220632553100586
IMG-EA7B6364A7,R1,B,wavelet-HHH,3768,0,0,0.0,0.0,-0.8500282764434814,0.8925964832305908
IMG-EA7B6364A7,R1,B,wavelet-LLL,3768,0,0,0.0,0.0,-7.380589485168457,13.069732666015625
IMG-EA7B6364A7,R1,B,log-sigma-1-0-mm-3D,3768,0,0,0.0,0.0,-1.4390969276428223,1.95042085647583
IMG-EA7B6364A7,R1,B,log-sigma-2-0-mm-3D,3768,0,0,0.0,0.0,-1.6637972593307495,2.4361891746520996
IMG-EA7B6364A7,R1,B,log-sigma-3-0-mm-3D,3768,0,0,0.0,0.0,-1.9026963710784912,3.007157325744629
IMG-8AB7D47FEF,R1,B,wavelet-LLH,22627,0,0,0.0,0.0,-8.012078285217285,5.928422927856445
IMG-8AB7D47FEF,R1,B,wavelet-LHL,22627,0,0,0.0,0.0,-8.318521499633789,7.658896446228027
IMG-8AB7D47FEF,R1,B,wavelet-LHH,22627,0,0,0.0,0.0,-3.1816232204437256,6.143330097198486
IMG-8AB7D47FEF,R1,B,wavelet-HLL,22627,0,0,0.0,0.0,-5.4422197341918945,5.0817461013793945
IMG-8AB7D47FEF,R1,B,wavelet-HLH,22627,0,0,0.0,0.0,-2.287731170654297,2.3498475551605225
IMG-8AB7D47FEF,R1,B,wavelet-HHL,22627,0,0,0.0,0.0,-3.365365982055664,3.488069772720337
IMG-8AB7D47FEF,R1,B,wavelet-HHH,22627,0,0,0.0,0.0,-1.6112957000732422,1.870259404182434
IMG-8AB7D47FEF,R1,B,wavelet-LLL,22627,0,0,0.0,0.0,-8.326604843139648,14.326071739196777
IMG-8AB7D47FEF,R1,B,log-sigma-1-0-mm-3D,22627,0,0,0.0,0.0,-3.830626964569092,2.5830070972442627
IMG-8AB7D47FEF,R1,B,log-sigma-2-0-mm-3D,22627,0,0,0.0,0.0,-3.5634286403656006,2.067030191421509
IMG-8AB7D47FEF,R1,B,log-sigma-3-0-mm-3D,22627,0,0,0.0,0.0,-3.1824803352355957,1.9710110425949097
IMG-BD44B1455E,R1,B,wavelet-LLH,18689,0,0,0.0,0.0,-5.702194690704346,12.906377792358398
IMG-BD44B1455E,R1,B,wavelet-LHL,18689,0,0,0.0,0.0,-4.973974704742432,5.003963947296143
IMG-BD44B1455E,R1,B,wavelet-LHH,18689,0,0,0.0,0.0,-1.8650835752487183,2.1141672134399414
IMG-BD44B1455E,R1,B,wavelet-HLL,18689,0,0,0.0,0.0,-10.853815078735352,4.505942344665527
IMG-BD44B1455E,R1,B,wavelet-HLH,18689,0,0,0.0,0.0,-2.1881103515625,2.283221960067749
IMG-BD44B1455E,R1,B,wavelet-HHL,18689,0,0,0.0,0.0,-3.3815906047821045,3.9882078170776367
IMG-BD44B1455E,R1,B,wavelet-HHH,18689,0,0,0.0,0.0,-1.9335860013961792,1.762292742729187
IMG-BD44B1455E,R1,B,wavelet-LLL,18689,0,0,0.0,0.0,-7.655040740966797,14.671043395996094
IMG-BD44B1455E,R1,B,log-sigma-1-0-mm-3D,18689,0,0,0.0,0.0,-2.4262094497680664,1.832570195198059
IMG-BD44B1455E,R1,B,log-sigma-2-0-mm-3D,18689,0,0,0.0,0.0,-3.591529369354248,1.8721847534179688
IMG-BD44B1455E,R1,B,log-sigma-3-0-mm-3D,18689,0,0,0.0,0.0,-2.802273750305176,1.8176357746124268
IMG-114C90DEA1,R1,A,wavelet-LLH,10487,0,0,0.0,0.0,-7.5290632247924805,13.750505447387695
IMG-114C90DEA1,R1,A,wavelet-LHL,10487,0,0,0.0,0.0,-7.896646499633789,6.961323261260986
IMG-114C90DEA1,R1,A,wavelet-LHH,10487,0,0,0.0,0.0,-3.569425344467163,4.379459857940674
IMG-114C90DEA1,R1,A,wavelet-HLL,10487,0,0,0.0,0.0,-5.814047336578369,5.002241134643555
IMG-114C90DEA1,R1,A,wavelet-HLH,10487,0,0,0.0,0.0,-2.8447113037109375,2.5961382389068604
IMG-114C90DEA1,R1,A,wavelet-HHL,10487,0,0,0.0,0.0,-5.151296615600586,4.854292869567871
IMG-114C90DEA1,R1,A,wavelet-HHH,10487,0,0,0.0,0.0,-2.3062736988067627,2.319385290145874
IMG-114C90DEA1,R1,A,wavelet-LLL,10487,0,0,0.0,0.0,-6.314095497131348,17.279804229736328
IMG-114C90DEA1,R1,A,log-sigma-1-0-mm-3D,10487,0,0,0.0,0.0,-2.6944823265075684,2.470113754272461
IMG-114C90DEA1,R1,A,log-sigma-2-0-mm-3D,10487,0,0,0.0,0.0,-3.2153079509735107,2.2568747997283936
IMG-114C90DEA1,R1,A,log-sigma-3-0-mm-3D,10487,0,0,0.0,0.0,-4.501503944396973,2.3296568393707275
IMG-FD6A3F9B5F,R1,A,wavelet-LLH,9736,0,0,0.0,0.0,-3.382889747619629,6.453824043273926
IMG-FD6A3F9B5F,R1,A,wavelet-LHL,9736,0,0,0.0,0.0,-3.48846697807312,4.323227882385254
IMG-FD6A3F9B5F,R1,A,wavelet-LHH,9736,0,0,0.0,0.0,-1.636476993560791,1.7794482707977295
IMG-FD6A3F9B5F,R1,A,wavelet-HLL,9736,0,0,0.0,0.0,-3.9764204025268555,3.190462589263916
IMG-FD6A3F9B5F,R1,A,wavelet-HLH,9736,0,0,0.0,0.0,-1.4635928869247437,2.4102895259857178
IMG-FD6A3F9B5F,R1,A,wavelet-HHL,9736,0,0,0.0,0.0,-2.983619213104248,4.032292366027832
IMG-FD6A3F9B5F,R1,A,wavelet-HHH,9736,0,0,0.0,0.0,-1.5964566469192505,1.704301357269287
IMG-FD6A3F9B5F,R1,A,wavelet-LLL,9736,0,0,0.0,0.0,-6.734144687652588,8.975403785705566
IMG-FD6A3F9B5F,R1,A,log-sigma-1-0-mm-3D,9736,0,0,0.0,0.0,-2.012726068496704,1.729533314704895
IMG-FD6A3F9B5F,R1,A,log-sigma-2-0-mm-3D,9736,0,0,0.0,0.0,-1.8884782791137695,1.7538281679153442
IMG-FD6A3F9B5F,R1,A,log-sigma-3-0-mm-3D,9736,0,0,0.0,0.0,-1.765528678894043,1.4413362741470337
IMG-CE8B531748,R1,A,wavelet-LLH,10231,0,0,0.0,0.0,-8.670008659362793,6.6972432136535645
IMG-CE8B531748,R1,A,wavelet-LHL,10231,0,0,0.0,0.0,-12.365090370178223,8.766976356506348
IMG-CE8B531748,R1,A,wavelet-LHH,10231,0,0,0.0,0.0,-4.889747619628906,3.2749693393707275
IMG-CE8B531748,R1,A,wavelet-HLL,10231,0,1,0.0,9.77421561919656e-05,-12.859237670898438,11.385793685913086
IMG-CE8B531748,R1,A,wavelet-HLH,10231,0,0,0.0,0.0,-3.310328483581543,3.912886142730713
IMG-CE8B531748,R1,A,wavelet-HHL,10231,0,0,0.0,0.0,-7.580499172210693,8.220352172851562
IMG-CE8B531748,R1,A,wavelet-HHH,10231,0,0,0.0,0.0,-2.958785057067871,5.2883405685424805
IMG-CE8B531748,R1,A,wavelet-LLL,10231,0,0,0.0,0.0,-8.302366256713867,18.15498924255371
IMG-CE8B531748,R1,A,log-sigma-1-0-mm-3D,10231,0,0,0.0,0.0,-2.1938722133636475,2.7740461826324463
IMG-CE8B531748,R1,A,log-sigma-2-0-mm-3D,10231,0,0,0.0,0.0,-3.899807929992676,3.088168144226074
IMG-CE8B531748,R1,A,log-sigma-3-0-mm-3D,10231,0,0,0.0,0.0,-2.8078629970550537,3.502227306365967
IMG-5162797D54,R1,A,wavelet-LLH,7258,0,0,0.0,0.0,-8.47457218170166,5.545516014099121
IMG-5162797D54,R1,A,wavelet-LHL,7258,0,0,0.0,0.0,-3.653749942779541,3.572964906692505
IMG-5162797D54,R1,A,wavelet-LHH,7258,0,0,0.0,0.0,-2.098268747329712,2.2048187255859375
IMG-5162797D54,R1,A,wavelet-HLL,7258,0,0,0.0,0.0,-4.83202600479126,6.507899284362793
IMG-5162797D54,R1,A,wavelet-HLH,7258,0,0,0.0,0.0,-3.7154862880706787,2.870274543762207
IMG-5162797D54,R1,A,wavelet-HHL,7258,0,0,0.0,0.0,-3.693180561065674,3.784470558166504
IMG-5162797D54,R1,A,wavelet-HHH,7258,0,0,0.0,0.0,-2.179584503173828,2.3529844284057617
IMG-5162797D54,R1,A,wavelet-LLL,7258,0,0,0.0,0.0,-8.301264762878418,9.959961891174316
IMG-5162797D54,R1,A,log-sigma-1-0-mm-3D,7258,0,0,0.0,0.0,-2.059298515319824,2.496790885925293
IMG-5162797D54,R1,A,log-sigma-2-0-mm-3D,7258,0,0,0.0,0.0,-1.4114283323287964,2.6582565307617188
IMG-5162797D54,R1,A,log-sigma-3-0-mm-3D,7258,0,0,0.0,0.0,-1.569713830947876,2.3329918384552
IMG-91927D1621,R1,A,wavelet-LLH,180348,0,0,0.0,0.0,-3.6313180923461914,8.274934768676758
IMG-91927D1621,R1,A,wavelet-LHL,180348,0,0,0.0,0.0,-7.508231163024902,4.890784740447998
IMG-91927D1621,R1,A,wavelet-LHH,180348,0,0,0.0,0.0,-1.9571939706802368,2.0982022285461426
IMG-91927D1621,R1,A,wavelet-HLL,180348,0,0,0.0,0.0,-4.208393573760986,3.9897661209106445
IMG-91927D1621,R1,A,wavelet-HLH,180348,0,0,0.0,0.0,-1.6105685234069824,1.828655481338501
IMG-91927D1621,R1,A,wavelet-HHL,180348,0,0,0.0,0.0,-3.1745333671569824,2.979504108428955
IMG-91927D1621,R1,A,wavelet-HHH,180348,0,0,0.0,0.0,-1.1369668245315552,1.35061514377594
IMG-91927D1621,R1,A,wavelet-LLL,180348,0,0,0.0,0.0,-7.449229717254639,12.912016868591309
IMG-91927D1621,R1,A,log-sigma-1-0-mm-3D,180348,0,0,0.0,0.0,-2.882985830307007,1.5306107997894287
IMG-91927D1621,R1,A,log-sigma-2-0-mm-3D,180348,0,0,0.0,0.0,-2.482236385345459,1.5486618280410767
IMG-91927D1621,R1,A,log-sigma-3-0-mm-3D,180348,0,0,0.0,0.0,-2.146852731704712,1.560289978981018
IMG-CFAF88B4CD,R1,A,wavelet-LLH,4407,0,0,0.0,0.0,-5.79793119430542,4.077184200286865
IMG-CFAF88B4CD,R1,A,wavelet-LHL,4407,0,0,0.0,0.0,-13.602856636047363,8.57474422454834
IMG-CFAF88B4CD,R1,A,wavelet-LHH,4407,0,0,0.0,0.0,-2.6715641021728516,4.180233001708984
IMG-CFAF88B4CD,R1,A,wavelet-HLL,4407,0,0,0.0,0.0,-7.113097667694092,4.799052715301514
IMG-CFAF88B4CD,R1,A,wavelet-HLH,4407,0,0,0.0,0.0,-2.187425136566162,2.5800509452819824
IMG-CFAF88B4CD,R1,A,wavelet-HHL,4407,0,0,0.0,0.0,-7.384640216827393,6.469446659088135
IMG-CFAF88B4CD,R1,A,wavelet-HHH,4407,0,0,0.0,0.0,-1.6462068557739258,1.910921335220337
IMG-CFAF88B4CD,R1,A,wavelet-LLL,4407,0,0,0.0,0.0,-6.884983539581299,17.502254486083984
IMG-CFAF88B4CD,R1,A,log-sigma-1-0-mm-3D,4407,0,0,0.0,0.0,-2.40982723236084,2.8751261234283447
IMG-CFAF88B4CD,R1,A,log-sigma-2-0-mm-3D,4407,0,0,0.0,0.0,-3.63851261138916,2.5310397148132324
IMG-CFAF88B4CD,R1,A,log-sigma-3-0-mm-3D,4407,0,0,0.0,0.0,-3.041891574859619,2.044900894165039
IMG-8B3F8BA7D6,R1,B,wavelet-LLH,6686,0,0,0.0,0.0,-4.60708475112915,4.068674564361572
IMG-8B3F8BA7D6,R1,B,wavelet-LHL,6686,0,0,0.0,0.0,-7.788786888122559,6.026522636413574
IMG-8B3F8BA7D6,R1,B,wavelet-LHH,6686,0,0,0.0,0.0,-2.8144776821136475,2.2927517890930176
IMG-8B3F8BA7D6,R1,B,wavelet-HLL,6686,0,0,0.0,0.0,-8.269721031188965,5.59699010848999
IMG-8B3F8BA7D6,R1,B,wavelet-HLH,6686,0,0,0.0,0.0,-2.048905611038208,2.995443344116211
IMG-8B3F8BA7D6,R1,B,wavelet-HHL,6686,0,0,0.0,0.0,-3.1587469577789307,3.6409411430358887
IMG-8B3F8BA7D6,R1,B,wavelet-HHH,6686,0,0,0.0,0.0,-1.4413830041885376,1.384595513343811
IMG-8B3F8BA7D6,R1,B,wavelet-LLL,6686,0,0,0.0,0.0,-9.755410194396973,14.319403648376465
IMG-8B3F8BA7D6,R1,B,log-sigma-1-0-mm-3D,6686,0,0,0.0,0.0,-3.3132221698760986,2.9847123622894287
IMG-8B3F8BA7D6,R1,B,log-sigma-2-0-mm-3D,6686,0,0,0.0,0.0,-3.8078768253326416,3.7342729568481445
IMG-8B3F8BA7D6,R1,B,log-sigma-3-0-mm-3D,6686,0,0,0.0,0.0,-3.0008318424224854,3.9375085830688477
IMG-B59F60C732,R1,B,wavelet-LLH,5727,0,0,0.0,0.0,-4.61649227142334,3.8728814125061035
IMG-B59F60C732,R1,B,wavelet-LHL,5727,0,0,0.0,0.0,-4.538540363311768,5.321499824523926
IMG-B59F60C732,R1,B,wavelet-LHH,5727,0,0,0.0,0.0,-2.1393399238586426,1.9517121315002441
IMG-B59F60C732,R1,B,wavelet-HLL,5727,0,0,0.0,0.0,-4.772218227386475,4.746678352355957
IMG-B59F60C732,R1,B,wavelet-HLH,5727,0,0,0.0,0.0,-2.1081812381744385,1.4313969612121582
IMG-B59F60C732,R1,B,wavelet-HHL,5727,0,0,0.0,0.0,-3.0836832523345947,2.6700403690338135
IMG-B59F60C732,R1,B,wavelet-HHH,5727,0,0,0.0,0.0,-1.270333170890808,1.349216103553772
IMG-B59F60C732,R1,B,wavelet-LLL,5727,0,0,0.0,0.0,-9.216813087463379,17.72119903564453
IMG-B59F60C732,R1,B,log-sigma-1-0-mm-3D,5727,0,0,0.0,0.0,-2.391148090362549,2.136277198791504
IMG-B59F60C732,R1,B,log-sigma-2-0-mm-3D,5727,0,0,0.0,0.0,-1.6889324188232422,2.194976329803467
IMG-B59F60C732,R1,B,log-sigma-3-0-mm-3D,5727,0,0,0.0,0.0,-1.9695532321929932,2.1893608570098877
IMG-54236152F7,R1,A,wavelet-LLH,20165,0,0,0.0,0.0,-6.729954719543457,4.187629699707031
IMG-54236152F7,R1,A,wavelet-LHL,20165,0,0,0.0,0.0,-5.911181449890137,5.863859176635742
IMG-54236152F7,R1,A,wavelet-LHH,20165,0,0,0.0,0.0,-2.0603559017181396,2.0110175609588623
IMG-54236152F7,R1,A,wavelet-HLL,20165,0,0,0.0,0.0,-5.725936412811279,5.617654800415039
IMG-54236152F7,R1,A,wavelet-HLH,20165,0,0,0.0,0.0,-2.4567720890045166,2.321110248565674
IMG-54236152F7,R1,A,wavelet-HHL,20165,0,0,0.0,0.0,-3.564621925354004,3.784254789352417
IMG-54236152F7,R1,A,wavelet-HHH,20165,0,0,0.0,0.0,-1.3942407369613647,1.4393154382705688
IMG-54236152F7,R1,A,wavelet-LLL,20165,0,0,0.0,0.0,-6.983129024505615,15.580327033996582
IMG-54236152F7,R1,A,log-sigma-1-0-mm-3D,20165,0,0,0.0,0.0,-1.9756919145584106,1.8099044561386108
IMG-54236152F7,R1,A,log-sigma-2-0-mm-3D,20165,0,0,0.0,0.0,-3.2682814598083496,1.4866095781326294
IMG-54236152F7,R1,A,log-sigma-3-0-mm-3D,20165,0,0,0.0,0.0,-2.383836269378662,1.3980242013931274
IMG-303462E9AB,R1,B,wavelet-LLH,4776,0,0,0.0,0.0,-4.782135486602783,4.353205680847168
IMG-303462E9AB,R1,B,wavelet-LHL,4776,0,0,0.0,0.0,-4.86117696762085,6.0058746337890625
IMG-303462E9AB,R1,B,wavelet-LHH,4776,0,0,0.0,0.0,-2.980654001235962,3.563441038131714
IMG-303462E9AB,R1,B,wavelet-HLL,4776,0,0,0.0,0.0,-6.047391891479492,7.513588905334473
IMG-303462E9AB,R1,B,wavelet-HLH,4776,0,0,0.0,0.0,-3.1106748580932617,1.9544618129730225
IMG-303462E9AB,R1,B,wavelet-HHL,4776,0,0,0.0,0.0,-4.409815788269043,4.4343438148498535
IMG-303462E9AB,R1,B,wavelet-HHH,4776,0,0,0.0,0.0,-1.9742450714111328,1.9732561111450195
IMG-303462E9AB,R1,B,wavelet-LLL,4776,0,0,0.0,0.0,-7.022458553314209,18.2705078125
IMG-303462E9AB,R1,B,log-sigma-1-0-mm-3D,4776,0,0,0.0,0.0,-1.92201828956604,2.9965975284576416
IMG-303462E9AB,R1,B,log-sigma-2-0-mm-3D,4776,0,0,0.0,0.0,-2.771280288696289,3.240506172180176
IMG-303462E9AB,R1,B,log-sigma-3-0-mm-3D,4776,0,0,0.0,0.0,-2.948920726776123,2.7476346492767334
IMG-1A8A63EDA6,R1,A,wavelet-LLH,2171,0,0,0.0,0.0,-3.9158642292022705,5.671232223510742
IMG-1A8A63EDA6,R1,A,wavelet-LHL,2171,0,0,0.0,0.0,-5.930907726287842,6.248990535736084
IMG-1A8A63EDA6,R1,A,wavelet-LHH,2171,0,0,0.0,0.0,-2.655205726623535,3.0559425354003906
IMG-1A8A63EDA6,R1,A,wavelet-HLL,2171,0,0,0.0,0.0,-5.131842136383057,7.849498271942139
IMG-1A8A63EDA6,R1,A,wavelet-HLH,2171,0,0,0.0,0.0,-2.169503927230835,3.2887351512908936
IMG-1A8A63EDA6,R1,A,wavelet-HHL,2171,0,0,0.0,0.0,-4.191403865814209,4.577349662780762
IMG-1A8A63EDA6,R1,A,wavelet-HHH,2171,0,0,0.0,0.0,-1.967140793800354,1.891869068145752
IMG-1A8A63EDA6,R1,A,wavelet-LLL,2171,0,0,0.0,0.0,-6.452522277832031,12.876218795776367
IMG-1A8A63EDA6,R1,A,log-sigma-1-0-mm-3D,2171,0,0,0.0,0.0,-2.3307645320892334,2.7498066425323486
IMG-1A8A63EDA6,R1,A,log-sigma-2-0-mm-3D,2171,0,0,0.0,0.0,-2.4731709957122803,2.6978392601013184
IMG-1A8A63EDA6,R1,A,log-sigma-3-0-mm-3D,2171,0,0,0.0,0.0,-1.7211557626724243,2.819213628768921
IMG-80199D80D4,R1,A,wavelet-LLH,5527,0,0,0.0,0.0,-5.774062156677246,9.329182624816895
IMG-80199D80D4,R1,A,wavelet-LHL,5527,0,0,0.0,0.0,-7.6913251876831055,9.001319885253906
IMG-80199D80D4,R1,A,wavelet-LHH,5527,0,0,0.0,0.0,-2.85858416557312,2.604736328125
IMG-80199D80D4,R1,A,wavelet-HLL,5527,0,0,0.0,0.0,-12.111756324768066,8.491947174072266
IMG-80199D80D4,R1,A,wavelet-HLH,5527,0,0,0.0,0.0,-2.1895368099212646,2.7934494018554688
IMG-80199D80D4,R1,A,wavelet-HHL,5527,0,0,0.0,0.0,-5.9421186447143555,7.71394157409668
IMG-80199D80D4,R1,A,wavelet-HHH,5527,0,0,0.0,0.0,-3.869720935821533,2.544081926345825
IMG-80199D80D4,R1,A,wavelet-LLL,5527,0,0,0.0,0.0,-6.999809265136719,11.547119140625
IMG-80199D80D4,R1,A,log-sigma-1-0-mm-3D,5527,0,0,0.0,0.0,-2.4456098079681396,3.4448723793029785
IMG-80199D80D4,R1,A,log-sigma-2-0-mm-3D,5527,0,0,0.0,0.0,-2.349785566329956,2.8239004611968994
IMG-80199D80D4,R1,A,log-sigma-3-0-mm-3D,5527,0,0,0.0,0.0,-1.5440912246704102,2.858977794647217
IMG-624280518C,R1,B,wavelet-LLH,10455,0,0,0.0,0.0,-4.448592662811279,3.421847343444824
IMG-624280518C,R1,B,wavelet-LHL,10455,0,0,0.0,0.0,-6.616113185882568,7.400181293487549
IMG-624280518C,R1,B,wavelet-LHH,10455,0,0,0.0,0.0,-3.993652820587158,3.084554672241211
IMG-624280518C,R1,B,wavelet-HLL,10455,0,0,0.0,0.0,-7.575716972351074,6.354313850402832
IMG-624280518C,R1,B,wavelet-HLH,10455,0,0,0.0,0.0,-2.6805217266082764,2.293686866760254
IMG-624280518C,R1,B,wavelet-HHL,10455,0,0,0.0,0.0,-4.059266567230225,4.333515644073486
IMG-624280518C,R1,B,wavelet-HHH,10455,0,0,0.0,0.0,-2.2229349613189697,1.5348438024520874
IMG-624280518C,R1,B,wavelet-LLL,10455,0,0,0.0,0.0,-9.66971492767334,10.013921737670898
IMG-624280518C,R1,B,log-sigma-1-0-mm-3D,10455,0,0,0.0,0.0,-1.8417516946792603,2.3750529289245605
IMG-624280518C,R1,B,log-sigma-2-0-mm-3D,10455,0,0,0.0,0.0,-1.6024656295776367,2.523693323135376
IMG-624280518C,R1,B,log-sigma-3-0-mm-3D,10455,0,0,0.0,0.0,-2.00567626953125,2.141920328140259
IMG-2598452A2C,R1,A,wavelet-LLH,3876,0,0,0.0,0.0,-7.876775741577148,6.446226119995117
IMG-2598452A2C,R1,A,wavelet-LHL,3876,0,0,0.0,0.0,-11.998839378356934,8.741263389587402
IMG-2598452A2C,R1,A,wavelet-LHH,3876,0,0,0.0,0.0,-4.625621795654297,5.897629261016846
IMG-2598452A2C,R1,A,wavelet-HLL,3876,0,0,0.0,0.0,-11.689411163330078,6.3764214515686035
IMG-2598452A2C,R1,A,wavelet-HLH,3876,0,1,0.0,0.00025799793601651185,-3.1116764545440674,6.451936721801758
IMG-2598452A2C,R1,A,wavelet-HHL,3876,0,0,0.0,0.0,-6.284295082092285,8.311437606811523
IMG-2598452A2C,R1,A,wavelet-HHH,3876,0,0,0.0,0.0,-3.542928695678711,3.7007031440734863
IMG-2598452A2C,R1,A,wavelet-LLL,3876,0,0,0.0,0.0,-5.846406936645508,22.2071590423584
IMG-2598452A2C,R1,A,log-sigma-1-0-mm-3D,3876,0,0,0.0,0.0,-2.730837345123291,3.2435498237609863
IMG-2598452A2C,R1,A,log-sigma-2-0-mm-3D,3876,0,0,0.0,0.0,-3.9974215030670166,3.258436679840088
IMG-2598452A2C,R1,A,log-sigma-3-0-mm-3D,3876,0,0,0.0,0.0,-3.3056764602661133,2.9667985439300537
IMG-95DCA281A3,R1,A,wavelet-LLH,3630,0,0,0.0,0.0,-4.006634712219238,4.0577073097229
IMG-95DCA281A3,R1,A,wavelet-LHL,3630,0,0,0.0,0.0,-4.015088081359863,4.685927391052246
IMG-95DCA281A3,R1,A,wavelet-LHH,3630,0,0,0.0,0.0,-1.9344063997268677,2.5600740909576416
IMG-95DCA281A3,R1,A,wavelet-HLL,3630,0,0,0.0,0.0,-5.10109806060791,4.789635181427002
IMG-95DCA281A3,R1,A,wavelet-HLH,3630,0,0,0.0,0.0,-2.5850703716278076,1.8502768278121948
IMG-95DCA281A3,R1,A,wavelet-HHL,3630,0,0,0.0,0.0,-5.023380756378174,3.9426872730255127
IMG-95DCA281A3,R1,A,wavelet-HHH,3630,0,0,0.0,0.0,-1.8373249769210815,1.9909725189208984
IMG-95DCA281A3,R1,A,wavelet-LLL,3630,0,0,0.0,0.0,-6.085526466369629,12.01591682434082
IMG-95DCA281A3,R1,A,log-sigma-1-0-mm-3D,3630,0,0,0.0,0.0,-1.695647954940796,2.227144241333008
IMG-95DCA281A3,R1,A,log-sigma-2-0-mm-3D,3630,0,0,0.0,0.0,-1.7777369022369385,2.2753658294677734
IMG-95DCA281A3,R1,A,log-sigma-3-0-mm-3D,3630,0,0,0.0,0.0,-1.870434284210205,2.365730047225952
IMG-D6415F4197,R1,A,wavelet-LLH,4472,0,0,0.0,0.0,-4.243382453918457,4.535241603851318
IMG-D6415F4197,R1,A,wavelet-LHL,4472,0,0,0.0,0.0,-3.101210832595825,3.5822243690490723
IMG-D6415F4197,R1,A,wavelet-LHH,4472,0,0,0.0,0.0,-2.3184165954589844,2.385463237762451
IMG-D6415F4197,R1,A,wavelet-HLL,4472,0,0,0.0,0.0,-7.601423263549805,8.422477722167969
IMG-D6415F4197,R1,A,wavelet-HLH,4472,0,0,0.0,0.0,-3.5710270404815674,3.5633997917175293
IMG-D6415F4197,R1,A,wavelet-HHL,4472,0,0,0.0,0.0,-4.633939266204834,3.7760069370269775
IMG-D6415F4197,R1,A,wavelet-HHH,4472,0,0,0.0,0.0,-3.167140245437622,2.506514310836792
IMG-D6415F4197,R1,A,wavelet-LLL,4472,0,0,0.0,0.0,-6.998205661773682,14.779254913330078
IMG-D6415F4197,R1,A,log-sigma-1-0-mm-3D,4472,0,0,0.0,0.0,-1.9649204015731812,2.471994400024414
IMG-D6415F4197,R1,A,log-sigma-2-0-mm-3D,4472,0,0,0.0,0.0,-1.6528904438018799,2.858888626098633
IMG-D6415F4197,R1,A,log-sigma-3-0-mm-3D,4472,0,0,0.0,0.0,-1.281298041343689,2.710907220840454
IMG-70906056DC,R1,A,wavelet-LLH,1896,0,0,0.0,0.0,-4.120555400848389,2.2536802291870117
IMG-70906056DC,R1,A,wavelet-LHL,1896,0,0,0.0,0.0,-5.696413516998291,5.1644415855407715
IMG-70906056DC,R1,A,wavelet-LHH,1896,0,0,0.0,0.0,-3.0420334339141846,3.697316884994507
IMG-70906056DC,R1,A,wavelet-HLL,1896,0,0,0.0,0.0,-4.984745502471924,4.242297172546387
IMG-70906056DC,R1,A,wavelet-HLH,1896,0,0,0.0,0.0,-2.3633487224578857,2.072103977203369
IMG-70906056DC,R1,A,wavelet-HHL,1896,0,0,0.0,0.0,-2.8366734981536865,3.2183406352996826
IMG-70906056DC,R1,A,wavelet-HHH,1896,0,0,0.0,0.0,-1.6057913303375244,1.529744029045105
IMG-70906056DC,R1,A,wavelet-LLL,1896,0,0,0.0,0.0,-8.745870590209961,7.801521301269531
IMG-70906056DC,R1,A,log-sigma-1-0-mm-3D,1896,0,0,0.0,0.0,-2.494267225265503,1.4454326629638672
IMG-70906056DC,R1,A,log-sigma-2-0-mm-3D,1896,0,0,0.0,0.0,-1.6210023164749146,2.242492198944092
IMG-70906056DC,R1,A,log-sigma-3-0-mm-3D,1896,0,0,0.0,0.0,-1.359260082244873,2.4107627868652344
IMG-A7D59529BB,R1,A,wavelet-LLH,14237,0,0,0.0,0.0,-6.006665229797363,4.470968723297119
IMG-A7D59529BB,R1,A,wavelet-LHL,14237,0,0,0.0,0.0,-13.022221565246582,7.626144886016846
IMG-A7D59529BB,R1,A,wavelet-LHH,14237,0,0,0.0,0.0,-3.390456438064575,3.8931655883789062
IMG-A7D59529BB,R1,A,wavelet-HLL,14237,0,0,0.0,0.0,-14.54317569732666,7.574729919433594
IMG-A7D59529BB,R1,A,wavelet-HLH,14237,0,0,0.0,0.0,-5.303372859954834,4.500335693359375
IMG-A7D59529BB,R1,A,wavelet-HHL,14237,0,0,0.0,0.0,-6.2818708419799805,8.24358081817627
IMG-A7D59529BB,R1,A,wavelet-HHH,14237,0,0,0.0,0.0,-2.76716685295105,3.365323543548584
IMG-A7D59529BB,R1,A,wavelet-LLL,14237,0,0,0.0,0.0,-6.470681667327881,16.66746711730957
IMG-A7D59529BB,R1,A,log-sigma-1-0-mm-3D,14237,0,0,0.0,0.0,-3.952333688735962,2.32026743888855
IMG-A7D59529BB,R1,A,log-sigma-2-0-mm-3D,14237,0,0,0.0,0.0,-2.9057908058166504,2.2262673377990723
IMG-A7D59529BB,R1,A,log-sigma-3-0-mm-3D,14237,0,0,0.0,0.0,-3.0241899490356445,2.292748212814331
IMG-C494A4152C,R1,B,wavelet-LLH,8411,0,0,0.0,0.0,-2.967374086380005,5.527491092681885
IMG-C494A4152C,R1,B,wavelet-LHL,8411,0,0,0.0,0.0,-3.1833908557891846,4.270358085632324
IMG-C494A4152C,R1,B,wavelet-LHH,8411,0,0,0.0,0.0,-1.6059436798095703,1.7519563436508179
IMG-C494A4152C,R1,B,wavelet-HLL,8411,0,0,0.0,0.0,-4.160356521606445,5.549675941467285
IMG-C494A4152C,R1,B,wavelet-HLH,8411,0,0,0.0,0.0,-1.6730221509933472,1.559074878692627
IMG-C494A4152C,R1,B,wavelet-HHL,8411,0,0,0.0,0.0,-2.6342122554779053,2.9138145446777344
IMG-C494A4152C,R1,B,wavelet-HHH,8411,0,0,0.0,0.0,-1.3491464853286743,1.415809988975525
IMG-C494A4152C,R1,B,wavelet-LLL,8411,0,0,0.0,0.0,-8.406048774719238,10.174104690551758
IMG-C494A4152C,R1,B,log-sigma-1-0-mm-3D,8411,0,0,0.0,0.0,-1.6530108451843262,2.32551908493042
IMG-C494A4152C,R1,B,log-sigma-2-0-mm-3D,8411,0,0,0.0,0.0,-1.5535207986831665,2.8166756629943848
IMG-C494A4152C,R1,B,log-sigma-3-0-mm-3D,8411,0,0,0.0,0.0,-1.378737211227417,3.066612482070923
IMG-D085D2AAE2,R1,A,wavelet-LLH,4611,0,0,0.0,0.0,-4.987741470336914,3.351100206375122
IMG-D085D2AAE2,R1,A,wavelet-LHL,4611,0,0,0.0,0.0,-5.385766983032227,6.675464153289795
IMG-D085D2AAE2,R1,A,wavelet-LHH,4611,0,0,0.0,0.0,-2.5343964099884033,3.1562888622283936
IMG-D085D2AAE2,R1,A,wavelet-HLL,4611,0,0,0.0,0.0,-4.609316825866699,5.040575981140137
IMG-D085D2AAE2,R1,A,wavelet-HLH,4611,0,0,0.0,0.0,-2.518001079559326,2.213965654373169
IMG-D085D2AAE2,R1,A,wavelet-HHL,4611,0,0,0.0,0.0,-4.042161464691162,3.8290212154388428
IMG-D085D2AAE2,R1,A,wavelet-HHH,4611,0,0,0.0,0.0,-2.329192638397217,2.3835813999176025
IMG-D085D2AAE2,R1,A,wavelet-LLL,4611,0,0,0.0,0.0,-6.064079761505127,19.035106658935547
IMG-D085D2AAE2,R1,A,log-sigma-1-0-mm-3D,4611,0,0,0.0,0.0,-2.341311454772949,2.9721999168395996
IMG-D085D2AAE2,R1,A,log-sigma-2-0-mm-3D,4611,0,0,0.0,0.0,-3.418073892593384,2.658491611480713
IMG-D085D2AAE2,R1,A,log-sigma-3-0-mm-3D,4611,0,0,0.0,0.0,-2.922006368637085,2.5523951053619385
IMG-0203DA228B,R1,B,wavelet-LLH,2911,0,0,0.0,0.0,-3.8044273853302,2.817269802093506
IMG-0203DA228B,R1,B,wavelet-LHL,2911,0,0,0.0,0.0,-3.9215824604034424,4.775400161743164
IMG-0203DA228B,R1,B,wavelet-LHH,2911,0,0,0.0,0.0,-1.3626114130020142,1.6606861352920532
IMG-0203DA228B,R1,B,wavelet-HLL,2911,0,0,0.0,0.0,-3.5353150367736816,3.4870903491973877
IMG-0203DA228B,R1,B,wavelet-HLH,2911,0,0,0.0,0.0,-1.2325197458267212,1.1812242269515991
IMG-0203DA228B,R1,B,wavelet-HHL,2911,0,0,0.0,0.0,-2.1201491355895996,2.0020313262939453
IMG-0203DA228B,R1,B,wavelet-HHH,2911,0,0,0.0,0.0,-0.8995194435119629,0.9265543222427368
IMG-0203DA228B,R1,B,wavelet-LLL,2911,0,0,0.0,0.0,-5.468401908874512,11.92728328704834
IMG-0203DA228B,R1,B,log-sigma-1-0-mm-3D,2911,0,0,0.0,0.0,-1.5249114036560059,2.109682321548462
IMG-0203DA228B,R1,B,log-sigma-2-0-mm-3D,2911,0,0,0.0,0.0,-1.5648294687271118,2.08229660987854
IMG-0203DA228B,R1,B,log-sigma-3-0-mm-3D,2911,0,0,0.0,0.0,-1.5819523334503174,2.1283044815063477
IMG-EC1E7A94F3,R1,A,wavelet-LLH,6890,0,0,0.0,0.0,-4.270326137542725,3.6987006664276123
IMG-EC1E7A94F3,R1,A,wavelet-LHL,6890,0,0,0.0,0.0,-5.361645221710205,4.127106189727783
IMG-EC1E7A94F3,R1,A,wavelet-LHH,6890,0,0,0.0,0.0,-1.4479234218597412,1.5519312620162964
IMG-EC1E7A94F3,R1,A,wavelet-HLL,6890,0,0,0.0,0.0,-6.145897388458252,6.711471080780029
IMG-EC1E7A94F3,R1,A,wavelet-HLH,6890,0,0,0.0,0.0,-1.7087327241897583,2.7295732498168945
IMG-EC1E7A94F3,R1,A,wavelet-HHL,6890,0,0,0.0,0.0,-4.623641014099121,6.207756042480469
IMG-EC1E7A94F3,R1,A,wavelet-HHH,6890,0,0,0.0,0.0,-1.7513813972473145,1.431036114692688
IMG-EC1E7A94F3,R1,A,wavelet-LLL,6890,0,0,0.0,0.0,-6.794803142547607,12.880029678344727
IMG-EC1E7A94F3,R1,A,log-sigma-1-0-mm-3D,6890,0,0,0.0,0.0,-1.6140944957733154,1.9310580492019653
IMG-EC1E7A94F3,R1,A,log-sigma-2-0-mm-3D,6890,0,0,0.0,0.0,-2.4841079711914062,1.8719139099121094
IMG-EC1E7A94F3,R1,A,log-sigma-3-0-mm-3D,6890,0,0,0.0,0.0,-2.0274271965026855,1.8266799449920654
IMG-8014D09B0A,R1,A,wavelet-LLH,18383,0,0,0.0,0.0,-9.229649543762207,5.539693355560303
IMG-8014D09B0A,R1,A,wavelet-LHL,18383,0,0,0.0,0.0,-7.677101135253906,7.498258590698242
IMG-8014D09B0A,R1,A,wavelet-LHH,18383,0,0,0.0,0.0,-2.7501893043518066,3.044633388519287
IMG-8014D09B0A,R1,A,wavelet-HLL,18383,0,0,0.0,0.0,-8.881702423095703,8.356810569763184
IMG-8014D09B0A,R1,A,wavelet-HLH,18383,0,0,0.0,0.0,-3.0935935974121094,2.823399305343628
IMG-8014D09B0A,R1,A,wavelet-HHL,18383,0,0,0.0,0.0,-7.048932075500488,7.572887420654297
IMG-8014D09B0A,R1,A,wavelet-HHH,18383,0,0,0.0,0.0,-2.957977771759033,3.0666797161102295
IMG-8014D09B0A,R1,A,wavelet-LLL,18383,0,0,0.0,0.0,-10.381399154663086,18.021718978881836
IMG-8014D09B0A,R1,A,log-sigma-1-0-mm-3D,18383,0,0,0.0,0.0,-2.1359140872955322,3.4442198276519775
IMG-8014D09B0A,R1,A,log-sigma-2-0-mm-3D,18383,0,0,0.0,0.0,-2.5520758628845215,3.7528514862060547
IMG-8014D09B0A,R1,A,log-sigma-3-0-mm-3D,18383,0,0,0.0,0.0,-2.248321533203125,2.867727756500244
IMG-4449C8D329,R1,B,wavelet-LLH,1681,0,0,0.0,0.0,-5.186763763427734,4.060647010803223
IMG-4449C8D329,R1,B,wavelet-LHL,1681,0,0,0.0,0.0,-5.561376571655273,4.665379524230957
IMG-4449C8D329,R1,B,wavelet-LHH,1681,0,0,0.0,0.0,-2.752805471420288,2.480001926422119
IMG-4449C8D329,R1,B,wavelet-HLL,1681,0,0,0.0,0.0,-4.700771331787109,6.047815322875977
IMG-4449C8D329,R1,B,wavelet-HLH,1681,0,0,0.0,0.0,-1.875042200088501,1.4212021827697754
IMG-4449C8D329,R1,B,wavelet-HHL,1681,0,0,0.0,0.0,-2.6650662422180176,2.946584939956665
IMG-4449C8D329,R1,B,wavelet-HHH,1681,0,0,0.0,0.0,-1.200503945350647,1.6751368045806885
IMG-4449C8D329,R1,B,wavelet-LLL,1681,0,0,0.0,0.0,-7.551548957824707,15.271645545959473
IMG-4449C8D329,R1,B,log-sigma-1-0-mm-3D,1681,0,0,0.0,0.0,-2.1237664222717285,3.0158870220184326
IMG-4449C8D329,R1,B,log-sigma-2-0-mm-3D,1681,0,0,0.0,0.0,-1.8027197122573853,3.029600143432617
IMG-4449C8D329,R1,B,log-sigma-3-0-mm-3D,1681,0,0,0.0,0.0,-1.6356878280639648,3.6005327701568604
IMG-63FD509047,R1,A,wavelet-LLH,14003,0,0,0.0,0.0,-6.296772003173828,5.668625354766846
IMG-63FD509047,R1,A,wavelet-LHL,14003,0,0,0.0,0.0,-9.007314682006836,10.558296203613281
IMG-63FD509047,R1,A,wavelet-LHH,14003,0,0,0.0,0.0,-3.6640737056732178,4.04763650894165
IMG-63FD509047,R1,A,wavelet-HLL,14003,0,0,0.0,0.0,-11.789525032043457,5.968297958374023
IMG-63FD509047,R1,A,wavelet-HLH,14003,0,0,0.0,0.0,-3.650855302810669,4.116265296936035
IMG-63FD509047,R1,A,wavelet-HHL,14003,0,0,0.0,0.0,-9.491697311401367,5.588007926940918
IMG-63FD509047,R1,A,wavelet-HHH,14003,0,0,0.0,0.0,-3.0574114322662354,2.8591127395629883
IMG-63FD509047,R1,A,wavelet-LLL,14003,0,0,0.0,0.0,-8.184240341186523,19.311058044433594
IMG-63FD509047,R1,A,log-sigma-1-0-mm-3D,14003,0,0,0.0,0.0,-4.579759120941162,2.7336297035217285
IMG-63FD509047,R1,A,log-sigma-2-0-mm-3D,14003,0,0,0.0,0.0,-2.7762393951416016,2.7525172233581543
IMG-63FD509047,R1,A,log-sigma-3-0-mm-3D,14003,0,0,0.0,0.0,-2.8280553817749023,2.4804625511169434
IMG-83994CA207,R1,A,wavelet-LLH,9012,0,0,0.0,0.0,-2.340860605239868,6.26309871673584
IMG-83994CA207,R1,A,wavelet-LHL,9012,0,0,0.0,0.0,-5.959904193878174,6.39397668838501
IMG-83994CA207,R1,A,wavelet-LHH,9012,0,0,0.0,0.0,-1.7875900268554688,1.7296148538589478
IMG-83994CA207,R1,A,wavelet-HLL,9012,0,0,0.0,0.0,-3.517347812652588,4.103340148925781
IMG-83994CA207,R1,A,wavelet-HLH,9012,0,0,0.0,0.0,-1.7990164756774902,1.8486911058425903
IMG-83994CA207,R1,A,wavelet-HHL,9012,0,0,0.0,0.0,-5.234429836273193,4.272746562957764
IMG-83994CA207,R1,A,wavelet-HHH,9012,0,0,0.0,0.0,-1.684941053390503,1.6163700819015503
IMG-83994CA207,R1,A,wavelet-LLL,9012,0,0,0.0,0.0,-6.674126625061035,8.13963794708252
IMG-83994CA207,R1,A,log-sigma-1-0-mm-3D,9012,0,0,0.0,0.0,-1.8258082866668701,1.6469837427139282
IMG-83994CA207,R1,A,log-sigma-2-0-mm-3D,9012,0,0,0.0,0.0,-1.4732390642166138,1.7729398012161255
IMG-83994CA207,R1,A,log-sigma-3-0-mm-3D,9012,0,0,0.0,0.0,-0.9931589365005493,1.4251822233200073
IMG-D388333648,R1,A,wavelet-LLH,6379,0,0,0.0,0.0,-4.713174343109131,3.169719934463501
IMG-D388333648,R1,A,wavelet-LHL,6379,0,0,0.0,0.0,-4.67210578918457,4.341769218444824
IMG-D388333648,R1,A,wavelet-LHH,6379,0,0,0.0,0.0,-2.6046905517578125,3.5079286098480225
IMG-D388333648,R1,A,wavelet-HLL,6379,0,0,0.0,0.0,-8.507485389709473,6.067901611328125
IMG-D388333648,R1,A,wavelet-HLH,6379,0,0,0.0,0.0,-2.5490562915802,3.2319188117980957
IMG-D388333648,R1,A,wavelet-HHL,6379,0,0,0.0,0.0,-4.642199516296387,5.880343437194824
IMG-D388333648,R1,A,wavelet-HHH,6379,0,0,0.0,0.0,-2.2077531814575195,3.6225087642669678
IMG-D388333648,R1,A,wavelet-LLL,6379,0,0,0.0,0.0,-7.517341136932373,15.370349884033203
IMG-D388333648,R1,A,log-sigma-1-0-mm-3D,6379,0,0,0.0,0.0,-3.1997432708740234,2.570796489715576
IMG-D388333648,R1,A,log-sigma-2-0-mm-3D,6379,0,0,0.0,0.0,-1.9252506494522095,2.5649595260620117
IMG-D388333648,R1,A,log-sigma-3-0-mm-3D,6379,0,0,0.0,0.0,-1.8654180765151978,2.542989730834961
IMG-A301495109,R1,B,wavelet-LLH,7259,0,0,0.0,0.0,-5.188014030456543,3.692235231399536
IMG-A301495109,R1,B,wavelet-LHL,7259,0,0,0.0,0.0,-5.253338813781738,6.97006368637085
IMG-A301495109,R1,B,wavelet-LHH,7259,0,0,0.0,0.0,-2.2725915908813477,2.6118004322052
IMG-A301495109,R1,B,wavelet-HLL,7259,0,0,0.0,0.0,-3.0280532836914062,3.7381532192230225
IMG-A301495109,R1,B,wavelet-HLH,7259,0,0,0.0,0.0,-1.6565428972244263,1.689786672592163
IMG-A301495109,R1,B,wavelet-HHL,7259,0,0,0.0,0.0,-2.7637128829956055,2.729602098464966
IMG-A301495109,R1,B,wavelet-HHH,7259,0,0,0.0,0.0,-1.4370605945587158,1.185120701789856
IMG-A301495109,R1,B,wavelet-LLL,7259,0,0,0.0,0.0,-9.662428855895996,13.913993835449219
IMG-A301495109,R1,B,log-sigma-1-0-mm-3D,7259,0,0,0.0,0.0,-1.6442097425460815,2.54532527923584
IMG-A301495109,R1,B,log-sigma-2-0-mm-3D,7259,0,0,0.0,0.0,-1.8999022245407104,2.290113925933838
IMG-A301495109,R1,B,log-sigma-3-0-mm-3D,7259,0,0,0.0,0.0,-2.3098933696746826,2.554011583328247
IMG-29CE8C38A1,R1,A,wavelet-LLH,16660,0,0,0.0,0.0,-3.54653000831604,2.594052314758301
IMG-29CE8C38A1,R1,A,wavelet-LHL,16660,0,0,0.0,0.0,-3.237541437149048,3.367743492126465
IMG-29CE8C38A1,R1,A,wavelet-LHH,16660,0,0,0.0,0.0,-1.5685325860977173,1.5269197225570679
IMG-29CE8C38A1,R1,A,wavelet-HLL,16660,0,0,0.0,0.0,-3.3377857208251953,2.834118366241455
IMG-29CE8C38A1,R1,A,wavelet-HLH,16660,0,0,0.0,0.0,-1.4650909900665283,1.5187009572982788
IMG-29CE8C38A1,R1,A,wavelet-HHL,16660,0,0,0.0,0.0,-2.376689910888672,1.9759798049926758
IMG-29CE8C38A1,R1,A,wavelet-HHH,16660,0,0,0.0,0.0,-0.8493669629096985,0.8266274929046631
IMG-29CE8C38A1,R1,A,wavelet-LLL,16660,0,0,0.0,0.0,-4.950366973876953,11.740621566772461
IMG-29CE8C38A1,R1,A,log-sigma-1-0-mm-3D,16660,0,0,0.0,0.0,-1.842869758605957,1.5576457977294922
IMG-29CE8C38A1,R1,A,log-sigma-2-0-mm-3D,16660,0,0,0.0,0.0,-1.9634103775024414,1.2856333255767822
IMG-29CE8C38A1,R1,A,log-sigma-3-0-mm-3D,16660,0,0,0.0,0.0,-1.592877745628357,1.299124002456665
IMG-BB361E6F33,R1,A,wavelet-LLH,8518,0,0,0.0,0.0,-7.243742942810059,4.570655345916748
IMG-BB361E6F33,R1,A,wavelet-LHL,8518,0,0,0.0,0.0,-6.990940093994141,6.345881462097168
IMG-BB361E6F33,R1,A,wavelet-LHH,8518,0,0,0.0,0.0,-3.00746488571167,5.515158176422119
IMG-BB361E6F33,R1,A,wavelet-HLL,8518,0,0,0.0,0.0,-8.547792434692383,4.603363513946533
IMG-BB361E6F33,R1,A,wavelet-HLH,8518,0,0,0.0,0.0,-2.884935140609741,3.5444910526275635
IMG-BB361E6F33,R1,A,wavelet-HHL,8518,0,0,0.0,0.0,-3.8477659225463867,5.140787601470947
IMG-BB361E6F33,R1,A,wavelet-HHH,8518,0,0,0.0,0.0,-1.9096903800964355,2.642310380935669
IMG-BB361E6F33,R1,A,wavelet-LLL,8518,0,0,0.0,0.0,-6.842739105224609,13.87635326385498
IMG-BB361E6F33,R1,A,log-sigma-1-0-mm-3D,8518,0,0,0.0,0.0,-3.395324230194092,2.7325100898742676
IMG-BB361E6F33,R1,A,log-sigma-2-0-mm-3D,8518,0,0,0.0,0.0,-2.250946044921875,2.366905927658081
IMG-BB361E6F33,R1,A,log-sigma-3-0-mm-3D,8518,0,0,0.0,0.0,-1.8213574886322021,2.3655025959014893
IMG-2EBA49844B,R1,B,wavelet-LLH,15219,0,0,0.0,0.0,-7.084331512451172,6.1516242027282715
IMG-2EBA49844B,R1,B,wavelet-LHL,15219,0,0,0.0,0.0,-6.042343616485596,6.785797119140625
IMG-2EBA49844B,R1,B,wavelet-LHH,15219,0,0,0.0,0.0,-2.9627685546875,3.128446102142334
IMG-2EBA49844B,R1,B,wavelet-HLL,15219,0,0,0.0,0.0,-5.774155616760254,5.247346878051758
IMG-2EBA49844B,R1,B,wavelet-HLH,15219,0,0,0.0,0.0,-2.3744280338287354,2.5434720516204834
IMG-2EBA49844B,R1,B,wavelet-HHL,15219,0,0,0.0,0.0,-2.8033485412597656,2.5865540504455566
IMG-2EBA49844B,R1,B,wavelet-HHH,15219,0,0,0.0,0.0,-1.734130620956421,1.5769176483154297
IMG-2EBA49844B,R1,B,wavelet-LLL,15219,1,0,6.570733950982325e-05,0.0,-11.006376266479492,23.574222564697266
IMG-2EBA49844B,R1,B,log-sigma-1-0-mm-3D,15219,0,0,0.0,0.0,-2.4945225715637207,3.7717952728271484
IMG-2EBA49844B,R1,B,log-sigma-2-0-mm-3D,15219,0,0,0.0,0.0,-4.859762191772461,3.795928955078125
IMG-2EBA49844B,R1,B,log-sigma-3-0-mm-3D,15219,0,0,0.0,0.0,-4.337276935577393,3.0288639068603516
IMG-EFFAAC8239,R1,A,wavelet-LLH,276,0,0,0.0,0.0,-3.6432442665100098,3.990849256515503
IMG-EFFAAC8239,R1,A,wavelet-LHL,276,0,0,0.0,0.0,-7.275634288787842,2.6189327239990234
IMG-EFFAAC8239,R1,A,wavelet-LHH,276,0,0,0.0,0.0,-1.88724946975708,4.673994064331055
IMG-EFFAAC8239,R1,A,wavelet-HLL,276,0,0,0.0,0.0,-5.759908199310303,4.659222602844238
IMG-EFFAAC8239,R1,A,wavelet-HLH,276,0,0,0.0,0.0,-3.601698637008667,2.7163174152374268
IMG-EFFAAC8239,R1,A,wavelet-HHL,276,0,0,0.0,0.0,-5.92805814743042,6.807818412780762
IMG-EFFAAC8239,R1,A,wavelet-HHH,276,0,0,0.0,0.0,-3.822246789932251,2.568375587463379
IMG-EFFAAC8239,R1,A,wavelet-LLL,276,0,0,0.0,0.0,-6.229642868041992,10.495183944702148
IMG-EFFAAC8239,R1,A,log-sigma-1-0-mm-3D,276,0,0,0.0,0.0,-1.4513999223709106,1.5299601554870605
IMG-EFFAAC8239,R1,A,log-sigma-2-0-mm-3D,276,0,0,0.0,0.0,-1.1488434076309204,3.4244155883789062
IMG-EFFAAC8239,R1,A,log-sigma-3-0-mm-3D,276,0,0,0.0,0.0,-0.48347869515419006,3.2921061515808105
IMG-484D861783,R1,A,wavelet-LLH,6796,0,0,0.0,0.0,-5.5398268699646,4.2699103355407715
IMG-484D861783,R1,A,wavelet-LHL,6796,0,0,0.0,0.0,-9.73851203918457,5.272716045379639
IMG-484D861783,R1,A,wavelet-LHH,6796,0,0,0.0,0.0,-2.5823607444763184,2.7358131408691406
IMG-484D861783,R1,A,wavelet-HLL,6796,0,0,0.0,0.0,-10.373613357543945,4.7602620124816895
IMG-484D861783,R1,A,wavelet-HLH,6796,0,0,0.0,0.0,-2.0855226516723633,3.319770574569702
IMG-484D861783,R1,A,wavelet-HHL,6796,0,0,0.0,0.0,-3.8004815578460693,4.674510955810547
IMG-484D861783,R1,A,wavelet-HHH,6796,0,0,0.0,0.0,-2.220757246017456,1.7077562808990479
IMG-484D861783,R1,A,wavelet-LLL,6796,0,0,0.0,0.0,-6.59027099609375,12.689287185668945
IMG-484D861783,R1,A,log-sigma-1-0-mm-3D,6796,0,0,0.0,0.0,-2.7180962562561035,2.453895330429077
IMG-484D861783,R1,A,log-sigma-2-0-mm-3D,6796,0,0,0.0,0.0,-2.298668384552002,2.4100706577301025
IMG-484D861783,R1,A,log-sigma-3-0-mm-3D,6796,0,0,0.0,0.0,-2.459773540496826,2.4676976203918457
IMG-D032350B9E,R1,A,wavelet-LLH,2423,0,0,0.0,0.0,-2.6246044635772705,2.3940234184265137
IMG-D032350B9E,R1,A,wavelet-LHL,2423,0,0,0.0,0.0,-3.6618664264678955,3.292811632156372
IMG-D032350B9E,R1,A,wavelet-LHH,2423,0,0,0.0,0.0,-1.3972342014312744,1.2622802257537842
IMG-D032350B9E,R1,A,wavelet-HLL,2423,0,0,0.0,0.0,-4.914653778076172,5.126097679138184
IMG-D032350B9E,R1,A,wavelet-HLH,2423,0,0,0.0,0.0,-1.7436176538467407,2.189664363861084
IMG-D032350B9E,R1,A,wavelet-HHL,2423,0,0,0.0,0.0,-3.330381155014038,2.9764516353607178
IMG-D032350B9E,R1,A,wavelet-HHH,2423,0,0,0.0,0.0,-1.4374700784683228,1.5949360132217407
IMG-D032350B9E,R1,A,wavelet-LLL,2423,0,0,0.0,0.0,-6.607160568237305,10.079605102539062
IMG-D032350B9E,R1,A,log-sigma-1-0-mm-3D,2423,0,0,0.0,0.0,-2.256273031234741,2.100533962249756
IMG-D032350B9E,R1,A,log-sigma-2-0-mm-3D,2423,0,0,0.0,0.0,-1.473259449005127,2.0197017192840576
IMG-D032350B9E,R1,A,log-sigma-3-0-mm-3D,2423,0,0,0.0,0.0,-1.0431607961654663,2.128769636154175
IMG-D1D5842957,R1,B,wavelet-LLH,2364,0,0,0.0,0.0,-6.218029022216797,4.744116306304932
IMG-D1D5842957,R1,B,wavelet-LHL,2364,0,0,0.0,0.0,-3.828420400619507,4.753874778747559
IMG-D1D5842957,R1,B,wavelet-LHH,2364,0,0,0.0,0.0,-2.23897647857666,2.3489928245544434
IMG-D1D5842957,R1,B,wavelet-HLL,2364,0,0,0.0,0.0,-5.233279228210449,5.8838911056518555
IMG-D1D5842957,R1,B,wavelet-HLH,2364,0,0,0.0,0.0,-2.2564661502838135,2.1452555656433105
IMG-D1D5842957,R1,B,wavelet-HHL,2364,0,0,0.0,0.0,-3.741858720779419,3.4724619388580322
IMG-D1D5842957,R1,B,wavelet-HHH,2364,0,0,0.0,0.0,-1.4179331064224243,1.5007230043411255
IMG-D1D5842957,R1,B,wavelet-LLL,2364,0,0,0.0,0.0,-5.51045036315918,12.98298454284668
IMG-D1D5842957,R1,B,log-sigma-1-0-mm-3D,2364,0,0,0.0,0.0,-1.1799468994140625,3.004322052001953
IMG-D1D5842957,R1,B,log-sigma-2-0-mm-3D,2364,0,0,0.0,0.0,-1.5467082262039185,2.903620958328247
IMG-D1D5842957,R1,B,log-sigma-3-0-mm-3D,2364,0,0,0.0,0.0,-2.085134744644165,2.8455429077148438
IMG-590C82EC78,R1,A,wavelet-LLH,1725,0,0,0.0,0.0,-3.3782799243927,3.655736207962036
IMG-590C82EC78,R1,A,wavelet-LHL,1725,0,0,0.0,0.0,-6.5817790031433105,5.201559543609619
IMG-590C82EC78,R1,A,wavelet-LHH,1725,0,0,0.0,0.0,-2.1192944049835205,2.715829610824585
IMG-590C82EC78,R1,A,wavelet-HLL,1725,0,0,0.0,0.0,-2.9810712337493896,6.612748622894287
IMG-590C82EC78,R1,A,wavelet-HLH,1725,0,0,0.0,0.0,-2.813490867614746,1.7524911165237427
IMG-590C82EC78,R1,A,wavelet-HHL,1725,0,0,0.0,0.0,-3.7277464866638184,3.711240291595459
IMG-590C82EC78,R1,A,wavelet-HHH,1725,0,0,0.0,0.0,-1.7083096504211426,2.0806562900543213
IMG-590C82EC78,R1,A,wavelet-LLL,1725,0,0,0.0,0.0,-5.902054309844971,10.497443199157715
IMG-590C82EC78,R1,A,log-sigma-1-0-mm-3D,1725,0,0,0.0,0.0,-2.023392915725708,2.804689884185791
IMG-590C82EC78,R1,A,log-sigma-2-0-mm-3D,1725,0,0,0.0,0.0,-2.339944839477539,2.471799612045288
IMG-590C82EC78,R1,A,log-sigma-3-0-mm-3D,1725,0,0,0.0,0.0,-1.4149023294448853,2.339404821395874
IMG-1D343A7BA2,R1,A,wavelet-LLH,7936,0,0,0.0,0.0,-7.072734832763672,4.150496482849121
IMG-1D343A7BA2,R1,A,wavelet-LHL,7936,0,0,0.0,0.0,-9.363285064697266,6.188873291015625
IMG-1D343A7BA2,R1,A,wavelet-LHH,7936,0,0,0.0,0.0,-2.857390880584717,3.911391019821167
IMG-1D343A7BA2,R1,A,wavelet-HLL,7936,0,0,0.0,0.0,-6.0958123207092285,4.875807285308838
IMG-1D343A7BA2,R1,A,wavelet-HLH,7936,0,0,0.0,0.0,-2.384732484817505,2.770050287246704
IMG-1D343A7BA2,R1,A,wavelet-HHL,7936,0,0,0.0,0.0,-5.125357627868652,4.617587089538574
IMG-1D343A7BA2,R1,A,wavelet-HHH,7936,0,0,0.0,0.0,-1.666786789894104,1.7859479188919067
IMG-1D343A7BA2,R1,A,wavelet-LLL,7936,0,0,0.0,0.0,-5.776463031768799,17.979825973510742
IMG-1D343A7BA2,R1,A,log-sigma-1-0-mm-3D,7936,0,0,0.0,0.0,-2.188508987426758,2.7917771339416504
IMG-1D343A7BA2,R1,A,log-sigma-2-0-mm-3D,7936,0,0,0.0,0.0,-2.482591152191162,2.2155139446258545
IMG-1D343A7BA2,R1,A,log-sigma-3-0-mm-3D,7936,0,0,0.0,0.0,-3.0247628688812256,1.6413419246673584
IMG-36EEC399FC,R1,A,wavelet-LLH,5753,0,0,0.0,0.0,-5.214856147766113,3.6653892993927
IMG-36EEC399FC,R1,A,wavelet-LHL,5753,0,0,0.0,0.0,-8.556600570678711,6.299849510192871
IMG-36EEC399FC,R1,A,wavelet-LHH,5753,0,0,0.0,0.0,-2.4633679389953613,2.907977819442749
IMG-36EEC399FC,R1,A,wavelet-HLL,5753,0,0,0.0,0.0,-7.273382663726807,6.459975242614746
IMG-36EEC399FC,R1,A,wavelet-HLH,5753,0,0,0.0,0.0,-2.3603031635284424,2.100482702255249
IMG-36EEC399FC,R1,A,wavelet-HHL,5753,0,0,0.0,0.0,-4.512120246887207,4.278735637664795
IMG-36EEC399FC,R1,A,wavelet-HHH,5753,0,0,0.0,0.0,-1.7844529151916504,2.0739927291870117
IMG-36EEC399FC,R1,A,wavelet-LLL,5753,0,0,0.0,0.0,-6.1480207443237305,13.723520278930664
IMG-36EEC399FC,R1,A,log-sigma-1-0-mm-3D,5753,0,0,0.0,0.0,-2.4346892833709717,2.1955533027648926
IMG-36EEC399FC,R1,A,log-sigma-2-0-mm-3D,5753,0,0,0.0,0.0,-2.357455253601074,2.2255754470825195
IMG-36EEC399FC,R1,A,log-sigma-3-0-mm-3D,5753,0,0,0.0,0.0,-1.6882292032241821,2.2665977478027344
IMG-E740D52D51,R1,A,wavelet-LLH,31051,0,0,0.0,0.0,-7.510537147521973,7.0282158851623535
IMG-E740D52D51,R1,A,wavelet-LHL,31051,0,0,0.0,0.0,-4.696100234985352,4.3284993171691895
IMG-E740D52D51,R1,A,wavelet-LHH,31051,0,0,0.0,0.0,-3.4479451179504395,4.5085015296936035
IMG-E740D52D51,R1,A,wavelet-HLL,31051,0,0,0.0,0.0,-8.409393310546875,4.316598892211914
IMG-E740D52D51,R1,A,wavelet-HLH,31051,0,0,0.0,0.0,-2.6636202335357666,2.5049691200256348
IMG-E740D52D51,R1,A,wavelet-HHL,31051,0,0,0.0,0.0,-3.635277271270752,3.3596508502960205
IMG-E740D52D51,R1,A,wavelet-HHH,31051,0,0,0.0,0.0,-2.8496813774108887,2.407188653945923
IMG-E740D52D51,R1,A,wavelet-LLL,31051,0,0,0.0,0.0,-9.162776947021484,19.418031692504883
IMG-E740D52D51,R1,A,log-sigma-1-0-mm-3D,31051,0,0,0.0,0.0,-3.9457547664642334,1.9974746704101562
IMG-E740D52D51,R1,A,log-sigma-2-0-mm-3D,31051,0,0,0.0,0.0,-2.601954936981201,2.389787435531616
IMG-E740D52D51,R1,A,log-sigma-3-0-mm-3D,31051,0,0,0.0,0.0,-2.638810396194458,1.9710988998413086
IMG-8FCEE43A85,R1,B,wavelet-LLH,1016,0,0,0.0,0.0,-6.294478416442871,3.9473512172698975
IMG-8FCEE43A85,R1,B,wavelet-LHL,1016,0,0,0.0,0.0,-2.9096338748931885,3.405216932296753
IMG-8FCEE43A85,R1,B,wavelet-LHH,1016,0,0,0.0,0.0,-2.593111276626587,1.5039455890655518
IMG-8FCEE43A85,R1,B,wavelet-HLL,1016,0,0,0.0,0.0,-3.7586848735809326,3.152409076690674
IMG-8FCEE43A85,R1,B,wavelet-HLH,1016,0,0,0.0,0.0,-1.3569124937057495,1.5068031549453735
IMG-8FCEE43A85,R1,B,wavelet-HHL,1016,0,0,0.0,0.0,-1.7387124300003052,1.54817533493042
IMG-8FCEE43A85,R1,B,wavelet-HHH,1016,0,0,0.0,0.0,-0.7380877733230591,0.6733768582344055
IMG-8FCEE43A85,R1,B,wavelet-LLL,1016,0,0,0.0,0.0,-6.186319828033447,12.235187530517578
IMG-8FCEE43A85,R1,B,log-sigma-1-0-mm-3D,1016,0,0,0.0,0.0,-1.1934829950332642,1.704113245010376
IMG-8FCEE43A85,R1,B,log-sigma-2-0-mm-3D,1016,0,0,0.0,0.0,-2.585468053817749,1.2092229127883911
IMG-8FCEE43A85,R1,B,log-sigma-3-0-mm-3D,1016,0,0,0.0,0.0,-2.5485613346099854,1.3011102676391602
IMG-A2468C96C1,R1,B,wavelet-LLH,3532,0,0,0.0,0.0,-3.8234801292419434,6.06342077255249
IMG-A2468C96C1,R1,B,wavelet-LHL,3532,0,0,0.0,0.0,-6.508693218231201,5.786267280578613
IMG-A2468C96C1,R1,B,wavelet-LHH,3532,0,0,0.0,0.0,-2.040393829345703,1.9518991708755493
IMG-A2468C96C1,R1,B,wavelet-HLL,3532,0,0,0.0,0.0,-4.119447231292725,7.360499382019043
IMG-A2468C96C1,R1,B,wavelet-HLH,3532,0,0,0.0,0.0,-1.9893457889556885,1.5924373865127563
IMG-A2468C96C1,R1,B,wavelet-HHL,3532,0,0,0.0,0.0,-2.5912582874298096,2.687037944793701
IMG-A2468C96C1,R1,B,wavelet-HHH,3532,0,0,0.0,0.0,-1.3607261180877686,1.3810198307037354
IMG-A2468C96C1,R1,B,wavelet-LLL,3532,0,0,0.0,0.0,-9.816563606262207,9.665535926818848
IMG-A2468C96C1,R1,B,log-sigma-1-0-mm-3D,3532,0,0,0.0,0.0,-2.375559091567993,1.9198600053787231
IMG-A2468C96C1,R1,B,log-sigma-2-0-mm-3D,3532,0,0,0.0,0.0,-2.433745861053467,2.6984920501708984
IMG-A2468C96C1,R1,B,log-sigma-3-0-mm-3D,3532,0,0,0.0,0.0,-2.659147262573242,2.588336229324341
IMG-A83F2A8C19,R1,A,wavelet-LLH,7663,0,0,0.0,0.0,-4.448761463165283,4.272846221923828
IMG-A83F2A8C19,R1,A,wavelet-LHL,7663,0,0,0.0,0.0,-8.896227836608887,6.266195297241211
IMG-A83F2A8C19,R1,A,wavelet-LHH,7663,0,0,0.0,0.0,-4.697715759277344,3.19091796875
IMG-A83F2A8C19,R1,A,wavelet-HLL,7663,0,0,0.0,0.0,-8.130012512207031,6.652784824371338
IMG-A83F2A8C19,R1,A,wavelet-HLH,7663,0,0,0.0,0.0,-3.241467237472534,3.5862085819244385
IMG-A83F2A8C19,R1,A,wavelet-HHL,7663,0,0,0.0,0.0,-5.026411056518555,4.5757598876953125
IMG-A83F2A8C19,R1,A,wavelet-HHH,7663,0,0,0.0,0.0,-2.306483745574951,3.7769694328308105
IMG-A83F2A8C19,R1,A,wavelet-LLL,7663,0,0,0.0,0.0,-5.705963134765625,12.358295440673828
IMG-A83F2A8C19,R1,A,log-sigma-1-0-mm-3D,7663,0,0,0.0,0.0,-2.142375946044922,2.4021334648132324
IMG-A83F2A8C19,R1,A,log-sigma-2-0-mm-3D,7663,0,0,0.0,0.0,-2.2672715187072754,2.165031671524048
IMG-A83F2A8C19,R1,A,log-sigma-3-0-mm-3D,7663,0,0,0.0,0.0,-1.728758692741394,2.5852229595184326
IMG-AD61D63F8E,R1,A,wavelet-LLH,25188,0,0,0.0,0.0,-5.139465808868408,4.90764856338501
IMG-AD61D63F8E,R1,A,wavelet-LHL,25188,0,0,0.0,0.0,-5.362006664276123,4.151232719421387
IMG-AD61D63F8E,R1,A,wavelet-LHH,25188,0,0,0.0,0.0,-2.211616277694702,2.099928855895996
IMG-AD61D63F8E,R1,A,wavelet-HLL,25188,0,0,0.0,0.0,-6.532785415649414,4.975809574127197
IMG-AD61D63F8E,R1,A,wavelet-HLH,25188,0,0,0.0,0.0,-1.7968668937683105,2.2688865661621094
IMG-AD61D63F8E,R1,A,wavelet-HHL,25188,0,0,0.0,0.0,-4.145436763763428,3.843684673309326
IMG-AD61D63F8E,R1,A,wavelet-HHH,25188,0,0,0.0,0.0,-1.5337148904800415,1.528066635131836
IMG-AD61D63F8E,R1,A,wavelet-LLL,25188,0,0,0.0,0.0,-7.449573993682861,13.7091703414917
IMG-AD61D63F8E,R1,A,log-sigma-1-0-mm-3D,25188,0,0,0.0,0.0,-3.1721351146698,2.4061079025268555
IMG-AD61D63F8E,R1,A,log-sigma-2-0-mm-3D,25188,0,0,0.0,0.0,-2.093964099884033,2.238438844680786
IMG-AD61D63F8E,R1,A,log-sigma-3-0-mm-3D,25188,0,0,0.0,0.0,-1.848434567451477,2.0783965587615967
IMG-1DA75142BB,R1,A,wavelet-LLH,4328,0,0,0.0,0.0,-4.237834930419922,2.3183088302612305
IMG-1DA75142BB,R1,A,wavelet-LHL,4328,0,0,0.0,0.0,-4.390778541564941,4.103935241699219
IMG-1DA75142BB,R1,A,wavelet-LHH,4328,0,0,0.0,0.0,-1.5370265245437622,1.6982314586639404
IMG-1DA75142BB,R1,A,wavelet-HLL,4328,0,0,0.0,0.0,-3.7699339389801025,3.5423662662506104
IMG-1DA75142BB,R1,A,wavelet-HLH,4328,0,0,0.0,0.0,-2.4259331226348877,1.4083483219146729
IMG-1DA75142BB,R1,A,wavelet-HHL,4328,0,0,0.0,0.0,-2.89193058013916,2.5912368297576904
IMG-1DA75142BB,R1,A,wavelet-HHH,4328,0,0,0.0,0.0,-1.0481806993484497,1.3614474534988403
IMG-1DA75142BB,R1,A,wavelet-LLL,4328,0,0,0.0,0.0,-5.596693992614746,11.507046699523926
IMG-1DA75142BB,R1,A,log-sigma-1-0-mm-3D,4328,0,0,0.0,0.0,-2.6870994567871094,1.8209359645843506
IMG-1DA75142BB,R1,A,log-sigma-2-0-mm-3D,4328,0,0,0.0,0.0,-1.5408790111541748,1.9687680006027222
IMG-1DA75142BB,R1,A,log-sigma-3-0-mm-3D,4328,0,0,0.0,0.0,-0.8252074718475342,2.04496431350708
IMG-AC72589A50,R1,A,wavelet-LLH,13008,0,0,0.0,0.0,-5.775433540344238,8.73263931274414
IMG-AC72589A50,R1,A,wavelet-LHL,13008,0,0,0.0,0.0,-7.457218170166016,4.662720680236816
IMG-AC72589A50,R1,A,wavelet-LHH,13008,0,0,0.0,0.0,-2.2588047981262207,2.95428204536438
IMG-AC72589A50,R1,A,wavelet-HLL,13008,0,0,0.0,0.0,-5.605159759521484,5.352386951446533
IMG-AC72589A50,R1,A,wavelet-HLH,13008,0,0,0.0,0.0,-2.4153687953948975,2.43446946144104
IMG-AC72589A50,R1,A,wavelet-HHL,13008,0,0,0.0,0.0,-4.003620147705078,4.074573040008545
IMG-AC72589A50,R1,A,wavelet-HHH,13008,0,0,0.0,0.0,-1.8862464427947998,1.8475708961486816
IMG-AC72589A50,R1,A,wavelet-LLL,13008,0,0,0.0,0.0,-5.957385540008545,13.109367370605469
IMG-AC72589A50,R1,A,log-sigma-1-0-mm-3D,13008,0,0,0.0,0.0,-2.0481956005096436,2.5873217582702637
IMG-AC72589A50,R1,A,log-sigma-2-0-mm-3D,13008,0,0,0.0,0.0,-2.711718797683716,2.3019943237304688
IMG-AC72589A50,R1,A,log-sigma-3-0-mm-3D,13008,0,0,0.0,0.0,-1.941917896270752,2.114023208618164
IMG-B1528A6D99,R1,A,wavelet-LLH,5930,0,0,0.0,0.0,-8.38511848449707,6.954392433166504
IMG-B1528A6D99,R1,A,wavelet-LHL,5930,0,0,0.0,0.0,-7.099970817565918,4.970272541046143
IMG-B1528A6D99,R1,A,wavelet-LHH,5930,0,0,0.0,0.0,-3.1502974033355713,3.9053003787994385
IMG-B1528A6D99,R1,A,wavelet-HLL,5930,0,0,0.0,0.0,-7.114203453063965,5.266883373260498
IMG-B1528A6D99,R1,A,wavelet-HLH,5930,0,0,0.0,0.0,-2.979780435562134,4.274588584899902
IMG-B1528A6D99,R1,A,wavelet-HHL,5930,0,0,0.0,0.0,-4.09052038192749,4.47572660446167
IMG-B1528A6D99,R1,A,wavelet-HHH,5930,0,0,0.0,0.0,-3.1688404083251953,2.0585057735443115
IMG-B1528A6D99,R1,A,wavelet-LLL,5930,0,0,0.0,0.0,-9.30941104888916,15.058725357055664
IMG-B1528A6D99,R1,A,log-sigma-1-0-mm-3D,5930,0,0,0.0,0.0,-3.2233657836914062,3.3069863319396973
IMG-B1528A6D99,R1,A,log-sigma-2-0-mm-3D,5930,0,0,0.0,0.0,-3.966787815093994,2.0058984756469727
IMG-B1528A6D99,R1,A,log-sigma-3-0-mm-3D,5930,0,0,0.0,0.0,-3.395568370819092,1.7282817363739014
IMG-1764C2BF64,R1,B,wavelet-LLH,2273,0,0,0.0,0.0,-6.5495381355285645,2.7117605209350586
IMG-1764C2BF64,R1,B,wavelet-LHL,2273,0,0,0.0,0.0,-4.484895706176758,5.95623779296875
IMG-1764C2BF64,R1,B,wavelet-LHH,2273,0,0,0.0,0.0,-2.0229668617248535,2.574310064315796
IMG-1764C2BF64,R1,B,wavelet-HLL,2273,0,0,0.0,0.0,-4.985649585723877,3.0406181812286377
IMG-1764C2BF64,R1,B,wavelet-HLH,2273,0,0,0.0,0.0,-3.0109944343566895,2.227494478225708
IMG-1764C2BF64,R1,B,wavelet-HHL,2273,0,0,0.0,0.0,-2.247344732284546,2.6510045528411865
IMG-1764C2BF64,R1,B,wavelet-HHH,2273,0,0,0.0,0.0,-1.274300456047058,1.0749361515045166
IMG-1764C2BF64,R1,B,wavelet-LLL,2273,0,0,0.0,0.0,-9.996759414672852,15.055500030517578
IMG-1764C2BF64,R1,B,log-sigma-1-0-mm-3D,2273,0,0,0.0,0.0,-2.688934564590454,1.7908083200454712
IMG-1764C2BF64,R1,B,log-sigma-2-0-mm-3D,2273,0,0,0.0,0.0,-3.7836241722106934,1.7505602836608887
IMG-1764C2BF64,R1,B,log-sigma-3-0-mm-3D,2273,0,0,0.0,0.0,-3.4933624267578125,2.3846049308776855
IMG-4E9691F81E,R1,A,wavelet-LLH,11318,0,0,0.0,0.0,-6.510452747344971,5.961408615112305
IMG-4E9691F81E,R1,A,wavelet-LHL,11318,0,0,0.0,0.0,-8.334205627441406,9.820934295654297
IMG-4E9691F81E,R1,A,wavelet-LHH,11318,0,0,0.0,0.0,-3.9797651767730713,3.5137476921081543
IMG-4E9691F81E,R1,A,wavelet-HLL,11318,0,0,0.0,0.0,-9.182358741760254,8.753541946411133
IMG-4E9691F81E,R1,A,wavelet-HLH,11318,0,0,0.0,0.0,-4.574821472167969,3.3806049823760986
IMG-4E9691F81E,R1,A,wavelet-HHL,11318,0,0,0.0,0.0,-7.517111301422119,5.085114479064941
IMG-4E9691F81E,R1,A,wavelet-HHH,11318,0,0,0.0,0.0,-2.7887957096099854,3.581045389175415
IMG-4E9691F81E,R1,A,wavelet-LLL,11318,0,0,0.0,0.0,-7.947618007659912,13.980000495910645
IMG-4E9691F81E,R1,A,log-sigma-1-0-mm-3D,11318,0,0,0.0,0.0,-2.542360782623291,4.104710578918457
IMG-4E9691F81E,R1,A,log-sigma-2-0-mm-3D,11318,0,0,0.0,0.0,-2.7090344429016113,3.454866886138916
IMG-4E9691F81E,R1,A,log-sigma-3-0-mm-3D,11318,0,0,0.0,0.0,-2.6818745136260986,2.9291303157806396
IMG-6EE77F37E5,R1,B,wavelet-LLH,5747,0,0,0.0,0.0,-6.151796817779541,5.358025074005127
IMG-6EE77F37E5,R1,B,wavelet-LHL,5747,0,0,0.0,0.0,-6.568271160125732,10.096599578857422
IMG-6EE77F37E5,R1,B,wavelet-LHH,5747,0,0,0.0,0.0,-2.9755120277404785,3.1557350158691406
IMG-6EE77F37E5,R1,B,wavelet-HLL,5747,0,0,0.0,0.0,-9.146404266357422,5.352614402770996
IMG-6EE77F37E5,R1,B,wavelet-HLH,5747,0,0,0.0,0.0,-2.049095869064331,2.885754108428955
IMG-6EE77F37E5,R1,B,wavelet-HHL,5747,0,0,0.0,0.0,-4.523740291595459,3.7228503227233887
IMG-6EE77F37E5,R1,B,wavelet-HHH,5747,0,0,0.0,0.0,-1.6173723936080933,1.4342933893203735
IMG-6EE77F37E5,R1,B,wavelet-LLL,5747,2,0,0.0003480076561684357,0.0,-12.570533752441406,14.216521263122559
IMG-6EE77F37E5,R1,B,log-sigma-1-0-mm-3D,5747,0,0,0.0,0.0,-2.9334654808044434,2.854968786239624
IMG-6EE77F37E5,R1,B,log-sigma-2-0-mm-3D,5747,0,0,0.0,0.0,-2.2682080268859863,3.4383013248443604
IMG-6EE77F37E5,R1,B,log-sigma-3-0-mm-3D,5747,0,0,0.0,0.0,-2.132542848587036,3.1440529823303223
IMG-ECE007F92E,R1,A,wavelet-LLH,17347,0,0,0.0,0.0,-3.7320146560668945,3.767554759979248
IMG-ECE007F92E,R1,A,wavelet-LHL,17347,0,0,0.0,0.0,-5.3330979347229,5.348447322845459
IMG-ECE007F92E,R1,A,wavelet-LHH,17347,0,0,0.0,0.0,-2.354858160018921,2.3741469383239746
IMG-ECE007F92E,R1,A,wavelet-HLL,17347,0,0,0.0,0.0,-4.393479824066162,4.092436790466309
IMG-ECE007F92E,R1,A,wavelet-HLH,17347,0,0,0.0,0.0,-2.328275680541992,1.8603018522262573
IMG-ECE007F92E,R1,A,wavelet-HHL,17347,0,0,0.0,0.0,-4.195121765136719,4.062544822692871
IMG-ECE007F92E,R1,A,wavelet-HHH,17347,0,0,0.0,0.0,-1.7033382654190063,1.6436216831207275
IMG-ECE007F92E,R1,A,wavelet-LLL,17347,0,0,0.0,0.0,-6.728891372680664,10.298898696899414
IMG-ECE007F92E,R1,A,log-sigma-1-0-mm-3D,17347,0,0,0.0,0.0,-2.9110538959503174,1.851933240890503
IMG-ECE007F92E,R1,A,log-sigma-2-0-mm-3D,17347,0,0,0.0,0.0,-2.039862871170044,2.0293898582458496
IMG-ECE007F92E,R1,A,log-sigma-3-0-mm-3D,17347,0,0,0.0,0.0,-1.5398986339569092,2.190169334411621
IMG-E4848F18F3,R1,A,wavelet-LLH,26183,0,0,0.0,0.0,-2.921529769897461,2.694051742553711
IMG-E4848F18F3,R1,A,wavelet-LHL,26183,0,0,0.0,0.0,-3.83931303024292,3.1297292709350586
IMG-E4848F18F3,R1,A,wavelet-LHH,26183,0,0,0.0,0.0,-1.4436454772949219,1.403901219367981
IMG-E4848F18F3,R1,A,wavelet-HLL,26183,0,0,0.0,0.0,-3.591989517211914,4.964389324188232
IMG-E4848F18F3,R1,A,wavelet-HLH,26183,0,0,0.0,0.0,-1.5422728061676025,1.6743146181106567
IMG-E4848F18F3,R1,A,wavelet-HHL,26183,0,0,0.0,0.0,-1.641883134841919,2.050901412963867
IMG-E4848F18F3,R1,A,wavelet-HHH,26183,0,0,0.0,0.0,-1.0241749286651611,0.9418866634368896
IMG-E4848F18F3,R1,A,wavelet-LLL,26183,0,0,0.0,0.0,-5.07222843170166,9.221515655517578
IMG-E4848F18F3,R1,A,log-sigma-1-0-mm-3D,26183,0,0,0.0,0.0,-2.0325708389282227,1.3745166063308716
IMG-E4848F18F3,R1,A,log-sigma-2-0-mm-3D,26183,0,0,0.0,0.0,-1.7099159955978394,1.552464246749878
IMG-E4848F18F3,R1,A,log-sigma-3-0-mm-3D,26183,0,0,0.0,0.0,-1.779754877090454,1.0422215461730957
IMG-3308024D3D,R1,A,wavelet-LLH,17556,0,0,0.0,0.0,-3.9647157192230225,6.435205936431885
IMG-3308024D3D,R1,A,wavelet-LHL,17556,0,0,0.0,0.0,-4.524508953094482,3.6533164978027344
IMG-3308024D3D,R1,A,wavelet-LHH,17556,0,0,0.0,0.0,-1.986687183380127,1.61940336227417
IMG-3308024D3D,R1,A,wavelet-HLL,17556,0,0,0.0,0.0,-4.187917232513428,3.848568916320801
IMG-3308024D3D,R1,A,wavelet-HLH,17556,0,0,0.0,0.0,-2.0744898319244385,1.6173584461212158
IMG-3308024D3D,R1,A,wavelet-HHL,17556,0,0,0.0,0.0,-2.9334349632263184,2.7265725135803223
IMG-3308024D3D,R1,A,wavelet-HHH,17556,0,0,0.0,0.0,-1.145211935043335,1.3553547859191895
IMG-3308024D3D,R1,A,wavelet-LLL,17556,0,0,0.0,0.0,-5.414813041687012,9.475046157836914
IMG-3308024D3D,R1,A,log-sigma-1-0-mm-3D,17556,0,0,0.0,0.0,-2.288722515106201,1.2468003034591675
IMG-3308024D3D,R1,A,log-sigma-2-0-mm-3D,17556,0,0,0.0,0.0,-2.098330020904541,1.2009131908416748
IMG-3308024D3D,R1,A,log-sigma-3-0-mm-3D,17556,0,0,0.0,0.0,-1.908212661743164,1.138796329498291
IMG-747FB60C60,R1,B,wavelet-LLH,6630,0,0,0.0,0.0,-5.1346564292907715,3.6696505546569824
IMG-747FB60C60,R1,B,wavelet-LHL,6630,0,0,0.0,0.0,-2.6536734104156494,3.125526189804077
IMG-747FB60C60,R1,B,wavelet-LHH,6630,0,0,0.0,0.0,-1.417930245399475,1.434617042541504
IMG-747FB60C60,R1,B,wavelet-HLL,6630,0,0,0.0,0.0,-3.0676047801971436,3.705632209777832
IMG-747FB60C60,R1,B,wavelet-HLH,6630,0,0,0.0,0.0,-1.2328011989593506,1.5606967210769653
IMG-747FB60C60,R1,B,wavelet-HHL,6630,0,0,0.0,0.0,-3.1353700160980225,1.8832249641418457
IMG-747FB60C60,R1,B,wavelet-HHH,6630,0,0,0.0,0.0,-0.9929006695747375,0.9142215251922607
IMG-747FB60C60,R1,B,wavelet-LLL,6630,0,0,0.0,0.0,-9.652359008789062,8.511634826660156
IMG-747FB60C60,R1,B,log-sigma-1-0-mm-3D,6630,0,0,0.0,0.0,-1.4701101779937744,1.869983196258545
IMG-747FB60C60,R1,B,log-sigma-2-0-mm-3D,6630,0,0,0.0,0.0,-1.7033170461654663,1.820083737373352
IMG-747FB60C60,R1,B,log-sigma-3-0-mm-3D,6630,0,0,0.0,0.0,-1.7664268016815186,1.4279351234436035
IMG-5510E43A20,R1,A,wavelet-LLH,6744,0,0,0.0,0.0,-7.233935356140137,4.4689741134643555
IMG-5510E43A20,R1,A,wavelet-LHL,6744,0,0,0.0,0.0,-9.502891540527344,9.103635787963867
IMG-5510E43A20,R1,A,wavelet-LHH,6744,0,0,0.0,0.0,-3.9901225566864014,4.456637859344482
IMG-5510E43A20,R1,A,wavelet-HLL,6744,0,0,0.0,0.0,-7.707420825958252,5.341670036315918
IMG-5510E43A20,R1,A,wavelet-HLH,6744,0,0,0.0,0.0,-3.257188081741333,3.869932174682617
IMG-5510E43A20,R1,A,wavelet-HHL,6744,0,0,0.0,0.0,-5.0637617111206055,5.053239822387695
IMG-5510E43A20,R1,A,wavelet-HHH,6744,0,0,0.0,0.0,-2.882066488265991,2.350950002670288
IMG-5510E43A20,R1,A,wavelet-LLL,6744,0,0,0.0,0.0,-7.06988525390625,13.583779335021973
IMG-5510E43A20,R1,A,log-sigma-1-0-mm-3D,6744,0,0,0.0,0.0,-3.0568313598632812,2.74489164352417
IMG-5510E43A20,R1,A,log-sigma-2-0-mm-3D,6744,0,0,0.0,0.0,-2.4085123538970947,2.5732483863830566
IMG-5510E43A20,R1,A,log-sigma-3-0-mm-3D,6744,0,0,0.0,0.0,-2.382852792739868,2.736013412475586
IMG-59F1C27615,R1,A,wavelet-LLH,4671,0,0,0.0,0.0,-6.23616361618042,3.6557390689849854
IMG-59F1C27615,R1,A,wavelet-LHL,4671,0,0,0.0,0.0,-7.734643936157227,9.402177810668945
IMG-59F1C27615,R1,A,wavelet-LHH,4671,0,0,0.0,0.0,-2.8208506107330322,2.87640643119812
IMG-59F1C27615,R1,A,wavelet-HLL,4671,0,0,0.0,0.0,-6.214827537536621,7.028350353240967
IMG-59F1C27615,R1,A,wavelet-HLH,4671,0,0,0.0,0.0,-3.933899164199829,2.822856903076172
IMG-59F1C27615,R1,A,wavelet-HHL,4671,0,0,0.0,0.0,-6.137072563171387,5.651742458343506
IMG-59F1C27615,R1,A,wavelet-HHH,4671,0,0,0.0,0.0,-2.385338068008423,2.5523481369018555
IMG-59F1C27615,R1,A,wavelet-LLL,4671,0,0,0.0,0.0,-6.7201690673828125,15.510013580322266
IMG-59F1C27615,R1,A,log-sigma-1-0-mm-3D,4671,0,0,0.0,0.0,-2.5120298862457275,2.6487174034118652
IMG-59F1C27615,R1,A,log-sigma-2-0-mm-3D,4671,0,0,0.0,0.0,-2.1696627140045166,2.477987289428711
IMG-59F1C27615,R1,A,log-sigma-3-0-mm-3D,4671,0,0,0.0,0.0,-2.1354610919952393,2.263570785522461
IMG-467A11749B,R1,A,wavelet-LLH,758,0,0,0.0,0.0,-5.460150241851807,5.656866550445557
IMG-467A11749B,R1,A,wavelet-LHL,758,0,0,0.0,0.0,-11.136146545410156,6.455602645874023
IMG-467A11749B,R1,A,wavelet-LHH,758,0,0,0.0,0.0,-3.420053243637085,4.4498610496521
IMG-467A11749B,R1,A,wavelet-HLL,758,0,0,0.0,0.0,-11.343957901000977,5.935995578765869
IMG-467A11749B,R1,A,wavelet-HLH,758,0,0,0.0,0.0,-3.4495577812194824,3.1512181758880615
IMG-467A11749B,R1,A,wavelet-HHL,758,0,0,0.0,0.0,-6.477538108825684,8.215906143188477
IMG-467A11749B,R1,A,wavelet-HHH,758,0,0,0.0,0.0,-2.1441454887390137,3.3381073474884033
IMG-467A11749B,R1,A,wavelet-LLL,758,0,0,0.0,0.0,-4.75225305557251,12.968372344970703
IMG-467A11749B,R1,A,log-sigma-1-0-mm-3D,758,0,0,0.0,0.0,-1.6954941749572754,2.566333532333374
IMG-467A11749B,R1,A,log-sigma-2-0-mm-3D,758,0,0,0.0,0.0,-2.5366532802581787,1.679587960243225
IMG-467A11749B,R1,A,log-sigma-3-0-mm-3D,758,0,0,0.0,0.0,-2.4622440338134766,1.5382895469665527
IMG-510371DDF5,R1,A,wavelet-LLH,6170,0,0,0.0,0.0,-6.781253814697266,20.358474731445312
IMG-510371DDF5,R1,A,wavelet-LHL,6170,0,0,0.0,0.0,-5.581555366516113,7.973953723907471
IMG-510371DDF5,R1,A,wavelet-LHH,6170,0,0,0.0,0.0,-2.6510517597198486,3.8579792976379395
IMG-510371DDF5,R1,A,wavelet-HLL,6170,0,0,0.0,0.0,-5.451376438140869,5.1801018714904785
IMG-510371DDF5,R1,A,wavelet-HLH,6170,0,0,0.0,0.0,-2.8697261810302734,3.5038957595825195
IMG-510371DDF5,R1,A,wavelet-HHL,6170,0,0,0.0,0.0,-4.213502407073975,6.087641716003418
IMG-510371DDF5,R1,A,wavelet-HHH,6170,0,0,0.0,0.0,-1.9939788579940796,1.909638524055481
IMG-510371DDF5,R1,A,wavelet-LLL,6170,0,0,0.0,0.0,-8.59538459777832,11.505744934082031
IMG-510371DDF5,R1,A,log-sigma-1-0-mm-3D,6170,0,0,0.0,0.0,-3.2727842330932617,3.0330748558044434
IMG-510371DDF5,R1,A,log-sigma-2-0-mm-3D,6170,0,0,0.0,0.0,-2.2065587043762207,3.4051499366760254
IMG-510371DDF5,R1,A,log-sigma-3-0-mm-3D,6170,0,0,0.0,0.0,-2.6638810634613037,3.0986883640289307
IMG-A8EB341591,R1,A,wavelet-LLH,41461,0,0,0.0,0.0,-6.157275676727295,3.990133762359619
IMG-A8EB341591,R1,A,wavelet-LHL,41461,0,0,0.0,0.0,-6.4335174560546875,5.432619094848633
IMG-A8EB341591,R1,A,wavelet-LHH,41461,0,0,0.0,0.0,-2.7346982955932617,2.2455711364746094
IMG-A8EB341591,R1,A,wavelet-HLL,41461,0,0,0.0,0.0,-7.457489013671875,5.638622283935547
IMG-A8EB341591,R1,A,wavelet-HLH,41461,0,0,0.0,0.0,-2.286207437515259,2.5899062156677246
IMG-A8EB341591,R1,A,wavelet-HHL,41461,0,0,0.0,0.0,-4.096474647521973,4.332609176635742
IMG-A8EB341591,R1,A,wavelet-HHH,41461,0,0,0.0,0.0,-1.9743564128875732,1.9552929401397705
IMG-A8EB341591,R1,A,wavelet-LLL,41461,0,0,0.0,0.0,-6.791354179382324,18.436532974243164
IMG-A8EB341591,R1,A,log-sigma-1-0-mm-3D,41461,0,0,0.0,0.0,-3.0125958919525146,3.2853918075561523
IMG-A8EB341591,R1,A,log-sigma-2-0-mm-3D,41461,0,0,0.0,0.0,-2.6239190101623535,3.154223918914795
IMG-A8EB341591,R1,A,log-sigma-3-0-mm-3D,41461,0,0,0.0,0.0,-2.7800116539001465,2.3506698608398438
IMG-D4F62F739A,R1,B,wavelet-LLH,6839,0,0,0.0,0.0,-7.324434757232666,4.41465950012207
IMG-D4F62F739A,R1,B,wavelet-LHL,6839,0,0,0.0,0.0,-6.048457622528076,4.208172798156738
IMG-D4F62F739A,R1,B,wavelet-LHH,6839,0,0,0.0,0.0,-2.7868757247924805,2.4314019680023193
IMG-D4F62F739A,R1,B,wavelet-HLL,6839,0,0,0.0,0.0,-6.110588550567627,4.547468185424805
IMG-D4F62F739A,R1,B,wavelet-HLH,6839,0,0,0.0,0.0,-2.025508165359497,2.148836135864258
IMG-D4F62F739A,R1,B,wavelet-HHL,6839,0,0,0.0,0.0,-3.553542137145996,3.888239622116089
IMG-D4F62F739A,R1,B,wavelet-HHH,6839,0,0,0.0,0.0,-1.9655940532684326,1.851793646812439
IMG-D4F62F739A,R1,B,wavelet-LLL,6839,0,0,0.0,0.0,-6.958309173583984,12.283506393432617
IMG-D4F62F739A,R1,B,log-sigma-1-0-mm-3D,6839,0,0,0.0,0.0,-2.3226964473724365,2.0395517349243164
IMG-D4F62F739A,R1,B,log-sigma-2-0-mm-3D,6839,0,0,0.0,0.0,-2.5861639976501465,1.8231375217437744
IMG-D4F62F739A,R1,B,log-sigma-3-0-mm-3D,6839,0,0,0.0,0.0,-3.0326364040374756,1.7788130044937134
IMG-528C6CF610,R1,A,wavelet-LLH,5744,0,0,0.0,0.0,-6.594757556915283,4.981446743011475
IMG-528C6CF610,R1,A,wavelet-LHL,5744,0,0,0.0,0.0,-6.471463203430176,6.056421756744385
IMG-528C6CF610,R1,A,wavelet-LHH,5744,0,0,0.0,0.0,-2.0547642707824707,2.348456859588623
IMG-528C6CF610,R1,A,wavelet-HLL,5744,0,0,0.0,0.0,-7.40301513671875,6.42665958404541
IMG-528C6CF610,R1,A,wavelet-HLH,5744,0,0,0.0,0.0,-2.2862706184387207,3.0174434185028076
IMG-528C6CF610,R1,A,wavelet-HHL,5744,0,0,0.0,0.0,-3.0623619556427,2.9013445377349854
IMG-528C6CF610,R1,A,wavelet-HHH,5744,0,0,0.0,0.0,-1.5650832653045654,1.5949440002441406
IMG-528C6CF610,R1,A,wavelet-LLL,5744,0,0,0.0,0.0,-6.339305400848389,22.896286010742188
IMG-528C6CF610,R1,A,log-sigma-1-0-mm-3D,5744,0,0,0.0,0.0,-2.536924123764038,3.5919666290283203
IMG-528C6CF610,R1,A,log-sigma-2-0-mm-3D,5744,0,0,0.0,0.0,-3.0358667373657227,2.646852970123291
IMG-528C6CF610,R1,A,log-sigma-3-0-mm-3D,5744,0,0,0.0,0.0,-4.391054630279541,2.6929526329040527
IMG-E0F62AB36F,R1,B,wavelet-LLH,2559,0,0,0.0,0.0,-6.686679363250732,4.281270503997803
IMG-E0F62AB36F,R1,B,wavelet-LHL,2559,0,0,0.0,0.0,-3.802989959716797,3.758014678955078
IMG-E0F62AB36F,R1,B,wavelet-LHH,2559,0,0,0.0,0.0,-1.7440409660339355,2.307459831237793
IMG-E0F62AB36F,R1,B,wavelet-HLL,2559,0,0,0.0,0.0,-5.744704246520996,4.2575507164001465
IMG-E0F62AB36F,R1,B,wavelet-HLH,2559,0,0,0.0,0.0,-1.9954662322998047,2.4838767051696777
IMG-E0F62AB36F,R1,B,wavelet-HHL,2559,0,0,0.0,0.0,-2.380887269973755,3.5941503047943115
IMG-E0F62AB36F,R1,B,wavelet-HHH,2559,0,0,0.0,0.0,-1.6190201044082642,1.0786769390106201
IMG-E0F62AB36F,R1,B,wavelet-LLL,2559,0,0,0.0,0.0,-5.5034284591674805,16.739992141723633
IMG-E0F62AB36F,R1,B,log-sigma-1-0-mm-3D,2559,0,0,0.0,0.0,-2.084141492843628,2.5045547485351562
IMG-E0F62AB36F,R1,B,log-sigma-2-0-mm-3D,2559,0,0,0.0,0.0,-2.4738428592681885,2.4969780445098877
IMG-E0F62AB36F,R1,B,log-sigma-3-0-mm-3D,2559,0,0,0.0,0.0,-2.3435821533203125,2.740548849105835
IMG-1C0B040D5F,R1,B,wavelet-LLH,33379,0,0,0.0,0.0,-7.195418834686279,5.0654191970825195
IMG-1C0B040D5F,R1,B,wavelet-LHL,33379,0,0,0.0,0.0,-11.79898452758789,6.194519996643066
IMG-1C0B040D5F,R1,B,wavelet-LHH,33379,0,0,0.0,0.0,-3.37402081489563,4.010720252990723
IMG-1C0B040D5F,R1,B,wavelet-HLL,33379,0,0,0.0,0.0,-11.303668975830078,7.346737384796143
IMG-1C0B040D5F,R1,B,wavelet-HLH,33379,0,0,0.0,0.0,-2.660447120666504,3.8818154335021973
IMG-1C0B040D5F,R1,B,wavelet-HHL,33379,0,0,0.0,0.0,-3.6706032752990723,4.917745590209961
IMG-1C0B040D5F,R1,B,wavelet-HHH,33379,0,0,0.0,0.0,-2.332691192626953,2.2901999950408936
IMG-1C0B040D5F,R1,B,wavelet-LLL,33379,5,0,0.00014979478114982475,0.0,-12.10626220703125,15.399942398071289
IMG-1C0B040D5F,R1,B,log-sigma-1-0-mm-3D,33379,0,0,0.0,0.0,-3.1161630153656006,2.325875997543335
IMG-1C0B040D5F,R1,B,log-sigma-2-0-mm-3D,33379,0,0,0.0,0.0,-2.9608042240142822,2.0778422355651855
IMG-1C0B040D5F,R1,B,log-sigma-3-0-mm-3D,33379,0,0,0.0,0.0,-3.141890525817871,1.9376897811889648
IMG-0B0367AA20,R1,B,wavelet-LLH,1490,0,0,0.0,0.0,-3.561500072479248,5.617307662963867
IMG-0B0367AA20,R1,B,wavelet-LHL,1490,0,0,0.0,0.0,-4.752228736877441,2.5006814002990723
IMG-0B0367AA20,R1,B,wavelet-LHH,1490,0,0,0.0,0.0,-1.5231679677963257,2.563209295272827
IMG-0B0367AA20,R1,B,wavelet-HLL,1490,0,0,0.0,0.0,-2.9679582118988037,3.229944944381714
IMG-0B0367AA20,R1,B,wavelet-HLH,1490,0,0,0.0,0.0,-1.3915326595306396,2.0024845600128174
IMG-0B0367AA20,R1,B,wavelet-HHL,1490,0,0,0.0,0.0,-2.457968235015869,2.608100414276123
IMG-0B0367AA20,R1,B,wavelet-HHH,1490,0,0,0.0,0.0,-1.4387491941452026,1.267531394958496
IMG-0B0367AA20,R1,B,wavelet-LLL,1490,0,0,0.0,0.0,-8.042301177978516,6.122646331787109
IMG-0B0367AA20,R1,B,log-sigma-1-0-mm-3D,1490,0,0,0.0,0.0,-1.6988112926483154,1.380350947380066
IMG-0B0367AA20,R1,B,log-sigma-2-0-mm-3D,1490,0,0,0.0,0.0,-1.728359341621399,2.223590850830078
IMG-0B0367AA20,R1,B,log-sigma-3-0-mm-3D,1490,0,0,0.0,0.0,-1.590742826461792,2.37524676322937
IMG-4A07EA39CE,R1,B,wavelet-LLH,2718,0,0,0.0,0.0,-6.497966766357422,4.261402606964111
IMG-4A07EA39CE,R1,B,wavelet-LHL,2718,0,0,0.0,0.0,-3.2036240100860596,3.6736226081848145
IMG-4A07EA39CE,R1,B,wavelet-LHH,2718,0,0,0.0,0.0,-1.6269195079803467,2.2556421756744385
IMG-4A07EA39CE,R1,B,wavelet-HLL,2718,0,0,0.0,0.0,-5.615697860717773,4.1619415283203125
IMG-4A07EA39CE,R1,B,wavelet-HLH,2718,0,0,0.0,0.0,-1.9506551027297974,2.3490312099456787
IMG-4A07EA39CE,R1,B,wavelet-HHL,2718,0,0,0.0,0.0,-2.327421188354492,3.5134382247924805
IMG-4A07EA39CE,R1,B,wavelet-HHH,2718,0,0,0.0,0.0,-1.5826627016067505,1.297448754310608
IMG-4A07EA39CE,R1,B,wavelet-LLL,2718,0,0,0.0,0.0,-5.892168045043945,18.752906799316406
IMG-4A07EA39CE,R1,B,log-sigma-1-0-mm-3D,2718,0,0,0.0,0.0,-2.2380027770996094,2.4483110904693604
IMG-4A07EA39CE,R1,B,log-sigma-2-0-mm-3D,2718,0,0,0.0,0.0,-2.5060479640960693,2.267576217651367
IMG-4A07EA39CE,R1,B,log-sigma-3-0-mm-3D,2718,0,0,0.0,0.0,-2.35396671295166,2.6731221675872803
IMG-36AC375F9E,R1,A,wavelet-LLH,3353,0,0,0.0,0.0,-2.957900047302246,3.602752447128296
IMG-36AC375F9E,R1,A,wavelet-LHL,3353,0,0,0.0,0.0,-4.688108921051025,4.366281509399414
IMG-36AC375F9E,R1,A,wavelet-LHH,3353,0,0,0.0,0.0,-1.6697520017623901,2.1381192207336426
IMG-36AC375F9E,R1,A,wavelet-HLL,3353,0,0,0.0,0.0,-4.179035186767578,3.4668922424316406
IMG-36AC375F9E,R1,A,wavelet-HLH,3353,0,0,0.0,0.0,-1.93828284740448,1.9711639881134033
IMG-36AC375F9E,R1,A,wavelet-HHL,3353,0,0,0.0,0.0,-3.763866901397705,3.3875536918640137
IMG-36AC375F9E,R1,A,wavelet-HHH,3353,0,0,0.0,0.0,-1.5434492826461792,2.1119885444641113
IMG-36AC375F9E,R1,A,wavelet-LLL,3353,0,0,0.0,0.0,-7.003036022186279,8.393684387207031
IMG-36AC375F9E,R1,A,log-sigma-1-0-mm-3D,3353,0,0,0.0,0.0,-2.0142273902893066,1.6501054763793945
IMG-36AC375F9E,R1,A,log-sigma-2-0-mm-3D,3353,0,0,0.0,0.0,-1.9031215906143188,2.2131288051605225
IMG-36AC375F9E,R1,A,log-sigma-3-0-mm-3D,3353,0,0,0.0,0.0,-1.0943900346755981,2.4545979499816895
IMG-316818AB3A,R1,A,wavelet-LLH,6752,0,0,0.0,0.0,-6.199893951416016,5.8022332191467285
IMG-316818AB3A,R1,A,wavelet-LHL,6752,0,0,0.0,0.0,-5.689696311950684,3.4965269565582275
IMG-316818AB3A,R1,A,wavelet-LHH,6752,0,0,0.0,0.0,-2.672888994216919,1.8212997913360596
IMG-316818AB3A,R1,A,wavelet-HLL,6752,0,0,0.0,0.0,-5.871693134307861,4.884418487548828
IMG-316818AB3A,R1,A,wavelet-HLH,6752,0,0,0.0,0.0,-1.8920818567276,2.4020144939422607
IMG-316818AB3A,R1,A,wavelet-HHL,6752,0,0,0.0,0.0,-4.878629684448242,3.627549409866333
IMG-316818AB3A,R1,A,wavelet-HHH,6752,0,0,0.0,0.0,-1.4368445873260498,1.6499422788619995
IMG-316818AB3A,R1,A,wavelet-LLL,6752,0,0,0.0,0.0,-6.017104148864746,13.382169723510742
IMG-316818AB3A,R1,A,log-sigma-1-0-mm-3D,6752,0,0,0.0,0.0,-1.9795948266983032,2.6894140243530273
IMG-316818AB3A,R1,A,log-sigma-2-0-mm-3D,6752,0,0,0.0,0.0,-2.186528205871582,2.3409550189971924
IMG-316818AB3A,R1,A,log-sigma-3-0-mm-3D,6752,0,0,0.0,0.0,-2.2550277709960938,2.2151198387145996
IMG-455B78B730,R1,A,wavelet-LLH,5860,0,0,0.0,0.0,-3.947749614715576,2.5227115154266357
IMG-455B78B730,R1,A,wavelet-LHL,5860,0,0,0.0,0.0,-4.115246295928955,5.236269950866699
IMG-455B78B730,R1,A,wavelet-LHH,5860,0,0,0.0,0.0,-1.8367512226104736,2.012051820755005
IMG-455B78B730,R1,A,wavelet-HLL,5860,0,0,0.0,0.0,-4.827770709991455,4.729939937591553
IMG-455B78B730,R1,A,wavelet-HLH,5860,0,0,0.0,0.0,-1.780724287033081,2.003868818283081
IMG-455B78B730,R1,A,wavelet-HHL,5860,0,0,0.0,0.0,-3.9433109760284424,3.469735860824585
IMG-455B78B730,R1,A,wavelet-HHH,5860,0,0,0.0,0.0,-2.165787696838379,1.7946949005126953
IMG-455B78B730,R1,A,wavelet-LLL,5860,0,0,0.0,0.0,-6.148604869842529,8.992959976196289
IMG-455B78B730,R1,A,log-sigma-1-0-mm-3D,5860,0,0,0.0,0.0,-1.8002959489822388,1.9981284141540527
IMG-455B78B730,R1,A,log-sigma-2-0-mm-3D,5860,0,0,0.0,0.0,-1.5933252573013306,2.343106508255005
IMG-455B78B730,R1,A,log-sigma-3-0-mm-3D,5860,0,0,0.0,0.0,-1.3683496713638306,2.338886260986328
IMG-E968058CF3,R1,A,wavelet-LLH,6543,0,0,0.0,0.0,-6.35860013961792,15.339691162109375
IMG-E968058CF3,R1,A,wavelet-LHL,6543,0,0,0.0,0.0,-6.634947299957275,4.42205286026001
IMG-E968058CF3,R1,A,wavelet-LHH,6543,0,0,0.0,0.0,-2.2858569622039795,3.2246744632720947
IMG-E968058CF3,R1,A,wavelet-HLL,6543,0,0,0.0,0.0,-7.305304527282715,5.4650397300720215
IMG-E968058CF3,R1,A,wavelet-HLH,6543,0,0,0.0,0.0,-2.7599263191223145,3.6079001426696777
IMG-E968058CF3,R1,A,wavelet-HHL,6543,0,0,0.0,0.0,-4.272242069244385,4.891802787780762
IMG-E968058CF3,R1,A,wavelet-HHH,6543,0,0,0.0,0.0,-2.190767526626587,2.5048716068267822
IMG-E968058CF3,R1,A,wavelet-LLL,6543,0,0,0.0,0.0,-8.844698905944824,16.663677215576172
IMG-E968058CF3,R1,A,log-sigma-1-0-mm-3D,6543,0,0,0.0,0.0,-3.159621000289917,1.9947453737258911
IMG-E968058CF3,R1,A,log-sigma-2-0-mm-3D,6543,0,0,0.0,0.0,-3.209625005722046,2.136784076690674
IMG-E968058CF3,R1,A,log-sigma-3-0-mm-3D,6543,0,0,0.0,0.0,-3.284452438354492,2.186342716217041
IMG-0A611FB1F6,R1,A,wavelet-LLH,7244,0,0,0.0,0.0,-4.096331596374512,3.5975489616394043
IMG-0A611FB1F6,R1,A,wavelet-LHL,7244,0,0,0.0,0.0,-8.649715423583984,4.928247928619385
IMG-0A611FB1F6,R1,A,wavelet-LHH,7244,0,0,0.0,0.0,-3.259040594100952,2.87709641456604
IMG-0A611FB1F6,R1,A,wavelet-HLL,7244,0,0,0.0,0.0,-7.206312656402588,4.375771999359131
IMG-0A611FB1F6,R1,A,wavelet-HLH,7244,0,0,0.0,0.0,-3.0985264778137207,2.4520325660705566
IMG-0A611FB1F6,R1,A,wavelet-HHL,7244,0,0,0.0,0.0,-3.593616485595703,5.352058410644531
IMG-0A611FB1F6,R1,A,wavelet-HHH,7244,0,0,0.0,0.0,-2.373983144760132,1.929885983467102
IMG-0A611FB1F6,R1,A,wavelet-LLL,7244,0,0,0.0,0.0,-7.567963600158691,15.590981483459473
IMG-0A611FB1F6,R1,A,log-sigma-1-0-mm-3D,7244,0,0,0.0,0.0,-1.9219794273376465,2.208521842956543
IMG-0A611FB1F6,R1,A,log-sigma-2-0-mm-3D,7244,0,0,0.0,0.0,-2.4223110675811768,2.4203357696533203
IMG-0A611FB1F6,R1,A,log-sigma-3-0-mm-3D,7244,0,0,0.0,0.0,-2.5634379386901855,2.3037452697753906
IMG-6EF7AC9635,R1,A,wavelet-LLH,9631,0,0,0.0,0.0,-4.5683698654174805,4.967642784118652
IMG-6EF7AC9635,R1,A,wavelet-LHL,9631,0,0,0.0,0.0,-7.768033504486084,7.275766849517822
IMG-6EF7AC9635,R1,A,wavelet-LHH,9631,0,0,0.0,0.0,-2.611246347427368,2.6360726356506348
IMG-6EF7AC9635,R1,A,wavelet-HLL,9631,0,0,0.0,0.0,-6.08916711807251,6.850636959075928
IMG-6EF7AC9635,R1,A,wavelet-HLH,9631,0,0,0.0,0.0,-3.0901293754577637,3.172222852706909
IMG-6EF7AC9635,R1,A,wavelet-HHL,9631,0,0,0.0,0.0,-5.721551895141602,6.201801300048828
IMG-6EF7AC9635,R1,A,wavelet-HHH,9631,0,0,0.0,0.0,-2.4288694858551025,1.9331092834472656
IMG-6EF7AC9635,R1,A,wavelet-LLL,9631,0,0,0.0,0.0,-8.1614351272583,11.038546562194824
IMG-6EF7AC9635,R1,A,log-sigma-1-0-mm-3D,9631,0,0,0.0,0.0,-2.3534321784973145,2.7417075634002686
IMG-6EF7AC9635,R1,A,log-sigma-2-0-mm-3D,9631,0,0,0.0,0.0,-2.048804998397827,2.374262809753418
IMG-6EF7AC9635,R1,A,log-sigma-3-0-mm-3D,9631,0,0,0.0,0.0,-1.1940664052963257,2.5094223022460938
IMG-753DDA4F42,R1,A,wavelet-LLH,2232,0,0,0.0,0.0,-2.3789379596710205,2.848208427429199
IMG-753DDA4F42,R1,A,wavelet-LHL,2232,0,0,0.0,0.0,-3.223778247833252,4.1205153465271
IMG-753DDA4F42,R1,A,wavelet-LHH,2232,0,0,0.0,0.0,-1.7399412393569946,1.7362372875213623
IMG-753DDA4F42,R1,A,wavelet-HLL,2232,0,0,0.0,0.0,-5.760001182556152,6.584971904754639
IMG-753DDA4F42,R1,A,wavelet-HLH,2232,0,0,0.0,0.0,-3.1407618522644043,1.5580930709838867
IMG-753DDA4F42,R1,A,wavelet-HHL,2232,0,0,0.0,0.0,-2.8656554222106934,3.433631181716919
IMG-753DDA4F42,R1,A,wavelet-HHH,2232,0,0,0.0,0.0,-1.3792837858200073,1.603614330291748
IMG-753DDA4F42,R1,A,wavelet-LLL,2232,0,0,0.0,0.0,-6.726376533508301,6.180235862731934
IMG-753DDA4F42,R1,A,log-sigma-1-0-mm-3D,2232,0,0,0.0,0.0,-1.3479679822921753,1.8471451997756958
IMG-753DDA4F42,R1,A,log-sigma-2-0-mm-3D,2232,0,0,0.0,0.0,-1.0752627849578857,1.871269941329956
IMG-753DDA4F42,R1,A,log-sigma-3-0-mm-3D,2232,0,0,0.0,0.0,-0.5818167328834534,2.180837869644165
IMG-0DE717A45F,R1,B,wavelet-LLH,1948,0,0,0.0,0.0,-3.884202003479004,2.0001299381256104
IMG-0DE717A45F,R1,B,wavelet-LHL,1948,0,0,0.0,0.0,-7.162865161895752,3.4391894340515137
IMG-0DE717A45F,R1,B,wavelet-LHH,1948,0,0,0.0,0.0,-1.7346549034118652,2.3345248699188232
IMG-0DE717A45F,R1,B,wavelet-HLL,1948,0,0,0.0,0.0,-9.804222106933594,6.17953634262085
IMG-0DE717A45F,R1,B,wavelet-HLH,1948,0,0,0.0,0.0,-1.8469586372375488,1.7747557163238525
IMG-0DE717A45F,R1,B,wavelet-HHL,1948,0,0,0.0,0.0,-2.7715539932250977,2.253753900527954
IMG-0DE717A45F,R1,B,wavelet-HHH,1948,0,0,0.0,0.0,-1.1126168966293335,1.3542733192443848
IMG-0DE717A45F,R1,B,wavelet-LLL,1948,0,0,0.0,0.0,-7.58195161819458,16.494089126586914
IMG-0DE717A45F,R1,B,log-sigma-1-0-mm-3D,1948,0,0,0.0,0.0,-1.6513400077819824,1.9713010787963867
IMG-0DE717A45F,R1,B,log-sigma-2-0-mm-3D,1948,0,0,0.0,0.0,-3.6515464782714844,1.91922128200531
IMG-0DE717A45F,R1,B,log-sigma-3-0-mm-3D,1948,0,0,0.0,0.0,-3.735257148742676,1.7648210525512695
IMG-E67FBBCB28,R1,B,wavelet-LLH,3900,0,0,0.0,0.0,-3.6518852710723877,3.260760545730591
IMG-E67FBBCB28,R1,B,wavelet-LHL,3900,0,0,0.0,0.0,-3.5518062114715576,5.96312141418457
IMG-E67FBBCB28,R1,B,wavelet-LHH,3900,0,0,0.0,0.0,-2.4305977821350098,2.2591440677642822
IMG-E67FBBCB28,R1,B,wavelet-HLL,3900,0,0,0.0,0.0,-4.085970878601074,5.109330654144287
IMG-E67FBBCB28,R1,B,wavelet-HLH,3900,0,0,0.0,0.0,-1.9778697490692139,1.6650893688201904
IMG-E67FBBCB28,R1,B,wavelet-HHL,3900,0,0,0.0,0.0,-2.7210471630096436,2.906846284866333
IMG-E67FBBCB28,R1,B,wavelet-HHH,3900,0,0,0.0,0.0,-1.3585084676742554,1.2051236629486084
IMG-E67FBBCB28,R1,B,wavelet-LLL,3900,0,0,0.0,0.0,-6.229643821716309,12.343724250793457
IMG-E67FBBCB28,R1,B,log-sigma-1-0-mm-3D,3900,0,0,0.0,0.0,-1.3393915891647339,2.2364590167999268
IMG-E67FBBCB28,R1,B,log-sigma-2-0-mm-3D,3900,0,0,0.0,0.0,-1.4217177629470825,2.68830943107605
IMG-E67FBBCB28,R1,B,log-sigma-3-0-mm-3D,3900,0,0,0.0,0.0,-1.5717277526855469,3.2073631286621094
IMG-D40E6756F5,R1,A,wavelet-LLH,2799,0,0,0.0,0.0,-3.3951539993286133,4.203960418701172
IMG-D40E6756F5,R1,A,wavelet-LHL,2799,0,0,0.0,0.0,-5.638169765472412,8.201972961425781
IMG-D40E6756F5,R1,A,wavelet-LHH,2799,0,0,0.0,0.0,-2.9499423503875732,3.6341779232025146
IMG-D40E6756F5,R1,A,wavelet-HLL,2799,0,0,0.0,0.0,-6.935633182525635,10.717630386352539
IMG-D40E6756F5,R1,A,wavelet-HLH,2799,0,0,0.0,0.0,-3.2659807205200195,2.5530648231506348
IMG-D40E6756F5,R1,A,wavelet-HHL,2799,0,0,0.0,0.0,-10.983222961425781,6.501147747039795
IMG-D40E6756F5,R1,A,wavelet-HHH,2799,0,0,0.0,0.0,-3.4948012828826904,2.9519221782684326
IMG-D40E6756F5,R1,A,wavelet-LLL,2799,0,0,0.0,0.0,-7.451535224914551,11.348610877990723
IMG-D40E6756F5,R1,A,log-sigma-1-0-mm-3D,2799,0,0,0.0,0.0,-1.7117632627487183,2.8717706203460693
IMG-D40E6756F5,R1,A,log-sigma-2-0-mm-3D,2799,0,0,0.0,0.0,-2.4959049224853516,2.705256462097168
IMG-D40E6756F5,R1,A,log-sigma-3-0-mm-3D,2799,0,0,0.0,0.0,-3.100369453430176,2.5863208770751953
IMG-D1AAD39E93,R1,A,wavelet-LLH,10973,0,0,0.0,0.0,-5.874464988708496,5.202341556549072
IMG-D1AAD39E93,R1,A,wavelet-LHL,10973,0,0,0.0,0.0,-11.584322929382324,6.600343227386475
IMG-D1AAD39E93,R1,A,wavelet-LHH,10973,0,0,0.0,0.0,-3.2370693683624268,3.8492727279663086
IMG-D1AAD39E93,R1,A,wavelet-HLL,10973,0,0,0.0,0.0,-17.72132682800293,6.561670303344727
IMG-D1AAD39E93,R1,A,wavelet-HLH,10973,0,0,0.0,0.0,-3.61572265625,4.9452714920043945
IMG-D1AAD39E93,R1,A,wavelet-HHL,10973,0,0,0.0,0.0,-5.6044602394104,4.158296585083008
IMG-D1AAD39E93,R1,A,wavelet-HHH,10973,0,0,0.0,0.0,-2.675438404083252,3.0023820400238037
IMG-D1AAD39E93,R1,A,wavelet-LLL,10973,0,0,0.0,0.0,-8.04118537902832,17.733348846435547
IMG-D1AAD39E93,R1,A,log-sigma-1-0-mm-3D,10973,0,0,0.0,0.0,-2.5833113193511963,2.950052499771118
IMG-D1AAD39E93,R1,A,log-sigma-2-0-mm-3D,10973,0,0,0.0,0.0,-3.00052547454834,2.895469903945923
IMG-D1AAD39E93,R1,A,log-sigma-3-0-mm-3D,10973,0,0,0.0,0.0,-3.014467239379883,2.7683939933776855
IMG-C43C8E321C,R1,A,wavelet-LLH,16889,0,0,0.0,0.0,-3.7219109535217285,7.31378173828125
IMG-C43C8E321C,R1,A,wavelet-LHL,16889,0,0,0.0,0.0,-7.240538120269775,4.482803821563721
IMG-C43C8E321C,R1,A,wavelet-LHH,16889,0,0,0.0,0.0,-2.4716906547546387,2.745797872543335
IMG-C43C8E321C,R1,A,wavelet-HLL,16889,0,0,0.0,0.0,-5.163562774658203,4.822157859802246
IMG-C43C8E321C,R1,A,wavelet-HLH,16889,0,0,0.0,0.0,-2.5157229900360107,2.2808175086975098
IMG-C43C8E321C,R1,A,wavelet-HHL,16889,0,0,0.0,0.0,-3.0891966819763184,4.055502891540527
IMG-C43C8E321C,R1,A,wavelet-HHH,16889,0,0,0.0,0.0,-1.5595276355743408,2.164885997772217
IMG-C43C8E321C,R1,A,wavelet-LLL,16889,0,0,0.0,0.0,-8.574394226074219,16.10111427307129
IMG-C43C8E321C,R1,A,log-sigma-1-0-mm-3D,16889,0,0,0.0,0.0,-3.2608394622802734,1.7294230461120605
IMG-C43C8E321C,R1,A,log-sigma-2-0-mm-3D,16889,0,0,0.0,0.0,-2.858733892440796,1.5935560464859009
IMG-C43C8E321C,R1,A,log-sigma-3-0-mm-3D,16889,0,0,0.0,0.0,-2.0132317543029785,1.559208631515503
IMG-0030A52322,R1,A,wavelet-LLH,4779,0,0,0.0,0.0,-3.0680508613586426,2.3249056339263916
IMG-0030A52322,R1,A,wavelet-LHL,4779,0,0,0.0,0.0,-7.012666702270508,5.290144920349121
IMG-0030A52322,R1,A,wavelet-LHH,4779,0,0,0.0,0.0,-2.0067338943481445,2.7272958755493164
IMG-0030A52322,R1,A,wavelet-HLL,4779,0,0,0.0,0.0,-2.5960867404937744,3.408876657485962
IMG-0030A52322,R1,A,wavelet-HLH,4779,0,0,0.0,0.0,-1.6798152923583984,1.2939190864562988
IMG-0030A52322,R1,A,wavelet-HHL,4779,0,0,0.0,0.0,-5.799755096435547,3.417013645172119
IMG-0030A52322,R1,A,wavelet-HHH,4779,0,0,0.0,0.0,-1.3271872997283936,1.2940789461135864
IMG-0030A52322,R1,A,wavelet-LLL,4779,0,0,0.0,0.0,-5.753843784332275,7.94713020324707
IMG-0030A52322,R1,A,log-sigma-1-0-mm-3D,4779,0,0,0.0,0.0,-2.109668731689453,1.706774353981018
IMG-0030A52322,R1,A,log-sigma-2-0-mm-3D,4779,0,0,0.0,0.0,-1.8110098838806152,1.9714797735214233
IMG-0030A52322,R1,A,log-sigma-3-0-mm-3D,4779,0,0,0.0,0.0,-1.8505666255950928,1.8655784130096436
IMG-D7D236D533,R1,A,wavelet-LLH,16332,0,0,0.0,0.0,-3.2741236686706543,2.408146858215332
IMG-D7D236D533,R1,A,wavelet-LHL,16332,0,0,0.0,0.0,-4.267749786376953,3.0195508003234863
IMG-D7D236D533,R1,A,wavelet-LHH,16332,0,0,0.0,0.0,-1.2349705696105957,1.8551253080368042
IMG-D7D236D533,R1,A,wavelet-HLL,16332,0,0,0.0,0.0,-4.870565891265869,5.367231369018555
IMG-D7D236D533,R1,A,wavelet-HLH,16332,0,0,0.0,0.0,-1.636407494544983,1.3410289287567139
IMG-D7D236D533,R1,A,wavelet-HHL,16332,0,0,0.0,0.0,-2.3758111000061035,2.539848804473877
IMG-D7D236D533,R1,A,wavelet-HHH,16332,0,0,0.0,0.0,-0.9645803570747375,0.9890520572662354
IMG-D7D236D533,R1,A,wavelet-LLL,16332,0,0,0.0,0.0,-4.882666110992432,9.77707576751709
IMG-D7D236D533,R1,A,log-sigma-1-0-mm-3D,16332,0,0,0.0,0.0,-1.960529088973999,1.53969407081604
IMG-D7D236D533,R1,A,log-sigma-2-0-mm-3D,16332,0,0,0.0,0.0,-2.0036308765411377,1.3904356956481934
IMG-D7D236D533,R1,A,log-sigma-3-0-mm-3D,16332,0,0,0.0,0.0,-1.5922937393188477,1.3662960529327393
IMG-7CA9BEBE72,R1,A,wavelet-LLH,9703,0,0,0.0,0.0,-5.424963474273682,4.696660995483398
IMG-7CA9BEBE72,R1,A,wavelet-LHL,9703,0,0,0.0,0.0,-5.656735897064209,4.608788013458252
IMG-7CA9BEBE72,R1,A,wavelet-LHH,9703,0,0,0.0,0.0,-2.560610294342041,2.9199955463409424
IMG-7CA9BEBE72,R1,A,wavelet-HLL,9703,0,0,0.0,0.0,-6.434199810028076,6.13807487487793
IMG-7CA9BEBE72,R1,A,wavelet-HLH,9703,0,0,0.0,0.0,-3.1646947860717773,3.079542636871338
IMG-7CA9BEBE72,R1,A,wavelet-HHL,9703,0,0,0.0,0.0,-4.694638729095459,4.960923194885254
IMG-7CA9BEBE72,R1,A,wavelet-HHH,9703,0,0,0.0,0.0,-1.9719653129577637,2.3398218154907227
IMG-7CA9BEBE72,R1,A,wavelet-LLL,9703,0,0,0.0,0.0,-7.649445056915283,12.623664855957031
IMG-7CA9BEBE72,R1,A,log-sigma-1-0-mm-3D,9703,0,0,0.0,0.0,-3.390678644180298,1.859006404876709
IMG-7CA9BEBE72,R1,A,log-sigma-2-0-mm-3D,9703,0,0,0.0,0.0,-2.2285501956939697,2.0313775539398193
IMG-7CA9BEBE72,R1,A,log-sigma-3-0-mm-3D,9703,0,0,0.0,0.0,-1.7028192281723022,2.1377322673797607
IMG-F1F4C7746A,R1,B,wavelet-LLH,6201,0,0,0.0,0.0,-4.2643866539001465,3.302034854888916
IMG-F1F4C7746A,R1,B,wavelet-LHL,6201,0,0,0.0,0.0,-5.403141021728516,4.487043857574463
IMG-F1F4C7746A,R1,B,wavelet-LHH,6201,0,0,0.0,0.0,-1.6561840772628784,1.6568503379821777
IMG-F1F4C7746A,R1,B,wavelet-HLL,6201,0,0,0.0,0.0,-4.244358062744141,5.661229610443115
IMG-F1F4C7746A,R1,B,wavelet-HLH,6201,0,0,0.0,0.0,-1.7922515869140625,1.8923851251602173
IMG-F1F4C7746A,R1,B,wavelet-HHL,6201,0,0,0.0,0.0,-2.0759167671203613,2.5537829399108887
IMG-F1F4C7746A,R1,B,wavelet-HHH,6201,0,0,0.0,0.0,-0.8554845452308655,1.0134966373443604
IMG-F1F4C7746A,R1,B,wavelet-LLL,6201,0,0,0.0,0.0,-7.20573616027832,18.3038272857666
IMG-F1F4C7746A,R1,B,log-sigma-1-0-mm-3D,6201,0,0,0.0,0.0,-1.8995503187179565,2.582174777984619
IMG-F1F4C7746A,R1,B,log-sigma-2-0-mm-3D,6201,0,0,0.0,0.0,-2.6397695541381836,2.5264620780944824
IMG-F1F4C7746A,R1,B,log-sigma-3-0-mm-3D,6201,0,0,0.0,0.0,-3.2276480197906494,2.0826568603515625
IMG-ABBB6E83CB,R1,A,wavelet-LLH,5430,0,0,0.0,0.0,-7.571625232696533,5.618109226226807
IMG-ABBB6E83CB,R1,A,wavelet-LHL,5430,0,0,0.0,0.0,-5.296646595001221,5.582417011260986
IMG-ABBB6E83CB,R1,A,wavelet-LHH,5430,0,0,0.0,0.0,-3.636883497238159,4.203428745269775
IMG-ABBB6E83CB,R1,A,wavelet-HLL,5430,0,0,0.0,0.0,-8.22072982788086,7.8377227783203125
IMG-ABBB6E83CB,R1,A,wavelet-HLH,5430,0,0,0.0,0.0,-3.2065155506134033,3.149817943572998
IMG-ABBB6E83CB,R1,A,wavelet-HHL,5430,0,0,0.0,0.0,-8.399346351623535,6.534162998199463
IMG-ABBB6E83CB,R1,A,wavelet-HHH,5430,0,0,0.0,0.0,-3.235004425048828,4.1165452003479
IMG-ABBB6E83CB,R1,A,wavelet-LLL,5430,0,0,0.0,0.0,-6.749741077423096,12.735335350036621
IMG-ABBB6E83CB,R1,A,log-sigma-1-0-mm-3D,5430,0,0,0.0,0.0,-2.6743757724761963,2.6398072242736816
IMG-ABBB6E83CB,R1,A,log-sigma-2-0-mm-3D,5430,0,0,0.0,0.0,-2.5565185546875,2.783369541168213
IMG-ABBB6E83CB,R1,A,log-sigma-3-0-mm-3D,5430,0,0,0.0,0.0,-2.031517505645752,2.183566093444824
IMG-DCBE1524E9,R1,A,wavelet-LLH,2525,0,0,0.0,0.0,-3.478553295135498,3.4781768321990967
IMG-DCBE1524E9,R1,A,wavelet-LHL,2525,0,0,0.0,0.0,-6.504426002502441,3.964491367340088
IMG-DCBE1524E9,R1,A,wavelet-LHH,2525,0,0,0.0,0.0,-1.983960509300232,1.7482447624206543
IMG-DCBE1524E9,R1,A,wavelet-HLL,2525,0,0,0.0,0.0,-6.853835105895996,4.498075485229492
IMG-DCBE1524E9,R1,A,wavelet-HLH,2525,0,0,0.0,0.0,-1.7565995454788208,2.1938726902008057
IMG-DCBE1524E9,R1,A,wavelet-HHL,2525,0,0,0.0,0.0,-4.328848838806152,3.912851572036743
IMG-DCBE1524E9,R1,A,wavelet-HHH,2525,0,0,0.0,0.0,-1.572229027748108,2.0779948234558105
IMG-DCBE1524E9,R1,A,wavelet-LLL,2525,0,0,0.0,0.0,-6.451124668121338,11.756728172302246
IMG-DCBE1524E9,R1,A,log-sigma-1-0-mm-3D,2525,0,0,0.0,0.0,-1.6600486040115356,2.275200605392456
IMG-DCBE1524E9,R1,A,log-sigma-2-0-mm-3D,2525,0,0,0.0,0.0,-1.7918281555175781,2.2390592098236084
IMG-DCBE1524E9,R1,A,log-sigma-3-0-mm-3D,2525,0,0,0.0,0.0,-2.4133358001708984,2.335031032562256
IMG-6427C96710,R1,A,wavelet-LLH,17097,0,0,0.0,0.0,-3.528543472290039,3.0747926235198975
IMG-6427C96710,R1,A,wavelet-LHL,17097,0,0,0.0,0.0,-4.420017242431641,4.763936996459961
IMG-6427C96710,R1,A,wavelet-LHH,17097,0,0,0.0,0.0,-2.100663185119629,2.219684362411499
IMG-6427C96710,R1,A,wavelet-HLL,17097,0,0,0.0,0.0,-4.440104961395264,4.628875732421875
IMG-6427C96710,R1,A,wavelet-HLH,17097,0,0,0.0,0.0,-2.2618653774261475,2.246225357055664
IMG-6427C96710,R1,A,wavelet-HHL,17097,0,0,0.0,0.0,-4.2774152755737305,4.326739311218262
IMG-6427C96710,R1,A,wavelet-HHH,17097,0,0,0.0,0.0,-2.021728515625,1.6224092245101929
IMG-6427C96710,R1,A,wavelet-LLL,17097,0,0,0.0,0.0,-7.633523941040039,8.693229675292969
IMG-6427C96710,R1,A,log-sigma-1-0-mm-3D,17097,0,0,0.0,0.0,-2.2499756813049316,1.630434513092041
IMG-6427C96710,R1,A,log-sigma-2-0-mm-3D,17097,0,0,0.0,0.0,-1.5742456912994385,1.4891979694366455
IMG-6427C96710,R1,A,log-sigma-3-0-mm-3D,17097,0,0,0.0,0.0,-1.2971019744873047,1.2026089429855347
IMG-ADC448E361,R1,B,wavelet-LLH,3689,0,0,0.0,0.0,-3.3894402980804443,3.391549825668335
IMG-ADC448E361,R1,B,wavelet-LHL,3689,0,0,0.0,0.0,-2.2732088565826416,2.3399252891540527
IMG-ADC448E361,R1,B,wavelet-LHH,3689,0,0,0.0,0.0,-1.2876664400100708,1.1179704666137695
IMG-ADC448E361,R1,B,wavelet-HLL,3689,0,0,0.0,0.0,-2.7804009914398193,2.8879776000976562
IMG-ADC448E361,R1,B,wavelet-HLH,3689,0,0,0.0,0.0,-1.1931060552597046,1.1952426433563232
IMG-ADC448E361,R1,B,wavelet-HHL,3689,0,0,0.0,0.0,-2.116081953048706,2.0245416164398193
IMG-ADC448E361,R1,B,wavelet-HHH,3689,0,0,0.0,0.0,-1.1077687740325928,1.089774250984192
IMG-ADC448E361,R1,B,wavelet-LLL,3689,0,0,0.0,0.0,-6.59124755859375,15.585835456848145
IMG-ADC448E361,R1,B,log-sigma-1-0-mm-3D,3689,0,0,0.0,0.0,-1.4439393281936646,1.5735613107681274
IMG-ADC448E361,R1,B,log-sigma-2-0-mm-3D,3689,0,0,0.0,0.0,-1.9696155786514282,1.9707412719726562
IMG-ADC448E361,R1,B,log-sigma-3-0-mm-3D,3689,0,0,0.0,0.0,-2.4701170921325684,1.978376865386963
IMG-C7D5EC274A,R1,A,wavelet-LLH,1516,0,0,0.0,0.0,-2.868224620819092,3.8690202236175537
IMG-C7D5EC274A,R1,A,wavelet-LHL,1516,0,0,0.0,0.0,-2.467836856842041,2.2266769409179688
IMG-C7D5EC274A,R1,A,wavelet-LHH,1516,0,0,0.0,0.0,-1.4293897151947021,1.3718304634094238
IMG-C7D5EC274A,R1,A,wavelet-HLL,1516,0,0,0.0,0.0,-4.31225061416626,3.017632246017456
IMG-C7D5EC274A,R1,A,wavelet-HLH,1516,0,0,0.0,0.0,-1.5107172727584839,1.8681720495224
IMG-C7D5EC274A,R1,A,wavelet-HHL,1516,0,0,0.0,0.0,-2.366516590118408,2.863412618637085
IMG-C7D5EC274A,R1,A,wavelet-HHH,1516,0,0,0.0,0.0,-1.4424662590026855,1.217660665512085
IMG-C7D5EC274A,R1,A,wavelet-LLL,1516,0,0,0.0,0.0,-9.068206787109375,8.115277290344238
IMG-C7D5EC274A,R1,A,log-sigma-1-0-mm-3D,1516,0,0,0.0,0.0,-1.5219615697860718,1.3677324056625366
IMG-C7D5EC274A,R1,A,log-sigma-2-0-mm-3D,1516,0,0,0.0,0.0,-1.6126186847686768,1.7803735733032227
IMG-C7D5EC274A,R1,A,log-sigma-3-0-mm-3D,1516,0,0,0.0,0.0,-1.863856554031372,1.4840344190597534
IMG-0A716D9DE8,R1,A,wavelet-LLH,2218,0,0,0.0,0.0,-5.094497203826904,5.491946697235107
IMG-0A716D9DE8,R1,A,wavelet-LHL,2218,0,0,0.0,0.0,-11.63807487487793,7.152944564819336
IMG-0A716D9DE8,R1,A,wavelet-LHH,2218,0,0,0.0,0.0,-2.6412875652313232,2.663130521774292
IMG-0A716D9DE8,R1,A,wavelet-HLL,2218,0,0,0.0,0.0,-4.886257171630859,4.457181453704834
IMG-0A716D9DE8,R1,A,wavelet-HLH,2218,0,0,0.0,0.0,-2.678863525390625,2.2474472522735596
IMG-0A716D9DE8,R1,A,wavelet-HHL,2218,0,0,0.0,0.0,-4.372014045715332,5.009135723114014
IMG-0A716D9DE8,R1,A,wavelet-HHH,2218,0,0,0.0,0.0,-2.14479660987854,2.1081655025482178
IMG-0A716D9DE8,R1,A,wavelet-LLL,2218,0,0,0.0,0.0,-7.15780782699585,12.542706489562988
IMG-0A716D9DE8,R1,A,log-sigma-1-0-mm-3D,2218,0,0,0.0,0.0,-3.08689022064209,2.665426731109619
IMG-0A716D9DE8,R1,A,log-sigma-2-0-mm-3D,2218,0,0,0.0,0.0,-1.661081314086914,3.3714752197265625
IMG-0A716D9DE8,R1,A,log-sigma-3-0-mm-3D,2218,0,0,0.0,0.0,-1.7993355989456177,3.023635149002075
IMG-D5E58F8859,R1,A,wavelet-LLH,6316,0,0,0.0,0.0,-5.946378707885742,5.984280109405518
IMG-D5E58F8859,R1,A,wavelet-LHL,6316,0,0,0.0,0.0,-7.8917412757873535,7.36452579498291
IMG-D5E58F8859,R1,A,wavelet-LHH,6316,0,0,0.0,0.0,-4.691041469573975,2.9610142707824707
IMG-D5E58F8859,R1,A,wavelet-HLL,6316,0,0,0.0,0.0,-8.547231674194336,6.478808879852295
IMG-D5E58F8859,R1,A,wavelet-HLH,6316,0,0,0.0,0.0,-2.4726128578186035,2.789844274520874
IMG-D5E58F8859,R1,A,wavelet-HHL,6316,0,0,0.0,0.0,-6.388423442840576,7.763254165649414
IMG-D5E58F8859,R1,A,wavelet-HHH,6316,0,0,0.0,0.0,-2.687699794769287,2.100160598754883
IMG-D5E58F8859,R1,A,wavelet-LLL,6316,0,0,0.0,0.0,-7.285359859466553,13.664321899414062
IMG-D5E58F8859,R1,A,log-sigma-1-0-mm-3D,6316,0,0,0.0,0.0,-2.2848336696624756,2.870027780532837
IMG-D5E58F8859,R1,A,log-sigma-2-0-mm-3D,6316,0,0,0.0,0.0,-2.1980502605438232,2.37764573097229
IMG-D5E58F8859,R1,A,log-sigma-3-0-mm-3D,6316,0,0,0.0,0.0,-2.6701905727386475,2.3284802436828613
IMG-B4DE82A20A,R1,A,wavelet-LLH,7878,0,0,0.0,0.0,-5.740457057952881,3.7347793579101562
IMG-B4DE82A20A,R1,A,wavelet-LHL,7878,0,0,0.0,0.0,-5.378610610961914,5.461694240570068
IMG-B4DE82A20A,R1,A,wavelet-LHH,7878,0,0,0.0,0.0,-2.261899948120117,2.5634188652038574
IMG-B4DE82A20A,R1,A,wavelet-HLL,7878,0,0,0.0,0.0,-4.7692036628723145,7.496108531951904
IMG-B4DE82A20A,R1,A,wavelet-HLH,7878,0,0,0.0,0.0,-2.7585363388061523,2.700648307800293
IMG-B4DE82A20A,R1,A,wavelet-HHL,7878,0,0,0.0,0.0,-3.6848087310791016,3.4727041721343994
IMG-B4DE82A20A,R1,A,wavelet-HHH,7878,0,0,0.0,0.0,-2.0043418407440186,2.318530559539795
IMG-B4DE82A20A,R1,A,wavelet-LLL,7878,0,0,0.0,0.0,-6.795098781585693,12.936858177185059
IMG-B4DE82A20A,R1,A,log-sigma-1-0-mm-3D,7878,0,0,0.0,0.0,-1.71156644821167,2.2633962631225586
IMG-B4DE82A20A,R1,A,log-sigma-2-0-mm-3D,7878,0,0,0.0,0.0,-2.578425407409668,2.678860664367676
IMG-B4DE82A20A,R1,A,log-sigma-3-0-mm-3D,7878,0,0,0.0,0.0,-1.8123540878295898,2.4198861122131348
IMG-372E6F7819,R1,A,wavelet-LLH,3764,0,0,0.0,0.0,-5.0995707511901855,5.179834365844727
IMG-372E6F7819,R1,A,wavelet-LHL,3764,0,0,0.0,0.0,-11.972487449645996,6.34958553314209
IMG-372E6F7819,R1,A,wavelet-LHH,3764,0,0,0.0,0.0,-3.272494077682495,2.9232215881347656
IMG-372E6F7819,R1,A,wavelet-HLL,3764,0,0,0.0,0.0,-5.2584075927734375,8.169066429138184
IMG-372E6F7819,R1,A,wavelet-HLH,3764,0,0,0.0,0.0,-2.7139439582824707,2.401907444000244
IMG-372E6F7819,R1,A,wavelet-HHL,3764,0,0,0.0,0.0,-6.228144645690918,5.129228115081787
IMG-372E6F7819,R1,A,wavelet-HHH,3764,0,0,0.0,0.0,-3.2892117500305176,2.1901209354400635
IMG-372E6F7819,R1,A,wavelet-LLL,3764,0,0,0.0,0.0,-6.579890727996826,13.591068267822266
IMG-372E6F7819,R1,A,log-sigma-1-0-mm-3D,3764,0,0,0.0,0.0,-2.651365280151367,2.333881378173828
IMG-372E6F7819,R1,A,log-sigma-2-0-mm-3D,3764,0,0,0.0,0.0,-2.7752034664154053,2.377807140350342
IMG-372E6F7819,R1,A,log-sigma-3-0-mm-3D,3764,0,0,0.0,0.0,-2.7704992294311523,2.3701493740081787
IMG-83E16F4943,R1,A,wavelet-LLH,8989,0,0,0.0,0.0,-8.041027069091797,4.3863372802734375
IMG-83E16F4943,R1,A,wavelet-LHL,8989,0,0,0.0,0.0,-8.5388765335083,6.515994548797607
IMG-83E16F4943,R1,A,wavelet-LHH,8989,0,0,0.0,0.0,-1.9700111150741577,3.1872642040252686
IMG-83E16F4943,R1,A,wavelet-HLL,8989,0,0,0.0,0.0,-8.37000560760498,7.239045143127441
IMG-83E16F4943,R1,A,wavelet-HLH,8989,0,0,0.0,0.0,-3.33994722366333,3.5780091285705566
IMG-83E16F4943,R1,A,wavelet-HHL,8989,0,0,0.0,0.0,-3.8585617542266846,5.504138946533203
IMG-83E16F4943,R1,A,wavelet-HHH,8989,0,0,0.0,0.0,-2.004160165786743,2.1038708686828613
IMG-83E16F4943,R1,A,wavelet-LLL,8989,0,0,0.0,0.0,-6.7543044090271,17.313817977905273
IMG-83E16F4943,R1,A,log-sigma-1-0-mm-3D,8989,0,0,0.0,0.0,-3.7819411754608154,2.531970500946045
IMG-83E16F4943,R1,A,log-sigma-2-0-mm-3D,8989,0,0,0.0,0.0,-3.128511905670166,2.131246328353882
IMG-83E16F4943,R1,A,log-sigma-3-0-mm-3D,8989,0,0,0.0,0.0,-2.942502498626709,1.8452866077423096
IMG-7328CD0240,R1,A,wavelet-LLH,2151,0,0,0.0,0.0,-5.723386287689209,3.7322776317596436
IMG-7328CD0240,R1,A,wavelet-LHL,2151,0,0,0.0,0.0,-4.041939735412598,4.761284351348877
IMG-7328CD0240,R1,A,wavelet-LHH,2151,0,0,0.0,0.0,-2.151719331741333,2.2542343139648438
IMG-7328CD0240,R1,A,wavelet-HLL,2151,0,0,0.0,0.0,-5.519850254058838,4.613338947296143
IMG-7328CD0240,R1,A,wavelet-HLH,2151,0,0,0.0,0.0,-1.781692385673523,2.5373058319091797
IMG-7328CD0240,R1,A,wavelet-HHL,2151,0,0,0.0,0.0,-4.037848949432373,3.862200975418091
IMG-7328CD0240,R1,A,wavelet-HHH,2151,0,0,0.0,0.0,-1.659387230873108,1.6974422931671143
IMG-7328CD0240,R1,A,wavelet-LLL,2151,0,0,0.0,0.0,-8.804887771606445,12.828609466552734
IMG-7328CD0240,R1,A,log-sigma-1-0-mm-3D,2151,0,0,0.0,0.0,-1.9692796468734741,2.6007275581359863
IMG-7328CD0240,R1,A,log-sigma-2-0-mm-3D,2151,0,0,0.0,0.0,-3.5578413009643555,2.6868317127227783
IMG-7328CD0240,R1,A,log-sigma-3-0-mm-3D,2151,0,0,0.0,0.0,-3.113034248352051,2.5943992137908936
IMG-39B37EA5AA,R1,B,wavelet-LLH,9140,0,0,0.0,0.0,-7.1903977394104,5.284328460693359
IMG-39B37EA5AA,R1,B,wavelet-LHL,9140,0,0,0.0,0.0,-7.226806163787842,4.4710307121276855
IMG-39B37EA5AA,R1,B,wavelet-LHH,9140,0,0,0.0,0.0,-3.2491836547851562,2.9409782886505127
IMG-39B37EA5AA,R1,B,wavelet-HLL,9140,0,0,0.0,0.0,-7.169372081756592,7.157627582550049
IMG-39B37EA5AA,R1,B,wavelet-HLH,9140,0,0,0.0,0.0,-2.83646559715271,2.4949188232421875
IMG-39B37EA5AA,R1,B,wavelet-HHL,9140,0,0,0.0,0.0,-3.264380931854248,3.7701845169067383
IMG-39B37EA5AA,R1,B,wavelet-HHH,9140,0,0,0.0,0.0,-1.6084593534469604,1.6119753122329712
IMG-39B37EA5AA,R1,B,wavelet-LLL,9140,0,0,0.0,0.0,-10.255194664001465,13.020891189575195
IMG-39B37EA5AA,R1,B,log-sigma-1-0-mm-3D,9140,0,0,0.0,0.0,-3.64876127243042,3.120849132537842
IMG-39B37EA5AA,R1,B,log-sigma-2-0-mm-3D,9140,0,0,0.0,0.0,-3.256951332092285,3.0746467113494873
IMG-39B37EA5AA,R1,B,log-sigma-3-0-mm-3D,9140,0,0,0.0,0.0,-1.8016635179519653,3.6689858436584473
IMG-B4A893F49A,R1,B,wavelet-LLH,1958,0,0,0.0,0.0,-4.434178829193115,5.864875316619873
IMG-B4A893F49A,R1,B,wavelet-LHL,1958,0,0,0.0,0.0,-6.24422550201416,6.351168632507324
IMG-B4A893F49A,R1,B,wavelet-LHH,1958,0,0,0.0,0.0,-2.9614601135253906,3.1915059089660645
IMG-B4A893F49A,R1,B,wavelet-HLL,1958,0,0,0.0,0.0,-4.773103713989258,3.847059726715088
IMG-B4A893F49A,R1,B,wavelet-HLH,1958,0,0,0.0,0.0,-2.145993709564209,1.7309167385101318
IMG-B4A893F49A,R1,B,wavelet-HHL,1958,0,0,0.0,0.0,-4.120445728302002,3.586585760116577
IMG-B4A893F49A,R1,B,wavelet-HHH,1958,0,0,0.0,0.0,-1.3826930522918701,1.677851915359497
IMG-B4A893F49A,R1,B,wavelet-LLL,1958,0,0,0.0,0.0,-7.152715682983398,19.011516571044922
IMG-B4A893F49A,R1,B,log-sigma-1-0-mm-3D,1958,0,0,0.0,0.0,-2.205251455307007,3.058318614959717
IMG-B4A893F49A,R1,B,log-sigma-2-0-mm-3D,1958,0,0,0.0,0.0,-3.040916919708252,3.1680173873901367
IMG-B4A893F49A,R1,B,log-sigma-3-0-mm-3D,1958,0,0,0.0,0.0,-2.709914207458496,2.4561305046081543
IMG-CEA9165C97,R1,A,wavelet-LLH,9447,0,0,0.0,0.0,-7.877913951873779,5.471018314361572
IMG-CEA9165C97,R1,A,wavelet-LHL,9447,0,0,0.0,0.0,-7.656220436096191,6.644077777862549
IMG-CEA9165C97,R1,A,wavelet-LHH,9447,0,0,0.0,0.0,-2.9507386684417725,3.101814031600952
IMG-CEA9165C97,R1,A,wavelet-HLL,9447,0,0,0.0,0.0,-5.393396377563477,7.483328342437744
IMG-CEA9165C97,R1,A,wavelet-HLH,9447,0,0,0.0,0.0,-2.2225778102874756,2.3013250827789307
IMG-CEA9165C97,R1,A,wavelet-HHL,9447,0,0,0.0,0.0,-6.612715721130371,5.032264232635498
IMG-CEA9165C97,R1,A,wavelet-HHH,9447,0,0,0.0,0.0,-1.8500241041183472,1.9187860488891602
IMG-CEA9165C97,R1,A,wavelet-LLL,9447,0,0,0.0,0.0,-5.889804363250732,20.18360137939453
IMG-CEA9165C97,R1,A,log-sigma-1-0-mm-3D,9447,0,0,0.0,0.0,-2.668165445327759,2.657137632369995
IMG-CEA9165C97,R1,A,log-sigma-2-0-mm-3D,9447,0,0,0.0,0.0,-3.3866448402404785,2.7409820556640625
IMG-CEA9165C97,R1,A,log-sigma-3-0-mm-3D,9447,0,0,0.0,0.0,-2.8135147094726562,2.803694725036621
IMG-0B27CE5306,R1,A,wavelet-LLH,4155,0,0,0.0,0.0,-4.344659805297852,3.9554929733276367
IMG-0B27CE5306,R1,A,wavelet-LHL,4155,0,0,0.0,0.0,-8.129961967468262,5.673152923583984
IMG-0B27CE5306,R1,A,wavelet-LHH,4155,0,0,0.0,0.0,-2.301300287246704,3.7331316471099854
IMG-0B27CE5306,R1,A,wavelet-HLL,4155,0,0,0.0,0.0,-9.526230812072754,6.147583961486816
IMG-0B27CE5306,R1,A,wavelet-HLH,4155,0,0,0.0,0.0,-3.6556615829467773,4.01581335067749
IMG-0B27CE5306,R1,A,wavelet-HHL,4155,0,0,0.0,0.0,-8.899313926696777,6.169465065002441
IMG-0B27CE5306,R1,A,wavelet-HHH,4155,0,0,0.0,0.0,-2.481107234954834,2.4136605262756348
IMG-0B27CE5306,R1,A,wavelet-LLL,4155,0,0,0.0,0.0,-6.737654685974121,9.432738304138184
IMG-0B27CE5306,R1,A,log-sigma-1-0-mm-3D,4155,0,0,0.0,0.0,-2.632261276245117,2.7297661304473877
IMG-0B27CE5306,R1,A,log-sigma-2-0-mm-3D,4155,0,0,0.0,0.0,-1.529738187789917,2.625598430633545
IMG-0B27CE5306,R1,A,log-sigma-3-0-mm-3D,4155,0,0,0.0,0.0,-0.9785522222518921,2.435072898864746
IMG-9200C18331,R1,B,wavelet-LLH,7794,0,0,0.0,0.0,-6.863846778869629,18.044668197631836
IMG-9200C18331,R1,B,wavelet-LHL,7794,0,0,0.0,0.0,-8.421721458435059,8.719775199890137
IMG-9200C18331,R1,B,wavelet-LHH,7794,0,0,0.0,0.0,-2.1495730876922607,2.325925588607788
IMG-9200C18331,R1,B,wavelet-HLL,7794,0,0,0.0,0.0,-5.0556817054748535,4.369483470916748
IMG-9200C18331,R1,B,wavelet-HLH,7794,0,0,0.0,0.0,-1.492458701133728,1.8708305358886719
IMG-9200C18331,R1,B,wavelet-HHL,7794,0,0,0.0,0.0,-3.6957509517669678,3.210033416748047
IMG-9200C18331,R1,B,wavelet-HHH,7794,0,0,0.0,0.0,-1.2564618587493896,1.2431474924087524
IMG-9200C18331,R1,B,wavelet-LLL,7794,1,0,0.00012830382345393893,0.0,-11.091571807861328,16.655115127563477
IMG-9200C18331,R1,B,log-sigma-1-0-mm-3D,7794,0,0,0.0,0.0,-2.9160361289978027,2.3191916942596436
IMG-9200C18331,R1,B,log-sigma-2-0-mm-3D,7794,0,0,0.0,0.0,-2.5234427452087402,2.9819178581237793
IMG-9200C18331,R1,B,log-sigma-3-0-mm-3D,7794,0,0,0.0,0.0,-2.5284924507141113,2.936405658721924
IMG-C02F4F397B,R1,B,wavelet-LLH,8204,0,0,0.0,0.0,-3.7096080780029297,4.294566631317139
IMG-C02F4F397B,R1,B,wavelet-LHL,8204,0,0,0.0,0.0,-4.635118007659912,4.841309547424316
IMG-C02F4F397B,R1,B,wavelet-LHH,8204,0,0,0.0,0.0,-1.076991081237793,0.798632800579071
IMG-C02F4F397B,R1,B,wavelet-HLL,8204,0,0,0.0,0.0,-7.01352596282959,4.474815368652344
IMG-C02F4F397B,R1,B,wavelet-HLH,8204,0,0,0.0,0.0,-1.194326639175415,1.4973150491714478
IMG-C02F4F397B,R1,B,wavelet-HHL,8204,0,0,0.0,0.0,-2.023418664932251,1.9884734153747559
IMG-C02F4F397B,R1,B,wavelet-HHH,8204,0,0,0.0,0.0,-0.41227689385414124,0.5589134693145752
IMG-C02F4F397B,R1,B,wavelet-LLL,8204,0,0,0.0,0.0,-8.528075218200684,15.621448516845703
IMG-C02F4F397B,R1,B,log-sigma-1-0-mm-3D,8204,0,0,0.0,0.0,-2.2125046253204346,3.360304832458496
IMG-C02F4F397B,R1,B,log-sigma-2-0-mm-3D,8204,0,0,0.0,0.0,-3.0130233764648438,2.722219944000244
IMG-C02F4F397B,R1,B,log-sigma-3-0-mm-3D,8204,0,0,0.0,0.0,-2.8376576900482178,2.565147876739502
IMG-289CB955B6,R1,A,wavelet-LLH,1594,0,0,0.0,0.0,-1.614854097366333,2.104292392730713
IMG-289CB955B6,R1,A,wavelet-LHL,1594,0,0,0.0,0.0,-4.622683525085449,4.961340427398682
IMG-289CB955B6,R1,A,wavelet-LHH,1594,0,0,0.0,0.0,-1.7401971817016602,2.1166200637817383
IMG-289CB955B6,R1,A,wavelet-HLL,1594,0,0,0.0,0.0,-4.260488986968994,3.8450071811676025
IMG-289CB955B6,R1,A,wavelet-HLH,1594,0,0,0.0,0.0,-1.340810775756836,1.2930642366409302
IMG-289CB955B6,R1,A,wavelet-HHL,1594,0,0,0.0,0.0,-4.076587200164795,4.626756191253662
IMG-289CB955B6,R1,A,wavelet-HHH,1594,0,0,0.0,0.0,-1.816530704498291,1.6720154285430908
IMG-289CB955B6,R1,A,wavelet-LLL,1594,0,0,0.0,0.0,-7.172206878662109,9.387598991394043
IMG-289CB955B6,R1,A,log-sigma-1-0-mm-3D,1594,0,0,0.0,0.0,-2.725541353225708,1.909731149673462
IMG-289CB955B6,R1,A,log-sigma-2-0-mm-3D,1594,0,0,0.0,0.0,-1.836951494216919,1.297452688217163
IMG-289CB955B6,R1,A,log-sigma-3-0-mm-3D,1594,0,0,0.0,0.0,-1.7612950801849365,1.4738969802856445
IMG-728286FD61,R1,B,wavelet-LLH,1172,0,0,0.0,0.0,-4.04251766204834,3.4057936668395996
IMG-728286FD61,R1,B,wavelet-LHL,1172,0,0,0.0,0.0,-4.451910495758057,4.4441609382629395
IMG-728286FD61,R1,B,wavelet-LHH,1172,0,0,0.0,0.0,-1.5726370811462402,1.6095463037490845
IMG-728286FD61,R1,B,wavelet-HLL,1172,0,0,0.0,0.0,-2.7931227684020996,2.7850937843322754
IMG-728286FD61,R1,B,wavelet-HLH,1172,0,0,0.0,0.0,-1.4813612699508667,1.522015929222107
IMG-728286FD61,R1,B,wavelet-HHL,1172,0,0,0.0,0.0,-2.2211906909942627,2.042553424835205
IMG-728286FD61,R1,B,wavelet-HHH,1172,0,0,0.0,0.0,-1.5300136804580688,1.295881986618042
IMG-728286FD61,R1,B,wavelet-LLL,1172,0,0,0.0,0.0,-4.343377113342285,14.727036476135254
IMG-728286FD61,R1,B,log-sigma-1-0-mm-3D,1172,0,0,0.0,0.0,-1.735376000404358,2.7802069187164307
IMG-728286FD61,R1,B,log-sigma-2-0-mm-3D,1172,0,0,0.0,0.0,-2.0517663955688477,2.666224956512451
IMG-728286FD61,R1,B,log-sigma-3-0-mm-3D,1172,0,0,0.0,0.0,-1.8212776184082031,2.6520514488220215
IMG-B586C22379,R1,A,wavelet-LLH,7926,0,0,0.0,0.0,-6.797658920288086,5.424131870269775
IMG-B586C22379,R1,A,wavelet-LHL,7926,0,0,0.0,0.0,-8.896835327148438,8.189665794372559
IMG-B586C22379,R1,A,wavelet-LHH,7926,0,0,0.0,0.0,-3.458216905593872,3.633692502975464
IMG-B586C22379,R1,A,wavelet-HLL,7926,0,0,0.0,0.0,-7.513084888458252,4.366936683654785
IMG-B586C22379,R1,A,wavelet-HLH,7926,0,0,0.0,0.0,-2.949300765991211,3.2115285396575928
IMG-B586C22379,R1,A,wavelet-HHL,7926,0,0,0.0,0.0,-5.631112575531006,7.034287929534912
IMG-B586C22379,R1,A,wavelet-HHH,7926,0,0,0.0,0.0,-2.439040422439575,3.398658275604248
IMG-B586C22379,R1,A,wavelet-LLL,7926,0,0,0.0,0.0,-5.758850574493408,12.713318824768066
IMG-B586C22379,R1,A,log-sigma-1-0-mm-3D,7926,0,0,0.0,0.0,-2.0771255493164062,2.446934461593628
IMG-B586C22379,R1,A,log-sigma-2-0-mm-3D,7926,0,0,0.0,0.0,-1.777254581451416,2.315396308898926
IMG-B586C22379,R1,A,log-sigma-3-0-mm-3D,7926,0,0,0.0,0.0,-1.891477108001709,2.4670050144195557
IMG-564DB6E048,R1,A,wavelet-LLH,11676,0,0,0.0,0.0,-6.840938568115234,4.187109470367432
IMG-564DB6E048,R1,A,wavelet-LHL,11676,0,0,0.0,0.0,-10.398351669311523,6.6474385261535645
IMG-564DB6E048,R1,A,wavelet-LHH,11676,0,0,0.0,0.0,-2.945873260498047,4.495752811431885
IMG-564DB6E048,R1,A,wavelet-HLL,11676,0,0,0.0,0.0,-7.425745964050293,6.933500289916992
IMG-564DB6E048,R1,A,wavelet-HLH,11676,0,0,0.0,0.0,-3.791599988937378,2.863260269165039
IMG-564DB6E048,R1,A,wavelet-HHL,11676,0,0,0.0,0.0,-6.630935192108154,7.832979679107666
IMG-564DB6E048,R1,A,wavelet-HHH,11676,0,0,0.0,0.0,-2.2928953170776367,2.111372947692871
IMG-564DB6E048,R1,A,wavelet-LLL,11676,0,0,0.0,0.0,-6.789299488067627,16.52457046508789
IMG-564DB6E048,R1,A,log-sigma-1-0-mm-3D,11676,0,0,0.0,0.0,-2.4546608924865723,2.4893524646759033
IMG-564DB6E048,R1,A,log-sigma-2-0-mm-3D,11676,0,0,0.0,0.0,-2.7549819946289062,2.2972018718719482
IMG-564DB6E048,R1,A,log-sigma-3-0-mm-3D,11676,0,0,0.0,0.0,-2.5015783309936523,2.353067398071289
IMG-C532A5CD27,R1,B,wavelet-LLH,9182,0,0,0.0,0.0,-5.730208396911621,3.7346668243408203
IMG-C532A5CD27,R1,B,wavelet-LHL,9182,0,0,0.0,0.0,-6.37916898727417,5.96442174911499
IMG-C532A5CD27,R1,B,wavelet-LHH,9182,0,0,0.0,0.0,-2.0620298385620117,2.487370252609253
IMG-C532A5CD27,R1,B,wavelet-HLL,9182,0,0,0.0,0.0,-4.866675853729248,3.851635217666626
IMG-C532A5CD27,R1,B,wavelet-HLH,9182,0,0,0.0,0.0,-1.9442620277404785,2.2264137268066406
IMG-C532A5CD27,R1,B,wavelet-HHL,9182,0,0,0.0,0.0,-4.444247245788574,2.930464267730713
IMG-C532A5CD27,R1,B,wavelet-HHH,9182,0,0,0.0,0.0,-1.3070447444915771,1.1124005317687988
IMG-C532A5CD27,R1,B,wavelet-LLL,9182,0,0,0.0,0.0,-7.537840843200684,12.040487289428711
IMG-C532A5CD27,R1,B,log-sigma-1-0-mm-3D,9182,0,0,0.0,0.0,-2.083646774291992,2.683773994445801
IMG-C532A5CD27,R1,B,log-sigma-2-0-mm-3D,9182,0,0,0.0,0.0,-1.8651902675628662,2.2797608375549316
IMG-C532A5CD27,R1,B,log-sigma-3-0-mm-3D,9182,0,0,0.0,0.0,-2.129122495651245,2.0605645179748535
IMG-331EF7B671,R1,B,wavelet-LLH,11514,0,0,0.0,0.0,-6.471177101135254,7.026475429534912
IMG-331EF7B671,R1,B,wavelet-LHL,11514,0,0,0.0,0.0,-8.208683013916016,6.155048370361328
IMG-331EF7B671,R1,B,wavelet-LHH,11514,0,0,0.0,0.0,-2.931119441986084,3.3409063816070557
IMG-331EF7B671,R1,B,wavelet-HLL,11514,0,0,0.0,0.0,-5.004790306091309,4.636279106140137
IMG-331EF7B671,R1,B,wavelet-HLH,11514,0,0,0.0,0.0,-2.361354112625122,2.0149993896484375
IMG-331EF7B671,R1,B,wavelet-HHL,11514,0,0,0.0,0.0,-3.389522075653076,3.1990931034088135
IMG-331EF7B671,R1,B,wavelet-HHH,11514,0,0,0.0,0.0,-1.6476837396621704,1.5931442975997925
IMG-331EF7B671,R1,B,wavelet-LLL,11514,0,0,0.0,0.0,-7.178829193115234,14.338064193725586
IMG-331EF7B671,R1,B,log-sigma-1-0-mm-3D,11514,0,0,0.0,0.0,-2.1860289573669434,2.7358880043029785
IMG-331EF7B671,R1,B,log-sigma-2-0-mm-3D,11514,0,0,0.0,0.0,-2.782259464263916,2.4148426055908203
IMG-331EF7B671,R1,B,log-sigma-3-0-mm-3D,11514,0,0,0.0,0.0,-2.856778621673584,2.2943522930145264
IMG-2D93E37CF2,R1,B,wavelet-LLH,10376,0,0,0.0,0.0,-5.025336265563965,4.055370330810547
IMG-2D93E37CF2,R1,B,wavelet-LHL,10376,0,0,0.0,0.0,-9.439635276794434,6.475849151611328
IMG-2D93E37CF2,R1,B,wavelet-LHH,10376,0,0,0.0,0.0,-2.8541135787963867,2.6381125450134277
IMG-2D93E37CF2,R1,B,wavelet-HLL,10376,0,0,0.0,0.0,-8.52914810180664,5.161037921905518
IMG-2D93E37CF2,R1,B,wavelet-HLH,10376,0,0,0.0,0.0,-2.670944929122925,2.5911591053009033
IMG-2D93E37CF2,R1,B,wavelet-HHL,10376,0,0,0.0,0.0,-4.347112655639648,5.822282314300537
IMG-2D93E37CF2,R1,B,wavelet-HHH,10376,0,0,0.0,0.0,-1.9536683559417725,1.6895673274993896
IMG-2D93E37CF2,R1,B,wavelet-LLL,10376,0,0,0.0,0.0,-6.8806586265563965,17.81913948059082
IMG-2D93E37CF2,R1,B,log-sigma-1-0-mm-3D,10376,0,0,0.0,0.0,-3.3013205528259277,2.2744202613830566
IMG-2D93E37CF2,R1,B,log-sigma-2-0-mm-3D,10376,0,0,0.0,0.0,-2.7511377334594727,2.017181396484375
IMG-2D93E37CF2,R1,B,log-sigma-3-0-mm-3D,10376,0,0,0.0,0.0,-3.1826438903808594,1.9772093296051025
IMG-75E6956B29,R1,B,wavelet-LLH,4865,0,0,0.0,0.0,-3.2566134929656982,2.8739001750946045
IMG-75E6956B29,R1,B,wavelet-LHL,4865,0,0,0.0,0.0,-4.5720014572143555,4.86562967300415
IMG-75E6956B29,R1,B,wavelet-LHH,4865,0,0,0.0,0.0,-0.954185426235199,0.9945066571235657
IMG-75E6956B29,R1,B,wavelet-HLL,4865,0,0,0.0,0.0,-7.51018762588501,4.469021320343018
IMG-75E6956B29,R1,B,wavelet-HLH,4865,0,0,0.0,0.0,-1.2081360816955566,1.8462741374969482
IMG-75E6956B29,R1,B,wavelet-HHL,4865,0,0,0.0,0.0,-2.2059881687164307,2.2524702548980713
IMG-75E6956B29,R1,B,wavelet-HHH,4865,0,0,0.0,0.0,-0.6718953251838684,0.5647629499435425
IMG-75E6956B29,R1,B,wavelet-LLL,4865,0,0,0.0,0.0,-6.899578094482422,19.23319435119629
IMG-75E6956B29,R1,B,log-sigma-1-0-mm-3D,4865,0,0,0.0,0.0,-4.724954605102539,2.4116201400756836
IMG-75E6956B29,R1,B,log-sigma-2-0-mm-3D,4865,0,0,0.0,0.0,-2.621051788330078,2.6268646717071533
IMG-75E6956B29,R1,B,log-sigma-3-0-mm-3D,4865,0,0,0.0,0.0,-2.3710477352142334,2.5903244018554688
IMG-FC390CC9D2,R1,A,wavelet-LLH,17309,0,0,0.0,0.0,-11.757553100585938,12.513205528259277
IMG-FC390CC9D2,R1,A,wavelet-LHL,17309,0,0,0.0,0.0,-10.420344352722168,5.617483615875244
IMG-FC390CC9D2,R1,A,wavelet-LHH,17309,0,0,0.0,0.0,-3.402799606323242,4.05454158782959
IMG-FC390CC9D2,R1,A,wavelet-HLL,17309,0,0,0.0,0.0,-10.618613243103027,7.168296813964844
IMG-FC390CC9D2,R1,A,wavelet-HLH,17309,0,0,0.0,0.0,-4.851513385772705,3.7347960472106934
IMG-FC390CC9D2,R1,A,wavelet-HHL,17309,0,0,0.0,0.0,-4.847829818725586,5.08836555480957
IMG-FC390CC9D2,R1,A,wavelet-HHH,17309,0,0,0.0,0.0,-2.6590707302093506,2.2599050998687744
IMG-FC390CC9D2,R1,A,wavelet-LLL,17309,0,0,0.0,0.0,-10.131592750549316,16.647172927856445
IMG-FC390CC9D2,R1,A,log-sigma-1-0-mm-3D,17309,0,0,0.0,0.0,-2.6920666694641113,2.790985345840454
IMG-FC390CC9D2,R1,A,log-sigma-2-0-mm-3D,17309,0,0,0.0,0.0,-2.474830150604248,2.7569518089294434
IMG-FC390CC9D2,R1,A,log-sigma-3-0-mm-3D,17309,0,0,0.0,0.0,-3.003441572189331,2.3009469509124756
IMG-8E0304AACB,R1,A,wavelet-LLH,22002,0,0,0.0,0.0,-8.553916931152344,5.232621192932129
IMG-8E0304AACB,R1,A,wavelet-LHL,22002,0,0,0.0,0.0,-4.339799404144287,5.036279678344727
IMG-8E0304AACB,R1,A,wavelet-LHH,22002,0,0,0.0,0.0,-2.348728895187378,1.9488070011138916
IMG-8E0304AACB,R1,A,wavelet-HLL,22002,0,0,0.0,0.0,-7.4615068435668945,4.148593902587891
IMG-8E0304AACB,R1,A,wavelet-HLH,22002,0,0,0.0,0.0,-2.348445177078247,2.015878438949585
IMG-8E0304AACB,R1,A,wavelet-HHL,22002,0,0,0.0,0.0,-3.2771708965301514,3.045592784881592
IMG-8E0304AACB,R1,A,wavelet-HHH,22002,0,0,0.0,0.0,-1.2486224174499512,1.2960845232009888
IMG-8E0304AACB,R1,A,wavelet-LLL,22002,0,0,0.0,0.0,-8.800854682922363,14.891817092895508
IMG-8E0304AACB,R1,A,log-sigma-1-0-mm-3D,22002,0,0,0.0,0.0,-2.585737466812134,2.6510164737701416
IMG-8E0304AACB,R1,A,log-sigma-2-0-mm-3D,22002,0,0,0.0,0.0,-2.1398353576660156,2.45405912399292
IMG-8E0304AACB,R1,A,log-sigma-3-0-mm-3D,22002,0,0,0.0,0.0,-2.1159536838531494,2.4981765747070312
IMG-ADAF997FAE,R1,A,wavelet-LLH,26608,0,0,0.0,0.0,-4.859245300292969,4.797090530395508
IMG-ADAF997FAE,R1,A,wavelet-LHL,26608,0,0,0.0,0.0,-6.535826683044434,6.009665012359619
IMG-ADAF997FAE,R1,A,wavelet-LHH,26608,0,0,0.0,0.0,-2.0624804496765137,2.760542154312134
IMG-ADAF997FAE,R1,A,wavelet-HLL,26608,0,0,0.0,0.0,-8.736404418945312,6.129557132720947
IMG-ADAF997FAE,R1,A,wavelet-HLH,26608,0,0,0.0,0.0,-2.9125890731811523,3.9672675132751465
IMG-ADAF997FAE,R1,A,wavelet-HHL,26608,0,0,0.0,0.0,-4.522370338439941,5.723416328430176
IMG-ADAF997FAE,R1,A,wavelet-HHH,26608,0,0,0.0,0.0,-2.5038692951202393,2.0292656421661377
IMG-ADAF997FAE,R1,A,wavelet-LLL,26608,0,0,0.0,0.0,-7.219544410705566,18.73583221435547
IMG-ADAF997FAE,R1,A,log-sigma-1-0-mm-3D,26608,0,0,0.0,0.0,-4.582903861999512,2.98439884185791
IMG-ADAF997FAE,R1,A,log-sigma-2-0-mm-3D,26608,0,0,0.0,0.0,-2.5744571685791016,2.6541290283203125
IMG-ADAF997FAE,R1,A,log-sigma-3-0-mm-3D,26608,0,0,0.0,0.0,-2.2334389686584473,2.282583475112915
IMG-F9B1E01AE4,R1,B,wavelet-LLH,12610,0,0,0.0,0.0,-6.511569023132324,6.0547966957092285
IMG-F9B1E01AE4,R1,B,wavelet-LHL,12610,0,0,0.0,0.0,-4.821049690246582,8.778963088989258
IMG-F9B1E01AE4,R1,B,wavelet-LHH,12610,0,0,0.0,0.0,-3.0028083324432373,2.8192172050476074
IMG-F9B1E01AE4,R1,B,wavelet-HLL,12610,0,0,0.0,0.0,-8.3643217086792,4.630270957946777
IMG-F9B1E01AE4,R1,B,wavelet-HLH,12610,0,0,0.0,0.0,-2.6456756591796875,3.1407485008239746
IMG-F9B1E01AE4,R1,B,wavelet-HHL,12610,0,0,0.0,0.0,-3.2475180625915527,3.881871461868286
IMG-F9B1E01AE4,R1,B,wavelet-HHH,12610,0,0,0.0,0.0,-1.558026909828186,1.6217647790908813
IMG-F9B1E01AE4,R1,B,wavelet-LLL,12610,0,0,0.0,0.0,-8.861410140991211,13.369100570678711
IMG-F9B1E01AE4,R1,B,log-sigma-1-0-mm-3D,12610,0,0,0.0,0.0,-3.3993606567382812,2.6989877223968506
IMG-F9B1E01AE4,R1,B,log-sigma-2-0-mm-3D,12610,0,0,0.0,0.0,-3.0959033966064453,2.7991788387298584
IMG-F9B1E01AE4,R1,B,log-sigma-3-0-mm-3D,12610,0,0,0.0,0.0,-2.6457977294921875,2.4261465072631836
IMG-8DA78E815D,R1,A,wavelet-LLH,5618,0,0,0.0,0.0,-5.306734085083008,4.263153076171875
IMG-8DA78E815D,R1,A,wavelet-LHL,5618,0,0,0.0,0.0,-6.31347131729126,3.970208168029785
IMG-8DA78E815D,R1,A,wavelet-LHH,5618,0,0,0.0,0.0,-1.8585433959960938,2.706752300262451
IMG-8DA78E815D,R1,A,wavelet-HLL,5618,0,0,0.0,0.0,-6.145076274871826,5.021483421325684
IMG-8DA78E815D,R1,A,wavelet-HLH,5618,0,0,0.0,0.0,-2.8087706565856934,2.3788082599639893
IMG-8DA78E815D,R1,A,wavelet-HHL,5618,0,0,0.0,0.0,-3.387324333190918,4.35766077041626
IMG-8DA78E815D,R1,A,wavelet-HHH,5618,0,0,0.0,0.0,-1.5673182010650635,1.6965290307998657
IMG-8DA78E815D,R1,A,wavelet-LLL,5618,0,0,0.0,0.0,-7.356123924255371,15.501526832580566
IMG-8DA78E815D,R1,A,log-sigma-1-0-mm-3D,5618,0,0,0.0,0.0,-2.396212577819824,1.9548945426940918
IMG-8DA78E815D,R1,A,log-sigma-2-0-mm-3D,5618,0,0,0.0,0.0,-2.585599660873413,2.4936060905456543
IMG-8DA78E815D,R1,A,log-sigma-3-0-mm-3D,5618,0,0,0.0,0.0,-2.152407169342041,2.620619535446167
IMG-39AC997E19,R1,A,wavelet-LLH,12896,0,0,0.0,0.0,-4.3065080642700195,3.262448310852051
IMG-39AC997E19,R1,A,wavelet-LHL,12896,0,0,0.0,0.0,-6.741416931152344,3.986668825149536
IMG-39AC997E19,R1,A,wavelet-LHH,12896,0,0,0.0,0.0,-2.0046169757843018,2.3000941276550293
IMG-39AC997E19,R1,A,wavelet-HLL,12896,0,0,0.0,0.0,-5.081970691680908,4.847496509552002
IMG-39AC997E19,R1,A,wavelet-HLH,12896,0,0,0.0,0.0,-2.1020820140838623,1.7823439836502075
IMG-39AC997E19,R1,A,wavelet-HHL,12896,0,0,0.0,0.0,-3.0188684463500977,2.711853504180908
IMG-39AC997E19,R1,A,wavelet-HHH,12896,0,0,0.0,0.0,-1.6332427263259888,1.6633691787719727
IMG-39AC997E19,R1,A,wavelet-LLL,12896,0,0,0.0,0.0,-8.675291061401367,8.9987211227417
IMG-39AC997E19,R1,A,log-sigma-1-0-mm-3D,12896,0,0,0.0,0.0,-2.312741994857788,2.416313409805298
IMG-39AC997E19,R1,A,log-sigma-2-0-mm-3D,12896,0,0,0.0,0.0,-1.749769687652588,1.9966717958450317
IMG-39AC997E19,R1,A,log-sigma-3-0-mm-3D,12896,0,0,0.0,0.0,-1.647453784942627,1.8809994459152222
IMG-9C5230ED53,R1,A,wavelet-LLH,6914,0,0,0.0,0.0,-9.169095993041992,5.636683464050293
IMG-9C5230ED53,R1,A,wavelet-LHL,6914,0,0,0.0,0.0,-9.04554271697998,6.1203508377075195
IMG-9C5230ED53,R1,A,wavelet-LHH,6914,0,0,0.0,0.0,-3.1820013523101807,4.6355977058410645
IMG-9C5230ED53,R1,A,wavelet-HLL,6914,0,0,0.0,0.0,-11.692752838134766,6.529147624969482
IMG-9C5230ED53,R1,A,wavelet-HLH,6914,0,0,0.0,0.0,-2.6463732719421387,4.471134662628174
IMG-9C5230ED53,R1,A,wavelet-HHL,6914,0,0,0.0,0.0,-5.752341270446777,6.761999607086182
IMG-9C5230ED53,R1,A,wavelet-HHH,6914,0,0,0.0,0.0,-2.8085873126983643,2.3761489391326904
IMG-9C5230ED53,R1,A,wavelet-LLL,6914,0,0,0.0,0.0,-8.299296379089355,20.064199447631836
IMG-9C5230ED53,R1,A,log-sigma-1-0-mm-3D,6914,0,0,0.0,0.0,-3.3326942920684814,2.902172088623047
IMG-9C5230ED53,R1,A,log-sigma-2-0-mm-3D,6914,0,0,0.0,0.0,-4.712883472442627,1.6948305368423462
IMG-9C5230ED53,R1,A,log-sigma-3-0-mm-3D,6914,0,0,0.0,0.0,-3.3610057830810547,1.3621350526809692
IMG-89A7987CD0,R1,B,wavelet-LLH,8903,0,0,0.0,0.0,-4.171563625335693,3.9822702407836914
IMG-89A7987CD0,R1,B,wavelet-LHL,8903,0,0,0.0,0.0,-6.003823280334473,3.6593949794769287
IMG-89A7987CD0,R1,B,wavelet-LHH,8903,0,0,0.0,0.0,-2.361318349838257,2.392503261566162
IMG-89A7987CD0,R1,B,wavelet-HLL,8903,0,0,0.0,0.0,-5.179198741912842,4.970266819000244
IMG-89A7987CD0,R1,B,wavelet-HLH,8903,0,0,0.0,0.0,-2.2775979042053223,2.2182297706604004
IMG-89A7987CD0,R1,B,wavelet-HHL,8903,0,0,0.0,0.0,-2.6902151107788086,3.3377299308776855
IMG-89A7987CD0,R1,B,wavelet-HHH,8903,0,0,0.0,0.0,-1.6723439693450928,1.2964708805084229
IMG-89A7987CD0,R1,B,wavelet-LLL,8903,0,0,0.0,0.0,-7.665884017944336,13.331055641174316
IMG-89A7987CD0,R1,B,log-sigma-1-0-mm-3D,8903,0,0,0.0,0.0,-2.249041795730591,2.5249087810516357
IMG-89A7987CD0,R1,B,log-sigma-2-0-mm-3D,8903,0,0,0.0,0.0,-2.543037176132202,2.1051011085510254
IMG-89A7987CD0,R1,B,log-sigma-3-0-mm-3D,8903,0,0,0.0,0.0,-2.078042984008789,2.176544666290283
IMG-9118ABC68F,R1,A,wavelet-LLH,51623,0,0,0.0,0.0,-5.481734275817871,4.439027786254883
IMG-9118ABC68F,R1,A,wavelet-LHL,51623,0,0,0.0,0.0,-4.999265670776367,4.894191741943359
IMG-9118ABC68F,R1,A,wavelet-LHH,51623,0,0,0.0,0.0,-2.1585381031036377,1.993693470954895
IMG-9118ABC68F,R1,A,wavelet-HLL,51623,0,0,0.0,0.0,-5.915811538696289,6.415035247802734
IMG-9118ABC68F,R1,A,wavelet-HLH,51623,0,0,0.0,0.0,-2.6102726459503174,2.7103004455566406
IMG-9118ABC68F,R1,A,wavelet-HHL,51623,0,0,0.0,0.0,-4.755425930023193,4.4434404373168945
IMG-9118ABC68F,R1,A,wavelet-HHH,51623,0,0,0.0,0.0,-1.8141764402389526,2.112300395965576
IMG-9118ABC68F,R1,A,wavelet-LLL,51623,0,0,0.0,0.0,-8.577415466308594,8.953993797302246
IMG-9118ABC68F,R1,A,log-sigma-1-0-mm-3D,51623,0,0,0.0,0.0,-2.5346899032592773,1.7357888221740723
IMG-9118ABC68F,R1,A,log-sigma-2-0-mm-3D,51623,0,0,0.0,0.0,-2.5709140300750732,1.8552576303482056
IMG-9118ABC68F,R1,A,log-sigma-3-0-mm-3D,51623,0,0,0.0,0.0,-1.7846400737762451,1.593035101890564
IMG-9ECB620A02,R1,A,wavelet-LLH,10959,0,0,0.0,0.0,-6.464256286621094,4.2986063957214355
IMG-9ECB620A02,R1,A,wavelet-LHL,10959,0,0,0.0,0.0,-6.507591247558594,4.92786169052124
IMG-9ECB620A02,R1,A,wavelet-LHH,10959,0,0,0.0,0.0,-2.282783031463623,2.3671696186065674
IMG-9ECB620A02,R1,A,wavelet-HLL,10959,0,0,0.0,0.0,-5.14707088470459,5.0742926597595215
IMG-9ECB620A02,R1,A,wavelet-HLH,10959,0,0,0.0,0.0,-2.502354145050049,2.7387051582336426
IMG-9ECB620A02,R1,A,wavelet-HHL,10959,0,0,0.0,0.0,-4.315472602844238,4.441135883331299
IMG-9ECB620A02,R1,A,wavelet-HHH,10959,0,0,0.0,0.0,-1.863607406616211,2.486269235610962
IMG-9ECB620A02,R1,A,wavelet-LLL,10959,0,0,0.0,0.0,-10.449531555175781,13.561639785766602
IMG-9ECB620A02,R1,A,log-sigma-1-0-mm-3D,10959,0,0,0.0,0.0,-2.777526378631592,2.2191381454467773
IMG-9ECB620A02,R1,A,log-sigma-2-0-mm-3D,10959,0,0,0.0,0.0,-2.7418770790100098,1.7337836027145386
IMG-9ECB620A02,R1,A,log-sigma-3-0-mm-3D,10959,0,0,0.0,0.0,-2.1871254444122314,1.7034976482391357
IMG-9FBE24A0F3,R1,A,wavelet-LLH,2443,0,0,0.0,0.0,-7.088714122772217,4.59322452545166
IMG-9FBE24A0F3,R1,A,wavelet-LHL,2443,0,0,0.0,0.0,-4.74740743637085,3.1798152923583984
IMG-9FBE24A0F3,R1,A,wavelet-LHH,2443,0,0,0.0,0.0,-2.736199140548706,3.6872239112854004
IMG-9FBE24A0F3,R1,A,wavelet-HLL,2443,0,0,0.0,0.0,-6.377763271331787,4.221619606018066
IMG-9FBE24A0F3,R1,A,wavelet-HLH,2443,0,0,0.0,0.0,-2.0507733821868896,2.4919657707214355
IMG-9FBE24A0F3,R1,A,wavelet-HHL,2443,0,0,0.0,0.0,-4.97267484664917,3.4013619422912598
IMG-9FBE24A0F3,R1,A,wavelet-HHH,2443,0,0,0.0,0.0,-2.1797280311584473,1.8018033504486084
IMG-9FBE24A0F3,R1,A,wavelet-LLL,2443,0,0,0.0,0.0,-6.448940753936768,11.313006401062012
IMG-9FBE24A0F3,R1,A,log-sigma-1-0-mm-3D,2443,0,0,0.0,0.0,-1.80885648727417,1.424931526184082
IMG-9FBE24A0F3,R1,A,log-sigma-2-0-mm-3D,2443,0,0,0.0,0.0,-2.610395669937134,1.6285662651062012
IMG-9FBE24A0F3,R1,A,log-sigma-3-0-mm-3D,2443,0,0,0.0,0.0,-3.0080785751342773,1.8393621444702148
IMG-AC10C242FF,R1,A,wavelet-LLH,15264,0,0,0.0,0.0,-11.129864692687988,6.286181449890137
IMG-AC10C242FF,R1,A,wavelet-LHL,15264,0,0,0.0,0.0,-12.365277290344238,7.095931053161621
IMG-AC10C242FF,R1,A,wavelet-LHH,15264,0,0,0.0,0.0,-4.024609088897705,5.522338390350342
IMG-AC10C242FF,R1,A,wavelet-HLL,15264,0,0,0.0,0.0,-6.658647060394287,6.172086238861084
IMG-AC10C242FF,R1,A,wavelet-HLH,15264,0,0,0.0,0.0,-2.841978073120117,3.7670841217041016
IMG-AC10C242FF,R1,A,wavelet-HHL,15264,0,0,0.0,0.0,-4.980003833770752,5.49310827255249
IMG-AC10C242FF,R1,A,wavelet-HHH,15264,0,0,0.0,0.0,-2.80127215385437,2.3129994869232178
IMG-AC10C242FF,R1,A,wavelet-LLL,15264,0,0,0.0,0.0,-7.936359405517578,20.281749725341797
IMG-AC10C242FF,R1,A,log-sigma-1-0-mm-3D,15264,0,0,0.0,0.0,-2.4850804805755615,3.621781587600708
IMG-AC10C242FF,R1,A,log-sigma-2-0-mm-3D,15264,0,0,0.0,0.0,-3.4737913608551025,2.23095703125
IMG-AC10C242FF,R1,A,log-sigma-3-0-mm-3D,15264,0,0,0.0,0.0,-3.3336873054504395,2.2717339992523193
IMG-4AAC0B5985,R1,A,wavelet-LLH,10415,0,0,0.0,0.0,-7.70424747467041,5.247742176055908
IMG-4AAC0B5985,R1,A,wavelet-LHL,10415,0,0,0.0,0.0,-7.787942409515381,9.709738731384277
IMG-4AAC0B5985,R1,A,wavelet-LHH,10415,0,0,0.0,0.0,-2.3621466159820557,2.5598456859588623
IMG-4AAC0B5985,R1,A,wavelet-HLL,10415,0,0,0.0,0.0,-8.01544189453125,8.117039680480957
IMG-4AAC0B5985,R1,A,wavelet-HLH,10415,0,0,0.0,0.0,-2.798961639404297,3.9483132362365723
IMG-4AAC0B5985,R1,A,wavelet-HHL,10415,0,0,0.0,0.0,-5.215071201324463,8.140634536743164
IMG-4AAC0B5985,R1,A,wavelet-HHH,10415,0,0,0.0,0.0,-2.8983728885650635,2.2050869464874268
IMG-4AAC0B5985,R1,A,wavelet-LLL,10415,0,0,0.0,0.0,-9.066312789916992,17.03302764892578
IMG-4AAC0B5985,R1,A,log-sigma-1-0-mm-3D,10415,0,0,0.0,0.0,-3.4008498191833496,2.8721156120300293
IMG-4AAC0B5985,R1,A,log-sigma-2-0-mm-3D,10415,0,0,0.0,0.0,-2.765514373779297,2.5961198806762695
IMG-4AAC0B5985,R1,A,log-sigma-3-0-mm-3D,10415,0,0,0.0,0.0,-2.3344500064849854,3.0730936527252197
IMG-396B60587F,R1,A,wavelet-LLH,8818,0,0,0.0,0.0,-6.1777849197387695,4.721076011657715
IMG-396B60587F,R1,A,wavelet-LHL,8818,0,0,0.0,0.0,-4.476536273956299,5.127607345581055
IMG-396B60587F,R1,A,wavelet-LHH,8818,0,0,0.0,0.0,-2.717308759689331,3.1994128227233887
IMG-396B60587F,R1,A,wavelet-HLL,8818,0,0,0.0,0.0,-5.007354736328125,6.547042369842529
IMG-396B60587F,R1,A,wavelet-HLH,8818,0,0,0.0,0.0,-3.1376760005950928,4.253754138946533
IMG-396B60587F,R1,A,wavelet-HHL,8818,0,0,0.0,0.0,-3.8922460079193115,4.702453136444092
IMG-396B60587F,R1,A,wavelet-HHH,8818,0,0,0.0,0.0,-2.3898751735687256,2.087174892425537
IMG-396B60587F,R1,A,wavelet-LLL,8818,0,0,0.0,0.0,-8.251766204833984,11.016011238098145
IMG-396B60587F,R1,A,log-sigma-1-0-mm-3D,8818,0,0,0.0,0.0,-2.132582187652588,2.219910144805908
IMG-396B60587F,R1,A,log-sigma-2-0-mm-3D,8818,0,0,0.0,0.0,-1.518068790435791,2.068079710006714
IMG-396B60587F,R1,A,log-sigma-3-0-mm-3D,8818,0,0,0.0,0.0,-1.4878554344177246,2.31343412399292
IMG-E35461D393,R1,A,wavelet-LLH,2035,0,0,0.0,0.0,-4.705832481384277,2.8897762298583984
IMG-E35461D393,R1,A,wavelet-LHL,2035,0,0,0.0,0.0,-3.965597629547119,3.9754786491394043
IMG-E35461D393,R1,A,wavelet-LHH,2035,0,0,0.0,0.0,-2.920485734939575,2.6572022438049316
IMG-E35461D393,R1,A,wavelet-HLL,2035,0,0,0.0,0.0,-5.769258975982666,7.032759189605713
IMG-E35461D393,R1,A,wavelet-HLH,2035,0,0,0.0,0.0,-2.6688740253448486,2.476391077041626
IMG-E35461D393,R1,A,wavelet-HHL,2035,0,0,0.0,0.0,-2.956949234008789,3.570223569869995
IMG-E35461D393,R1,A,wavelet-HHH,2035,0,0,0.0,0.0,-2.1126387119293213,1.7483702898025513
IMG-E35461D393,R1,A,wavelet-LLL,2035,0,0,0.0,0.0,-5.96956729888916,11.418966293334961
IMG-E35461D393,R1,A,log-sigma-1-0-mm-3D,2035,0,0,0.0,0.0,-2.7557854652404785,2.2449452877044678
IMG-E35461D393,R1,A,log-sigma-2-0-mm-3D,2035,0,0,0.0,0.0,-1.9571453332901,2.6580467224121094
IMG-E35461D393,R1,A,log-sigma-3-0-mm-3D,2035,0,0,0.0,0.0,-2.221714735031128,2.5696160793304443
IMG-3CB7278E69,R1,A,wavelet-LLH,1784,0,0,0.0,0.0,-4.113704204559326,2.7799365520477295
IMG-3CB7278E69,R1,A,wavelet-LHL,1784,0,0,0.0,0.0,-6.817798614501953,3.9823756217956543
IMG-3CB7278E69,R1,A,wavelet-LHH,1784,0,0,0.0,0.0,-2.2222347259521484,2.160346746444702
IMG-3CB7278E69,R1,A,wavelet-HLL,1784,0,0,0.0,0.0,-7.125214576721191,5.6287994384765625
IMG-3CB7278E69,R1,A,wavelet-HLH,1784,0,0,0.0,0.0,-2.179534673690796,3.738884687423706
IMG-3CB7278E69,R1,A,wavelet-HHL,1784,0,0,0.0,0.0,-4.773348808288574,4.140645503997803
IMG-3CB7278E69,R1,A,wavelet-HHH,1784,0,0,0.0,0.0,-2.012456178665161,2.0095632076263428
IMG-3CB7278E69,R1,A,wavelet-LLL,1784,0,0,0.0,0.0,-6.334388732910156,12.46265697479248
IMG-3CB7278E69,R1,A,log-sigma-1-0-mm-3D,1784,0,0,0.0,0.0,-3.6333541870117188,1.7389662265777588
IMG-3CB7278E69,R1,A,log-sigma-2-0-mm-3D,1784,0,0,0.0,0.0,-2.845158100128174,1.0626773834228516
IMG-3CB7278E69,R1,A,log-sigma-3-0-mm-3D,1784,0,0,0.0,0.0,-2.2683417797088623,0.520401120185852
IMG-E29DB0EB56,R1,A,wavelet-LLH,11964,0,0,0.0,0.0,-4.623703479766846,4.0447001457214355
IMG-E29DB0EB56,R1,A,wavelet-LHL,11964,0,0,0.0,0.0,-5.650979042053223,6.0036163330078125
IMG-E29DB0EB56,R1,A,wavelet-LHH,11964,0,0,0.0,0.0,-2.7724366188049316,3.006502628326416
IMG-E29DB0EB56,R1,A,wavelet-HLL,11964,0,0,0.0,0.0,-5.986400127410889,5.333820343017578
IMG-E29DB0EB56,R1,A,wavelet-HLH,11964,0,0,0.0,0.0,-3.7440357208251953,2.9918580055236816
IMG-E29DB0EB56,R1,A,wavelet-HHL,11964,0,0,0.0,0.0,-4.997419834136963,5.070679187774658
IMG-E29DB0EB56,R1,A,wavelet-HHH,11964,0,0,0.0,0.0,-2.1017417907714844,2.4331367015838623
IMG-E29DB0EB56,R1,A,wavelet-LLL,11964,0,0,0.0,0.0,-6.854115962982178,14.001707077026367
IMG-E29DB0EB56,R1,A,log-sigma-1-0-mm-3D,11964,0,0,0.0,0.0,-2.494476795196533,2.30161714553833
IMG-E29DB0EB56,R1,A,log-sigma-2-0-mm-3D,11964,0,0,0.0,0.0,-2.135031223297119,2.2954249382019043
IMG-E29DB0EB56,R1,A,log-sigma-3-0-mm-3D,11964,0,0,0.0,0.0,-2.0849521160125732,2.5764541625976562
IMG-A941D4B36D,R1,A,wavelet-LLH,7378,0,0,0.0,0.0,-6.336939334869385,4.018092632293701
IMG-A941D4B36D,R1,A,wavelet-LHL,7378,0,0,0.0,0.0,-5.257913589477539,6.491836071014404
IMG-A941D4B36D,R1,A,wavelet-LHH,7378,0,0,0.0,0.0,-2.5226948261260986,3.6284923553466797
IMG-A941D4B36D,R1,A,wavelet-HLL,7378,0,0,0.0,0.0,-7.174868583679199,4.640873908996582
IMG-A941D4B36D,R1,A,wavelet-HLH,7378,0,0,0.0,0.0,-2.2662980556488037,3.466662645339966
IMG-A941D4B36D,R1,A,wavelet-HHL,7378,0,0,0.0,0.0,-3.4005627632141113,3.544174909591675
IMG-A941D4B36D,R1,A,wavelet-HHH,7378,0,0,0.0,0.0,-1.8931803703308105,1.8004522323608398
IMG-A941D4B36D,R1,A,wavelet-LLL,7378,0,0,0.0,0.0,-6.574211120605469,17.95023536682129
IMG-A941D4B36D,R1,A,log-sigma-1-0-mm-3D,7378,0,0,0.0,0.0,-3.3121612071990967,1.7835490703582764
IMG-A941D4B36D,R1,A,log-sigma-2-0-mm-3D,7378,0,0,0.0,0.0,-3.1572377681732178,1.860816478729248
IMG-A941D4B36D,R1,A,log-sigma-3-0-mm-3D,7378,0,0,0.0,0.0,-2.6746418476104736,2.137119770050049
IMG-33B5BB86C8,R1,A,wavelet-LLH,14385,0,0,0.0,0.0,-3.4481420516967773,2.723564863204956
IMG-33B5BB86C8,R1,A,wavelet-LHL,14385,0,0,0.0,0.0,-4.6084089279174805,3.421912431716919
IMG-33B5BB86C8,R1,A,wavelet-LHH,14385,0,0,0.0,0.0,-1.8386197090148926,2.2572882175445557
IMG-33B5BB86C8,R1,A,wavelet-HLL,14385,0,0,0.0,0.0,-3.024458646774292,4.909106731414795
IMG-33B5BB86C8,R1,A,wavelet-HLH,14385,0,0,0.0,0.0,-1.6485356092453003,1.9449273347854614
IMG-33B5BB86C8,R1,A,wavelet-HHL,14385,0,0,0.0,0.0,-3.102257251739502,3.136845111846924
IMG-33B5BB86C8,R1,A,wavelet-HHH,14385,0,0,0.0,0.0,-1.6297781467437744,1.432523488998413
IMG-33B5BB86C8,R1,A,wavelet-LLL,14385,0,0,0.0,0.0,-6.953490734100342,9.329866409301758
IMG-33B5BB86C8,R1,A,log-sigma-1-0-mm-3D,14385,0,0,0.0,0.0,-2.26420521736145,1.4163140058517456
IMG-33B5BB86C8,R1,A,log-sigma-2-0-mm-3D,14385,0,0,0.0,0.0,-2.4500718116760254,1.3531546592712402
IMG-33B5BB86C8,R1,A,log-sigma-3-0-mm-3D,14385,0,0,0.0,0.0,-1.8959543704986572,1.3495829105377197
IMG-3913DEC6AF,R1,A,wavelet-LLH,8407,0,0,0.0,0.0,-3.764404296875,3.3555872440338135
IMG-3913DEC6AF,R1,A,wavelet-LHL,8407,0,0,0.0,0.0,-4.736608028411865,5.9226298332214355
IMG-3913DEC6AF,R1,A,wavelet-LHH,8407,0,0,0.0,0.0,-1.8713710308074951,1.8265690803527832
IMG-3913DEC6AF,R1,A,wavelet-HLL,8407,0,0,0.0,0.0,-4.654321670532227,3.598386526107788
IMG-3913DEC6AF,R1,A,wavelet-HLH,8407,0,0,0.0,0.0,-1.902294635772705,1.8535282611846924
IMG-3913DEC6AF,R1,A,wavelet-HHL,8407,0,0,0.0,0.0,-3.570754051208496,4.195230007171631
IMG-3913DEC6AF,R1,A,wavelet-HHH,8407,0,0,0.0,0.0,-1.7914854288101196,1.4973421096801758
IMG-3913DEC6AF,R1,A,wavelet-LLL,8407,0,0,0.0,0.0,-6.430673599243164,9.411770820617676
IMG-3913DEC6AF,R1,A,log-sigma-1-0-mm-3D,8407,0,0,0.0,0.0,-2.619283676147461,1.5554075241088867
IMG-3913DEC6AF,R1,A,log-sigma-2-0-mm-3D,8407,0,0,0.0,0.0,-1.9308580160140991,1.8227230310440063
IMG-3913DEC6AF,R1,A,log-sigma-3-0-mm-3D,8407,0,0,0.0,0.0,-1.606843113899231,1.6049394607543945
IMG-1517AFE9F7,R1,A,wavelet-LLH,1181,0,0,0.0,0.0,-5.577507495880127,4.968928813934326
IMG-1517AFE9F7,R1,A,wavelet-LHL,1181,0,0,0.0,0.0,-3.778965950012207,3.1976888179779053
IMG-1517AFE9F7,R1,A,wavelet-LHH,1181,0,0,0.0,0.0,-3.923643112182617,3.943056106567383
IMG-1517AFE9F7,R1,A,wavelet-HLL,1181,0,0,0.0,0.0,-6.223970890045166,5.311954498291016
IMG-1517AFE9F7,R1,A,wavelet-HLH,1181,0,0,0.0,0.0,-2.68497896194458,2.549837112426758
IMG-1517AFE9F7,R1,A,wavelet-HHL,1181,0,0,0.0,0.0,-4.764819145202637,5.26826810836792
IMG-1517AFE9F7,R1,A,wavelet-HHH,1181,0,0,0.0,0.0,-2.8097658157348633,1.8969610929489136
IMG-1517AFE9F7,R1,A,wavelet-LLL,1181,0,0,0.0,0.0,-8.7977294921875,10.896780967712402
IMG-1517AFE9F7,R1,A,log-sigma-1-0-mm-3D,1181,0,0,0.0,0.0,-2.158703088760376,1.9648467302322388
IMG-1517AFE9F7,R1,A,log-sigma-2-0-mm-3D,1181,0,0,0.0,0.0,-1.7992852926254272,2.2421069145202637
IMG-1517AFE9F7,R1,A,log-sigma-3-0-mm-3D,1181,0,0,0.0,0.0,-1.467146873474121,2.290259599685669
IMG-A135E42BD6,R1,A,wavelet-LLH,28105,0,0,0.0,0.0,-6.325937747955322,12.148468017578125
IMG-A135E42BD6,R1,A,wavelet-LHL,28105,0,0,0.0,0.0,-4.208550930023193,7.086033344268799
IMG-A135E42BD6,R1,A,wavelet-LHH,28105,0,0,0.0,0.0,-1.938111424446106,2.00833797454834
IMG-A135E42BD6,R1,A,wavelet-HLL,28105,0,0,0.0,0.0,-4.098143577575684,4.640799045562744
IMG-A135E42BD6,R1,A,wavelet-HLH,28105,0,0,0.0,0.0,-1.9195891618728638,1.9339618682861328
IMG-A135E42BD6,R1,A,wavelet-HHL,28105,0,0,0.0,0.0,-2.9148805141448975,3.550060272216797
IMG-A135E42BD6,R1,A,wavelet-HHH,28105,0,0,0.0,0.0,-1.3509453535079956,1.1956181526184082
IMG-A135E42BD6,R1,A,wavelet-LLL,28105,0,0,0.0,0.0,-7.732474327087402,13.045340538024902
IMG-A135E42BD6,R1,A,log-sigma-1-0-mm-3D,28105,0,0,0.0,0.0,-3.6537575721740723,1.9105539321899414
IMG-A135E42BD6,R1,A,log-sigma-2-0-mm-3D,28105,0,0,0.0,0.0,-3.2511825561523438,1.751845359802246
IMG-A135E42BD6,R1,A,log-sigma-3-0-mm-3D,28105,0,0,0.0,0.0,-3.117277145385742,1.659301996231079
IMG-5CB53C5107,R1,A,wavelet-LLH,5565,0,0,0.0,0.0,-2.8514420986175537,2.4666037559509277
IMG-5CB53C5107,R1,A,wavelet-LHL,5565,0,0,0.0,0.0,-3.770895481109619,3.043613910675049
IMG-5CB53C5107,R1,A,wavelet-LHH,5565,0,0,0.0,0.0,-1.4339512586593628,1.2898222208023071
IMG-5CB53C5107,R1,A,wavelet-HLL,5565,0,0,0.0,0.0,-3.112184524536133,2.682156801223755
IMG-5CB53C5107,R1,A,wavelet-HLH,5565,0,0,0.0,0.0,-0.9570865035057068,1.2695568799972534
IMG-5CB53C5107,R1,A,wavelet-HHL,5565,0,0,0.0,0.0,-1.5630255937576294,1.62208890914917
IMG-5CB53C5107,R1,A,wavelet-HHH,5565,0,0,0.0,0.0,-0.8372731804847717,0.8376185297966003
IMG-5CB53C5107,R1,A,wavelet-LLL,5565,0,0,0.0,0.0,-6.038820266723633,7.801730155944824
IMG-5CB53C5107,R1,A,log-sigma-1-0-mm-3D,5565,0,0,0.0,0.0,-1.897594928741455,1.449059247970581
IMG-5CB53C5107,R1,A,log-sigma-2-0-mm-3D,5565,0,0,0.0,0.0,-1.9544068574905396,1.1068960428237915
IMG-5CB53C5107,R1,A,log-sigma-3-0-mm-3D,5565,0,0,0.0,0.0,-1.8103047609329224,0.9732261896133423
IMG-130301C807,R1,A,wavelet-LLH,32523,0,0,0.0,0.0,-3.2938570976257324,2.7726378440856934
IMG-130301C807,R1,A,wavelet-LHL,32523,0,0,0.0,0.0,-6.459522247314453,4.6628642082214355
IMG-130301C807,R1,A,wavelet-LHH,32523,0,0,0.0,0.0,-1.5978471040725708,1.8973338603973389
IMG-130301C807,R1,A,wavelet-HLL,32523,0,0,0.0,0.0,-3.5066285133361816,4.45328950881958
IMG-130301C807,R1,A,wavelet-HLH,32523,0,0,0.0,0.0,-1.376439094543457,1.6558465957641602
IMG-130301C807,R1,A,wavelet-HHL,32523,0,0,0.0,0.0,-2.935908079147339,2.5078117847442627
IMG-130301C807,R1,A,wavelet-HHH,32523,0,0,0.0,0.0,-1.2534217834472656,1.5232248306274414
IMG-130301C807,R1,A,wavelet-LLL,32523,0,0,0.0,0.0,-6.429450511932373,10.15919303894043
IMG-130301C807,R1,A,log-sigma-1-0-mm-3D,32523,0,0,0.0,0.0,-2.4194440841674805,1.378223180770874
IMG-130301C807,R1,A,log-sigma-2-0-mm-3D,32523,0,0,0.0,0.0,-1.7554998397827148,1.5414308309555054
IMG-130301C807,R1,A,log-sigma-3-0-mm-3D,32523,0,0,0.0,0.0,-1.6083526611328125,1.1594672203063965
IMG-343B9B81CF,R1,A,wavelet-LLH,4183,0,0,0.0,0.0,-4.817583084106445,3.5649569034576416
IMG-343B9B81CF,R1,A,wavelet-LHL,4183,0,0,0.0,0.0,-2.949557065963745,4.283912658691406
IMG-343B9B81CF,R1,A,wavelet-LHH,4183,0,0,0.0,0.0,-1.92249596118927,2.1254138946533203
IMG-343B9B81CF,R1,A,wavelet-HLL,4183,0,0,0.0,0.0,-4.741129398345947,3.951353073120117
IMG-343B9B81CF,R1,A,wavelet-HLH,4183,0,0,0.0,0.0,-1.6372653245925903,2.058706045150757
IMG-343B9B81CF,R1,A,wavelet-HHL,4183,0,0,0.0,0.0,-2.39105486869812,2.4859025478363037
IMG-343B9B81CF,R1,A,wavelet-HHH,4183,0,0,0.0,0.0,-1.5750234127044678,1.3319766521453857
IMG-343B9B81CF,R1,A,wavelet-LLL,4183,0,0,0.0,0.0,-7.12706995010376,10.222817420959473
IMG-343B9B81CF,R1,A,log-sigma-1-0-mm-3D,4183,0,0,0.0,0.0,-1.6375548839569092,1.9690645933151245
IMG-343B9B81CF,R1,A,log-sigma-2-0-mm-3D,4183,0,0,0.0,0.0,-1.8255573511123657,2.318127155303955
IMG-343B9B81CF,R1,A,log-sigma-3-0-mm-3D,4183,0,0,0.0,0.0,-1.6893091201782227,2.752863883972168
IMG-096EE47041,R1,A,wavelet-LLH,9863,0,0,0.0,0.0,-4.298806667327881,3.3242239952087402
IMG-096EE47041,R1,A,wavelet-LHL,9863,0,0,0.0,0.0,-4.7761054039001465,4.1480560302734375
IMG-096EE47041,R1,A,wavelet-LHH,9863,0,0,0.0,0.0,-2.1273083686828613,2.320070743560791
IMG-096EE47041,R1,A,wavelet-HLL,9863,0,0,0.0,0.0,-7.3775224685668945,6.398468017578125
IMG-096EE47041,R1,A,wavelet-HLH,9863,0,0,0.0,0.0,-2.2306785583496094,2.066774606704712
IMG-096EE47041,R1,A,wavelet-HHL,9863,0,0,0.0,0.0,-4.508352756500244,4.495983600616455
IMG-096EE47041,R1,A,wavelet-HHH,9863,0,0,0.0,0.0,-1.7669645547866821,1.7669416666030884
IMG-096EE47041,R1,A,wavelet-LLL,9863,0,0,0.0,0.0,-7.149352073669434,11.1864652633667
IMG-096EE47041,R1,A,log-sigma-1-0-mm-3D,9863,0,0,0.0,0.0,-2.5730957984924316,2.385594367980957
IMG-096EE47041,R1,A,log-sigma-2-0-mm-3D,9863,0,0,0.0,0.0,-2.1852645874023438,2.264695405960083
IMG-096EE47041,R1,A,log-sigma-3-0-mm-3D,9863,0,0,0.0,0.0,-2.0329113006591797,2.0930936336517334
IMG-CCB5481F08,R1,A,wavelet-LLH,24576,0,0,0.0,0.0,-6.701550483703613,4.344426155090332
IMG-CCB5481F08,R1,A,wavelet-LHL,24576,0,0,0.0,0.0,-5.010767459869385,5.482709884643555
IMG-CCB5481F08,R1,A,wavelet-LHH,24576,0,0,0.0,0.0,-1.8757742643356323,1.9409408569335938
IMG-CCB5481F08,R1,A,wavelet-HLL,24576,0,0,0.0,0.0,-8.054755210876465,4.448456764221191
IMG-CCB5481F08,R1,A,wavelet-HLH,24576,0,0,0.0,0.0,-2.2701587677001953,3.327890396118164
IMG-CCB5481F08,R1,A,wavelet-HHL,24576,0,0,0.0,0.0,-2.491933584213257,2.6688544750213623
IMG-CCB5481F08,R1,A,wavelet-HHH,24576,0,0,0.0,0.0,-1.8321871757507324,1.487301230430603
IMG-CCB5481F08,R1,A,wavelet-LLL,24576,0,0,0.0,0.0,-7.424636363983154,15.200862884521484
IMG-CCB5481F08,R1,A,log-sigma-1-0-mm-3D,24576,0,0,0.0,0.0,-2.2256553173065186,2.256443500518799
IMG-CCB5481F08,R1,A,log-sigma-2-0-mm-3D,24576,0,0,0.0,0.0,-2.7114579677581787,1.9440979957580566
IMG-CCB5481F08,R1,A,log-sigma-3-0-mm-3D,24576,0,0,0.0,0.0,-2.372821569442749,1.7606163024902344
IMG-F4172CA658,R1,A,wavelet-LLH,4591,0,0,0.0,0.0,-4.536173343658447,3.879852056503296
IMG-F4172CA658,R1,A,wavelet-LHL,4591,0,0,0.0,0.0,-6.404729843139648,6.207086086273193
IMG-F4172CA658,R1,A,wavelet-LHH,4591,0,0,0.0,0.0,-2.3925931453704834,3.0075483322143555
IMG-F4172CA658,R1,A,wavelet-HLL,4591,0,0,0.0,0.0,-6.8250322341918945,7.132316589355469
IMG-F4172CA658,R1,A,wavelet-HLH,4591,0,0,0.0,0.0,-3.988499879837036,3.739309549331665
IMG-F4172CA658,R1,A,wavelet-HHL,4591,0,0,0.0,0.0,-4.6024603843688965,3.781304359436035
IMG-F4172CA658,R1,A,wavelet-HHH,4591,0,0,0.0,0.0,-1.9166951179504395,1.8591481447219849
IMG-F4172CA658,R1,A,wavelet-LLL,4591,0,0,0.0,0.0,-5.8554887771606445,20.033905029296875
IMG-F4172CA658,R1,A,log-sigma-1-0-mm-3D,4591,0,0,0.0,0.0,-1.6681334972381592,2.275536060333252
IMG-F4172CA658,R1,A,log-sigma-2-0-mm-3D,4591,0,0,0.0,0.0,-4.2189836502075195,2.566385269165039
IMG-F4172CA658,R1,A,log-sigma-3-0-mm-3D,4591,0,0,0.0,0.0,-4.598174095153809,3.087404489517212
IMG-CB92CEEA29,R1,A,wavelet-LLH,46175,0,0,0.0,0.0,-3.441143751144409,3.241682767868042
IMG-CB92CEEA29,R1,A,wavelet-LHL,46175,0,0,0.0,0.0,-5.043754577636719,6.416013717651367
IMG-CB92CEEA29,R1,A,wavelet-LHH,46175,0,0,0.0,0.0,-2.4887869358062744,3.3349549770355225
IMG-CB92CEEA29,R1,A,wavelet-HLL,46175,0,0,0.0,0.0,-4.001670837402344,5.5612263679504395
IMG-CB92CEEA29,R1,A,wavelet-HLH,46175,0,0,0.0,0.0,-1.8804066181182861,2.195899248123169
IMG-CB92CEEA29,R1,A,wavelet-HHL,46175,0,0,0.0,0.0,-3.4110591411590576,4.022353172302246
IMG-CB92CEEA29,R1,A,wavelet-HHH,46175,0,0,0.0,0.0,-1.192859411239624,1.4683234691619873
IMG-CB92CEEA29,R1,A,wavelet-LLL,46175,0,0,0.0,0.0,-8.17345142364502,8.516899108886719
IMG-CB92CEEA29,R1,A,log-sigma-1-0-mm-3D,46175,0,0,0.0,0.0,-2.110496759414673,2.254812240600586
IMG-CB92CEEA29,R1,A,log-sigma-2-0-mm-3D,46175,0,0,0.0,0.0,-1.7514922618865967,1.694578766822815
IMG-CB92CEEA29,R1,A,log-sigma-3-0-mm-3D,46175,0,0,0.0,0.0,-1.7828333377838135,1.5707050561904907
IMG-CF16F87B5B,R1,A,wavelet-LLH,12091,0,0,0.0,0.0,-4.781952857971191,4.106412410736084
IMG-CF16F87B5B,R1,A,wavelet-LHL,12091,0,0,0.0,0.0,-5.740246772766113,5.299068450927734
IMG-CF16F87B5B,R1,A,wavelet-LHH,12091,0,0,0.0,0.0,-2.051173686981201,2.4780635833740234
IMG-CF16F87B5B,R1,A,wavelet-HLL,12091,0,0,0.0,0.0,-7.714475631713867,4.905160903930664
IMG-CF16F87B5B,R1,A,wavelet-HLH,12091,0,0,0.0,0.0,-2.5857622623443604,2.6152586936950684
IMG-CF16F87B5B,R1,A,wavelet-HHL,12091,0,0,0.0,0.0,-3.755345106124878,3.64967942237854
IMG-CF16F87B5B,R1,A,wavelet-HHH,12091,0,0,0.0,0.0,-1.7900753021240234,1.6838077306747437
IMG-CF16F87B5B,R1,A,wavelet-LLL,12091,0,0,0.0,0.0,-6.474308490753174,14.489113807678223
IMG-CF16F87B5B,R1,A,log-sigma-1-0-mm-3D,12091,0,0,0.0,0.0,-2.65244722366333,2.2878851890563965
IMG-CF16F87B5B,R1,A,log-sigma-2-0-mm-3D,12091,0,0,0.0,0.0,-2.6963300704956055,2.290297508239746
IMG-CF16F87B5B,R1,A,log-sigma-3-0-mm-3D,12091,0,0,0.0,0.0,-2.710670232772827,2.44099760055542
IMG-2AEC2AD4B0,R1,A,wavelet-LLH,6943,0,0,0.0,0.0,-5.60269021987915,6.072934627532959
IMG-2AEC2AD4B0,R1,A,wavelet-LHL,6943,0,0,0.0,0.0,-6.830935001373291,6.942409515380859
IMG-2AEC2AD4B0,R1,A,wavelet-LHH,6943,0,0,0.0,0.0,-2.7552502155303955,3.3415913581848145
IMG-2AEC2AD4B0,R1,A,wavelet-HLL,6943,0,0,0.0,0.0,-6.824934959411621,4.760315418243408
IMG-2AEC2AD4B0,R1,A,wavelet-HLH,6943,0,0,0.0,0.0,-2.358485221862793,3.136399745941162
IMG-2AEC2AD4B0,R1,A,wavelet-HHL,6943,0,0,0.0,0.0,-6.922242164611816,4.770484447479248
IMG-2AEC2AD4B0,R1,A,wavelet-HHH,6943,0,0,0.0,0.0,-2.143028974533081,2.3011205196380615
IMG-2AEC2AD4B0,R1,A,wavelet-LLL,6943,1,0,0.00014402995823131211,0.0,-10.983818054199219,10.916179656982422
IMG-2AEC2AD4B0,R1,A,log-sigma-1-0-mm-3D,6943,0,0,0.0,0.0,-2.7319278717041016,3.0604422092437744
IMG-2AEC2AD4B0,R1,A,log-sigma-2-0-mm-3D,6943,0,0,0.0,0.0,-2.425764322280884,2.555208683013916
IMG-2AEC2AD4B0,R1,A,log-sigma-3-0-mm-3D,6943,0,0,0.0,0.0,-1.892702341079712,2.3291807174682617
IMG-FC5D879142,R1,A,wavelet-LLH,16550,0,0,0.0,0.0,-5.6395416259765625,4.188793182373047
IMG-FC5D879142,R1,A,wavelet-LHL,16550,0,0,0.0,0.0,-4.929311275482178,5.17642879486084
IMG-FC5D879142,R1,A,wavelet-LHH,16550,0,0,0.0,0.0,-3.0023674964904785,2.1074562072753906
IMG-FC5D879142,R1,A,wavelet-HLL,16550,0,0,0.0,0.0,-5.495796203613281,3.9507181644439697
IMG-FC5D879142,R1,A,wavelet-HLH,16550,0,0,0.0,0.0,-2.2771520614624023,2.1345510482788086
IMG-FC5D879142,R1,A,wavelet-HHL,16550,0,0,0.0,0.0,-3.2756922245025635,3.786884069442749
IMG-FC5D879142,R1,A,wavelet-HHH,16550,0,0,0.0,0.0,-1.53145170211792,1.5025449991226196
IMG-FC5D879142,R1,A,wavelet-LLL,16550,0,0,0.0,0.0,-8.41651725769043,10.159658432006836
IMG-FC5D879142,R1,A,log-sigma-1-0-mm-3D,16550,0,0,0.0,0.0,-2.4351370334625244,1.359670639038086
IMG-FC5D879142,R1,A,log-sigma-2-0-mm-3D,16550,0,0,0.0,0.0,-2.0650246143341064,1.5976123809814453
IMG-FC5D879142,R1,A,log-sigma-3-0-mm-3D,16550,0,0,0.0,0.0,-1.6177270412445068,1.5716018676757812
IMG-DB2D19C43A,R1,A,wavelet-LLH,7790,0,0,0.0,0.0,-5.738496780395508,3.870917558670044
IMG-DB2D19C43A,R1,A,wavelet-LHL,7790,0,0,0.0,0.0,-5.687056064605713,3.421588182449341
IMG-DB2D19C43A,R1,A,wavelet-LHH,7790,0,0,0.0,0.0,-2.889293909072876,2.613370180130005
IMG-DB2D19C43A,R1,A,wavelet-HLL,7790,0,0,0.0,0.0,-5.625769138336182,6.372286796569824
IMG-DB2D19C43A,R1,A,wavelet-HLH,7790,0,0,0.0,0.0,-3.135963201522827,2.7938573360443115
IMG-DB2D19C43A,R1,A,wavelet-HHL,7790,0,0,0.0,0.0,-3.7213616371154785,4.453349590301514
IMG-DB2D19C43A,R1,A,wavelet-HHH,7790,0,0,0.0,0.0,-1.6911969184875488,1.9916678667068481
IMG-DB2D19C43A,R1,A,wavelet-LLL,7790,0,0,0.0,0.0,-7.476759433746338,12.049771308898926
IMG-DB2D19C43A,R1,A,log-sigma-1-0-mm-3D,7790,0,0,0.0,0.0,-1.9861104488372803,2.160712957382202
IMG-DB2D19C43A,R1,A,log-sigma-2-0-mm-3D,7790,0,0,0.0,0.0,-2.1864097118377686,2.5550804138183594
IMG-DB2D19C43A,R1,A,log-sigma-3-0-mm-3D,7790,0,0,0.0,0.0,-1.5791239738464355,2.2066543102264404
IMG-0C0EF7B130,R1,A,wavelet-LLH,3412,0,0,0.0,0.0,-5.655216217041016,4.470456600189209
IMG-0C0EF7B130,R1,A,wavelet-LHL,3412,0,0,0.0,0.0,-10.916943550109863,10.514442443847656
IMG-0C0EF7B130,R1,A,wavelet-LHH,3412,0,0,0.0,0.0,-7.502255916595459,6.106785297393799
IMG-0C0EF7B130,R1,A,wavelet-HLL,3412,0,0,0.0,0.0,-8.975232124328613,7.983470916748047
IMG-0C0EF7B130,R1,A,wavelet-HLH,3412,0,0,0.0,0.0,-2.6008801460266113,2.977872848510742
IMG-0C0EF7B130,R1,A,wavelet-HHL,3412,0,0,0.0,0.0,-6.6301350593566895,4.8572187423706055
IMG-0C0EF7B130,R1,A,wavelet-HHH,3412,0,0,0.0,0.0,-2.2852776050567627,2.68123722076416
IMG-0C0EF7B130,R1,A,wavelet-LLL,3412,0,0,0.0,0.0,-6.794525146484375,17.08983612060547
IMG-0C0EF7B130,R1,A,log-sigma-1-0-mm-3D,3412,0,0,0.0,0.0,-2.24078106880188,2.9659290313720703
IMG-0C0EF7B130,R1,A,log-sigma-2-0-mm-3D,3412,0,0,0.0,0.0,-2.8249330520629883,2.501723527908325
IMG-0C0EF7B130,R1,A,log-sigma-3-0-mm-3D,3412,0,0,0.0,0.0,-2.3768362998962402,2.2554843425750732
IMG-2E35DB7124,R1,A,wavelet-LLH,22232,0,0,0.0,0.0,-5.183652877807617,3.9290246963500977
IMG-2E35DB7124,R1,A,wavelet-LHL,22232,0,0,0.0,0.0,-7.696769714355469,8.971599578857422
IMG-2E35DB7124,R1,A,wavelet-LHH,22232,0,0,0.0,0.0,-2.917923927307129,3.057190418243408
IMG-2E35DB7124,R1,A,wavelet-HLL,22232,0,0,0.0,0.0,-7.979747772216797,7.879283905029297
IMG-2E35DB7124,R1,A,wavelet-HLH,22232,0,0,0.0,0.0,-1.9827659130096436,2.6984894275665283
IMG-2E35DB7124,R1,A,wavelet-HHL,22232,0,0,0.0,0.0,-5.536061763763428,6.311899185180664
IMG-2E35DB7124,R1,A,wavelet-HHH,22232,0,0,0.0,0.0,-2.718585968017578,2.068490505218506
IMG-2E35DB7124,R1,A,wavelet-LLL,22232,0,0,0.0,0.0,-6.97280216217041,17.20631217956543
IMG-2E35DB7124,R1,A,log-sigma-1-0-mm-3D,22232,0,1,0.0,4.49802087081684e-05,-2.116121768951416,5.664585590362549
IMG-2E35DB7124,R1,A,log-sigma-2-0-mm-3D,22232,0,0,0.0,0.0,-1.9674097299575806,2.127183437347412
IMG-2E35DB7124,R1,A,log-sigma-3-0-mm-3D,22232,0,0,0.0,0.0,-2.7792162895202637,2.3205130100250244
IMG-037489B4CD,R1,A,wavelet-LLH,16846,0,0,0.0,0.0,-7.054202556610107,5.797942638397217
IMG-037489B4CD,R1,A,wavelet-LHL,16846,0,0,0.0,0.0,-7.701981544494629,7.155853271484375
IMG-037489B4CD,R1,A,wavelet-LHH,16846,0,0,0.0,0.0,-2.9640023708343506,3.596039056777954
IMG-037489B4CD,R1,A,wavelet-HLL,16846,0,0,0.0,0.0,-9.280975341796875,6.465409278869629
IMG-037489B4CD,R1,A,wavelet-HLH,16846,0,0,0.0,0.0,-3.417207956314087,3.6189751625061035
IMG-037489B4CD,R1,A,wavelet-HHL,16846,0,0,0.0,0.0,-4.8137993812561035,5.394661903381348
IMG-037489B4CD,R1,A,wavelet-HHH,16846,0,0,0.0,0.0,-2.6899964809417725,2.320669651031494
IMG-037489B4CD,R1,A,wavelet-LLL,16846,0,0,0.0,0.0,-7.609597206115723,14.999000549316406
IMG-037489B4CD,R1,A,log-sigma-1-0-mm-3D,16846,0,0,0.0,0.0,-2.3119776248931885,3.355295181274414
IMG-037489B4CD,R1,A,log-sigma-2-0-mm-3D,16846,0,0,0.0,0.0,-2.2805824279785156,3.506925106048584
IMG-037489B4CD,R1,A,log-sigma-3-0-mm-3D,16846,0,0,0.0,0.0,-2.3716890811920166,2.4111170768737793
IMG-8B7A86E90A,R1,B,wavelet-LLH,9099,0,0,0.0,0.0,-3.554309606552124,2.9623379707336426
IMG-8B7A86E90A,R1,B,wavelet-LHL,9099,0,0,0.0,0.0,-3.1937360763549805,4.960334300994873
IMG-8B7A86E90A,R1,B,wavelet-LHH,9099,0,0,0.0,0.0,-1.4564238786697388,1.567600131034851
IMG-8B7A86E90A,R1,B,wavelet-HLL,9099,0,0,0.0,0.0,-3.404601812362671,3.247863292694092
IMG-8B7A86E90A,R1,B,wavelet-HLH,9099,0,0,0.0,0.0,-1.6066029071807861,1.568495750427246
IMG-8B7A86E90A,R1,B,wavelet-HHL,9099,0,0,0.0,0.0,-3.7591543197631836,2.344470500946045
IMG-8B7A86E90A,R1,B,wavelet-HHH,9099,0,0,0.0,0.0,-1.2953709363937378,1.4690861701965332
IMG-8B7A86E90A,R1,B,wavelet-LLL,9099,0,0,0.0,0.0,-5.846776485443115,10.4141845703125
IMG-8B7A86E90A,R1,B,log-sigma-1-0-mm-3D,9099,0,0,0.0,0.0,-1.9621495008468628,1.5260909795761108
IMG-8B7A86E90A,R1,B,log-sigma-2-0-mm-3D,9099,0,0,0.0,0.0,-1.9309240579605103,1.5648798942565918
IMG-8B7A86E90A,R1,B,log-sigma-3-0-mm-3D,9099,0,0,0.0,0.0,-1.4038699865341187,1.5764347314834595
IMG-E350B9069A,R1,A,wavelet-LLH,22127,0,0,0.0,0.0,-3.736119270324707,4.9507832527160645
IMG-E350B9069A,R1,A,wavelet-LHL,22127,0,0,0.0,0.0,-4.587106227874756,4.598146915435791
IMG-E350B9069A,R1,A,wavelet-LHH,22127,0,0,0.0,0.0,-1.574742078781128,2.3442509174346924
IMG-E350B9069A,R1,A,wavelet-HLL,22127,0,0,0.0,0.0,-4.936687469482422,5.241443634033203
IMG-E350B9069A,R1,A,wavelet-HLH,22127,0,0,0.0,0.0,-2.3545069694519043,2.6240146160125732
IMG-E350B9069A,R1,A,wavelet-HHL,22127,0,0,0.0,0.0,-2.9233927726745605,3.249743700027466
IMG-E350B9069A,R1,A,wavelet-HHH,22127,0,0,0.0,0.0,-1.5072131156921387,1.4738961458206177
IMG-E350B9069A,R1,A,wavelet-LLL,22127,0,0,0.0,0.0,-5.668366432189941,12.436115264892578
IMG-E350B9069A,R1,A,log-sigma-1-0-mm-3D,22127,0,0,0.0,0.0,-3.261164426803589,1.5565199851989746
IMG-E350B9069A,R1,A,log-sigma-2-0-mm-3D,22127,0,0,0.0,0.0,-2.855391263961792,1.1621792316436768
IMG-E350B9069A,R1,A,log-sigma-3-0-mm-3D,22127,0,0,0.0,0.0,-2.856739044189453,1.1185598373413086
IMG-5E300BF54E,R1,A,wavelet-LLH,9568,0,0,0.0,0.0,-5.406260013580322,3.511503219604492
IMG-5E300BF54E,R1,A,wavelet-LHL,9568,0,0,0.0,0.0,-7.115584373474121,4.807246208190918
IMG-5E300BF54E,R1,A,wavelet-LHH,9568,0,0,0.0,0.0,-2.0858895778656006,2.35366153717041
IMG-5E300BF54E,R1,A,wavelet-HLL,9568,0,0,0.0,0.0,-5.379980564117432,5.562325954437256
IMG-5E300BF54E,R1,A,wavelet-HLH,9568,0,0,0.0,0.0,-2.7075257301330566,2.7828707695007324
IMG-5E300BF54E,R1,A,wavelet-HHL,9568,0,0,0.0,0.0,-5.013733386993408,4.3936333656311035
IMG-5E300BF54E,R1,A,wavelet-HHH,9568,0,0,0.0,0.0,-2.3732120990753174,1.9246057271957397
IMG-5E300BF54E,R1,A,wavelet-LLL,9568,0,0,0.0,0.0,-7.36186408996582,16.56494903564453
IMG-5E300BF54E,R1,A,log-sigma-1-0-mm-3D,9568,0,0,0.0,0.0,-2.02886700630188,2.597687005996704
IMG-5E300BF54E,R1,A,log-sigma-2-0-mm-3D,9568,0,0,0.0,0.0,-2.737927198410034,2.5317108631134033
IMG-5E300BF54E,R1,A,log-sigma-3-0-mm-3D,9568,0,0,0.0,0.0,-2.9574100971221924,2.658346176147461
IMG-C5085CA1DF,R1,A,wavelet-LLH,8952,0,0,0.0,0.0,-7.865908145904541,4.248019695281982
IMG-C5085CA1DF,R1,A,wavelet-LHL,8952,0,0,0.0,0.0,-5.515736103057861,4.758602142333984
IMG-C5085CA1DF,R1,A,wavelet-LHH,8952,0,0,0.0,0.0,-1.9798427820205688,2.171644926071167
IMG-C5085CA1DF,R1,A,wavelet-HLL,8952,0,0,0.0,0.0,-6.303934574127197,4.666624069213867
IMG-C5085CA1DF,R1,A,wavelet-HLH,8952,0,0,0.0,0.0,-2.7064943313598633,2.6478590965270996
IMG-C5085CA1DF,R1,A,wavelet-HHL,8952,0,0,0.0,0.0,-3.2058804035186768,3.740525484085083
IMG-C5085CA1DF,R1,A,wavelet-HHH,8952,0,0,0.0,0.0,-2.0921566486358643,1.7659165859222412
IMG-C5085CA1DF,R1,A,wavelet-LLL,8952,0,0,0.0,0.0,-5.79111385345459,12.788812637329102
IMG-C5085CA1DF,R1,A,log-sigma-1-0-mm-3D,8952,0,0,0.0,0.0,-2.2300655841827393,1.8676553964614868
IMG-C5085CA1DF,R1,A,log-sigma-2-0-mm-3D,8952,0,0,0.0,0.0,-2.081207513809204,2.2853217124938965
IMG-C5085CA1DF,R1,A,log-sigma-3-0-mm-3D,8952,0,0,0.0,0.0,-1.6448240280151367,1.9618000984191895
IMG-DDFA8F1560,R1,A,wavelet-LLH,10860,0,0,0.0,0.0,-4.923036575317383,14.398697853088379
IMG-DDFA8F1560,R1,A,wavelet-LHL,10860,0,0,0.0,0.0,-8.079144477844238,5.0615620613098145
IMG-DDFA8F1560,R1,A,wavelet-LHH,10860,0,0,0.0,0.0,-3.087563991546631,2.6103343963623047
IMG-DDFA8F1560,R1,A,wavelet-HLL,10860,0,0,0.0,0.0,-8.745514869689941,7.7329630851745605
IMG-DDFA8F1560,R1,A,wavelet-HLH,10860,0,0,0.0,0.0,-3.2401180267333984,3.6500699520111084
IMG-DDFA8F1560,R1,A,wavelet-HHL,10860,0,0,0.0,0.0,-6.3105058670043945,5.079056739807129
IMG-DDFA8F1560,R1,A,wavelet-HHH,10860,0,0,0.0,0.0,-2.1515867710113525,2.1391491889953613
IMG-DDFA8F1560,R1,A,wavelet-LLL,10860,0,0,0.0,0.0,-6.885167121887207,21.719512939453125
IMG-DDFA8F1560,R1,A,log-sigma-1-0-mm-3D,10860,0,0,0.0,0.0,-4.104597568511963,2.6366007328033447
IMG-DDFA8F1560,R1,A,log-sigma-2-0-mm-3D,10860,0,0,0.0,0.0,-3.0777664184570312,2.683220863342285
IMG-DDFA8F1560,R1,A,log-sigma-3-0-mm-3D,10860,0,0,0.0,0.0,-3.583491325378418,2.3163862228393555
IMG-E0E1148C51,R1,A,wavelet-LLH,17814,0,0,0.0,0.0,-4.944432258605957,4.303120136260986
IMG-E0E1148C51,R1,A,wavelet-LHL,17814,0,0,0.0,0.0,-5.9697957038879395,8.585334777832031
IMG-E0E1148C51,R1,A,wavelet-LHH,17814,0,0,0.0,0.0,-2.732567310333252,3.5934391021728516
IMG-E0E1148C51,R1,A,wavelet-HLL,17814,0,0,0.0,0.0,-8.666918754577637,8.473114967346191
IMG-E0E1148C51,R1,A,wavelet-HLH,17814,0,0,0.0,0.0,-2.94492244720459,3.083932876586914
IMG-E0E1148C51,R1,A,wavelet-HHL,17814,0,0,0.0,0.0,-5.028076171875,7.274858474731445
IMG-E0E1148C51,R1,A,wavelet-HHH,17814,0,0,0.0,0.0,-2.5333449840545654,2.1844122409820557
IMG-E0E1148C51,R1,A,wavelet-LLL,17814,0,0,0.0,0.0,-7.428330421447754,14.053594589233398
IMG-E0E1148C51,R1,A,log-sigma-1-0-mm-3D,17814,0,0,0.0,0.0,-3.5560011863708496,2.0178308486938477
IMG-E0E1148C51,R1,A,log-sigma-2-0-mm-3D,17814,0,0,0.0,0.0,-2.0578224658966064,2.204918384552002
IMG-E0E1148C51,R1,A,log-sigma-3-0-mm-3D,17814,0,0,0.0,0.0,-1.4680349826812744,2.3087825775146484
IMG-0B34BD3AA7,R1,A,wavelet-LLH,12560,0,0,0.0,0.0,-5.142707347869873,5.167049407958984
IMG-0B34BD3AA7,R1,A,wavelet-LHL,12560,0,0,0.0,0.0,-10.2395658493042,5.785820484161377
IMG-0B34BD3AA7,R1,A,wavelet-LHH,12560,0,0,0.0,0.0,-4.87251615524292,3.399304151535034
IMG-0B34BD3AA7,R1,A,wavelet-HLL,12560,0,0,0.0,0.0,-5.894481182098389,5.423780918121338
IMG-0B34BD3AA7,R1,A,wavelet-HLH,12560,0,0,0.0,0.0,-2.327564239501953,2.0495550632476807
IMG-0B34BD3AA7,R1,A,wavelet-HHL,12560,0,0,0.0,0.0,-4.558593273162842,5.443966388702393
IMG-0B34BD3AA7,R1,A,wavelet-HHH,12560,0,0,0.0,0.0,-1.889939785003662,2.2728607654571533
IMG-0B34BD3AA7,R1,A,wavelet-LLL,12560,0,0,0.0,0.0,-5.585284233093262,14.826286315917969
IMG-0B34BD3AA7,R1,A,log-sigma-1-0-mm-3D,12560,0,0,0.0,0.0,-2.2156496047973633,2.169111490249634
IMG-0B34BD3AA7,R1,A,log-sigma-2-0-mm-3D,12560,0,0,0.0,0.0,-2.699472427368164,1.8225458860397339
IMG-0B34BD3AA7,R1,A,log-sigma-3-0-mm-3D,12560,0,0,0.0,0.0,-2.2763020992279053,1.6804025173187256
IMG-8C5F8FE3F9,R1,B,wavelet-LLH,3320,0,0,0.0,0.0,-3.9461658000946045,3.3801639080047607
IMG-8C5F8FE3F9,R1,B,wavelet-LHL,3320,0,0,0.0,0.0,-3.9017350673675537,3.997511148452759
IMG-8C5F8FE3F9,R1,B,wavelet-LHH,3320,0,0,0.0,0.0,-1.5348840951919556,1.1974177360534668
IMG-8C5F8FE3F9,R1,B,wavelet-HLL,3320,0,0,0.0,0.0,-6.747741222381592,4.002585411071777
IMG-8C5F8FE3F9,R1,B,wavelet-HLH,3320,0,0,0.0,0.0,-1.5879364013671875,1.7609755992889404
IMG-8C5F8FE3F9,R1,B,wavelet-HHL,3320,0,0,0.0,0.0,-2.7230687141418457,1.8988604545593262
IMG-8C5F8FE3F9,R1,B,wavelet-HHH,3320,0,0,0.0,0.0,-0.8994207382202148,0.9007423520088196
IMG-8C5F8FE3F9,R1,B,wavelet-LLL,3320,0,0,0.0,0.0,-5.857555866241455,17.561573028564453
IMG-8C5F8FE3F9,R1,B,log-sigma-1-0-mm-3D,3320,0,0,0.0,0.0,-2.285717487335205,2.106538772583008
IMG-8C5F8FE3F9,R1,B,log-sigma-2-0-mm-3D,3320,0,0,0.0,0.0,-2.2236733436584473,2.333752155303955
IMG-8C5F8FE3F9,R1,B,log-sigma-3-0-mm-3D,3320,0,0,0.0,0.0,-2.5278797149658203,1.5593287944793701
IMG-4DA2D1C308,R1,A,wavelet-LLH,12141,0,0,0.0,0.0,-6.437941551208496,3.406174898147583
IMG-4DA2D1C308,R1,A,wavelet-LHL,12141,0,0,0.0,0.0,-5.981881141662598,5.419478893280029
IMG-4DA2D1C308,R1,A,wavelet-LHH,12141,0,0,0.0,0.0,-3.021944761276245,3.2812089920043945
IMG-4DA2D1C308,R1,A,wavelet-HLL,12141,0,0,0.0,0.0,-5.3212151527404785,4.634877681732178
IMG-4DA2D1C308,R1,A,wavelet-HLH,12141,0,0,0.0,0.0,-2.2572991847991943,1.9045612812042236
IMG-4DA2D1C308,R1,A,wavelet-HHL,12141,0,0,0.0,0.0,-3.7668240070343018,4.095366477966309
IMG-4DA2D1C308,R1,A,wavelet-HHH,12141,0,0,0.0,0.0,-1.975847840309143,2.017754316329956
IMG-4DA2D1C308,R1,A,wavelet-LLL,12141,0,0,0.0,0.0,-7.388861656188965,19.421630859375
IMG-4DA2D1C308,R1,A,log-sigma-1-0-mm-3D,12141,0,0,0.0,0.0,-3.3325424194335938,2.737377643585205
IMG-4DA2D1C308,R1,A,log-sigma-2-0-mm-3D,12141,0,0,0.0,0.0,-2.6061198711395264,2.524510145187378
IMG-4DA2D1C308,R1,A,log-sigma-3-0-mm-3D,12141,0,0,0.0,0.0,-2.377385377883911,2.050218343734741
IMG-8E80801B31,R1,A,wavelet-LLH,6810,0,0,0.0,0.0,-4.749419689178467,4.14809513092041
IMG-8E80801B31,R1,A,wavelet-LHL,6810,0,0,0.0,0.0,-7.795764446258545,4.008342266082764
IMG-8E80801B31,R1,A,wavelet-LHH,6810,0,0,0.0,0.0,-2.404484510421753,2.1339099407196045
IMG-8E80801B31,R1,A,wavelet-HLL,6810,0,0,0.0,0.0,-6.14824914932251,4.2447919845581055
IMG-8E80801B31,R1,A,wavelet-HLH,6810,0,0,0.0,0.0,-2.259582281112671,2.027266025543213
IMG-8E80801B31,R1,A,wavelet-HHL,6810,0,0,0.0,0.0,-3.2876508235931396,3.968240976333618
IMG-8E80801B31,R1,A,wavelet-HHH,6810,0,0,0.0,0.0,-1.4995872974395752,1.335766315460205
IMG-8E80801B31,R1,A,wavelet-LLL,6810,0,0,0.0,0.0,-5.372047424316406,10.872844696044922
IMG-8E80801B31,R1,A,log-sigma-1-0-mm-3D,6810,0,0,0.0,0.0,-2.0470924377441406,1.732953667640686
IMG-8E80801B31,R1,A,log-sigma-2-0-mm-3D,6810,0,0,0.0,0.0,-1.847531795501709,1.8122258186340332
IMG-8E80801B31,R1,A,log-sigma-3-0-mm-3D,6810,0,0,0.0,0.0,-1.6610267162322998,1.795813798904419
IMG-D53B868EF7,R1,A,wavelet-LLH,12042,0,0,0.0,0.0,-5.93943452835083,4.248946666717529
IMG-D53B868EF7,R1,A,wavelet-LHL,12042,0,0,0.0,0.0,-8.12427806854248,5.168600082397461
IMG-D53B868EF7,R1,A,wavelet-LHH,12042,0,0,0.0,0.0,-2.1795361042022705,2.9267468452453613
IMG-D53B868EF7,R1,A,wavelet-HLL,12042,0,0,0.0,0.0,-7.96845817565918,5.769659519195557
IMG-D53B868EF7,R1,A,wavelet-HLH,12042,0,0,0.0,0.0,-2.6401174068450928,2.3698458671569824
IMG-D53B868EF7,R1,A,wavelet-HHL,12042,0,0,0.0,0.0,-6.887187957763672,7.693496227264404
IMG-D53B868EF7,R1,A,wavelet-HHH,12042,0,0,0.0,0.0,-2.92120623588562,2.7434160709381104
IMG-D53B868EF7,R1,A,wavelet-LLL,12042,0,0,0.0,0.0,-6.071803092956543,12.17435073852539
IMG-D53B868EF7,R1,A,log-sigma-1-0-mm-3D,12042,0,0,0.0,0.0,-2.437840223312378,1.9746639728546143
IMG-D53B868EF7,R1,A,log-sigma-2-0-mm-3D,12042,0,0,0.0,0.0,-1.9546399116516113,2.0498170852661133
IMG-D53B868EF7,R1,A,log-sigma-3-0-mm-3D,12042,0,0,0.0,0.0,-2.1615967750549316,2.034219264984131
IMG-23A3E837DC,R1,A,wavelet-LLH,2449,0,0,0.0,0.0,-2.902855396270752,3.025803804397583
IMG-23A3E837DC,R1,A,wavelet-LHL,2449,0,0,0.0,0.0,-5.2541303634643555,3.3024399280548096
IMG-23A3E837DC,R1,A,wavelet-LHH,2449,0,0,0.0,0.0,-2.228208541870117,3.1212122440338135
IMG-23A3E837DC,R1,A,wavelet-HLL,2449,0,0,0.0,0.0,-8.246891021728516,7.857396125793457
IMG-23A3E837DC,R1,A,wavelet-HLH,2449,0,0,0.0,0.0,-2.6362075805664062,2.6261379718780518
IMG-23A3E837DC,R1,A,wavelet-HHL,2449,0,0,0.0,0.0,-5.219004154205322,3.788079261779785
IMG-23A3E837DC,R1,A,wavelet-HHH,2449,0,0,0.0,0.0,-2.0172712802886963,2.634143114089966
IMG-23A3E837DC,R1,A,wavelet-LLL,2449,0,0,0.0,0.0,-5.6349687576293945,7.722679138183594
IMG-23A3E837DC,R1,A,log-sigma-1-0-mm-3D,2449,0,0,0.0,0.0,-1.706171989440918,2.0425539016723633
IMG-23A3E837DC,R1,A,log-sigma-2-0-mm-3D,2449,0,0,0.0,0.0,-1.6007417440414429,2.433474540710449
IMG-23A3E837DC,R1,A,log-sigma-3-0-mm-3D,2449,0,0,0.0,0.0,-1.0998600721359253,2.798177719116211
IMG-218FC1F5F4,R1,A,wavelet-LLH,7112,0,0,0.0,0.0,-5.608938694000244,4.8029069900512695
IMG-218FC1F5F4,R1,A,wavelet-LHL,7112,0,0,0.0,0.0,-16.152782440185547,6.932175159454346
IMG-218FC1F5F4,R1,A,wavelet-LHH,7112,0,0,0.0,0.0,-3.6944353580474854,4.565150737762451
IMG-218FC1F5F4,R1,A,wavelet-HLL,7112,0,0,0.0,0.0,-7.919633388519287,6.698973655700684
IMG-218FC1F5F4,R1,A,wavelet-HLH,7112,0,0,0.0,0.0,-1.9616070985794067,2.7476725578308105
IMG-218FC1F5F4,R1,A,wavelet-HHL,7112,0,0,0.0,0.0,-7.139194011688232,8.58881664276123
IMG-218FC1F5F4,R1,A,wavelet-HHH,7112,0,0,0.0,0.0,-2.651477813720703,2.6530356407165527
IMG-218FC1F5F4,R1,A,wavelet-LLL,7112,0,2,0.0,0.00028121484814398203,-6.684300899505615,24.160903930664062
IMG-218FC1F5F4,R1,A,log-sigma-1-0-mm-3D,7112,0,0,0.0,0.0,-4.693275451660156,3.2679331302642822
IMG-218FC1F5F4,R1,A,log-sigma-2-0-mm-3D,7112,0,0,0.0,0.0,-4.042908668518066,2.7627999782562256
IMG-218FC1F5F4,R1,A,log-sigma-3-0-mm-3D,7112,0,0,0.0,0.0,-2.9319818019866943,2.368920087814331
IMG-6503C91771,R1,A,wavelet-LLH,35629,0,0,0.0,0.0,-5.087730884552002,8.489289283752441
IMG-6503C91771,R1,A,wavelet-LHL,35629,0,0,0.0,0.0,-5.031399726867676,4.277298450469971
IMG-6503C91771,R1,A,wavelet-LHH,35629,0,0,0.0,0.0,-2.062173366546631,2.019113063812256
IMG-6503C91771,R1,A,wavelet-HLL,35629,0,0,0.0,0.0,-4.023397922515869,4.3017191886901855
IMG-6503C91771,R1,A,wavelet-HLH,35629,0,0,0.0,0.0,-2.1931912899017334,2.006117105484009
IMG-6503C91771,R1,A,wavelet-HHL,35629,0,0,0.0,0.0,-3.3957321643829346,4.427997589111328
IMG-6503C91771,R1,A,wavelet-HHH,35629,0,0,0.0,0.0,-1.6265177726745605,1.4893605709075928
IMG-6503C91771,R1,A,wavelet-LLL,35629,0,0,0.0,0.0,-5.964320659637451,9.987714767456055
IMG-6503C91771,R1,A,log-sigma-1-0-mm-3D,35629,0,0,0.0,0.0,-1.9837864637374878,1.9383294582366943
IMG-6503C91771,R1,A,log-sigma-2-0-mm-3D,35629,0,0,0.0,0.0,-2.352283000946045,1.8646855354309082
IMG-6503C91771,R1,A,log-sigma-3-0-mm-3D,35629,0,0,0.0,0.0,-2.237949848175049,1.4807648658752441
IMG-35D313D7F9,R1,A,wavelet-LLH,7364,0,0,0.0,0.0,-5.077621936798096,5.389667987823486
IMG-35D313D7F9,R1,A,wavelet-LHL,7364,0,0,0.0,0.0,-7.196676254272461,9.557551383972168
IMG-35D313D7F9,R1,A,wavelet-LHH,7364,0,0,0.0,0.0,-2.8111770153045654,3.600560188293457
IMG-35D313D7F9,R1,A,wavelet-HLL,7364,0,0,0.0,0.0,-6.401123046875,5.208847522735596
IMG-35D313D7F9,R1,A,wavelet-HLH,7364,0,0,0.0,0.0,-2.8413267135620117,4.590137004852295
IMG-35D313D7F9,R1,A,wavelet-HHL,7364,0,0,0.0,0.0,-4.569727420806885,4.1759538650512695
IMG-35D313D7F9,R1,A,wavelet-HHH,7364,0,0,0.0,0.0,-2.3070473670959473,2.2394003868103027
IMG-35D313D7F9,R1,A,wavelet-LLL,7364,0,0,0.0,0.0,-5.479589939117432,22.558191299438477
IMG-35D313D7F9,R1,A,log-sigma-1-0-mm-3D,7364,0,0,0.0,0.0,-2.01324462890625,3.299009084701538
IMG-35D313D7F9,R1,A,log-sigma-2-0-mm-3D,7364,0,0,0.0,0.0,-3.552663803100586,2.7383334636688232
IMG-35D313D7F9,R1,A,log-sigma-3-0-mm-3D,7364,0,0,0.0,0.0,-4.0230913162231445,2.650296688079834
IMG-C9A32358E2,R1,A,wavelet-LLH,26258,0,0,0.0,0.0,-4.580161094665527,4.417220115661621
IMG-C9A32358E2,R1,A,wavelet-LHL,26258,0,0,0.0,0.0,-10.40024471282959,5.579178333282471
IMG-C9A32358E2,R1,A,wavelet-LHH,26258,0,0,0.0,0.0,-3.122744083404541,3.8884692192077637
IMG-C9A32358E2,R1,A,wavelet-HLL,26258,0,0,0.0,0.0,-7.367702960968018,5.314868450164795
IMG-C9A32358E2,R1,A,wavelet-HLH,26258,0,0,0.0,0.0,-2.7001099586486816,2.7191390991210938
IMG-C9A32358E2,R1,A,wavelet-HHL,26258,0,0,0.0,0.0,-4.334207057952881,4.715827941894531
IMG-C9A32358E2,R1,A,wavelet-HHH,26258,0,0,0.0,0.0,-2.375675916671753,2.1929712295532227
IMG-C9A32358E2,R1,A,wavelet-LLL,26258,0,0,0.0,0.0,-6.56013822555542,15.693570137023926
IMG-C9A32358E2,R1,A,log-sigma-1-0-mm-3D,26258,0,0,0.0,0.0,-2.1792752742767334,1.841251254081726
IMG-C9A32358E2,R1,A,log-sigma-2-0-mm-3D,26258,0,0,0.0,0.0,-2.5497097969055176,1.8210450410842896
IMG-C9A32358E2,R1,A,log-sigma-3-0-mm-3D,26258,0,0,0.0,0.0,-2.033473014831543,2.056175708770752
IMG-106976E8BB,R1,A,wavelet-LLH,336,0,0,0.0,0.0,-3.3709020614624023,3.5727078914642334
IMG-106976E8BB,R1,A,wavelet-LHL,336,0,0,0.0,0.0,-4.325870513916016,3.599095344543457
IMG-106976E8BB,R1,A,wavelet-LHH,336,0,0,0.0,0.0,-1.267134189605713,1.5653284788131714
IMG-106976E8BB,R1,A,wavelet-HLL,336,0,0,0.0,0.0,-4.263242244720459,5.786456108093262
IMG-106976E8BB,R1,A,wavelet-HLH,336,0,0,0.0,0.0,-2.1040077209472656,1.2574576139450073
IMG-106976E8BB,R1,A,wavelet-HHL,336,0,0,0.0,0.0,-2.789872169494629,3.4727962017059326
IMG-106976E8BB,R1,A,wavelet-HHH,336,0,0,0.0,0.0,-1.1877424716949463,1.0526708364486694
IMG-106976E8BB,R1,A,wavelet-LLL,336,0,0,0.0,0.0,-5.592098712921143,6.690788269042969
IMG-106976E8BB,R1,A,log-sigma-1-0-mm-3D,336,0,0,0.0,0.0,-2.4781546592712402,2.3820152282714844
IMG-106976E8BB,R1,A,log-sigma-2-0-mm-3D,336,0,0,0.0,0.0,-1.8554795980453491,1.805985689163208
IMG-106976E8BB,R1,A,log-sigma-3-0-mm-3D,336,0,0,0.0,0.0,-1.5009353160858154,1.3542529344558716
IMG-73EC16A018,R1,A,wavelet-LLH,13344,0,0,0.0,0.0,-4.796654224395752,3.4055471420288086
IMG-73EC16A018,R1,A,wavelet-LHL,13344,0,0,0.0,0.0,-6.29302453994751,4.938600540161133
IMG-73EC16A018,R1,A,wavelet-LHH,13344,0,0,0.0,0.0,-2.011542320251465,2.279897928237915
IMG-73EC16A018,R1,A,wavelet-HLL,13344,0,0,0.0,0.0,-5.59272575378418,4.729910373687744
IMG-73EC16A018,R1,A,wavelet-HLH,13344,0,0,0.0,0.0,-2.3338088989257812,1.8299076557159424
IMG-73EC16A018,R1,A,wavelet-HHL,13344,0,0,0.0,0.0,-3.208164930343628,3.3830535411834717
IMG-73EC16A018,R1,A,wavelet-HHH,13344,0,0,0.0,0.0,-1.750879168510437,1.806744933128357
IMG-73EC16A018,R1,A,wavelet-LLL,13344,0,0,0.0,0.0,-6.722988128662109,13.299757957458496
IMG-73EC16A018,R1,A,log-sigma-1-0-mm-3D,13344,0,0,0.0,0.0,-2.186142683029175,2.0645384788513184
IMG-73EC16A018,R1,A,log-sigma-2-0-mm-3D,13344,0,0,0.0,0.0,-2.379617214202881,2.0929601192474365
IMG-73EC16A018,R1,A,log-sigma-3-0-mm-3D,13344,0,0,0.0,0.0,-2.19620418548584,2.176182746887207
IMG-ABE2BDFA58,R1,A,wavelet-LLH,4239,0,0,0.0,0.0,-8.486294746398926,4.169700622558594
IMG-ABE2BDFA58,R1,A,wavelet-LHL,4239,0,0,0.0,0.0,-6.136592864990234,6.58165168762207
IMG-ABE2BDFA58,R1,A,wavelet-LHH,4239,0,0,0.0,0.0,-2.032620429992676,2.6903696060180664
IMG-ABE2BDFA58,R1,A,wavelet-HLL,4239,0,0,0.0,0.0,-8.81225299835205,4.863929271697998
IMG-ABE2BDFA58,R1,A,wavelet-HLH,4239,0,0,0.0,0.0,-2.500417947769165,2.5541810989379883
IMG-ABE2BDFA58,R1,A,wavelet-HHL,4239,0,0,0.0,0.0,-4.5798187255859375,5.97012996673584
IMG-ABE2BDFA58,R1,A,wavelet-HHH,4239,0,0,0.0,0.0,-1.8809278011322021,1.88411283493042
IMG-ABE2BDFA58,R1,A,wavelet-LLL,4239,0,0,0.0,0.0,-5.930876731872559,13.40168571472168
IMG-ABE2BDFA58,R1,A,log-sigma-1-0-mm-3D,4239,0,0,0.0,0.0,-2.699176788330078,2.174464225769043
IMG-ABE2BDFA58,R1,A,log-sigma-2-0-mm-3D,4239,0,0,0.0,0.0,-2.7504444122314453,1.977553367614746
IMG-ABE2BDFA58,R1,A,log-sigma-3-0-mm-3D,4239,0,0,0.0,0.0,-2.141807794570923,2.191053867340088
IMG-F0A26B5AD7,R1,B,wavelet-LLH,2232,0,0,0.0,0.0,-4.327576637268066,2.955125570297241
IMG-F0A26B5AD7,R1,B,wavelet-LHL,2232,0,0,0.0,0.0,-3.7993369102478027,4.827004909515381
IMG-F0A26B5AD7,R1,B,wavelet-LHH,2232,0,0,0.0,0.0,-1.9199198484420776,2.5168731212615967
IMG-F0A26B5AD7,R1,B,wavelet-HLL,2232,0,0,0.0,0.0,-8.01803970336914,5.587243556976318
IMG-F0A26B5AD7,R1,B,wavelet-HLH,2232,0,0,0.0,0.0,-1.6800956726074219,1.6661605834960938
IMG-F0A26B5AD7,R1,B,wavelet-HHL,2232,0,0,0.0,0.0,-3.609530210494995,2.8841629028320312
IMG-F0A26B5AD7,R1,B,wavelet-HHH,2232,0,0,0.0,0.0,-1.074600338935852,1.1150068044662476
IMG-F0A26B5AD7,R1,B,wavelet-LLL,2232,0,0,0.0,0.0,-6.050965309143066,17.065990447998047
IMG-F0A26B5AD7,R1,B,log-sigma-1-0-mm-3D,2232,0,0,0.0,0.0,-3.335402011871338,1.9920625686645508
IMG-F0A26B5AD7,R1,B,log-sigma-2-0-mm-3D,2232,0,0,0.0,0.0,-3.29284405708313,2.465318202972412
IMG-F0A26B5AD7,R1,B,log-sigma-3-0-mm-3D,2232,0,0,0.0,0.0,-2.8791561126708984,2.54156494140625
IMG-23A7063684,R1,A,wavelet-LLH,8709,0,0,0.0,0.0,-4.98062801361084,4.580542087554932
IMG-23A7063684,R1,A,wavelet-LHL,8709,0,0,0.0,0.0,-16.289907455444336,7.098121166229248
IMG-23A7063684,R1,A,wavelet-LHH,8709,0,0,0.0,0.0,-3.280585527420044,3.4511828422546387
IMG-23A7063684,R1,A,wavelet-HLL,8709,0,0,0.0,0.0,-7.032479763031006,4.845615863800049
IMG-23A7063684,R1,A,wavelet-HLH,8709,0,0,0.0,0.0,-1.7935783863067627,2.4660565853118896
IMG-23A7063684,R1,A,wavelet-HHL,8709,0,0,0.0,0.0,-5.529555320739746,7.626697540283203
IMG-23A7063684,R1,A,wavelet-HHH,8709,0,0,0.0,0.0,-2.2843236923217773,2.3558428287506104
IMG-23A7063684,R1,A,wavelet-LLL,8709,0,0,0.0,0.0,-6.2525835037231445,18.22079849243164
IMG-23A7063684,R1,A,log-sigma-1-0-mm-3D,8709,0,0,0.0,0.0,-2.9915733337402344,2.901859998703003
IMG-23A7063684,R1,A,log-sigma-2-0-mm-3D,8709,0,0,0.0,0.0,-3.2175984382629395,2.4533181190490723
IMG-23A7063684,R1,A,log-sigma-3-0-mm-3D,8709,0,0,0.0,0.0,-3.044257402420044,2.1034867763519287
IMG-35F9CC61BB,R1,A,wavelet-LLH,3010,0,0,0.0,0.0,-5.964330673217773,7.490752220153809
IMG-35F9CC61BB,R1,A,wavelet-LHL,3010,0,0,0.0,0.0,-6.151010513305664,4.9456787109375
IMG-35F9CC61BB,R1,A,wavelet-LHH,3010,0,0,0.0,0.0,-1.9614330530166626,2.5113604068756104
IMG-35F9CC61BB,R1,A,wavelet-HLL,3010,0,0,0.0,0.0,-8.69810676574707,4.623164176940918
IMG-35F9CC61BB,R1,A,wavelet-HLH,3010,0,0,0.0,0.0,-1.9082204103469849,1.5573153495788574
IMG-35F9CC61BB,R1,A,wavelet-HHL,3010,0,0,0.0,0.0,-2.7388193607330322,2.4436748027801514
IMG-35F9CC61BB,R1,A,wavelet-HHH,3010,0,0,0.0,0.0,-1.0804575681686401,1.111240029335022
IMG-35F9CC61BB,R1,A,wavelet-LLL,3010,0,0,0.0,0.0,-5.21261739730835,22.44754981994629
IMG-35F9CC61BB,R1,A,log-sigma-1-0-mm-3D,3010,0,0,0.0,0.0,-2.0597527027130127,3.6541881561279297
IMG-35F9CC61BB,R1,A,log-sigma-2-0-mm-3D,3010,0,0,0.0,0.0,-3.4311373233795166,2.958451986312866
IMG-35F9CC61BB,R1,A,log-sigma-3-0-mm-3D,3010,0,0,0.0,0.0,-4.889951705932617,2.153485059738159
IMG-70A9D26F9D,R1,A,wavelet-LLH,26227,0,0,0.0,0.0,-6.445488452911377,3.972639322280884
IMG-70A9D26F9D,R1,A,wavelet-LHL,26227,0,0,0.0,0.0,-8.023689270019531,5.6019978523254395
IMG-70A9D26F9D,R1,A,wavelet-LHH,26227,0,0,0.0,0.0,-1.765713095664978,1.9485749006271362
IMG-70A9D26F9D,R1,A,wavelet-HLL,26227,0,0,0.0,0.0,-4.094468593597412,4.760351657867432
IMG-70A9D26F9D,R1,A,wavelet-HLH,26227,0,0,0.0,0.0,-2.0129008293151855,2.806631088256836
IMG-70A9D26F9D,R1,A,wavelet-HHL,26227,0,0,0.0,0.0,-4.734755992889404,5.022907733917236
IMG-70A9D26F9D,R1,A,wavelet-HHH,26227,0,0,0.0,0.0,-1.691274642944336,1.7413734197616577
IMG-70A9D26F9D,R1,A,wavelet-LLL,26227,0,0,0.0,0.0,-9.254776954650879,8.786420822143555
IMG-70A9D26F9D,R1,A,log-sigma-1-0-mm-3D,26227,0,0,0.0,0.0,-2.1665093898773193,2.2296688556671143
IMG-70A9D26F9D,R1,A,log-sigma-2-0-mm-3D,26227,0,0,0.0,0.0,-1.7879055738449097,1.7533659934997559
IMG-70A9D26F9D,R1,A,log-sigma-3-0-mm-3D,26227,0,0,0.0,0.0,-1.434934139251709,1.6725261211395264
IMG-6E71728D0A,R1,A,wavelet-LLH,2693,0,0,0.0,0.0,-3.017162799835205,3.440497398376465
IMG-6E71728D0A,R1,A,wavelet-LHL,2693,0,0,0.0,0.0,-3.6843385696411133,6.573892116546631
IMG-6E71728D0A,R1,A,wavelet-LHH,2693,0,0,0.0,0.0,-1.9135537147521973,2.091662645339966
IMG-6E71728D0A,R1,A,wavelet-HLL,2693,0,0,0.0,0.0,-5.850329875946045,3.6339004039764404
IMG-6E71728D0A,R1,A,wavelet-HLH,2693,0,0,0.0,0.0,-2.2445178031921387,1.8792040348052979
IMG-6E71728D0A,R1,A,wavelet-HHL,2693,0,0,0.0,0.0,-4.104001998901367,3.603651285171509
IMG-6E71728D0A,R1,A,wavelet-HHH,2693,0,0,0.0,0.0,-1.6529273986816406,1.3966740369796753
IMG-6E71728D0A,R1,A,wavelet-LLL,2693,0,0,0.0,0.0,-7.555286884307861,9.44710636138916
IMG-6E71728D0A,R1,A,log-sigma-1-0-mm-3D,2693,0,0,0.0,0.0,-1.7498140335083008,1.7046489715576172
IMG-6E71728D0A,R1,A,log-sigma-2-0-mm-3D,2693,0,0,0.0,0.0,-2.1282787322998047,2.049591541290283
IMG-6E71728D0A,R1,A,log-sigma-3-0-mm-3D,2693,0,0,0.0,0.0,-2.0066795349121094,2.79333233833313
IMG-40F7945830,R1,A,wavelet-LLH,11684,0,0,0.0,0.0,-7.530943393707275,5.166069984436035
IMG-40F7945830,R1,A,wavelet-LHL,11684,0,0,0.0,0.0,-8.181769371032715,6.4122185707092285
IMG-40F7945830,R1,A,wavelet-LHH,11684,0,0,0.0,0.0,-3.311243772506714,3.532438278198242
IMG-40F7945830,R1,A,wavelet-HLL,11684,0,0,0.0,0.0,-6.994568824768066,5.262828826904297
IMG-40F7945830,R1,A,wavelet-HLH,11684,0,0,0.0,0.0,-1.990358829498291,2.420383930206299
IMG-40F7945830,R1,A,wavelet-HHL,11684,0,0,0.0,0.0,-3.622748851776123,4.336751461029053
IMG-40F7945830,R1,A,wavelet-HHH,11684,0,0,0.0,0.0,-1.850165843963623,1.8239288330078125
IMG-40F7945830,R1,A,wavelet-LLL,11684,0,0,0.0,0.0,-7.779669284820557,17.92437171936035
IMG-40F7945830,R1,A,log-sigma-1-0-mm-3D,11684,0,0,0.0,0.0,-2.7478291988372803,3.394162654876709
IMG-40F7945830,R1,A,log-sigma-2-0-mm-3D,11684,0,0,0.0,0.0,-2.957275867462158,2.5469841957092285
IMG-40F7945830,R1,A,log-sigma-3-0-mm-3D,11684,0,0,0.0,0.0,-2.8473711013793945,1.9782110452651978
IMG-C218426CD0,R1,B,wavelet-LLH,5802,0,0,0.0,0.0,-4.961533546447754,3.5259509086608887
IMG-C218426CD0,R1,B,wavelet-LHL,5802,0,0,0.0,0.0,-4.940479278564453,3.7965829372406006
IMG-C218426CD0,R1,B,wavelet-LHH,5802,0,0,0.0,0.0,-1.928166151046753,1.5852642059326172
IMG-C218426CD0,R1,B,wavelet-HLL,5802,0,0,0.0,0.0,-6.540150165557861,3.591123342514038
IMG-C218426CD0,R1,B,wavelet-HLH,5802,0,0,0.0,0.0,-2.780836343765259,2.105090618133545
IMG-C218426CD0,R1,B,wavelet-HHL,5802,0,0,0.0,0.0,-3.4108762741088867,5.059527397155762
IMG-C218426CD0,R1,B,wavelet-HHH,5802,0,0,0.0,0.0,-1.4769728183746338,1.710590124130249
IMG-C218426CD0,R1,B,wavelet-LLL,5802,0,0,0.0,0.0,-6.173284530639648,13.670952796936035
IMG-C218426CD0,R1,B,log-sigma-1-0-mm-3D,5802,0,0,0.0,0.0,-2.430387020111084,1.6869311332702637
IMG-C218426CD0,R1,B,log-sigma-2-0-mm-3D,5802,0,0,0.0,0.0,-2.1056969165802,1.6849663257598877
IMG-C218426CD0,R1,B,log-sigma-3-0-mm-3D,5802,0,0,0.0,0.0,-2.2903130054473877,1.7230288982391357
IMG-86B97F5EA4,R1,A,wavelet-LLH,10173,0,0,0.0,0.0,-4.508121967315674,4.2772393226623535
IMG-86B97F5EA4,R1,A,wavelet-LHL,10173,0,0,0.0,0.0,-6.500359535217285,5.193846225738525
IMG-86B97F5EA4,R1,A,wavelet-LHH,10173,0,0,0.0,0.0,-2.8155479431152344,3.0233967304229736
IMG-86B97F5EA4,R1,A,wavelet-HLL,10173,0,0,0.0,0.0,-7.186387538909912,3.8140110969543457
IMG-86B97F5EA4,R1,A,wavelet-HLH,10173,0,0,0.0,0.0,-2.5102381706237793,2.853311777114868
IMG-86B97F5EA4,R1,A,wavelet-HHL,10173,0,0,0.0,0.0,-8.654397010803223,5.695287227630615
IMG-86B97F5EA4,R1,A,wavelet-HHH,10173,0,0,0.0,0.0,-2.5620460510253906,4.009607791900635
IMG-86B97F5EA4,R1,A,wavelet-LLL,10173,0,0,0.0,0.0,-6.796844959259033,14.362110137939453
IMG-86B97F5EA4,R1,A,log-sigma-1-0-mm-3D,10173,0,0,0.0,0.0,-3.2276530265808105,2.289767265319824
IMG-86B97F5EA4,R1,A,log-sigma-2-0-mm-3D,10173,0,0,0.0,0.0,-2.947417974472046,1.8663910627365112
IMG-86B97F5EA4,R1,A,log-sigma-3-0-mm-3D,10173,0,0,0.0,0.0,-2.026503086090088,1.9058228731155396
IMG-C96DEADDCC,R1,A,wavelet-LLH,10190,0,0,0.0,0.0,-4.169297695159912,3.319383144378662
IMG-C96DEADDCC,R1,A,wavelet-LHL,10190,0,0,0.0,0.0,-7.237112522125244,5.346758842468262
IMG-C96DEADDCC,R1,A,wavelet-LHH,10190,0,0,0.0,0.0,-2.7233216762542725,2.171520709991455
IMG-C96DEADDCC,R1,A,wavelet-HLL,10190,0,0,0.0,0.0,-5.278826713562012,4.460690498352051
IMG-C96DEADDCC,R1,A,wavelet-HLH,10190,0,0,0.0,0.0,-1.884150743484497,2.0774896144866943
IMG-C96DEADDCC,R1,A,wavelet-HHL,10190,0,0,0.0,0.0,-3.512756586074829,3.2515053749084473
IMG-C96DEADDCC,R1,A,wavelet-HHH,10190,0,0,0.0,0.0,-1.514120101928711,1.6681180000305176
IMG-C96DEADDCC,R1,A,wavelet-LLL,10190,0,0,0.0,0.0,-6.336894512176514,12.940035820007324
IMG-C96DEADDCC,R1,A,log-sigma-1-0-mm-3D,10190,0,0,0.0,0.0,-2.3142409324645996,1.8070883750915527
IMG-C96DEADDCC,R1,A,log-sigma-2-0-mm-3D,10190,0,0,0.0,0.0,-2.551194190979004,1.8581724166870117
IMG-C96DEADDCC,R1,A,log-sigma-3-0-mm-3D,10190,0,0,0.0,0.0,-2.074676513671875,1.8126249313354492
IMG-2B3A14E938,R1,A,wavelet-LLH,12050,0,0,0.0,0.0,-2.6565237045288086,2.1612119674682617
IMG-2B3A14E938,R1,A,wavelet-LHL,12050,0,0,0.0,0.0,-3.775696039199829,2.6147077083587646
IMG-2B3A14E938,R1,A,wavelet-LHH,12050,0,0,0.0,0.0,-1.345333218574524,1.320586919784546
IMG-2B3A14E938,R1,A,wavelet-HLL,12050,0,0,0.0,0.0,-5.329424858093262,3.4304990768432617
IMG-2B3A14E938,R1,A,wavelet-HLH,12050,0,0,0.0,0.0,-1.3281949758529663,2.077479124069214
IMG-2B3A14E938,R1,A,wavelet-HHL,12050,0,0,0.0,0.0,-2.266435146331787,2.344865083694458
IMG-2B3A14E938,R1,A,wavelet-HHH,12050,0,0,0.0,0.0,-1.1817556619644165,1.1163146495819092
IMG-2B3A14E938,R1,A,wavelet-LLL,12050,0,0,0.0,0.0,-6.3685503005981445,9.000260353088379
IMG-2B3A14E938,R1,A,log-sigma-1-0-mm-3D,12050,0,0,0.0,0.0,-1.5415986776351929,1.2355109453201294
IMG-2B3A14E938,R1,A,log-sigma-2-0-mm-3D,12050,0,0,0.0,0.0,-1.851470947265625,1.55398690700531
IMG-2B3A14E938,R1,A,log-sigma-3-0-mm-3D,12050,0,0,0.0,0.0,-1.5600969791412354,1.3401563167572021
IMG-37C5D4CCC7,R1,B,wavelet-LLH,8035,0,0,0.0,0.0,-4.829361915588379,4.0481486320495605
IMG-37C5D4CCC7,R1,B,wavelet-LHL,8035,0,0,0.0,0.0,-4.635746002197266,6.260352611541748
IMG-37C5D4CCC7,R1,B,wavelet-LHH,8035,0,0,0.0,0.0,-2.7185771465301514,2.681875705718994
IMG-37C5D4CCC7,R1,B,wavelet-HLL,8035,0,0,0.0,0.0,-4.695784568786621,5.582042217254639
IMG-37C5D4CCC7,R1,B,wavelet-HLH,8035,0,0,0.0,0.0,-2.264798402786255,2.409576892852783
IMG-37C5D4CCC7,R1,B,wavelet-HHL,8035,0,0,0.0,0.0,-3.4375247955322266,3.3869450092315674
IMG-37C5D4CCC7,R1,B,wavelet-HHH,8035,0,0,0.0,0.0,-1.6049994230270386,1.6977416276931763
IMG-37C5D4CCC7,R1,B,wavelet-LLL,8035,0,0,0.0,0.0,-6.182653427124023,15.268091201782227
IMG-37C5D4CCC7,R1,B,log-sigma-1-0-mm-3D,8035,0,0,0.0,0.0,-2.4225666522979736,2.1205408573150635
IMG-37C5D4CCC7,R1,B,log-sigma-2-0-mm-3D,8035,0,0,0.0,0.0,-2.710598945617676,2.499202013015747
IMG-37C5D4CCC7,R1,B,log-sigma-3-0-mm-3D,8035,0,0,0.0,0.0,-2.175987482070923,2.5525174140930176
IMG-FE813C1D2A,R1,A,wavelet-LLH,12213,0,0,0.0,0.0,-3.5957393646240234,2.672557830810547
IMG-FE813C1D2A,R1,A,wavelet-LHL,12213,0,0,0.0,0.0,-5.924335479736328,5.457765579223633
IMG-FE813C1D2A,R1,A,wavelet-LHH,12213,0,0,0.0,0.0,-1.909295678138733,1.683536410331726
IMG-FE813C1D2A,R1,A,wavelet-HLL,12213,0,0,0.0,0.0,-4.175261974334717,3.895266532897949
IMG-FE813C1D2A,R1,A,wavelet-HLH,12213,0,0,0.0,0.0,-1.6695433855056763,2.028221368789673
IMG-FE813C1D2A,R1,A,wavelet-HHL,12213,0,0,0.0,0.0,-2.709784507751465,2.729475736618042
IMG-FE813C1D2A,R1,A,wavelet-HHH,12213,0,0,0.0,0.0,-1.3053457736968994,1.1927942037582397
IMG-FE813C1D2A,R1,A,wavelet-LLL,12213,0,0,0.0,0.0,-7.273385047912598,9.982328414916992
IMG-FE813C1D2A,R1,A,log-sigma-1-0-mm-3D,12213,0,0,0.0,0.0,-1.5696377754211426,2.2565500736236572
IMG-FE813C1D2A,R1,A,log-sigma-2-0-mm-3D,12213,0,0,0.0,0.0,-1.7533555030822754,2.5403590202331543
IMG-FE813C1D2A,R1,A,log-sigma-3-0-mm-3D,12213,0,0,0.0,0.0,-2.1327872276306152,2.4688425064086914
IMG-4A7EB02AA5,R1,A,wavelet-LLH,1199,0,0,0.0,0.0,-5.474709510803223,3.089992046356201
IMG-4A7EB02AA5,R1,A,wavelet-LHL,1199,0,0,0.0,0.0,-5.192873954772949,4.909841060638428
IMG-4A7EB02AA5,R1,A,wavelet-LHH,1199,0,0,0.0,0.0,-2.333390951156616,2.3765547275543213
IMG-4A7EB02AA5,R1,A,wavelet-HLL,1199,0,0,0.0,0.0,-10.095319747924805,8.143122673034668
IMG-4A7EB02AA5,R1,A,wavelet-HLH,1199,0,0,0.0,0.0,-3.984531879425049,2.8621108531951904
IMG-4A7EB02AA5,R1,A,wavelet-HHL,1199,0,0,0.0,0.0,-4.92472505569458,6.2673420906066895
IMG-4A7EB02AA5,R1,A,wavelet-HHH,1199,0,0,0.0,0.0,-2.1212897300720215,2.3922476768493652
IMG-4A7EB02AA5,R1,A,wavelet-LLL,1199,0,0,0.0,0.0,-5.657626152038574,11.291422843933105
IMG-4A7EB02AA5,R1,A,log-sigma-1-0-mm-3D,1199,0,0,0.0,0.0,-2.679532527923584,1.8853713274002075
IMG-4A7EB02AA5,R1,A,log-sigma-2-0-mm-3D,1199,0,0,0.0,0.0,-2.126417398452759,2.296168565750122
IMG-4A7EB02AA5,R1,A,log-sigma-3-0-mm-3D,1199,0,0,0.0,0.0,-1.364417552947998,2.7686705589294434
IMG-DCC1092F1A,R1,B,wavelet-LLH,7279,0,0,0.0,0.0,-4.423887252807617,3.733513832092285
IMG-DCC1092F1A,R1,B,wavelet-LHL,7279,0,0,0.0,0.0,-4.1107611656188965,3.4050276279449463
IMG-DCC1092F1A,R1,B,wavelet-LHH,7279,0,0,0.0,0.0,-1.4973605871200562,2.0027213096618652
IMG-DCC1092F1A,R1,B,wavelet-HLL,7279,0,0,0.0,0.0,-5.413938045501709,5.6521501541137695
IMG-DCC1092F1A,R1,B,wavelet-HLH,7279,0,0,0.0,0.0,-2.4467272758483887,2.964310646057129
IMG-DCC1092F1A,R1,B,wavelet-HHL,7279,0,0,0.0,0.0,-2.493145704269409,2.2623884677886963
IMG-DCC1092F1A,R1,B,wavelet-HHH,7279,0,0,0.0,0.0,-1.33701491355896,1.2890280485153198
IMG-DCC1092F1A,R1,B,wavelet-LLL,7279,0,0,0.0,0.0,-5.319748878479004,18.20444679260254
IMG-DCC1092F1A,R1,B,log-sigma-1-0-mm-3D,7279,0,0,0.0,0.0,-2.47794246673584,1.8035708665847778
IMG-DCC1092F1A,R1,B,log-sigma-2-0-mm-3D,7279,0,0,0.0,0.0,-2.6712868213653564,1.6849195957183838
IMG-DCC1092F1A,R1,B,log-sigma-3-0-mm-3D,7279,0,0,0.0,0.0,-2.509737730026245,1.8079354763031006
IMG-221E334705,R1,A,wavelet-LLH,10149,0,0,0.0,0.0,-6.361862659454346,4.395199298858643
IMG-221E334705,R1,A,wavelet-LHL,10149,0,0,0.0,0.0,-13.666407585144043,9.019021034240723
IMG-221E334705,R1,A,wavelet-LHH,10149,0,0,0.0,0.0,-4.506712436676025,5.305909156799316
IMG-221E334705,R1,A,wavelet-HLL,10149,0,0,0.0,0.0,-8.774359703063965,6.31530237197876
IMG-221E334705,R1,A,wavelet-HLH,10149,0,0,0.0,0.0,-3.046696424484253,4.262978553771973
IMG-221E334705,R1,A,wavelet-HHL,10149,0,0,0.0,0.0,-6.621112823486328,6.191802978515625
IMG-221E334705,R1,A,wavelet-HHH,10149,0,0,0.0,0.0,-4.442431449890137,3.47623348236084
IMG-221E334705,R1,A,wavelet-LLL,10149,0,0,0.0,0.0,-9.09019660949707,14.65662670135498
IMG-221E334705,R1,A,log-sigma-1-0-mm-3D,10149,0,0,0.0,0.0,-2.7537009716033936,3.271658420562744
IMG-221E334705,R1,A,log-sigma-2-0-mm-3D,10149,0,0,0.0,0.0,-2.97463321685791,2.9653656482696533
IMG-221E334705,R1,A,log-sigma-3-0-mm-3D,10149,0,0,0.0,0.0,-2.5455119609832764,3.260920763015747
IMG-75AAF241EB,R1,A,wavelet-LLH,17045,0,0,0.0,0.0,-10.014766693115234,7.690025329589844
IMG-75AAF241EB,R1,A,wavelet-LHL,17045,0,0,0.0,0.0,-11.70932674407959,6.841541290283203
IMG-75AAF241EB,R1,A,wavelet-LHH,17045,0,0,0.0,0.0,-2.3457093238830566,3.1715290546417236
IMG-75AAF241EB,R1,A,wavelet-HLL,17045,0,0,0.0,0.0,-12.37991714477539,9.058762550354004
IMG-75AAF241EB,R1,A,wavelet-HLH,17045,0,0,0.0,0.0,-3.6022725105285645,3.4171559810638428
IMG-75AAF241EB,R1,A,wavelet-HHL,17045,0,1,0.0,5.8668231152830744e-05,-5.241122245788574,10.871047019958496
IMG-75AAF241EB,R1,A,wavelet-HHH,17045,0,0,0.0,0.0,-2.491896867752075,2.159036636352539
IMG-75AAF241EB,R1,A,wavelet-LLL,17045,0,0,0.0,0.0,-5.837698936462402,19.18074607849121
IMG-75AAF241EB,R1,A,log-sigma-1-0-mm-3D,17045,0,0,0.0,0.0,-3.2663376331329346,2.8852758407592773
IMG-75AAF241EB,R1,A,log-sigma-2-0-mm-3D,17045,0,0,0.0,0.0,-3.031933546066284,3.1241517066955566
IMG-75AAF241EB,R1,A,log-sigma-3-0-mm-3D,17045,0,0,0.0,0.0,-3.7845816612243652,2.492953300476074
IMG-F3334A786F,R1,A,wavelet-LLH,30769,0,0,0.0,0.0,-6.998349666595459,5.442484378814697
IMG-F3334A786F,R1,A,wavelet-LHL,30769,0,0,0.0,0.0,-8.458611488342285,8.499342918395996
IMG-F3334A786F,R1,A,wavelet-LHH,30769,0,0,0.0,0.0,-3.47566294670105,4.426940441131592
IMG-F3334A786F,R1,A,wavelet-HLL,30769,0,0,0.0,0.0,-9.838648796081543,6.067469120025635
IMG-F3334A786F,R1,A,wavelet-HLH,30769,0,0,0.0,0.0,-2.9290502071380615,3.1274709701538086
IMG-F3334A786F,R1,A,wavelet-HHL,30769,0,0,0.0,0.0,-5.254368305206299,5.944525718688965
IMG-F3334A786F,R1,A,wavelet-HHH,30769,0,0,0.0,0.0,-2.523350715637207,2.554276466369629
IMG-F3334A786F,R1,A,wavelet-LLL,30769,0,0,0.0,0.0,-8.924208641052246,17.83541488647461
IMG-F3334A786F,R1,A,log-sigma-1-0-mm-3D,30769,0,0,0.0,0.0,-2.889446973800659,2.8815832138061523
IMG-F3334A786F,R1,A,log-sigma-2-0-mm-3D,30769,0,0,0.0,0.0,-2.7482762336730957,2.1851532459259033
IMG-F3334A786F,R1,A,log-sigma-3-0-mm-3D,30769,0,0,0.0,0.0,-3.032381057739258,2.1732559204101562
IMG-F23C8BACCE,R1,A,wavelet-LLH,14056,0,0,0.0,0.0,-8.021583557128906,4.229330539703369
IMG-F23C8BACCE,R1,A,wavelet-LHL,14056,0,0,0.0,0.0,-10.923614501953125,8.572623252868652
IMG-F23C8BACCE,R1,A,wavelet-LHH,14056,0,0,0.0,0.0,-3.9739205837249756,4.870573043823242
IMG-F23C8BACCE,R1,A,wavelet-HLL,14056,0,0,0.0,0.0,-5.4130048751831055,4.751763820648193
IMG-F23C8BACCE,R1,A,wavelet-HLH,14056,0,0,0.0,0.0,-2.6685173511505127,3.146045446395874
IMG-F23C8BACCE,R1,A,wavelet-HHL,14056,0,0,0.0,0.0,-5.576155185699463,5.888729095458984
IMG-F23C8BACCE,R1,A,wavelet-HHH,14056,0,0,0.0,0.0,-2.1404075622558594,2.6719322204589844
IMG-F23C8BACCE,R1,A,wavelet-LLL,14056,0,0,0.0,0.0,-7.745061874389648,13.765522003173828
IMG-F23C8BACCE,R1,A,log-sigma-1-0-mm-3D,14056,0,0,0.0,0.0,-2.454577684402466,2.607484817504883
IMG-F23C8BACCE,R1,A,log-sigma-2-0-mm-3D,14056,0,0,0.0,0.0,-2.645554542541504,2.142643928527832
IMG-F23C8BACCE,R1,A,log-sigma-3-0-mm-3D,14056,0,0,0.0,0.0,-2.534569501876831,1.908736228942871
IMG-EB5661F755,R1,A,wavelet-LLH,6336,0,0,0.0,0.0,-2.780893564224243,2.422605514526367
IMG-EB5661F755,R1,A,wavelet-LHL,6336,0,0,0.0,0.0,-5.281100273132324,3.5285775661468506
IMG-EB5661F755,R1,A,wavelet-LHH,6336,0,0,0.0,0.0,-1.3578448295593262,1.7078886032104492
IMG-EB5661F755,R1,A,wavelet-HLL,6336,0,0,0.0,0.0,-4.378897666931152,3.7347915172576904
IMG-EB5661F755,R1,A,wavelet-HLH,6336,0,0,0.0,0.0,-1.7682585716247559,1.8193610906600952
IMG-EB5661F755,R1,A,wavelet-HHL,6336,0,0,0.0,0.0,-2.8735368251800537,2.989407539367676
IMG-EB5661F755,R1,A,wavelet-HHH,6336,0,0,0.0,0.0,-1.3344608545303345,1.105054497718811
IMG-EB5661F755,R1,A,wavelet-LLL,6336,0,0,0.0,0.0,-5.955130577087402,12.311952590942383
IMG-EB5661F755,R1,A,log-sigma-1-0-mm-3D,6336,0,0,0.0,0.0,-2.2838876247406006,1.5486600399017334
IMG-EB5661F755,R1,A,log-sigma-2-0-mm-3D,6336,0,0,0.0,0.0,-2.6968679428100586,1.5684255361557007
IMG-EB5661F755,R1,A,log-sigma-3-0-mm-3D,6336,0,0,0.0,0.0,-2.3242571353912354,1.5018160343170166
IMG-4058D9DB94,R1,A,wavelet-LLH,11922,0,0,0.0,0.0,-6.390158653259277,6.402116775512695
IMG-4058D9DB94,R1,A,wavelet-LHL,11922,0,0,0.0,0.0,-6.010986328125,5.670743942260742
IMG-4058D9DB94,R1,A,wavelet-LHH,11922,0,0,0.0,0.0,-3.693927526473999,2.6648662090301514
IMG-4058D9DB94,R1,A,wavelet-HLL,11922,0,0,0.0,0.0,-6.602319717407227,5.313719272613525
IMG-4058D9DB94,R1,A,wavelet-HLH,11922,0,0,0.0,0.0,-2.3128089904785156,2.7012975215911865
IMG-4058D9DB94,R1,A,wavelet-HHL,11922,0,0,0.0,0.0,-5.1995320320129395,4.834023952484131
IMG-4058D9DB94,R1,A,wavelet-HHH,11922,0,0,0.0,0.0,-2.5128583908081055,1.8379886150360107
IMG-4058D9DB94,R1,A,wavelet-LLL,11922,0,0,0.0,0.0,-6.6376261711120605,17.50668716430664
IMG-4058D9DB94,R1,A,log-sigma-1-0-mm-3D,11922,0,0,0.0,0.0,-2.958200454711914,2.397989273071289
IMG-4058D9DB94,R1,A,log-sigma-2-0-mm-3D,11922,0,0,0.0,0.0,-2.9397518634796143,2.6784703731536865
IMG-4058D9DB94,R1,A,log-sigma-3-0-mm-3D,11922,0,0,0.0,0.0,-2.926945924758911,2.5043580532073975
IMG-541979D707,R1,A,wavelet-LLH,6673,0,0,0.0,0.0,-4.991037368774414,3.1416561603546143
IMG-541979D707,R1,A,wavelet-LHL,6673,0,0,0.0,0.0,-8.321056365966797,3.8321807384490967
IMG-541979D707,R1,A,wavelet-LHH,6673,0,0,0.0,0.0,-1.7980115413665771,2.6757864952087402
IMG-541979D707,R1,A,wavelet-HLL,6673,0,0,0.0,0.0,-7.296414852142334,3.080740213394165
IMG-541979D707,R1,A,wavelet-HLH,6673,0,0,0.0,0.0,-2.017462730407715,2.226533889770508
IMG-541979D707,R1,A,wavelet-HHL,6673,0,0,0.0,0.0,-2.4651432037353516,2.6466193199157715
IMG-541979D707,R1,A,wavelet-HHH,6673,0,0,0.0,0.0,-1.2725008726119995,1.1659148931503296
IMG-541979D707,R1,A,wavelet-LLL,6673,0,0,0.0,0.0,-5.313915729522705,12.532342910766602
IMG-541979D707,R1,A,log-sigma-1-0-mm-3D,6673,0,0,0.0,0.0,-2.7935991287231445,1.5885859727859497
IMG-541979D707,R1,A,log-sigma-2-0-mm-3D,6673,0,0,0.0,0.0,-2.95017409324646,1.9073556661605835
IMG-541979D707,R1,A,log-sigma-3-0-mm-3D,6673,0,0,0.0,0.0,-1.8827404975891113,2.117276906967163
IMG-A13984FE9F,R1,A,wavelet-LLH,3385,0,0,0.0,0.0,-4.792749404907227,4.291081428527832
IMG-A13984FE9F,R1,A,wavelet-LHL,3385,0,0,0.0,0.0,-6.98490571975708,5.663943290710449
IMG-A13984FE9F,R1,A,wavelet-LHH,3385,0,0,0.0,0.0,-3.2967865467071533,3.4092085361480713
IMG-A13984FE9F,R1,A,wavelet-HLL,3385,0,0,0.0,0.0,-3.4333460330963135,4.727567672729492
IMG-A13984FE9F,R1,A,wavelet-HLH,3385,0,0,0.0,0.0,-1.5242778062820435,2.4201879501342773
IMG-A13984FE9F,R1,A,wavelet-HHL,3385,0,0,0.0,0.0,-4.052281379699707,3.8148880004882812
IMG-A13984FE9F,R1,A,wavelet-HHH,3385,0,0,0.0,0.0,-1.225600242614746,2.0175302028656006
IMG-A13984FE9F,R1,A,wavelet-LLL,3385,0,0,0.0,0.0,-7.5384955406188965,10.714574813842773
IMG-A13984FE9F,R1,A,log-sigma-1-0-mm-3D,3385,0,0,0.0,0.0,-2.4439077377319336,2.3256232738494873
IMG-A13984FE9F,R1,A,log-sigma-2-0-mm-3D,3385,0,0,0.0,0.0,-1.85343337059021,2.6444852352142334
IMG-A13984FE9F,R1,A,log-sigma-3-0-mm-3D,3385,0,0,0.0,0.0,-1.8137823343276978,2.73543643951416
IMG-101973A652,R1,A,wavelet-LLH,32122,0,0,0.0,0.0,-6.160913944244385,14.759098052978516
IMG-101973A652,R1,A,wavelet-LHL,32122,0,0,0.0,0.0,-5.305671215057373,6.1833014488220215
IMG-101973A652,R1,A,wavelet-LHH,32122,0,0,0.0,0.0,-2.5048434734344482,2.297430992126465
IMG-101973A652,R1,A,wavelet-HLL,32122,0,0,0.0,0.0,-11.708561897277832,5.702465057373047
IMG-101973A652,R1,A,wavelet-HLH,32122,0,0,0.0,0.0,-3.061102867126465,4.359108924865723
IMG-101973A652,R1,A,wavelet-HHL,32122,0,0,0.0,0.0,-3.81160044670105,4.509500980377197
IMG-101973A652,R1,A,wavelet-HHH,32122,0,0,0.0,0.0,-2.095755100250244,2.0570709705352783
IMG-101973A652,R1,A,wavelet-LLL,32122,0,0,0.0,0.0,-7.540694236755371,17.63518714904785
IMG-101973A652,R1,A,log-sigma-1-0-mm-3D,32122,0,0,0.0,0.0,-3.0215866565704346,1.8699768781661987
IMG-101973A652,R1,A,log-sigma-2-0-mm-3D,32122,0,0,0.0,0.0,-3.6806178092956543,2.346118927001953
IMG-101973A652,R1,A,log-sigma-3-0-mm-3D,32122,0,0,0.0,0.0,-3.133923053741455,2.2333462238311768
IMG-08DAD293D8,R1,A,wavelet-LLH,15288,0,0,0.0,0.0,-9.262852668762207,4.9724040031433105
IMG-08DAD293D8,R1,A,wavelet-LHL,15288,0,0,0.0,0.0,-12.119976043701172,9.169244766235352
IMG-08DAD293D8,R1,A,wavelet-LHH,15288,0,0,0.0,0.0,-3.2091681957244873,3.97939395904541
IMG-08DAD293D8,R1,A,wavelet-HLL,15288,0,0,0.0,0.0,-16.277027130126953,5.216569423675537
IMG-08DAD293D8,R1,A,wavelet-HLH,15288,0,0,0.0,0.0,-3.8165383338928223,4.605647563934326
IMG-08DAD293D8,R1,A,wavelet-HHL,15288,0,0,0.0,0.0,-4.5378570556640625,6.039133071899414
IMG-08DAD293D8,R1,A,wavelet-HHH,15288,0,0,0.0,0.0,-3.165511131286621,2.9025449752807617
IMG-08DAD293D8,R1,A,wavelet-LLL,15288,0,0,0.0,0.0,-7.30666971206665,19.62009620666504
IMG-08DAD293D8,R1,A,log-sigma-1-0-mm-3D,15288,0,0,0.0,0.0,-2.9291181564331055,2.928117513656616
IMG-08DAD293D8,R1,A,log-sigma-2-0-mm-3D,15288,0,0,0.0,0.0,-2.4888219833374023,2.7964696884155273
IMG-08DAD293D8,R1,A,log-sigma-3-0-mm-3D,15288,0,0,0.0,0.0,-2.946141242980957,1.7135177850723267
IMG-AF33632FA3,R1,A,wavelet-LLH,11688,0,0,0.0,0.0,-4.437204360961914,3.8495607376098633
IMG-AF33632FA3,R1,A,wavelet-LHL,11688,0,0,0.0,0.0,-4.792341232299805,4.417495250701904
IMG-AF33632FA3,R1,A,wavelet-LHH,11688,0,0,0.0,0.0,-1.8673789501190186,3.241832733154297
IMG-AF33632FA3,R1,A,wavelet-HLL,11688,0,0,0.0,0.0,-6.454767227172852,5.03313684463501
IMG-AF33632FA3,R1,A,wavelet-HLH,11688,0,0,0.0,0.0,-2.4412343502044678,2.489992618560791
IMG-AF33632FA3,R1,A,wavelet-HHL,11688,0,0,0.0,0.0,-5.021230697631836,3.905121088027954
IMG-AF33632FA3,R1,A,wavelet-HHH,11688,0,0,0.0,0.0,-1.9088542461395264,1.6773333549499512
IMG-AF33632FA3,R1,A,wavelet-LLL,11688,0,0,0.0,0.0,-7.089217662811279,11.15280818939209
IMG-AF33632FA3,R1,A,log-sigma-1-0-mm-3D,11688,0,0,0.0,0.0,-1.963681697845459,1.8194239139556885
IMG-AF33632FA3,R1,A,log-sigma-2-0-mm-3D,11688,0,0,0.0,0.0,-2.0642054080963135,1.6463677883148193
IMG-AF33632FA3,R1,A,log-sigma-3-0-mm-3D,11688,0,0,0.0,0.0,-1.9237419366836548,1.7570111751556396
IMG-C0A4DCF961,R1,A,wavelet-LLH,5908,0,0,0.0,0.0,-4.345475196838379,4.872246742248535
IMG-C0A4DCF961,R1,A,wavelet-LHL,5908,0,0,0.0,0.0,-5.455489158630371,6.515015125274658
IMG-C0A4DCF961,R1,A,wavelet-LHH,5908,0,0,0.0,0.0,-1.802937626838684,2.5849714279174805
IMG-C0A4DCF961,R1,A,wavelet-HLL,5908,0,0,0.0,0.0,-6.4768829345703125,5.477175712585449
IMG-C0A4DCF961,R1,A,wavelet-HLH,5908,0,0,0.0,0.0,-2.5266478061676025,3.5300540924072266
IMG-C0A4DCF961,R1,A,wavelet-HHL,5908,0,0,0.0,0.0,-3.6079001426696777,3.1421241760253906
IMG-C0A4DCF961,R1,A,wavelet-HHH,5908,0,0,0.0,0.0,-1.734516978263855,1.624803900718689
IMG-C0A4DCF961,R1,A,wavelet-LLL,5908,0,0,0.0,0.0,-7.888105392456055,10.355575561523438
IMG-C0A4DCF961,R1,A,log-sigma-1-0-mm-3D,5908,0,0,0.0,0.0,-2.3422131538391113,2.466369390487671
IMG-C0A4DCF961,R1,A,log-sigma-2-0-mm-3D,5908,0,0,0.0,0.0,-2.4522171020507812,2.5768654346466064
IMG-C0A4DCF961,R1,A,log-sigma-3-0-mm-3D,5908,0,0,0.0,0.0,-1.8487772941589355,2.354705333709717
IMG-E1FBDC8477,R1,A,wavelet-LLH,3088,0,0,0.0,0.0,-5.004219055175781,3.9805777072906494
IMG-E1FBDC8477,R1,A,wavelet-LHL,3088,0,0,0.0,0.0,-5.967081546783447,5.919001579284668
IMG-E1FBDC8477,R1,A,wavelet-LHH,3088,0,0,0.0,0.0,-3.2361104488372803,2.772189140319824
IMG-E1FBDC8477,R1,A,wavelet-HLL,3088,0,0,0.0,0.0,-5.887603282928467,4.222844123840332
IMG-E1FBDC8477,R1,A,wavelet-HLH,3088,0,0,0.0,0.0,-2.7501914501190186,3.107210159301758
IMG-E1FBDC8477,R1,A,wavelet-HHL,3088,0,0,0.0,0.0,-5.5868988037109375,7.205043315887451
IMG-E1FBDC8477,R1,A,wavelet-HHH,3088,0,0,0.0,0.0,-3.011573553085327,2.2520692348480225
IMG-E1FBDC8477,R1,A,wavelet-LLL,3088,0,0,0.0,0.0,-7.634188652038574,11.009263038635254
IMG-E1FBDC8477,R1,A,log-sigma-1-0-mm-3D,3088,0,0,0.0,0.0,-2.9206929206848145,2.4762277603149414
IMG-E1FBDC8477,R1,A,log-sigma-2-0-mm-3D,3088,0,0,0.0,0.0,-2.004854202270508,2.5292718410491943
IMG-E1FBDC8477,R1,A,log-sigma-3-0-mm-3D,3088,0,0,0.0,0.0,-2.258971691131592,2.5900473594665527
IMG-570F46402F,R1,A,wavelet-LLH,4781,0,0,0.0,0.0,-2.9130287170410156,2.3561670780181885
IMG-570F46402F,R1,A,wavelet-LHL,4781,0,0,0.0,0.0,-2.3351824283599854,4.031258583068848
IMG-570F46402F,R1,A,wavelet-LHH,4781,0,0,0.0,0.0,-1.051999807357788,1.078050971031189
IMG-570F46402F,R1,A,wavelet-HLL,4781,0,0,0.0,0.0,-2.2876479625701904,3.5613834857940674
IMG-570F46402F,R1,A,wavelet-HLH,4781,0,0,0.0,0.0,-2.045485019683838,1.2673050165176392
IMG-570F46402F,R1,A,wavelet-HHL,4781,0,0,0.0,0.0,-2.064474105834961,1.4219346046447754
IMG-570F46402F,R1,A,wavelet-HHH,4781,0,0,0.0,0.0,-0.5743817090988159,0.9912527203559875
IMG-570F46402F,R1,A,wavelet-LLL,4781,0,0,0.0,0.0,-5.532252788543701,8.177494049072266
IMG-570F46402F,R1,A,log-sigma-1-0-mm-3D,4781,0,0,0.0,0.0,-1.8180752992630005,1.1701161861419678
IMG-570F46402F,R1,A,log-sigma-2-0-mm-3D,4781,0,0,0.0,0.0,-1.448570966720581,1.4577915668487549
IMG-570F46402F,R1,A,log-sigma-3-0-mm-3D,4781,0,0,0.0,0.0,-1.2865231037139893,1.6571091413497925
IMG-94107097DD,R1,A,wavelet-LLH,2381,0,0,0.0,0.0,-4.99643087387085,4.345911026000977
IMG-94107097DD,R1,A,wavelet-LHL,2381,0,0,0.0,0.0,-6.394703388214111,3.7989933490753174
IMG-94107097DD,R1,A,wavelet-LHH,2381,0,0,0.0,0.0,-1.979360818862915,2.1744325160980225
IMG-94107097DD,R1,A,wavelet-HLL,2381,0,0,0.0,0.0,-8.150986671447754,4.947556972503662
IMG-94107097DD,R1,A,wavelet-HLH,2381,0,0,0.0,0.0,-2.4910449981689453,3.0009543895721436
IMG-94107097DD,R1,A,wavelet-HHL,2381,0,0,0.0,0.0,-4.826141357421875,6.019146919250488
IMG-94107097DD,R1,A,wavelet-HHH,2381,0,0,0.0,0.0,-1.7512483596801758,2.1612281799316406
IMG-94107097DD,R1,A,wavelet-LLL,2381,0,0,0.0,0.0,-6.551655292510986,9.426228523254395
IMG-94107097DD,R1,A,log-sigma-1-0-mm-3D,2381,0,0,0.0,0.0,-2.2530484199523926,1.8347166776657104
IMG-94107097DD,R1,A,log-sigma-2-0-mm-3D,2381,0,0,0.0,0.0,-1.5276646614074707,1.8433398008346558
IMG-94107097DD,R1,A,log-sigma-3-0-mm-3D,2381,0,0,0.0,0.0,-1.6034146547317505,1.6984692811965942
IMG-1C3C176B7E,R1,A,wavelet-LLH,29004,0,0,0.0,0.0,-4.764389991760254,4.3874125480651855
IMG-1C3C176B7E,R1,A,wavelet-LHL,29004,0,0,0.0,0.0,-6.967350482940674,3.6101791858673096
IMG-1C3C176B7E,R1,A,wavelet-LHH,29004,0,0,0.0,0.0,-2.2306010723114014,2.976736545562744
IMG-1C3C176B7E,R1,A,wavelet-HLL,29004,0,0,0.0,0.0,-5.080162048339844,5.027709007263184
IMG-1C3C176B7E,R1,A,wavelet-HLH,29004,0,0,0.0,0.0,-1.8295873403549194,2.175236701965332
IMG-1C3C176B7E,R1,A,wavelet-HHL,29004,0,0,0.0,0.0,-3.4727611541748047,3.3198702335357666
IMG-1C3C176B7E,R1,A,wavelet-HHH,29004,0,0,0.0,0.0,-1.299813985824585,1.7950397729873657
IMG-1C3C176B7E,R1,A,wavelet-LLL,29004,0,0,0.0,0.0,-7.710498332977295,12.16037654876709
IMG-1C3C176B7E,R1,A,log-sigma-1-0-mm-3D,29004,0,0,0.0,0.0,-2.7553532123565674,1.666334629058838
IMG-1C3C176B7E,R1,A,log-sigma-2-0-mm-3D,29004,0,0,0.0,0.0,-2.7234883308410645,1.457148551940918
IMG-1C3C176B7E,R1,A,log-sigma-3-0-mm-3D,29004,0,0,0.0,0.0,-2.260896921157837,1.2354243993759155
IMG-964D61E27E,R1,A,wavelet-LLH,6544,0,0,0.0,0.0,-4.166354656219482,4.192816734313965
IMG-964D61E27E,R1,A,wavelet-LHL,6544,0,0,0.0,0.0,-5.49930477142334,4.86592435836792
IMG-964D61E27E,R1,A,wavelet-LHH,6544,0,0,0.0,0.0,-2.742295026779175,1.873274564743042
IMG-964D61E27E,R1,A,wavelet-HLL,6544,0,0,0.0,0.0,-4.99344539642334,5.634912490844727
IMG-964D61E27E,R1,A,wavelet-HLH,6544,0,0,0.0,0.0,-2.0134918689727783,2.7954583168029785
IMG-964D61E27E,R1,A,wavelet-HHL,6544,0,0,0.0,0.0,-3.3879475593566895,3.8618552684783936
IMG-964D61E27E,R1,A,wavelet-HHH,6544,0,0,0.0,0.0,-1.8146286010742188,1.7706462144851685
IMG-964D61E27E,R1,A,wavelet-LLL,6544,0,0,0.0,0.0,-9.496970176696777,14.523676872253418
IMG-964D61E27E,R1,A,log-sigma-1-0-mm-3D,6544,0,0,0.0,0.0,-3.451043128967285,2.2974796295166016
IMG-964D61E27E,R1,A,log-sigma-2-0-mm-3D,6544,0,0,0.0,0.0,-3.3720169067382812,1.904846429824829
IMG-964D61E27E,R1,A,log-sigma-3-0-mm-3D,6544,0,0,0.0,0.0,-2.520094633102417,1.6423027515411377
IMG-DA89543CFA,R1,B,wavelet-LLH,2975,0,0,0.0,0.0,-4.88185977935791,4.712734699249268
IMG-DA89543CFA,R1,B,wavelet-LHL,2975,0,0,0.0,0.0,-6.247378826141357,5.858539581298828
IMG-DA89543CFA,R1,B,wavelet-LHH,2975,0,0,0.0,0.0,-3.7921340465545654,2.6573894023895264
IMG-DA89543CFA,R1,B,wavelet-HLL,2975,0,0,0.0,0.0,-7.064432621002197,3.7018775939941406
IMG-DA89543CFA,R1,B,wavelet-HLH,2975,0,0,0.0,0.0,-1.6268243789672852,2.469589948654175
IMG-DA89543CFA,R1,B,wavelet-HHL,2975,0,0,0.0,0.0,-3.0751729011535645,2.987722635269165
IMG-DA89543CFA,R1,B,wavelet-HHH,2975,0,0,0.0,0.0,-1.6327452659606934,1.3041387796401978
IMG-DA89543CFA,R1,B,wavelet-LLL,2975,0,0,0.0,0.0,-6.53809928894043,15.672600746154785
IMG-DA89543CFA,R1,B,log-sigma-1-0-mm-3D,2975,0,0,0.0,0.0,-3.114893913269043,2.8880393505096436
IMG-DA89543CFA,R1,B,log-sigma-2-0-mm-3D,2975,0,0,0.0,0.0,-3.276097059249878,1.8916603326797485
IMG-DA89543CFA,R1,B,log-sigma-3-0-mm-3D,2975,0,0,0.0,0.0,-2.550178289413452,1.7850534915924072
IMG-0787FFA7F8,R1,B,wavelet-LLH,5466,0,0,0.0,0.0,-2.529589891433716,2.2907185554504395
IMG-0787FFA7F8,R1,B,wavelet-LHL,5466,0,0,0.0,0.0,-4.120275020599365,4.496762275695801
IMG-0787FFA7F8,R1,B,wavelet-LHH,5466,0,0,0.0,0.0,-0.8305966258049011,0.8166217803955078
IMG-0787FFA7F8,R1,B,wavelet-HLL,5466,0,0,0.0,0.0,-7.104469299316406,3.1494085788726807
IMG-0787FFA7F8,R1,B,wavelet-HLH,5466,0,0,0.0,0.0,-0.8934046626091003,1.046778917312622
IMG-0787FFA7F8,R1,B,wavelet-HHL,5466,0,0,0.0,0.0,-2.1687357425689697,2.838134527206421
IMG-0787FFA7F8,R1,B,wavelet-HHH,5466,0,0,0.0,0.0,-0.3933955729007721,0.3784372806549072
IMG-0787FFA7F8,R1,B,wavelet-LLL,5466,0,0,0.0,0.0,-6.464211940765381,14.351982116699219
IMG-0787FFA7F8,R1,B,log-sigma-1-0-mm-3D,5466,0,0,0.0,0.0,-2.1134722232818604,1.92290198802948
IMG-0787FFA7F8,R1,B,log-sigma-2-0-mm-3D,5466,0,0,0.0,0.0,-2.0976767539978027,2.428737163543701
IMG-0787FFA7F8,R1,B,log-sigma-3-0-mm-3D,5466,0,0,0.0,0.0,-2.074784517288208,2.669235944747925
IMG-2DB6A42D34,R1,B,wavelet-LLH,34009,0,0,0.0,0.0,-3.4675509929656982,4.393803596496582
IMG-2DB6A42D34,R1,B,wavelet-LHL,34009,0,0,0.0,0.0,-3.6284217834472656,3.886843681335449
IMG-2DB6A42D34,R1,B,wavelet-LHH,34009,0,0,0.0,0.0,-1.828452467918396,1.7559099197387695
IMG-2DB6A42D34,R1,B,wavelet-HLL,34009,0,0,0.0,0.0,-4.97186803817749,4.540124416351318
IMG-2DB6A42D34,R1,B,wavelet-HLH,34009,0,0,0.0,0.0,-1.66078782081604,2.1911981105804443
IMG-2DB6A42D34,R1,B,wavelet-HHL,34009,0,0,0.0,0.0,-2.410428524017334,2.221010684967041
IMG-2DB6A42D34,R1,B,wavelet-HHH,34009,0,0,0.0,0.0,-0.9176788330078125,1.0387892723083496
IMG-2DB6A42D34,R1,B,wavelet-LLL,34009,0,0,0.0,0.0,-7.644522666931152,9.4834566116333
IMG-2DB6A42D34,R1,B,log-sigma-1-0-mm-3D,34009,0,0,0.0,0.0,-2.4096908569335938,2.362515449523926
IMG-2DB6A42D34,R1,B,log-sigma-2-0-mm-3D,34009,0,0,0.0,0.0,-2.1944591999053955,1.9080678224563599
IMG-2DB6A42D34,R1,B,log-sigma-3-0-mm-3D,34009,0,0,0.0,0.0,-2.121273994445801,1.5670506954193115
IMG-0814039810,R1,B,wavelet-LLH,4279,0,0,0.0,0.0,-2.4676120281219482,1.8573821783065796
IMG-0814039810,R1,B,wavelet-LHL,4279,0,0,0.0,0.0,-3.471991539001465,2.9884400367736816
IMG-0814039810,R1,B,wavelet-LHH,4279,0,0,0.0,0.0,-0.934599757194519,1.6289323568344116
IMG-0814039810,R1,B,wavelet-HLL,4279,0,0,0.0,0.0,-3.8967626094818115,3.662846803665161
IMG-0814039810,R1,B,wavelet-HLH,4279,0,0,0.0,0.0,-1.2441235780715942,1.3660565614700317
IMG-0814039810,R1,B,wavelet-HHL,4279,0,0,0.0,0.0,-2.101565361022949,2.359574556350708
IMG-0814039810,R1,B,wavelet-HHH,4279,0,0,0.0,0.0,-0.9935762286186218,1.0721979141235352
IMG-0814039810,R1,B,wavelet-LLL,4279,0,0,0.0,0.0,-4.874563217163086,7.2396745681762695
IMG-0814039810,R1,B,log-sigma-1-0-mm-3D,4279,0,0,0.0,0.0,-1.7571425437927246,1.1848058700561523
IMG-0814039810,R1,B,log-sigma-2-0-mm-3D,4279,0,0,0.0,0.0,-1.9669134616851807,1.1473278999328613
IMG-0814039810,R1,B,log-sigma-3-0-mm-3D,4279,0,0,0.0,0.0,-1.956847071647644,0.901046097278595
IMG-B47DA09A33,R1,A,wavelet-LLH,4789,0,0,0.0,0.0,-3.9468955993652344,3.84800124168396
IMG-B47DA09A33,R1,A,wavelet-LHL,4789,0,0,0.0,0.0,-4.571929454803467,4.180201530456543
IMG-B47DA09A33,R1,A,wavelet-LHH,4789,0,0,0.0,0.0,-2.370441436767578,2.363538980484009
IMG-B47DA09A33,R1,A,wavelet-HLL,4789,0,0,0.0,0.0,-3.88224720954895,5.757384777069092
IMG-B47DA09A33,R1,A,wavelet-HLH,4789,0,0,0.0,0.0,-2.335524320602417,2.256455659866333
IMG-B47DA09A33,R1,A,wavelet-HHL,4789,0,0,0.0,0.0,-2.8660988807678223,3.1249547004699707
IMG-B47DA09A33,R1,A,wavelet-HHH,4789,0,0,0.0,0.0,-1.8928276300430298,1.4364951848983765
IMG-B47DA09A33,R1,A,wavelet-LLL,4789,0,0,0.0,0.0,-7.286880016326904,8.153581619262695
IMG-B47DA09A33,R1,A,log-sigma-1-0-mm-3D,4789,0,0,0.0,0.0,-1.936689853668213,2.622241497039795
IMG-B47DA09A33,R1,A,log-sigma-2-0-mm-3D,4789,0,0,0.0,0.0,-1.0303356647491455,3.099378824234009
IMG-B47DA09A33,R1,A,log-sigma-3-0-mm-3D,4789,0,0,0.0,0.0,-0.8965970277786255,3.1441869735717773
IMG-738CD2503A,R1,B,wavelet-LLH,10138,0,0,0.0,0.0,-5.170240879058838,5.229671478271484
IMG-738CD2503A,R1,B,wavelet-LHL,10138,0,0,0.0,0.0,-6.1401166915893555,7.038177967071533
IMG-738CD2503A,R1,B,wavelet-LHH,10138,0,0,0.0,0.0,-3.5248258113861084,3.3457138538360596
IMG-738CD2503A,R1,B,wavelet-HLL,10138,0,0,0.0,0.0,-5.677730560302734,5.807195663452148
IMG-738CD2503A,R1,B,wavelet-HLH,10138,0,0,0.0,0.0,-2.9745593070983887,2.5357894897460938
IMG-738CD2503A,R1,B,wavelet-HHL,10138,0,0,0.0,0.0,-3.0452334880828857,2.749633312225342
IMG-738CD2503A,R1,B,wavelet-HHH,10138,0,0,0.0,0.0,-1.4883201122283936,1.0512704849243164
IMG-738CD2503A,R1,B,wavelet-LLL,10138,0,0,0.0,0.0,-9.320504188537598,16.1309814453125
IMG-738CD2503A,R1,B,log-sigma-1-0-mm-3D,10138,0,0,0.0,0.0,-2.496201276779175,3.2919180393218994
IMG-738CD2503A,R1,B,log-sigma-2-0-mm-3D,10138,0,0,0.0,0.0,-2.1569411754608154,2.335325002670288
IMG-738CD2503A,R1,B,log-sigma-3-0-mm-3D,10138,0,0,0.0,0.0,-2.0908257961273193,1.9337971210479736
IMG-FAEB995D60,R1,B,wavelet-LLH,6679,0,0,0.0,0.0,-2.882333517074585,3.005567789077759
IMG-FAEB995D60,R1,B,wavelet-LHL,6679,0,0,0.0,0.0,-3.1914031505584717,4.469852924346924
IMG-FAEB995D60,R1,B,wavelet-LHH,6679,0,0,0.0,0.0,-0.7245429158210754,0.9621467590332031
IMG-FAEB995D60,R1,B,wavelet-HLL,6679,0,0,0.0,0.0,-4.635888576507568,4.029899597167969
IMG-FAEB995D60,R1,B,wavelet-HLH,6679,0,0,0.0,0.0,-0.9126314520835876,0.6605424880981445
IMG-FAEB995D60,R1,B,wavelet-HHL,6679,0,0,0.0,0.0,-2.483170747756958,2.8388445377349854
IMG-FAEB995D60,R1,B,wavelet-HHH,6679,0,0,0.0,0.0,-0.47389352321624756,0.5561487674713135
IMG-FAEB995D60,R1,B,wavelet-LLL,6679,0,0,0.0,0.0,-7.909307956695557,14.106429100036621
IMG-FAEB995D60,R1,B,log-sigma-1-0-mm-3D,6679,0,0,0.0,0.0,-2.020021438598633,1.857269525527954
IMG-FAEB995D60,R1,B,log-sigma-2-0-mm-3D,6679,0,0,0.0,0.0,-2.2588212490081787,2.4076852798461914
IMG-FAEB995D60,R1,B,log-sigma-3-0-mm-3D,6679,0,0,0.0,0.0,-2.230902910232544,2.9567294120788574
IMG-CE3932CEDA,R1,A,wavelet-LLH,4043,0,0,0.0,0.0,-7.009511470794678,4.145254135131836
IMG-CE3932CEDA,R1,A,wavelet-LHL,4043,0,0,0.0,0.0,-5.449967384338379,8.256220817565918
IMG-CE3932CEDA,R1,A,wavelet-LHH,4043,0,0,0.0,0.0,-2.2186970710754395,2.32253360748291
IMG-CE3932CEDA,R1,A,wavelet-HLL,4043,0,0,0.0,0.0,-3.803633689880371,3.8894097805023193
IMG-CE3932CEDA,R1,A,wavelet-HLH,4043,0,0,0.0,0.0,-2.0636377334594727,2.5585384368896484
IMG-CE3932CEDA,R1,A,wavelet-HHL,4043,0,0,0.0,0.0,-4.084724426269531,5.50496244430542
IMG-CE3932CEDA,R1,A,wavelet-HHH,4043,0,0,0.0,0.0,-1.2473328113555908,1.1746642589569092
IMG-CE3932CEDA,R1,A,wavelet-LLL,4043,0,0,0.0,0.0,-7.405416965484619,12.300313949584961
IMG-CE3932CEDA,R1,A,log-sigma-1-0-mm-3D,4043,0,0,0.0,0.0,-2.412625551223755,2.4657506942749023
IMG-CE3932CEDA,R1,A,log-sigma-2-0-mm-3D,4043,0,0,0.0,0.0,-3.4425289630889893,2.28640079498291
IMG-CE3932CEDA,R1,A,log-sigma-3-0-mm-3D,4043,0,0,0.0,0.0,-2.3427023887634277,1.9954925775527954
IMG-66019C89DD,R1,A,wavelet-LLH,15232,0,0,0.0,0.0,-8.372673988342285,4.945281028747559
IMG-66019C89DD,R1,A,wavelet-LHL,15232,0,0,0.0,0.0,-8.780476570129395,5.997107028961182
IMG-66019C89DD,R1,A,wavelet-LHH,15232,0,0,0.0,0.0,-2.5982768535614014,3.759665012359619
IMG-66019C89DD,R1,A,wavelet-HLL,15232,0,0,0.0,0.0,-10.965171813964844,7.226131916046143
IMG-66019C89DD,R1,A,wavelet-HLH,15232,0,0,0.0,0.0,-3.387852907180786,3.6156442165374756
IMG-66019C89DD,R1,A,wavelet-HHL,15232,0,0,0.0,0.0,-5.350797176361084,4.975452899932861
IMG-66019C89DD,R1,A,wavelet-HHH,15232,0,0,0.0,0.0,-2.1894373893737793,2.809915065765381
IMG-66019C89DD,R1,A,wavelet-LLL,15232,0,0,0.0,0.0,-6.684427738189697,17.684375762939453
IMG-66019C89DD,R1,A,log-sigma-1-0-mm-3D,15232,0,0,0.0,0.0,-3.609003782272339,3.047703981399536
IMG-66019C89DD,R1,A,log-sigma-2-0-mm-3D,15232,0,0,0.0,0.0,-3.6555380821228027,2.3818585872650146
IMG-66019C89DD,R1,A,log-sigma-3-0-mm-3D,15232,0,0,0.0,0.0,-3.3062169551849365,2.404362916946411
IMG-F23954A266,R1,B,wavelet-LLH,2265,0,0,0.0,0.0,-4.997087478637695,3.6112465858459473
IMG-F23954A266,R1,B,wavelet-LHL,2265,0,0,0.0,0.0,-4.284821033477783,3.248762845993042
IMG-F23954A266,R1,B,wavelet-LHH,2265,0,0,0.0,0.0,-1.6380983591079712,2.515643835067749
IMG-F23954A266,R1,B,wavelet-HLL,2265,0,0,0.0,0.0,-4.857663631439209,5.016631126403809
IMG-F23954A266,R1,B,wavelet-HLH,2265,0,0,0.0,0.0,-2.424102544784546,2.1919875144958496
IMG-F23954A266,R1,B,wavelet-HHL,2265,0,0,0.0,0.0,-2.735435962677002,4.533897399902344
IMG-F23954A266,R1,B,wavelet-HHH,2265,0,0,0.0,0.0,-0.9831244349479675,1.0375621318817139
IMG-F23954A266,R1,B,wavelet-LLL,2265,0,0,0.0,0.0,-6.702834606170654,16.358388900756836
IMG-F23954A266,R1,B,log-sigma-1-0-mm-3D,2265,0,0,0.0,0.0,-1.7665653228759766,2.0276589393615723
IMG-F23954A266,R1,B,log-sigma-2-0-mm-3D,2265,0,0,0.0,0.0,-1.8555959463119507,2.0405778884887695
IMG-F23954A266,R1,B,log-sigma-3-0-mm-3D,2265,0,0,0.0,0.0,-1.8611633777618408,1.6423016786575317
IMG-0BB0F6A309,R1,A,wavelet-LLH,9940,0,0,0.0,0.0,-2.8341970443725586,2.8735976219177246
IMG-0BB0F6A309,R1,A,wavelet-LHL,9940,0,0,0.0,0.0,-3.6302504539489746,2.936840295791626
IMG-0BB0F6A309,R1,A,wavelet-LHH,9940,0,0,0.0,0.0,-1.2055437564849854,1.5711839199066162
IMG-0BB0F6A309,R1,A,wavelet-HLL,9940,0,0,0.0,0.0,-3.4236035346984863,4.429282188415527
IMG-0BB0F6A309,R1,A,wavelet-HLH,9940,0,0,0.0,0.0,-1.3219205141067505,1.3750121593475342
IMG-0BB0F6A309,R1,A,wavelet-HHL,9940,0,0,0.0,0.0,-3.1638283729553223,2.300978422164917
IMG-0BB0F6A309,R1,A,wavelet-HHH,9940,0,0,0.0,0.0,-0.9794865846633911,0.8660454154014587
IMG-0BB0F6A309,R1,A,wavelet-LLL,9940,0,0,0.0,0.0,-7.686140537261963,5.959653377532959
IMG-0BB0F6A309,R1,A,log-sigma-1-0-mm-3D,9940,0,0,0.0,0.0,-1.8665478229522705,1.3419166803359985
IMG-0BB0F6A309,R1,A,log-sigma-2-0-mm-3D,9940,0,0,0.0,0.0,-1.6470001935958862,1.6740996837615967
IMG-0BB0F6A309,R1,A,log-sigma-3-0-mm-3D,9940,0,0,0.0,0.0,-1.8642131090164185,1.9532276391983032
IMG-59B11B70B9,R1,A,wavelet-LLH,36774,0,0,0.0,0.0,-3.0323145389556885,2.8317503929138184
IMG-59B11B70B9,R1,A,wavelet-LHL,36774,0,0,0.0,0.0,-5.213302135467529,3.928023338317871
IMG-59B11B70B9,R1,A,wavelet-LHH,36774,0,0,0.0,0.0,-1.7538632154464722,2.1003823280334473
IMG-59B11B70B9,R1,A,wavelet-HLL,36774,0,0,0.0,0.0,-5.72282600402832,4.905360698699951
IMG-59B11B70B9,R1,A,wavelet-HLH,36774,0,0,0.0,0.0,-1.9621702432632446,1.66653573513031
IMG-59B11B70B9,R1,A,wavelet-HHL,36774,0,0,0.0,0.0,-2.6917786598205566,3.133195161819458
IMG-59B11B70B9,R1,A,wavelet-HHH,36774,0,0,0.0,0.0,-1.118670105934143,1.1595383882522583
IMG-59B11B70B9,R1,A,wavelet-LLL,36774,0,0,0.0,0.0,-6.109378337860107,9.532814979553223
IMG-59B11B70B9,R1,A,log-sigma-1-0-mm-3D,36774,0,0,0.0,0.0,-2.1106531620025635,1.59825599193573
IMG-59B11B70B9,R1,A,log-sigma-2-0-mm-3D,36774,0,0,0.0,0.0,-2.245758533477783,1.2852137088775635
IMG-59B11B70B9,R1,A,log-sigma-3-0-mm-3D,36774,0,0,0.0,0.0,-1.9521360397338867,1.325567603111267
IMG-CCF0A985CA,R1,B,wavelet-LLH,6917,0,0,0.0,0.0,-3.8344297409057617,5.334174633026123
IMG-CCF0A985CA,R1,B,wavelet-LHL,6917,0,0,0.0,0.0,-8.002655982971191,6.044443607330322
IMG-CCF0A985CA,R1,B,wavelet-LHH,6917,0,0,0.0,0.0,-3.3306620121002197,3.219581127166748
IMG-CCF0A985CA,R1,B,wavelet-HLL,6917,0,0,0.0,0.0,-4.458150386810303,6.630921363830566
IMG-CCF0A985CA,R1,B,wavelet-HLH,6917,0,0,0.0,0.0,-2.702522039413452,2.0108964443206787
IMG-CCF0A985CA,R1,B,wavelet-HHL,6917,0,0,0.0,0.0,-4.1307268142700195,3.680837631225586
IMG-CCF0A985CA,R1,B,wavelet-HHH,6917,0,0,0.0,0.0,-1.581308364868164,1.4478638172149658
IMG-CCF0A985CA,R1,B,wavelet-LLL,6917,1,0,0.00014457134595923088,0.0,-11.032011985778809,20.014158248901367
IMG-CCF0A985CA,R1,B,log-sigma-1-0-mm-3D,6917,0,0,0.0,0.0,-2.484394073486328,3.4504470825195312
IMG-CCF0A985CA,R1,B,log-sigma-2-0-mm-3D,6917,0,0,0.0,0.0,-2.479917049407959,3.577185869216919
IMG-CCF0A985CA,R1,B,log-sigma-3-0-mm-3D,6917,0,0,0.0,0.0,-1.3512217998504639,3.765023708343506
IMG-07E4A4F88B,R1,B,wavelet-LLH,3242,0,0,0.0,0.0,-4.791975021362305,4.046497821807861
IMG-07E4A4F88B,R1,B,wavelet-LHL,3242,0,0,0.0,0.0,-5.1369853019714355,3.258155345916748
IMG-07E4A4F88B,R1,B,wavelet-LHH,3242,0,0,0.0,0.0,-2.405942440032959,2.6916096210479736
IMG-07E4A4F88B,R1,B,wavelet-HLL,3242,0,0,0.0,0.0,-5.211991786956787,4.8491034507751465
IMG-07E4A4F88B,R1,B,wavelet-HLH,3242,0,0,0.0,0.0,-1.829097867012024,1.8714951276779175
IMG-07E4A4F88B,R1,B,wavelet-HHL,3242,0,0,0.0,0.0,-2.293912649154663,2.3815128803253174
IMG-07E4A4F88B,R1,B,wavelet-HHH,3242,0,0,0.0,0.0,-0.9039485454559326,0.9824386239051819
IMG-07E4A4F88B,R1,B,wavelet-LLL,3242,0,0,0.0,0.0,-5.633858680725098,16.007287979125977
IMG-07E4A4F88B,R1,B,log-sigma-1-0-mm-3D,3242,0,0,0.0,0.0,-1.6416977643966675,2.1952812671661377
IMG-07E4A4F88B,R1,B,log-sigma-2-0-mm-3D,3242,0,0,0.0,0.0,-2.71159029006958,2.1595377922058105
IMG-07E4A4F88B,R1,B,log-sigma-3-0-mm-3D,3242,0,0,0.0,0.0,-2.0610170364379883,2.064833402633667
IMG-01DD783D86,R1,B,wavelet-LLH,12897,0,0,0.0,0.0,-2.470651388168335,4.396047115325928
IMG-01DD783D86,R1,B,wavelet-LHL,12897,0,0,0.0,0.0,-3.931269407272339,5.082305431365967
IMG-01DD783D86,R1,B,wavelet-LHH,12897,0,0,0.0,0.0,-1.6435171365737915,1.260273814201355
IMG-01DD783D86,R1,B,wavelet-HLL,12897,0,0,0.0,0.0,-6.042760848999023,4.502449989318848
IMG-01DD783D86,R1,B,wavelet-HLH,12897,0,0,0.0,0.0,-1.1349060535430908,1.342261552810669
IMG-01DD783D86,R1,B,wavelet-HHL,12897,0,0,0.0,0.0,-2.170576810836792,2.641801595687866
IMG-01DD783D86,R1,B,wavelet-HHH,12897,0,0,0.0,0.0,-0.5566806793212891,0.6966987252235413
IMG-01DD783D86,R1,B,wavelet-LLL,12897,0,0,0.0,0.0,-8.754014015197754,15.677234649658203
IMG-01DD783D86,R1,B,log-sigma-1-0-mm-3D,12897,0,0,0.0,0.0,-1.4277654886245728,2.5500576496124268
IMG-01DD783D86,R1,B,log-sigma-2-0-mm-3D,12897,0,0,0.0,0.0,-2.2638304233551025,2.3761253356933594
IMG-01DD783D86,R1,B,log-sigma-3-0-mm-3D,12897,0,0,0.0,0.0,-1.8357901573181152,2.830019235610962
IMG-9100D2E107,R1,A,wavelet-LLH,2047,0,0,0.0,0.0,-2.456503391265869,4.426768779754639
IMG-9100D2E107,R1,A,wavelet-LHL,2047,0,0,0.0,0.0,-4.491615295410156,4.424908638000488
IMG-9100D2E107,R1,A,wavelet-LHH,2047,0,0,0.0,0.0,-2.5079562664031982,1.718451738357544
IMG-9100D2E107,R1,A,wavelet-HLL,2047,0,0,0.0,0.0,-3.3849234580993652,3.3426997661590576
IMG-9100D2E107,R1,A,wavelet-HLH,2047,0,0,0.0,0.0,-1.3705893754959106,1.3744195699691772
IMG-9100D2E107,R1,A,wavelet-HHL,2047,0,0,0.0,0.0,-2.261836290359497,3.21673321723938
IMG-9100D2E107,R1,A,wavelet-HHH,2047,0,0,0.0,0.0,-0.9589976072311401,1.2564845085144043
IMG-9100D2E107,R1,A,wavelet-LLL,2047,0,0,0.0,0.0,-7.277392387390137,7.988677501678467
IMG-9100D2E107,R1,A,log-sigma-1-0-mm-3D,2047,0,0,0.0,0.0,-2.1018121242523193,1.536315679550171
IMG-9100D2E107,R1,A,log-sigma-2-0-mm-3D,2047,0,0,0.0,0.0,-1.3852909803390503,2.1108484268188477
IMG-9100D2E107,R1,A,log-sigma-3-0-mm-3D,2047,0,0,0.0,0.0,-1.5790205001831055,2.1125643253326416
IMG-034CE1BDA5,R1,B,wavelet-LLH,9843,0,0,0.0,0.0,-4.015999794006348,4.600112438201904
IMG-034CE1BDA5,R1,B,wavelet-LHL,9843,0,0,0.0,0.0,-5.719025135040283,8.661995887756348
IMG-034CE1BDA5,R1,B,wavelet-LHH,9843,0,0,0.0,0.0,-2.380047082901001,2.992743968963623
IMG-034CE1BDA5,R1,B,wavelet-HLL,9843,0,0,0.0,0.0,-4.411806106567383,4.71303129196167
IMG-034CE1BDA5,R1,B,wavelet-HLH,9843,0,0,0.0,0.0,-2.0814132690429688,2.157463788986206
IMG-034CE1BDA5,R1,B,wavelet-HHL,9843,0,0,0.0,0.0,-3.004333257675171,2.9620659351348877
IMG-034CE1BDA5,R1,B,wavelet-HHH,9843,0,0,0.0,0.0,-1.1306253671646118,1.5271294116973877
IMG-034CE1BDA5,R1,B,wavelet-LLL,9843,0,0,0.0,0.0,-10.745445251464844,13.123988151550293
IMG-034CE1BDA5,R1,B,log-sigma-1-0-mm-3D,9843,0,0,0.0,0.0,-2.439180850982666,2.6906912326812744
IMG-034CE1BDA5,R1,B,log-sigma-2-0-mm-3D,9843,0,0,0.0,0.0,-2.364393711090088,3.070591926574707
IMG-034CE1BDA5,R1,B,log-sigma-3-0-mm-3D,9843,0,0,0.0,0.0,-2.7702078819274902,3.525869131088257
IMG-D523C1CE5F,R1,B,wavelet-LLH,9865,0,0,0.0,0.0,-6.525931358337402,5.201199054718018
IMG-D523C1CE5F,R1,B,wavelet-LHL,9865,0,0,0.0,0.0,-6.111795902252197,4.884963512420654
IMG-D523C1CE5F,R1,B,wavelet-LHH,9865,0,0,0.0,0.0,-2.5412697792053223,2.414923906326294
IMG-D523C1CE5F,R1,B,wavelet-HLL,9865,0,0,0.0,0.0,-6.182893753051758,3.855419397354126
IMG-D523C1CE5F,R1,B,wavelet-HLH,9865,0,0,0.0,0.0,-2.346531391143799,1.8839802742004395
IMG-D523C1CE5F,R1,B,wavelet-HHL,9865,0,0,0.0,0.0,-2.7251529693603516,3.484532117843628
IMG-D523C1CE5F,R1,B,wavelet-HHH,9865,0,0,0.0,0.0,-1.268437385559082,1.1895960569381714
IMG-D523C1CE5F,R1,B,wavelet-LLL,9865,0,0,0.0,0.0,-6.24699592590332,16.17188835144043
IMG-D523C1CE5F,R1,B,log-sigma-1-0-mm-3D,9865,0,0,0.0,0.0,-2.6412441730499268,3.171738862991333
IMG-D523C1CE5F,R1,B,log-sigma-2-0-mm-3D,9865,0,0,0.0,0.0,-2.8905863761901855,2.5602478981018066
IMG-D523C1CE5F,R1,B,log-sigma-3-0-mm-3D,9865,0,0,0.0,0.0,-2.411653995513916,2.0406622886657715
IMG-C645016C68,R1,A,wavelet-LLH,12595,0,0,0.0,0.0,-3.781327962875366,3.295405864715576
IMG-C645016C68,R1,A,wavelet-LHL,12595,0,0,0.0,0.0,-4.992974758148193,8.808509826660156
IMG-C645016C68,R1,A,wavelet-LHH,12595,0,0,0.0,0.0,-2.164525032043457,1.8156665563583374
IMG-C645016C68,R1,A,wavelet-HLL,12595,0,0,0.0,0.0,-3.7604587078094482,5.583393573760986
IMG-C645016C68,R1,A,wavelet-HLH,12595,0,0,0.0,0.0,-2.1908771991729736,2.162424087524414
IMG-C645016C68,R1,A,wavelet-HHL,12595,0,0,0.0,0.0,-3.4225716590881348,3.217576026916504
IMG-C645016C68,R1,A,wavelet-HHH,12595,0,0,0.0,0.0,-1.1248292922973633,1.2161622047424316
IMG-C645016C68,R1,A,wavelet-LLL,12595,0,0,0.0,0.0,-7.867290496826172,12.439268112182617
IMG-C645016C68,R1,A,log-sigma-1-0-mm-3D,12595,0,0,0.0,0.0,-2.9345827102661133,1.8838207721710205
IMG-C645016C68,R1,A,log-sigma-2-0-mm-3D,12595,0,0,0.0,0.0,-2.0221009254455566,2.2392046451568604
IMG-C645016C68,R1,A,log-sigma-3-0-mm-3D,12595,0,0,0.0,0.0,-1.6392667293548584,2.027388572692871
IMG-4091F4CA78,R1,B,wavelet-LLH,76659,0,0,0.0,0.0,-8.830198287963867,16.374439239501953
IMG-4091F4CA78,R1,B,wavelet-LHL,76659,0,0,0.0,0.0,-9.802952766418457,6.528469085693359
IMG-4091F4CA78,R1,B,wavelet-LHH,76659,0,0,0.0,0.0,-2.898582935333252,3.2557387351989746
IMG-4091F4CA78,R1,B,wavelet-HLL,76659,0,0,0.0,0.0,-9.105582237243652,5.7686614990234375
IMG-4091F4CA78,R1,B,wavelet-HLH,76659,0,0,0.0,0.0,-3.0422027111053467,4.728015422821045
IMG-4091F4CA78,R1,B,wavelet-HHL,76659,0,0,0.0,0.0,-5.440029621124268,3.6725850105285645
IMG-4091F4CA78,R1,B,wavelet-HHH,76659,0,0,0.0,0.0,-1.7502714395523071,2.053755521774292
IMG-4091F4CA78,R1,B,wavelet-LLL,76659,0,0,0.0,0.0,-9.6174955368042,23.016551971435547
IMG-4091F4CA78,R1,B,log-sigma-1-0-mm-3D,76659,0,0,0.0,0.0,-4.563981056213379,2.9153099060058594
IMG-4091F4CA78,R1,B,log-sigma-2-0-mm-3D,76659,0,0,0.0,0.0,-3.8332529067993164,2.0641589164733887
IMG-4091F4CA78,R1,B,log-sigma-3-0-mm-3D,76659,0,0,0.0,0.0,-4.19310998916626,2.334853410720825
IMG-983E2BC02B,R1,A,wavelet-LLH,17873,0,0,0.0,0.0,-3.3074049949645996,2.76082706451416
IMG-983E2BC02B,R1,A,wavelet-LHL,17873,0,0,0.0,0.0,-4.822540283203125,4.379652500152588
IMG-983E2BC02B,R1,A,wavelet-LHH,17873,0,0,0.0,0.0,-1.8816540241241455,1.815355658531189
IMG-983E2BC02B,R1,A,wavelet-HLL,17873,0,0,0.0,0.0,-4.757635116577148,4.053041934967041
IMG-983E2BC02B,R1,A,wavelet-HLH,17873,0,0,0.0,0.0,-2.1581382751464844,2.3515560626983643
IMG-983E2BC02B,R1,A,wavelet-HHL,17873,0,0,0.0,0.0,-2.548218250274658,4.321898460388184
IMG-983E2BC02B,R1,A,wavelet-HHH,17873,0,0,0.0,0.0,-1.788784146308899,1.549065113067627
IMG-983E2BC02B,R1,A,wavelet-LLL,17873,0,0,0.0,0.0,-6.484212875366211,11.342379570007324
IMG-983E2BC02B,R1,A,log-sigma-1-0-mm-3D,17873,0,0,0.0,0.0,-2.4326765537261963,1.8101006746292114
IMG-983E2BC02B,R1,A,log-sigma-2-0-mm-3D,17873,0,0,0.0,0.0,-2.237919569015503,1.6669174432754517
IMG-983E2BC02B,R1,A,log-sigma-3-0-mm-3D,17873,0,0,0.0,0.0,-1.7952347993850708,1.7483516931533813
IMG-59057F2048,R1,A,wavelet-LLH,8229,0,0,0.0,0.0,-3.4484245777130127,2.7633469104766846
IMG-59057F2048,R1,A,wavelet-LHL,8229,0,0,0.0,0.0,-5.999000072479248,5.182314395904541
IMG-59057F2048,R1,A,wavelet-LHH,8229,0,0,0.0,0.0,-2.1980514526367188,2.2599422931671143
IMG-59057F2048,R1,A,wavelet-HLL,8229,0,0,0.0,0.0,-6.561933994293213,4.976067543029785
IMG-59057F2048,R1,A,wavelet-HLH,8229,0,0,0.0,0.0,-1.9361745119094849,1.758623480796814
IMG-59057F2048,R1,A,wavelet-HHL,8229,0,0,0.0,0.0,-3.7036213874816895,3.7097690105438232
IMG-59057F2048,R1,A,wavelet-HHH,8229,0,0,0.0,0.0,-1.7134220600128174,1.269497275352478
IMG-59057F2048,R1,A,wavelet-LLL,8229,0,0,0.0,0.0,-5.515322208404541,11.842482566833496
IMG-59057F2048,R1,A,log-sigma-1-0-mm-3D,8229,0,0,0.0,0.0,-2.0331671237945557,3.0103931427001953
IMG-59057F2048,R1,A,log-sigma-2-0-mm-3D,8229,0,0,0.0,0.0,-2.131720781326294,1.9155369997024536
IMG-59057F2048,R1,A,log-sigma-3-0-mm-3D,8229,0,0,0.0,0.0,-1.6632726192474365,1.9307113885879517
IMG-08D009EB7E,R1,B,wavelet-LLH,11281,0,0,0.0,0.0,-6.132174491882324,4.410616397857666
IMG-08D009EB7E,R1,B,wavelet-LHL,11281,0,0,0.0,0.0,-7.179970741271973,6.248940467834473
IMG-08D009EB7E,R1,B,wavelet-LHH,11281,0,0,0.0,0.0,-2.89316725730896,2.5146381855010986
IMG-08D009EB7E,R1,B,wavelet-HLL,11281,0,0,0.0,0.0,-5.765905857086182,4.046770095825195
IMG-08D009EB7E,R1,B,wavelet-HLH,11281,0,0,0.0,0.0,-1.7104823589324951,1.9204856157302856
IMG-08D009EB7E,R1,B,wavelet-HHL,11281,0,0,0.0,0.0,-3.8844172954559326,5.659400939941406
IMG-08D009EB7E,R1,B,wavelet-HHH,11281,0,0,0.0,0.0,-1.206489086151123,1.3629831075668335
IMG-08D009EB7E,R1,B,wavelet-LLL,11281,0,0,0.0,0.0,-6.525798320770264,21.930007934570312
IMG-08D009EB7E,R1,B,log-sigma-1-0-mm-3D,11281,0,0,0.0,0.0,-2.496748685836792,2.659322500228882
IMG-08D009EB7E,R1,B,log-sigma-2-0-mm-3D,11281,0,0,0.0,0.0,-4.459479331970215,2.1980552673339844
IMG-08D009EB7E,R1,B,log-sigma-3-0-mm-3D,11281,0,0,0.0,0.0,-3.336184024810791,2.1239826679229736
IMG-8A3B5398AB,R1,A,wavelet-LLH,3957,0,0,0.0,0.0,-5.158452033996582,4.358696937561035
IMG-8A3B5398AB,R1,A,wavelet-LHL,3957,0,0,0.0,0.0,-5.353817939758301,7.786808967590332
IMG-8A3B5398AB,R1,A,wavelet-LHH,3957,0,0,0.0,0.0,-2.607229471206665,2.2656147480010986
IMG-8A3B5398AB,R1,A,wavelet-HLL,3957,0,0,0.0,0.0,-3.725315570831299,3.6514534950256348
IMG-8A3B5398AB,R1,A,wavelet-HLH,3957,0,0,0.0,0.0,-2.1513307094573975,3.1009624004364014
IMG-8A3B5398AB,R1,A,wavelet-HHL,3957,0,0,0.0,0.0,-3.391599178314209,4.514766693115234
IMG-8A3B5398AB,R1,A,wavelet-HHH,3957,0,0,0.0,0.0,-1.466695785522461,1.6957299709320068
IMG-8A3B5398AB,R1,A,wavelet-LLL,3957,0,0,0.0,0.0,-7.8187408447265625,8.253116607666016
IMG-8A3B5398AB,R1,A,log-sigma-1-0-mm-3D,3957,0,0,0.0,0.0,-1.6777887344360352,2.0440726280212402
IMG-8A3B5398AB,R1,A,log-sigma-2-0-mm-3D,3957,0,0,0.0,0.0,-1.6121826171875,2.766773223876953
IMG-8A3B5398AB,R1,A,log-sigma-3-0-mm-3D,3957,0,0,0.0,0.0,-1.6945481300354004,3.3627007007598877
IMG-95A4895ACC,R1,B,wavelet-LLH,4379,0,0,0.0,0.0,-2.6716949939727783,2.5982658863067627
IMG-95A4895ACC,R1,B,wavelet-LHL,4379,0,0,0.0,0.0,-4.356560707092285,6.565262794494629
IMG-95A4895ACC,R1,B,wavelet-LHH,4379,0,0,0.0,0.0,-2.0225300788879395,1.1709253787994385
IMG-95A4895ACC,R1,B,wavelet-HLL,4379,0,0,0.0,0.0,-2.5854315757751465,4.5992112159729
IMG-95A4895ACC,R1,B,wavelet-HLH,4379,0,0,0.0,0.0,-1.1095027923583984,1.0929239988327026
IMG-95A4895ACC,R1,B,wavelet-HHL,4379,0,0,0.0,0.0,-2.827890396118164,2.670241355895996
IMG-95A4895ACC,R1,B,wavelet-HHH,4379,0,0,0.0,0.0,-0.8063603639602661,0.8922765254974365
IMG-95A4895ACC,R1,B,wavelet-LLL,4379,0,0,0.0,0.0,-6.661089897155762,6.6782708168029785
IMG-95A4895ACC,R1,B,log-sigma-1-0-mm-3D,4379,0,0,0.0,0.0,-1.6017520427703857,1.7261730432510376
IMG-95A4895ACC,R1,B,log-sigma-2-0-mm-3D,4379,0,0,0.0,0.0,-1.6050467491149902,1.4307180643081665
IMG-95A4895ACC,R1,B,log-sigma-3-0-mm-3D,4379,0,0,0.0,0.0,-1.3645751476287842,1.4127203226089478
IMG-00364F760E,R1,A,wavelet-LLH,4421,0,0,0.0,0.0,-5.268630504608154,4.353946208953857
IMG-00364F760E,R1,A,wavelet-LHL,4421,0,0,0.0,0.0,-3.7686331272125244,4.206336498260498
IMG-00364F760E,R1,A,wavelet-LHH,4421,0,0,0.0,0.0,-2.056859016418457,1.6103218793869019
IMG-00364F760E,R1,A,wavelet-HLL,4421,0,0,0.0,0.0,-5.546976089477539,4.176991939544678
IMG-00364F760E,R1,A,wavelet-HLH,4421,0,0,0.0,0.0,-2.112150192260742,1.8984190225601196
IMG-00364F760E,R1,A,wavelet-HHL,4421,0,0,0.0,0.0,-3.527088165283203,2.739941358566284
IMG-00364F760E,R1,A,wavelet-HHH,4421,0,0,0.0,0.0,-1.7277233600616455,2.1050148010253906
IMG-00364F760E,R1,A,wavelet-LLL,4421,0,0,0.0,0.0,-5.8748087882995605,10.225749015808105
IMG-00364F760E,R1,A,log-sigma-1-0-mm-3D,4421,0,0,0.0,0.0,-1.494286060333252,2.6716535091400146
IMG-00364F760E,R1,A,log-sigma-2-0-mm-3D,4421,0,0,0.0,0.0,-1.9145150184631348,2.1166694164276123
IMG-00364F760E,R1,A,log-sigma-3-0-mm-3D,4421,0,0,0.0,0.0,-1.3123250007629395,2.1902968883514404
IMG-B5F9077483,R1,A,wavelet-LLH,23404,0,0,0.0,0.0,-10.190450668334961,12.90199089050293
IMG-B5F9077483,R1,A,wavelet-LHL,23404,0,0,0.0,0.0,-16.78415870666504,9.234915733337402
IMG-B5F9077483,R1,A,wavelet-LHH,23404,0,0,0.0,0.0,-3.4417572021484375,3.927604913711548
IMG-B5F9077483,R1,A,wavelet-HLL,23404,0,0,0.0,0.0,-13.032837867736816,6.211035251617432
IMG-B5F9077483,R1,A,wavelet-HLH,23404,0,0,0.0,0.0,-3.309699058532715,2.99233341217041
IMG-B5F9077483,R1,A,wavelet-HHL,23404,0,0,0.0,0.0,-5.856873035430908,6.15752649307251
IMG-B5F9077483,R1,A,wavelet-HHH,23404,0,0,0.0,0.0,-3.022918224334717,2.11204195022583
IMG-B5F9077483,R1,A,wavelet-LLL,23404,0,0,0.0,0.0,-6.6963605880737305,21.758039474487305
IMG-B5F9077483,R1,A,log-sigma-1-0-mm-3D,23404,0,0,0.0,0.0,-4.063138961791992,3.3041446208953857
IMG-B5F9077483,R1,A,log-sigma-2-0-mm-3D,23404,0,2,0.0,8.545547769612032e-05,-3.2186293601989746,4.186371803283691
IMG-B5F9077483,R1,A,log-sigma-3-0-mm-3D,23404,0,0,0.0,0.0,-3.178802967071533,3.0813193321228027
IMG-BC8AB8F6A4,R1,A,wavelet-LLH,1514,0,0,0.0,0.0,-3.9697072505950928,2.4251818656921387
IMG-BC8AB8F6A4,R1,A,wavelet-LHL,1514,0,0,0.0,0.0,-4.430994510650635,3.5685691833496094
IMG-BC8AB8F6A4,R1,A,wavelet-LHH,1514,0,0,0.0,0.0,-1.4263205528259277,1.638698935508728
IMG-BC8AB8F6A4,R1,A,wavelet-HLL,1514,0,0,0.0,0.0,-4.424045085906982,4.310525894165039
IMG-BC8AB8F6A4,R1,A,wavelet-HLH,1514,0,0,0.0,0.0,-1.369101643562317,1.2509331703186035
IMG-BC8AB8F6A4,R1,A,wavelet-HHL,1514,0,0,0.0,0.0,-2.0984201431274414,2.5015180110931396
IMG-BC8AB8F6A4,R1,A,wavelet-HHH,1514,0,0,0.0,0.0,-1.0027940273284912,1.038918137550354
IMG-BC8AB8F6A4,R1,A,wavelet-LLL,1514,0,0,0.0,0.0,-4.4670209884643555,10.147849082946777
IMG-BC8AB8F6A4,R1,A,log-sigma-1-0-mm-3D,1514,0,0,0.0,0.0,-1.2134536504745483,1.8044190406799316
IMG-BC8AB8F6A4,R1,A,log-sigma-2-0-mm-3D,1514,0,0,0.0,0.0,-1.637040138244629,1.5124142169952393
IMG-BC8AB8F6A4,R1,A,log-sigma-3-0-mm-3D,1514,0,0,0.0,0.0,-1.7356653213500977,1.1866395473480225
IMG-C435FCF270,R1,A,wavelet-LLH,612,0,0,0.0,0.0,-2.0138494968414307,2.766152858734131
IMG-C435FCF270,R1,A,wavelet-LHL,612,0,0,0.0,0.0,-7.713629245758057,4.365614414215088
IMG-C435FCF270,R1,A,wavelet-LHH,612,0,0,0.0,0.0,-2.2217111587524414,2.1391403675079346
IMG-C435FCF270,R1,A,wavelet-HLL,612,0,0,0.0,0.0,-6.336849212646484,7.91799783706665
IMG-C435FCF270,R1,A,wavelet-HLH,612,0,0,0.0,0.0,-3.0275721549987793,2.503300666809082
IMG-C435FCF270,R1,A,wavelet-HHL,612,0,0,0.0,0.0,-3.509138584136963,3.402003526687622
IMG-C435FCF270,R1,A,wavelet-HHH,612,0,0,0.0,0.0,-1.6000690460205078,1.9013944864273071
IMG-C435FCF270,R1,A,wavelet-LLL,612,0,0,0.0,0.0,-4.654168128967285,14.039200782775879
IMG-C435FCF270,R1,A,log-sigma-1-0-mm-3D,612,0,0,0.0,0.0,-1.2588679790496826,3.275327682495117
IMG-C435FCF270,R1,A,log-sigma-2-0-mm-3D,612,0,0,0.0,0.0,-1.8928059339523315,3.542924642562866
IMG-C435FCF270,R1,A,log-sigma-3-0-mm-3D,612,0,0,0.0,0.0,-1.0111130475997925,3.215355634689331
IMG-BA39BCD54C,R1,A,wavelet-LLH,41632,0,0,0.0,0.0,-4.995423316955566,2.6778814792633057
IMG-BA39BCD54C,R1,A,wavelet-LHL,41632,0,0,0.0,0.0,-4.3340983390808105,3.996072769165039
IMG-BA39BCD54C,R1,A,wavelet-LHH,41632,0,0,0.0,0.0,-1.7648438215255737,1.8462105989456177
IMG-BA39BCD54C,R1,A,wavelet-HLL,41632,0,0,0.0,0.0,-4.259721755981445,4.032249927520752
IMG-BA39BCD54C,R1,A,wavelet-HLH,41632,0,0,0.0,0.0,-1.4425123929977417,1.7702820301055908
IMG-BA39BCD54C,R1,A,wavelet-HHL,41632,0,0,0.0,0.0,-2.7113242149353027,2.738835096359253
IMG-BA39BCD54C,R1,A,wavelet-HHH,41632,0,0,0.0,0.0,-1.7188007831573486,1.174319863319397
IMG-BA39BCD54C,R1,A,wavelet-LLL,41632,0,0,0.0,0.0,-6.741095066070557,9.127083778381348
IMG-BA39BCD54C,R1,A,log-sigma-1-0-mm-3D,41632,0,0,0.0,0.0,-1.9266109466552734,1.486726999282837
IMG-BA39BCD54C,R1,A,log-sigma-2-0-mm-3D,41632,0,0,0.0,0.0,-1.910270094871521,1.3955845832824707
IMG-BA39BCD54C,R1,A,log-sigma-3-0-mm-3D,41632,0,0,0.0,0.0,-1.4309639930725098,1.1582098007202148
IMG-D79FE4D26B,R1,A,wavelet-LLH,15117,0,0,0.0,0.0,-4.1759748458862305,4.252060413360596
IMG-D79FE4D26B,R1,A,wavelet-LHL,15117,0,0,0.0,0.0,-6.148281574249268,6.349543571472168
IMG-D79FE4D26B,R1,A,wavelet-LHH,15117,0,0,0.0,0.0,-1.863983154296875,2.0237884521484375
IMG-D79FE4D26B,R1,A,wavelet-HLL,15117,0,0,0.0,0.0,-5.813536167144775,4.0156145095825195
IMG-D79FE4D26B,R1,A,wavelet-HLH,15117,0,0,0.0,0.0,-1.5020829439163208,1.579030156135559
IMG-D79FE4D26B,R1,A,wavelet-HHL,15117,0,0,0.0,0.0,-3.648693323135376,3.931333065032959
IMG-D79FE4D26B,R1,A,wavelet-HHH,15117,0,0,0.0,0.0,-1.6854110956192017,1.4364997148513794
IMG-D79FE4D26B,R1,A,wavelet-LLL,15117,0,0,0.0,0.0,-5.66292667388916,13.393393516540527
IMG-D79FE4D26B,R1,A,log-sigma-1-0-mm-3D,15117,0,0,0.0,0.0,-3.2578530311584473,1.7304879426956177
IMG-D79FE4D26B,R1,A,log-sigma-2-0-mm-3D,15117,0,0,0.0,0.0,-2.566763162612915,1.5797401666641235
IMG-D79FE4D26B,R1,A,log-sigma-3-0-mm-3D,15117,0,0,0.0,0.0,-1.7482528686523438,1.683475375175476
IMG-B658BE7023,R1,A,wavelet-LLH,4709,0,0,0.0,0.0,-2.953009843826294,2.9814517498016357
IMG-B658BE7023,R1,A,wavelet-LHL,4709,0,0,0.0,0.0,-3.5898303985595703,4.095435619354248
IMG-B658BE7023,R1,A,wavelet-LHH,4709,0,0,0.0,0.0,-1.5351173877716064,1.4239530563354492
IMG-B658BE7023,R1,A,wavelet-HLL,4709,0,0,0.0,0.0,-5.630011558532715,3.9474244117736816
IMG-B658BE7023,R1,A,wavelet-HLH,4709,0,0,0.0,0.0,-1.4897642135620117,1.6657289266586304
IMG-B658BE7023,R1,A,wavelet-HHL,4709,0,0,0.0,0.0,-3.9165022373199463,3.6067047119140625
IMG-B658BE7023,R1,A,wavelet-HHH,4709,0,0,0.0,0.0,-1.2614827156066895,1.4197927713394165
IMG-B658BE7023,R1,A,wavelet-LLL,4709,0,0,0.0,0.0,-7.163764953613281,11.475915908813477
IMG-B658BE7023,R1,A,log-sigma-1-0-mm-3D,4709,0,0,0.0,0.0,-1.868403434753418,1.5648140907287598
IMG-B658BE7023,R1,A,log-sigma-2-0-mm-3D,4709,0,0,0.0,0.0,-1.8387678861618042,1.9271650314331055
IMG-B658BE7023,R1,A,log-sigma-3-0-mm-3D,4709,0,0,0.0,0.0,-1.4156705141067505,1.9243725538253784
IMG-90698FE536,R1,A,wavelet-LLH,5284,0,0,0.0,0.0,-4.679909706115723,3.8873372077941895
IMG-90698FE536,R1,A,wavelet-LHL,5284,0,0,0.0,0.0,-8.136502265930176,6.382138252258301
IMG-90698FE536,R1,A,wavelet-LHH,5284,0,0,0.0,0.0,-2.7269396781921387,2.541177988052368
IMG-90698FE536,R1,A,wavelet-HLL,5284,0,0,0.0,0.0,-6.888206481933594,6.140977382659912
IMG-90698FE536,R1,A,wavelet-HLH,5284,0,0,0.0,0.0,-2.1308581829071045,1.8211956024169922
IMG-90698FE536,R1,A,wavelet-HHL,5284,0,0,0.0,0.0,-4.606823921203613,4.762884616851807
IMG-90698FE536,R1,A,wavelet-HHH,5284,0,0,0.0,0.0,-1.6961822509765625,1.6734561920166016
IMG-90698FE536,R1,A,wavelet-LLL,5284,0,0,0.0,0.0,-5.802581787109375,16.90148162841797
IMG-90698FE536,R1,A,log-sigma-1-0-mm-3D,5284,0,0,0.0,0.0,-2.1505167484283447,2.3464198112487793
IMG-90698FE536,R1,A,log-sigma-2-0-mm-3D,5284,0,0,0.0,0.0,-1.6223788261413574,2.454648733139038
IMG-90698FE536,R1,A,log-sigma-3-0-mm-3D,5284,0,0,0.0,0.0,-1.5024793148040771,2.6453800201416016
IMG-F48A5C5E70,R1,A,wavelet-LLH,13051,0,0,0.0,0.0,-4.832696437835693,5.345605373382568
IMG-F48A5C5E70,R1,A,wavelet-LHL,13051,0,0,0.0,0.0,-8.237207412719727,8.916051864624023
IMG-F48A5C5E70,R1,A,wavelet-LHH,13051,0,0,0.0,0.0,-3.537350654602051,4.064599990844727
IMG-F48A5C5E70,R1,A,wavelet-HLL,13051,0,0,0.0,0.0,-7.087183475494385,5.450904846191406
IMG-F48A5C5E70,R1,A,wavelet-HLH,13051,0,0,0.0,0.0,-2.118014335632324,2.50288462638855
IMG-F48A5C5E70,R1,A,wavelet-HHL,13051,0,0,0.0,0.0,-4.757261276245117,5.494979381561279
IMG-F48A5C5E70,R1,A,wavelet-HHH,13051,0,0,0.0,0.0,-1.9975547790527344,2.357154130935669
IMG-F48A5C5E70,R1,A,wavelet-LLL,13051,0,0,0.0,0.0,-7.969592571258545,13.783516883850098
IMG-F48A5C5E70,R1,A,log-sigma-1-0-mm-3D,13051,0,0,0.0,0.0,-2.821025848388672,2.4548892974853516
IMG-F48A5C5E70,R1,A,log-sigma-2-0-mm-3D,13051,0,0,0.0,0.0,-2.4982056617736816,2.3650379180908203
IMG-F48A5C5E70,R1,A,log-sigma-3-0-mm-3D,13051,0,0,0.0,0.0,-1.8196146488189697,2.279578685760498
IMG-18C718D733,R1,A,wavelet-LLH,3806,0,0,0.0,0.0,-4.555788040161133,5.575397968292236
IMG-18C718D733,R1,A,wavelet-LHL,3806,0,0,0.0,0.0,-4.580222129821777,4.67170524597168
IMG-18C718D733,R1,A,wavelet-LHH,3806,0,0,0.0,0.0,-2.8926875591278076,3.702453374862671
IMG-18C718D733,R1,A,wavelet-HLL,3806,0,0,0.0,0.0,-8.14707088470459,4.213264465332031
IMG-18C718D733,R1,A,wavelet-HLH,3806,0,0,0.0,0.0,-1.9549146890640259,1.6609158515930176
IMG-18C718D733,R1,A,wavelet-HHL,3806,0,0,0.0,0.0,-3.4944863319396973,3.813185691833496
IMG-18C718D733,R1,A,wavelet-HHH,3806,0,0,0.0,0.0,-2.156019449234009,2.40828537940979
IMG-18C718D733,R1,A,wavelet-LLL,3806,0,0,0.0,0.0,-6.087825775146484,14.314290046691895
IMG-18C718D733,R1,A,log-sigma-1-0-mm-3D,3806,0,0,0.0,0.0,-2.480949640274048,1.8216240406036377
IMG-18C718D733,R1,A,log-sigma-2-0-mm-3D,3806,0,0,0.0,0.0,-3.3415699005126953,1.9940561056137085
IMG-18C718D733,R1,A,log-sigma-3-0-mm-3D,3806,0,0,0.0,0.0,-2.9881653785705566,2.085841178894043
IMG-CEF96B0BDF,R1,A,wavelet-LLH,45829,0,0,0.0,0.0,-8.492566108703613,14.276689529418945
IMG-CEF96B0BDF,R1,A,wavelet-LHL,45829,0,0,0.0,0.0,-8.50741958618164,5.742093086242676
IMG-CEF96B0BDF,R1,A,wavelet-LHH,45829,0,0,0.0,0.0,-2.162623167037964,3.02864146232605
IMG-CEF96B0BDF,R1,A,wavelet-HLL,45829,0,0,0.0,0.0,-6.170937538146973,6.833085060119629
IMG-CEF96B0BDF,R1,A,wavelet-HLH,45829,0,0,0.0,0.0,-2.634869337081909,2.418764114379883
IMG-CEF96B0BDF,R1,A,wavelet-HHL,45829,0,0,0.0,0.0,-4.4264817237854,5.9643635749816895
IMG-CEF96B0BDF,R1,A,wavelet-HHH,45829,0,0,0.0,0.0,-2.7834665775299072,2.004256248474121
IMG-CEF96B0BDF,R1,A,wavelet-LLL,45829,0,0,0.0,0.0,-6.5760698318481445,15.75742244720459
IMG-CEF96B0BDF,R1,A,log-sigma-1-0-mm-3D,45829,0,0,0.0,0.0,-2.840078830718994,2.5033318996429443
IMG-CEF96B0BDF,R1,A,log-sigma-2-0-mm-3D,45829,0,0,0.0,0.0,-2.303152084350586,2.630229949951172
IMG-CEF96B0BDF,R1,A,log-sigma-3-0-mm-3D,45829,0,0,0.0,0.0,-2.1288492679595947,2.036902666091919
IMG-048378B0B0,R1,A,wavelet-LLH,6677,0,0,0.0,0.0,-7.0373454093933105,4.277108192443848
IMG-048378B0B0,R1,A,wavelet-LHL,6677,0,0,0.0,0.0,-4.306319713592529,4.337167263031006
IMG-048378B0B0,R1,A,wavelet-LHH,6677,0,0,0.0,0.0,-1.8373527526855469,2.3501009941101074
IMG-048378B0B0,R1,A,wavelet-HLL,6677,0,0,0.0,0.0,-7.3689188957214355,5.489536762237549
IMG-048378B0B0,R1,A,wavelet-HLH,6677,0,0,0.0,0.0,-3.2682371139526367,2.879246950149536
IMG-048378B0B0,R1,A,wavelet-HHL,6677,0,0,0.0,0.0,-3.0635018348693848,3.9147469997406006
IMG-048378B0B0,R1,A,wavelet-HHH,6677,0,0,0.0,0.0,-1.8780593872070312,1.6468045711517334
IMG-048378B0B0,R1,A,wavelet-LLL,6677,0,0,0.0,0.0,-5.879700183868408,17.510284423828125
IMG-048378B0B0,R1,A,log-sigma-1-0-mm-3D,6677,0,0,0.0,0.0,-1.6004036664962769,3.089613199234009
IMG-048378B0B0,R1,A,log-sigma-2-0-mm-3D,6677,0,0,0.0,0.0,-1.9546387195587158,2.7970175743103027
IMG-048378B0B0,R1,A,log-sigma-3-0-mm-3D,6677,0,0,0.0,0.0,-2.6753458976745605,2.348719358444214
IMG-5B62E67F31,R1,A,wavelet-LLH,13266,0,0,0.0,0.0,-5.625489234924316,3.9541897773742676
IMG-5B62E67F31,R1,A,wavelet-LHL,13266,0,0,0.0,0.0,-6.23725700378418,6.335432529449463
IMG-5B62E67F31,R1,A,wavelet-LHH,13266,0,0,0.0,0.0,-3.3522870540618896,3.606879949569702
IMG-5B62E67F31,R1,A,wavelet-HLL,13266,0,0,0.0,0.0,-6.3465256690979,4.800846099853516
IMG-5B62E67F31,R1,A,wavelet-HLH,13266,0,0,0.0,0.0,-2.4481828212738037,3.12770676612854
IMG-5B62E67F31,R1,A,wavelet-HHL,13266,0,0,0.0,0.0,-3.013054370880127,4.372773170471191
IMG-5B62E67F31,R1,A,wavelet-HHH,13266,0,0,0.0,0.0,-2.318582057952881,2.131744861602783
IMG-5B62E67F31,R1,A,wavelet-LLL,13266,0,0,0.0,0.0,-9.48228931427002,13.237110137939453
IMG-5B62E67F31,R1,A,log-sigma-1-0-mm-3D,13266,0,0,0.0,0.0,-2.2208633422851562,2.615936279296875
IMG-5B62E67F31,R1,A,log-sigma-2-0-mm-3D,13266,0,0,0.0,0.0,-2.505053758621216,2.0940542221069336
IMG-5B62E67F31,R1,A,log-sigma-3-0-mm-3D,13266,0,0,0.0,0.0,-2.3157553672790527,2.2007272243499756
IMG-45C8FC8645,R1,A,wavelet-LLH,36451,0,0,0.0,0.0,-9.176233291625977,12.374619483947754
IMG-45C8FC8645,R1,A,wavelet-LHL,36451,0,0,0.0,0.0,-6.320889949798584,6.816965579986572
IMG-45C8FC8645,R1,A,wavelet-LHH,36451,0,0,0.0,0.0,-2.67459774017334,4.7132978439331055
IMG-45C8FC8645,R1,A,wavelet-HLL,36451,0,0,0.0,0.0,-5.7110137939453125,4.496988296508789
IMG-45C8FC8645,R1,A,wavelet-HLH,36451,0,0,0.0,0.0,-2.047065258026123,2.562478542327881
IMG-45C8FC8645,R1,A,wavelet-HHL,36451,0,0,0.0,0.0,-5.56062126159668,4.315011978149414
IMG-45C8FC8645,R1,A,wavelet-HHH,36451,0,0,0.0,0.0,-2.306044816970825,1.992902159690857
IMG-45C8FC8645,R1,A,wavelet-LLL,36451,0,0,0.0,0.0,-9.295784950256348,12.593901634216309
IMG-45C8FC8645,R1,A,log-sigma-1-0-mm-3D,36451,0,0,0.0,0.0,-3.0068440437316895,2.2205774784088135
IMG-45C8FC8645,R1,A,log-sigma-2-0-mm-3D,36451,0,0,0.0,0.0,-2.5806994438171387,1.6688861846923828
IMG-45C8FC8645,R1,A,log-sigma-3-0-mm-3D,36451,0,0,0.0,0.0,-2.589134931564331,1.5888161659240723
IMG-056BB79AE2,R1,A,wavelet-LLH,5066,0,0,0.0,0.0,-2.1513729095458984,2.1126043796539307
IMG-056BB79AE2,R1,A,wavelet-LHL,5066,0,0,0.0,0.0,-3.6257495880126953,3.7496721744537354
IMG-056BB79AE2,R1,A,wavelet-LHH,5066,0,0,0.0,0.0,-1.591827630996704,1.711289644241333
IMG-056BB79AE2,R1,A,wavelet-HLL,5066,0,0,0.0,0.0,-2.3174567222595215,3.8467319011688232
IMG-056BB79AE2,R1,A,wavelet-HLH,5066,0,0,0.0,0.0,-1.7275774478912354,1.6060541868209839
IMG-056BB79AE2,R1,A,wavelet-HHL,5066,0,0,0.0,0.0,-2.8349857330322266,3.4358842372894287
IMG-056BB79AE2,R1,A,wavelet-HHH,5066,0,0,0.0,0.0,-1.4337801933288574,1.2811907529830933
IMG-056BB79AE2,R1,A,wavelet-LLL,5066,0,0,0.0,0.0,-5.294841289520264,7.857879638671875
IMG-056BB79AE2,R1,A,log-sigma-1-0-mm-3D,5066,0,0,0.0,0.0,-1.1940205097198486,1.3697692155838013
IMG-056BB79AE2,R1,A,log-sigma-2-0-mm-3D,5066,0,0,0.0,0.0,-1.240940809249878,1.5726567506790161
IMG-056BB79AE2,R1,A,log-sigma-3-0-mm-3D,5066,0,0,0.0,0.0,-0.8883949518203735,1.4760074615478516
IMG-ADCAE30DC9,R1,A,wavelet-LLH,11978,0,0,0.0,0.0,-5.926077365875244,2.947625160217285
IMG-ADCAE30DC9,R1,A,wavelet-LHL,11978,0,0,0.0,0.0,-3.3597805500030518,3.209768056869507
IMG-ADCAE30DC9,R1,A,wavelet-LHH,11978,0,0,0.0,0.0,-1.4715617895126343,1.3119407892227173
IMG-ADCAE30DC9,R1,A,wavelet-HLL,11978,0,0,0.0,0.0,-3.0027780532836914,3.5471010208129883
IMG-ADCAE30DC9,R1,A,wavelet-HLH,11978,0,0,0.0,0.0,-1.6015340089797974,1.0151829719543457
IMG-ADCAE30DC9,R1,A,wavelet-HHL,11978,0,0,0.0,0.0,-2.686145067214966,3.691417932510376
IMG-ADCAE30DC9,R1,A,wavelet-HHH,11978,0,0,0.0,0.0,-1.0445483922958374,1.020311713218689
IMG-ADCAE30DC9,R1,A,wavelet-LLL,11978,0,0,0.0,0.0,-5.567680835723877,7.548045635223389
IMG-ADCAE30DC9,R1,A,log-sigma-1-0-mm-3D,11978,0,0,0.0,0.0,-1.4914947748184204,1.5054781436920166
IMG-ADCAE30DC9,R1,A,log-sigma-2-0-mm-3D,11978,0,0,0.0,0.0,-1.637627363204956,1.6940056085586548
IMG-ADCAE30DC9,R1,A,log-sigma-3-0-mm-3D,11978,0,0,0.0,0.0,-1.6053959131240845,1.6642353534698486
IMG-83DFD06BCD,R1,A,wavelet-LLH,1406,0,0,0.0,0.0,-3.3498730659484863,5.209339618682861
IMG-83DFD06BCD,R1,A,wavelet-LHL,1406,0,0,0.0,0.0,-3.36443829536438,6.924881458282471
IMG-83DFD06BCD,R1,A,wavelet-LHH,1406,0,0,0.0,0.0,-3.841592788696289,2.6100668907165527
IMG-83DFD06BCD,R1,A,wavelet-HLL,1406,0,0,0.0,0.0,-3.2483396530151367,5.539750099182129
IMG-83DFD06BCD,R1,A,wavelet-HLH,1406,0,0,0.0,0.0,-1.5933030843734741,1.5394501686096191
IMG-83DFD06BCD,R1,A,wavelet-HHL,1406,0,0,0.0,0.0,-3.2640695571899414,2.830641508102417
IMG-83DFD06BCD,R1,A,wavelet-HHH,1406,0,0,0.0,0.0,-1.4166837930679321,1.5373682975769043
IMG-83DFD06BCD,R1,A,wavelet-LLL,1406,0,0,0.0,0.0,-8.015458106994629,10.811286926269531
IMG-83DFD06BCD,R1,A,log-sigma-1-0-mm-3D,1406,0,0,0.0,0.0,-2.564178466796875,3.0308163166046143
IMG-83DFD06BCD,R1,A,log-sigma-2-0-mm-3D,1406,0,0,0.0,0.0,-1.7640007734298706,2.8772449493408203
IMG-83DFD06BCD,R1,A,log-sigma-3-0-mm-3D,1406,0,0,0.0,0.0,-1.172890543937683,3.547586441040039
IMG-5475217B6F,R1,A,wavelet-LLH,4472,0,0,0.0,0.0,-10.520101547241211,4.348720073699951
IMG-5475217B6F,R1,A,wavelet-LHL,4472,0,0,0.0,0.0,-5.968369007110596,3.428966999053955
IMG-5475217B6F,R1,A,wavelet-LHH,4472,0,0,0.0,0.0,-2.247478485107422,2.1769556999206543
IMG-5475217B6F,R1,A,wavelet-HLL,4472,0,0,0.0,0.0,-8.559103012084961,4.180802822113037
IMG-5475217B6F,R1,A,wavelet-HLH,4472,0,0,0.0,0.0,-2.415043592453003,3.316890001296997
IMG-5475217B6F,R1,A,wavelet-HHL,4472,0,0,0.0,0.0,-2.9960153102874756,3.239795207977295
IMG-5475217B6F,R1,A,wavelet-HHH,4472,0,0,0.0,0.0,-1.9179288148880005,1.5268380641937256
IMG-5475217B6F,R1,A,wavelet-LLL,4472,0,0,0.0,0.0,-8.766825675964355,7.273182392120361
IMG-5475217B6F,R1,A,log-sigma-1-0-mm-3D,4472,0,0,0.0,0.0,-1.988891363143921,2.4365224838256836
IMG-5475217B6F,R1,A,log-sigma-2-0-mm-3D,4472,0,0,0.0,0.0,-2.410773754119873,3.3522732257843018
IMG-5475217B6F,R1,A,log-sigma-3-0-mm-3D,4472,0,0,0.0,0.0,-2.6272153854370117,3.5051159858703613
IMG-532247ECE5,R1,A,wavelet-LLH,6873,0,0,0.0,0.0,-11.778018951416016,4.4187541007995605
IMG-532247ECE5,R1,A,wavelet-LHL,6873,0,0,0.0,0.0,-5.339784622192383,5.194109916687012
IMG-532247ECE5,R1,A,wavelet-LHH,6873,0,0,0.0,0.0,-2.3442420959472656,2.582103967666626
IMG-532247ECE5,R1,A,wavelet-HLL,6873,0,0,0.0,0.0,-3.169102430343628,4.783985137939453
IMG-532247ECE5,R1,A,wavelet-HLH,6873,0,0,0.0,0.0,-2.9751648902893066,3.998687744140625
IMG-532247ECE5,R1,A,wavelet-HHL,6873,0,0,0.0,0.0,-4.0542168617248535,2.655073404312134
IMG-532247ECE5,R1,A,wavelet-HHH,6873,0,0,0.0,0.0,-1.6112005710601807,1.6191271543502808
IMG-532247ECE5,R1,A,wavelet-LLL,6873,0,0,0.0,0.0,-6.656184196472168,12.045832633972168
IMG-532247ECE5,R1,A,log-sigma-1-0-mm-3D,6873,0,0,0.0,0.0,-1.7018821239471436,2.557954788208008
IMG-532247ECE5,R1,A,log-sigma-2-0-mm-3D,6873,0,0,0.0,0.0,-1.866955280303955,2.919285297393799
IMG-532247ECE5,R1,A,log-sigma-3-0-mm-3D,6873,0,0,0.0,0.0,-2.5113906860351562,3.0536108016967773
IMG-3E95C8DB0D,R1,A,wavelet-LLH,6569,0,0,0.0,0.0,-5.918204307556152,3.791208505630493
IMG-3E95C8DB0D,R1,A,wavelet-LHL,6569,0,0,0.0,0.0,-5.275473594665527,6.682005882263184
IMG-3E95C8DB0D,R1,A,wavelet-LHH,6569,0,0,0.0,0.0,-2.8061230182647705,2.8108789920806885
IMG-3E95C8DB0D,R1,A,wavelet-HLL,6569,0,0,0.0,0.0,-6.643370628356934,5.97855806350708
IMG-3E95C8DB0D,R1,A,wavelet-HLH,6569,0,0,0.0,0.0,-2.197253704071045,2.17854642868042
IMG-3E95C8DB0D,R1,A,wavelet-HHL,6569,0,0,0.0,0.0,-3.7429544925689697,3.4364778995513916
IMG-3E95C8DB0D,R1,A,wavelet-HHH,6569,0,0,0.0,0.0,-1.7649903297424316,1.7164280414581299
IMG-3E95C8DB0D,R1,A,wavelet-LLL,6569,0,0,0.0,0.0,-7.213597774505615,13.403711318969727
IMG-3E95C8DB0D,R1,A,log-sigma-1-0-mm-3D,6569,0,0,0.0,0.0,-3.0100960731506348,3.235861301422119
IMG-3E95C8DB0D,R1,A,log-sigma-2-0-mm-3D,6569,0,0,0.0,0.0,-2.6136934757232666,2.97445011138916
IMG-3E95C8DB0D,R1,A,log-sigma-3-0-mm-3D,6569,0,0,0.0,0.0,-2.4843711853027344,2.875788927078247
IMG-25FD3B5DE5,R1,A,wavelet-LLH,26548,0,0,0.0,0.0,-3.773761034011841,2.649606704711914
IMG-25FD3B5DE5,R1,A,wavelet-LHL,26548,0,0,0.0,0.0,-4.350977420806885,5.050627708435059
IMG-25FD3B5DE5,R1,A,wavelet-LHH,26548,0,0,0.0,0.0,-1.5099444389343262,1.968324065208435
IMG-25FD3B5DE5,R1,A,wavelet-HLL,26548,0,0,0.0,0.0,-4.693450450897217,3.732929229736328
IMG-25FD3B5DE5,R1,A,wavelet-HLH,26548,0,0,0.0,0.0,-2.5924124717712402,1.6166510581970215
IMG-25FD3B5DE5,R1,A,wavelet-HHL,26548,0,0,0.0,0.0,-3.757423162460327,3.6423628330230713
IMG-25FD3B5DE5,R1,A,wavelet-HHH,26548,0,0,0.0,0.0,-1.8713922500610352,1.6738097667694092
IMG-25FD3B5DE5,R1,A,wavelet-LLL,26548,0,0,0.0,0.0,-4.845130920410156,15.256928443908691
IMG-25FD3B5DE5,R1,A,log-sigma-1-0-mm-3D,26548,0,0,0.0,0.0,-2.7407867908477783,1.9030061960220337
IMG-25FD3B5DE5,R1,A,log-sigma-2-0-mm-3D,26548,0,0,0.0,0.0,-3.4613499641418457,1.6590029001235962
IMG-25FD3B5DE5,R1,A,log-sigma-3-0-mm-3D,26548,0,0,0.0,0.0,-3.446187973022461,1.8173041343688965
IMG-52C0E1D917,R1,A,wavelet-LLH,12292,0,0,0.0,0.0,-3.855135917663574,3.466606855392456
IMG-52C0E1D917,R1,A,wavelet-LHL,12292,0,0,0.0,0.0,-3.5334105491638184,5.790559768676758
IMG-52C0E1D917,R1,A,wavelet-LHH,12292,0,0,0.0,0.0,-2.1477863788604736,2.070103883743286
IMG-52C0E1D917,R1,A,wavelet-HLL,12292,0,0,0.0,0.0,-4.2158098220825195,4.47880744934082
IMG-52C0E1D917,R1,A,wavelet-HLH,12292,0,0,0.0,0.0,-2.3033180236816406,1.3605525493621826
IMG-52C0E1D917,R1,A,wavelet-HHL,12292,0,0,0.0,0.0,-3.7087059020996094,3.614485263824463
IMG-52C0E1D917,R1,A,wavelet-HHH,12292,0,0,0.0,0.0,-1.2352734804153442,1.3129392862319946
IMG-52C0E1D917,R1,A,wavelet-LLL,12292,0,0,0.0,0.0,-6.028684616088867,9.697718620300293
IMG-52C0E1D917,R1,A,log-sigma-1-0-mm-3D,12292,0,0,0.0,0.0,-1.8329850435256958,1.8039114475250244
IMG-52C0E1D917,R1,A,log-sigma-2-0-mm-3D,12292,0,0,0.0,0.0,-2.0493340492248535,1.668328881263733
IMG-52C0E1D917,R1,A,log-sigma-3-0-mm-3D,12292,0,0,0.0,0.0,-1.8165134191513062,1.5906974077224731
IMG-D898F4BC7F,R1,A,wavelet-LLH,23975,0,0,0.0,0.0,-4.97944450378418,3.8205559253692627
IMG-D898F4BC7F,R1,A,wavelet-LHL,23975,0,0,0.0,0.0,-6.0683088302612305,5.576757431030273
IMG-D898F4BC7F,R1,A,wavelet-LHH,23975,0,0,0.0,0.0,-2.6822469234466553,2.7199549674987793
IMG-D898F4BC7F,R1,A,wavelet-HLL,23975,0,0,0.0,0.0,-7.839032173156738,4.061275005340576
IMG-D898F4BC7F,R1,A,wavelet-HLH,23975,0,0,0.0,0.0,-2.2471725940704346,2.3229362964630127
IMG-D898F4BC7F,R1,A,wavelet-HHL,23975,0,0,0.0,0.0,-3.401336669921875,3.126286745071411
IMG-D898F4BC7F,R1,A,wavelet-HHH,23975,0,0,0.0,0.0,-1.7063974142074585,1.8355414867401123
IMG-D898F4BC7F,R1,A,wavelet-LLL,23975,0,0,0.0,0.0,-7.333178520202637,14.021371841430664
IMG-D898F4BC7F,R1,A,log-sigma-1-0-mm-3D,23975,0,0,0.0,0.0,-1.7797152996063232,1.9513437747955322
IMG-D898F4BC7F,R1,A,log-sigma-2-0-mm-3D,23975,0,0,0.0,0.0,-2.0015881061553955,1.6470648050308228
IMG-D898F4BC7F,R1,A,log-sigma-3-0-mm-3D,23975,0,0,0.0,0.0,-2.398988723754883,1.4366872310638428
IMG-C2D5185F71,R1,A,wavelet-LLH,5640,0,0,0.0,0.0,-8.247645378112793,5.582107067108154
IMG-C2D5185F71,R1,A,wavelet-LHL,5640,0,0,0.0,0.0,-7.458472728729248,6.644958019256592
IMG-C2D5185F71,R1,A,wavelet-LHH,5640,0,0,0.0,0.0,-2.8136892318725586,3.66333270072937
IMG-C2D5185F71,R1,A,wavelet-HLL,5640,0,0,0.0,0.0,-4.3175530433654785,4.286257266998291
IMG-C2D5185F71,R1,A,wavelet-HLH,5640,0,0,0.0,0.0,-2.4382636547088623,2.992870807647705
IMG-C2D5185F71,R1,A,wavelet-HHL,5640,0,0,0.0,0.0,-3.10492205619812,4.58807373046875
IMG-C2D5185F71,R1,A,wavelet-HHH,5640,0,0,0.0,0.0,-2.111297607421875,1.9452744722366333
IMG-C2D5185F71,R1,A,wavelet-LLL,5640,0,0,0.0,0.0,-7.196826457977295,16.28858184814453
IMG-C2D5185F71,R1,A,log-sigma-1-0-mm-3D,5640,0,0,0.0,0.0,-2.931218147277832,2.628671169281006
IMG-C2D5185F71,R1,A,log-sigma-2-0-mm-3D,5640,0,0,0.0,0.0,-3.0087506771087646,3.064645767211914
IMG-C2D5185F71,R1,A,log-sigma-3-0-mm-3D,5640,0,0,0.0,0.0,-1.6530499458312988,3.0541772842407227
IMG-FDD88D02F4,R1,A,wavelet-LLH,5175,0,0,0.0,0.0,-5.944675445556641,5.510603427886963
IMG-FDD88D02F4,R1,A,wavelet-LHL,5175,0,0,0.0,0.0,-6.389123439788818,5.292861461639404
IMG-FDD88D02F4,R1,A,wavelet-LHH,5175,0,0,0.0,0.0,-3.3765995502471924,3.064359188079834
IMG-FDD88D02F4,R1,A,wavelet-HLL,5175,0,0,0.0,0.0,-10.680959701538086,6.596072196960449
IMG-FDD88D02F4,R1,A,wavelet-HLH,5175,0,0,0.0,0.0,-2.608462333679199,2.4981842041015625
IMG-FDD88D02F4,R1,A,wavelet-HHL,5175,0,0,0.0,0.0,-4.941971778869629,4.762058258056641
IMG-FDD88D02F4,R1,A,wavelet-HHH,5175,0,0,0.0,0.0,-3.1425628662109375,1.9061789512634277
IMG-FDD88D02F4,R1,A,wavelet-LLL,5175,0,0,0.0,0.0,-8.172258377075195,16.813861846923828
IMG-FDD88D02F4,R1,A,log-sigma-1-0-mm-3D,5175,0,0,0.0,0.0,-2.518629312515259,2.9529309272766113
IMG-FDD88D02F4,R1,A,log-sigma-2-0-mm-3D,5175,0,0,0.0,0.0,-2.556166648864746,2.9196505546569824
IMG-FDD88D02F4,R1,A,log-sigma-3-0-mm-3D,5175,0,0,0.0,0.0,-2.0154755115509033,3.048738956451416
IMG-71A92C854C,R1,A,wavelet-LLH,1583,0,0,0.0,0.0,-5.969855785369873,4.528666019439697
IMG-71A92C854C,R1,A,wavelet-LHL,1583,0,0,0.0,0.0,-5.39032506942749,3.850410223007202
IMG-71A92C854C,R1,A,wavelet-LHH,1583,0,0,0.0,0.0,-1.8926196098327637,2.878227472305298
IMG-71A92C854C,R1,A,wavelet-HLL,1583,0,0,0.0,0.0,-2.870374917984009,4.673396587371826
IMG-71A92C854C,R1,A,wavelet-HLH,1583,0,0,0.0,0.0,-1.9655652046203613,2.05087947845459
IMG-71A92C854C,R1,A,wavelet-HHL,1583,0,0,0.0,0.0,-3.2599828243255615,2.6953976154327393
IMG-71A92C854C,R1,A,wavelet-HHH,1583,0,0,0.0,0.0,-1.643078088760376,1.7796106338500977
IMG-71A92C854C,R1,A,wavelet-LLL,1583,0,0,0.0,0.0,-5.8824896812438965,8.260149955749512
IMG-71A92C854C,R1,A,log-sigma-1-0-mm-3D,1583,0,0,0.0,0.0,-2.045600414276123,2.9196853637695312
IMG-71A92C854C,R1,A,log-sigma-2-0-mm-3D,1583,0,0,0.0,0.0,-2.0439577102661133,3.0089025497436523
IMG-71A92C854C,R1,A,log-sigma-3-0-mm-3D,1583,0,0,0.0,0.0,-1.4063977003097534,2.8057727813720703
IMG-3B44EA9EDA,R1,A,wavelet-LLH,5743,0,0,0.0,0.0,-4.135249137878418,3.3878135681152344
IMG-3B44EA9EDA,R1,A,wavelet-LHL,5743,0,0,0.0,0.0,-4.835349082946777,5.431057453155518
IMG-3B44EA9EDA,R1,A,wavelet-LHH,5743,0,0,0.0,0.0,-2.3454737663269043,2.89640736579895
IMG-3B44EA9EDA,R1,A,wavelet-HLL,5743,0,0,0.0,0.0,-3.9816267490386963,4.547029495239258
IMG-3B44EA9EDA,R1,A,wavelet-HLH,5743,0,0,0.0,0.0,-2.0555553436279297,2.063035488128662
IMG-3B44EA9EDA,R1,A,wavelet-HHL,5743,0,0,0.0,0.0,-3.758939743041992,3.834439992904663
IMG-3B44EA9EDA,R1,A,wavelet-HHH,5743,0,0,0.0,0.0,-2.4254884719848633,2.2082231044769287
IMG-3B44EA9EDA,R1,A,wavelet-LLL,5743,0,0,0.0,0.0,-6.735801696777344,8.589323043823242
IMG-3B44EA9EDA,R1,A,log-sigma-1-0-mm-3D,5743,0,0,0.0,0.0,-2.6339969635009766,2.2001664638519287
IMG-3B44EA9EDA,R1,A,log-sigma-2-0-mm-3D,5743,0,0,0.0,0.0,-1.4086077213287354,2.7101821899414062
IMG-3B44EA9EDA,R1,A,log-sigma-3-0-mm-3D,5743,0,0,0.0,0.0,-0.8844107389450073,2.5535550117492676
IMG-ECE86CBFCB,R1,A,wavelet-LLH,5636,0,0,0.0,0.0,-3.7143325805664062,3.191408395767212
IMG-ECE86CBFCB,R1,A,wavelet-LHL,5636,0,0,0.0,0.0,-4.474674701690674,5.015964031219482
IMG-ECE86CBFCB,R1,A,wavelet-LHH,5636,0,0,0.0,0.0,-2.675588369369507,2.087195634841919
IMG-ECE86CBFCB,R1,A,wavelet-HLL,5636,0,0,0.0,0.0,-6.741072177886963,6.231485843658447
IMG-ECE86CBFCB,R1,A,wavelet-HLH,5636,0,0,0.0,0.0,-2.3602986335754395,1.7126884460449219
IMG-ECE86CBFCB,R1,A,wavelet-HHL,5636,0,0,0.0,0.0,-3.4678003787994385,3.2546274662017822
IMG-ECE86CBFCB,R1,A,wavelet-HHH,5636,0,0,0.0,0.0,-1.731016755104065,1.9453459978103638
IMG-ECE86CBFCB,R1,A,wavelet-LLL,5636,0,0,0.0,0.0,-6.484415531158447,14.558182716369629
IMG-ECE86CBFCB,R1,A,log-sigma-1-0-mm-3D,5636,0,0,0.0,0.0,-1.9420775175094604,2.6970438957214355
IMG-ECE86CBFCB,R1,A,log-sigma-2-0-mm-3D,5636,0,0,0.0,0.0,-2.4006969928741455,2.900207996368408
IMG-ECE86CBFCB,R1,A,log-sigma-3-0-mm-3D,5636,0,0,0.0,0.0,-2.0246360301971436,3.0368456840515137
IMG-ECE86CBFCB,R2,A,wavelet-LLH,17768,0,0,0.0,0.0,-4.840778350830078,4.469741344451904
IMG-ECE86CBFCB,R2,A,wavelet-LHL,17768,0,0,0.0,0.0,-5.540558338165283,3.8690571784973145
IMG-ECE86CBFCB,R2,A,wavelet-LHH,17768,0,0,0.0,0.0,-2.3333964347839355,2.6569480895996094
IMG-ECE86CBFCB,R2,A,wavelet-HLL,17768,0,0,0.0,0.0,-6.705811977386475,4.305709362030029
IMG-ECE86CBFCB,R2,A,wavelet-HLH,17768,0,0,0.0,0.0,-1.8688410520553589,2.6322758197784424
IMG-ECE86CBFCB,R2,A,wavelet-HHL,17768,0,0,0.0,0.0,-3.088651418685913,3.773585796356201
IMG-ECE86CBFCB,R2,A,wavelet-HHH,17768,0,0,0.0,0.0,-1.4308726787567139,1.4106476306915283
IMG-ECE86CBFCB,R2,A,wavelet-LLL,17768,0,0,0.0,0.0,-5.953049659729004,14.890238761901855
IMG-ECE86CBFCB,R2,A,log-sigma-1-0-mm-3D,17768,0,0,0.0,0.0,-1.9750170707702637,1.8133882284164429
IMG-ECE86CBFCB,R2,A,log-sigma-2-0-mm-3D,17768,0,0,0.0,0.0,-1.4157705307006836,2.0689995288848877
IMG-ECE86CBFCB,R2,A,log-sigma-3-0-mm-3D,17768,0,0,0.0,0.0,-1.304243564605713,2.1823196411132812
IMG-1443F6A23F,R1,A,wavelet-LLH,6811,0,0,0.0,0.0,-5.455098628997803,5.483053684234619
IMG-1443F6A23F,R1,A,wavelet-LHL,6811,0,0,0.0,0.0,-6.6082611083984375,7.161847114562988
IMG-1443F6A23F,R1,A,wavelet-LHH,6811,0,0,0.0,0.0,-3.053649663925171,3.136557102203369
IMG-1443F6A23F,R1,A,wavelet-HLL,6811,0,0,0.0,0.0,-6.369109630584717,7.1169657707214355
IMG-1443F6A23F,R1,A,wavelet-HLH,6811,0,0,0.0,0.0,-2.714285373687744,2.534221887588501
IMG-1443F6A23F,R1,A,wavelet-HHL,6811,0,0,0.0,0.0,-4.464544296264648,4.724265098571777
IMG-1443F6A23F,R1,A,wavelet-HHH,6811,0,0,0.0,0.0,-2.4542882442474365,2.7802884578704834
IMG-1443F6A23F,R1,A,wavelet-LLL,6811,0,0,0.0,0.0,-9.666403770446777,10.988202095031738
IMG-1443F6A23F,R1,A,log-sigma-1-0-mm-3D,6811,0,0,0.0,0.0,-2.41502046585083,3.0289502143859863
IMG-1443F6A23F,R1,A,log-sigma-2-0-mm-3D,6811,0,0,0.0,0.0,-2.4118239879608154,3.182715654373169
IMG-1443F6A23F,R1,A,log-sigma-3-0-mm-3D,6811,0,0,0.0,0.0,-1.4869798421859741,3.3102900981903076
IMG-B28B26956D,R1,A,wavelet-LLH,19656,0,0,0.0,0.0,-6.549934387207031,5.300364971160889
IMG-B28B26956D,R1,A,wavelet-LHL,19656,0,0,0.0,0.0,-8.484904289245605,6.959095001220703
IMG-B28B26956D,R1,A,wavelet-LHH,19656,0,0,0.0,0.0,-2.6040890216827393,3.074918270111084
IMG-B28B26956D,R1,A,wavelet-HLL,19656,0,0,0.0,0.0,-7.765043258666992,6.815797805786133
IMG-B28B26956D,R1,A,wavelet-HLH,19656,0,0,0.0,0.0,-3.3400344848632812,3.4384186267852783
IMG-B28B26956D,R1,A,wavelet-HHL,19656,0,0,0.0,0.0,-4.405538558959961,6.6596574783325195
IMG-B28B26956D,R1,A,wavelet-HHH,19656,0,0,0.0,0.0,-1.7047287225723267,2.4669156074523926
IMG-B28B26956D,R1,A,wavelet-LLL,19656,0,0,0.0,0.0,-8.099686622619629,17.965538024902344
IMG-B28B26956D,R1,A,log-sigma-1-0-mm-3D,19656,0,0,0.0,0.0,-2.112945795059204,2.9198758602142334
IMG-B28B26956D,R1,A,log-sigma-2-0-mm-3D,19656,0,0,0.0,0.0,-2.6178386211395264,3.187673807144165
IMG-B28B26956D,R1,A,log-sigma-3-0-mm-3D,19656,0,0,0.0,0.0,-2.031447410583496,2.8060524463653564
IMG-99E65D7E1C,R1,A,wavelet-LLH,20797,0,0,0.0,0.0,-2.8492443561553955,2.7007758617401123
IMG-99E65D7E1C,R1,A,wavelet-LHL,20797,0,0,0.0,0.0,-3.1748180389404297,2.9949731826782227
IMG-99E65D7E1C,R1,A,wavelet-LHH,20797,0,0,0.0,0.0,-1.7162466049194336,1.4571322202682495
IMG-99E65D7E1C,R1,A,wavelet-HLL,20797,0,0,0.0,0.0,-3.580615997314453,3.168621301651001
IMG-99E65D7E1C,R1,A,wavelet-HLH,20797,0,0,0.0,0.0,-1.3132083415985107,1.4299336671829224
IMG-99E65D7E1C,R1,A,wavelet-HHL,20797,0,0,0.0,0.0,-1.8389800786972046,2.167353868484497
IMG-99E65D7E1C,R1,A,wavelet-HHH,20797,0,0,0.0,0.0,-0.912109911441803,0.8449957966804504
IMG-99E65D7E1C,R1,A,wavelet-LLL,20797,0,0,0.0,0.0,-5.173503875732422,9.75465202331543
IMG-99E65D7E1C,R1,A,log-sigma-1-0-mm-3D,20797,0,0,0.0,0.0,-1.771083116531372,1.535467267036438
IMG-99E65D7E1C,R1,A,log-sigma-2-0-mm-3D,20797,0,0,0.0,0.0,-2.011671781539917,1.6487544775009155
IMG-99E65D7E1C,R1,A,log-sigma-3-0-mm-3D,20797,0,0,0.0,0.0,-1.9236679077148438,1.390714168548584
IMG-4BE13F4E13,R1,A,wavelet-LLH,2611,0,0,0.0,0.0,-4.5618767738342285,3.424691677093506
IMG-4BE13F4E13,R1,A,wavelet-LHL,2611,0,0,0.0,0.0,-6.329312324523926,6.466415882110596
IMG-4BE13F4E13,R1,A,wavelet-LHH,2611,0,0,0.0,0.0,-2.853469133377075,2.0507123470306396
IMG-4BE13F4E13,R1,A,wavelet-HLL,2611,0,0,0.0,0.0,-4.9604387283325195,4.925830364227295
IMG-4BE13F4E13,R1,A,wavelet-HLH,2611,0,0,0.0,0.0,-2.1444787979125977,2.1990020275115967
IMG-4BE13F4E13,R1,A,wavelet-HHL,2611,0,0,0.0,0.0,-3.217653512954712,3.048213481903076
IMG-4BE13F4E13,R1,A,wavelet-HHH,2611,0,0,0.0,0.0,-1.4288476705551147,1.670477032661438
IMG-4BE13F4E13,R1,A,wavelet-LLL,2611,0,0,0.0,0.0,-5.9794206619262695,17.544660568237305
IMG-4BE13F4E13,R1,A,log-sigma-1-0-mm-3D,2611,0,0,0.0,0.0,-1.2943929433822632,2.3594703674316406
IMG-4BE13F4E13,R1,A,log-sigma-2-0-mm-3D,2611,0,0,0.0,0.0,-1.6300069093704224,2.892280101776123
IMG-4BE13F4E13,R1,A,log-sigma-3-0-mm-3D,2611,0,0,0.0,0.0,-1.358208417892456,3.129297971725464
IMG-4884AB4AC8,R1,B,wavelet-LLH,3360,0,0,0.0,0.0,-1.7766450643539429,2.2550668716430664
IMG-4884AB4AC8,R1,B,wavelet-LHL,3360,0,0,0.0,0.0,-7.191913604736328,3.8897273540496826
IMG-4884AB4AC8,R1,B,wavelet-LHH,3360,0,0,0.0,0.0,-1.45906400680542,2.091625452041626
IMG-4884AB4AC8,R1,B,wavelet-HLL,3360,0,0,0.0,0.0,-5.236573219299316,5.969818115234375
IMG-4884AB4AC8,R1,B,wavelet-HLH,3360,0,0,0.0,0.0,-1.6707675457000732,1.3397380113601685
IMG-4884AB4AC8,R1,B,wavelet-HHL,3360,0,0,0.0,0.0,-3.2832086086273193,3.1205832958221436
IMG-4884AB4AC8,R1,B,wavelet-HHH,3360,0,0,0.0,0.0,-0.9682649374008179,1.0019549131393433
IMG-4884AB4AC8,R1,B,wavelet-LLL,3360,0,0,0.0,0.0,-5.859975337982178,14.26816463470459
IMG-4884AB4AC8,R1,B,log-sigma-1-0-mm-3D,3360,0,0,0.0,0.0,-2.3102643489837646,2.1832997798919678
IMG-4884AB4AC8,R1,B,log-sigma-2-0-mm-3D,3360,0,0,0.0,0.0,-2.2261931896209717,2.6405587196350098
IMG-4884AB4AC8,R1,B,log-sigma-3-0-mm-3D,3360,0,0,0.0,0.0,-1.6357229948043823,2.6216137409210205
IMG-D31CF4ABF7,R1,A,wavelet-LLH,7429,0,0,0.0,0.0,-1.932563304901123,1.7795714139938354
IMG-D31CF4ABF7,R1,A,wavelet-LHL,7429,0,0,0.0,0.0,-3.899726390838623,2.898228645324707
IMG-D31CF4ABF7,R1,A,wavelet-LHH,7429,0,0,0.0,0.0,-1.2794829607009888,1.7840205430984497
IMG-D31CF4ABF7,R1,A,wavelet-HLL,7429,0,0,0.0,0.0,-2.5412511825561523,3.6289899349212646
IMG-D31CF4ABF7,R1,A,wavelet-HLH,7429,0,0,0.0,0.0,-1.390960931777954,1.6250460147857666
IMG-D31CF4ABF7,R1,A,wavelet-HHL,7429,0,0,0.0,0.0,-2.406975507736206,3.3917298316955566
IMG-D31CF4ABF7,R1,A,wavelet-HHH,7429,0,0,0.0,0.0,-1.0245907306671143,1.0230008363723755
IMG-D31CF4ABF7,R1,A,wavelet-LLL,7429,0,0,0.0,0.0,-6.124857425689697,7.876321315765381
IMG-D31CF4ABF7,R1,A,log-sigma-1-0-mm-3D,7429,0,0,0.0,0.0,-1.3038349151611328,1.1356383562088013
IMG-D31CF4ABF7,R1,A,log-sigma-2-0-mm-3D,7429,0,0,0.0,0.0,-1.4334559440612793,1.4946233034133911
IMG-D31CF4ABF7,R1,A,log-sigma-3-0-mm-3D,7429,0,0,0.0,0.0,-1.3801167011260986,1.237617015838623
IMG-D31CF4ABF7,R2,A,wavelet-LLH,5997,0,0,0.0,0.0,-2.006486415863037,1.8734350204467773
IMG-D31CF4ABF7,R2,A,wavelet-LHL,5997,0,0,0.0,0.0,-4.237949371337891,3.8202977180480957
IMG-D31CF4ABF7,R2,A,wavelet-LHH,5997,0,0,0.0,0.0,-1.5117263793945312,1.9387483596801758
IMG-D31CF4ABF7,R2,A,wavelet-HLL,5997,0,0,0.0,0.0,-2.761653423309326,3.9437310695648193
IMG-D31CF4ABF7,R2,A,wavelet-HLH,5997,0,0,0.0,0.0,-1.5115985870361328,1.616248607635498
IMG-D31CF4ABF7,R2,A,wavelet-HHL,5997,0,0,0.0,0.0,-2.8207128047943115,3.6858932971954346
IMG-D31CF4ABF7,R2,A,wavelet-HHH,5997,0,0,0.0,0.0,-1.1134530305862427,1.1117249727249146
IMG-D31CF4ABF7,R2,A,wavelet-LLL,5997,0,0,0.0,0.0,-7.387420654296875,7.545838356018066
IMG-D31CF4ABF7,R2,A,log-sigma-1-0-mm-3D,5997,0,0,0.0,0.0,-1.7650134563446045,1.2396962642669678
IMG-D31CF4ABF7,R2,A,log-sigma-2-0-mm-3D,5997,0,0,0.0,0.0,-1.5577791929244995,1.423919677734375
IMG-D31CF4ABF7,R2,A,log-sigma-3-0-mm-3D,5997,0,0,0.0,0.0,-1.4998137950897217,1.382102370262146
IMG-34BFEBF375,R1,A,wavelet-LLH,7222,0,0,0.0,0.0,-6.397796154022217,3.2686188220977783
IMG-34BFEBF375,R1,A,wavelet-LHL,7222,0,0,0.0,0.0,-4.275761127471924,5.449844837188721
IMG-34BFEBF375,R1,A,wavelet-LHH,7222,0,0,0.0,0.0,-2.023399829864502,2.130809783935547
IMG-34BFEBF375,R1,A,wavelet-HLL,7222,0,0,0.0,0.0,-5.987878799438477,5.476257801055908
IMG-34BFEBF375,R1,A,wavelet-HLH,7222,0,0,0.0,0.0,-2.2119879722595215,2.2415566444396973
IMG-34BFEBF375,R1,A,wavelet-HHL,7222,0,0,0.0,0.0,-2.4580845832824707,3.135389804840088
IMG-34BFEBF375,R1,A,wavelet-HHH,7222,0,0,0.0,0.0,-1.3018300533294678,1.592204213142395
IMG-34BFEBF375,R1,A,wavelet-LLL,7222,0,0,0.0,0.0,-5.750801086425781,12.026265144348145
IMG-34BFEBF375,R1,A,log-sigma-1-0-mm-3D,7222,0,0,0.0,0.0,-1.7483129501342773,2.2432589530944824
IMG-34BFEBF375,R1,A,log-sigma-2-0-mm-3D,7222,0,0,0.0,0.0,-2.361618757247925,2.3276498317718506
IMG-34BFEBF375,R1,A,log-sigma-3-0-mm-3D,7222,0,0,0.0,0.0,-1.8129749298095703,2.588698625564575
IMG-5DAF53AF3D,R1,A,wavelet-LLH,5171,0,0,0.0,0.0,-5.335043907165527,4.6998209953308105
IMG-5DAF53AF3D,R1,A,wavelet-LHL,5171,0,0,0.0,0.0,-6.391861438751221,4.549030303955078
IMG-5DAF53AF3D,R1,A,wavelet-LHH,5171,0,0,0.0,0.0,-2.6401782035827637,2.454369306564331
IMG-5DAF53AF3D,R1,A,wavelet-HLL,5171,0,0,0.0,0.0,-4.089639186859131,3.960327386856079
IMG-5DAF53AF3D,R1,A,wavelet-HLH,5171,0,0,0.0,0.0,-3.1410396099090576,2.653595447540283
IMG-5DAF53AF3D,R1,A,wavelet-HHL,5171,0,0,0.0,0.0,-3.6418511867523193,3.8882253170013428
IMG-5DAF53AF3D,R1,A,wavelet-HHH,5171,0,0,0.0,0.0,-2.1416146755218506,1.9604766368865967
IMG-5DAF53AF3D,R1,A,wavelet-LLL,5171,0,0,0.0,0.0,-7.547851085662842,14.456181526184082
IMG-5DAF53AF3D,R1,A,log-sigma-1-0-mm-3D,5171,0,0,0.0,0.0,-3.33510160446167,2.5695700645446777
IMG-5DAF53AF3D,R1,A,log-sigma-2-0-mm-3D,5171,0,0,0.0,0.0,-1.6568924188613892,2.778158664703369
IMG-5DAF53AF3D,R1,A,log-sigma-3-0-mm-3D,5171,0,0,0.0,0.0,-1.5586540699005127,2.996509313583374
IMG-61633188FB,R1,A,wavelet-LLH,3783,0,0,0.0,0.0,-4.760101318359375,4.432196617126465
IMG-61633188FB,R1,A,wavelet-LHL,3783,0,0,0.0,0.0,-6.057442665100098,4.2859907150268555
IMG-61633188FB,R1,A,wavelet-LHH,3783,0,0,0.0,0.0,-2.490680694580078,2.4755940437316895
IMG-61633188FB,R1,A,wavelet-HLL,3783,0,0,0.0,0.0,-5.15443229675293,6.006862163543701
IMG-61633188FB,R1,A,wavelet-HLH,3783,0,0,0.0,0.0,-2.69179368019104,2.3876824378967285
IMG-61633188FB,R1,A,wavelet-HHL,3783,0,0,0.0,0.0,-3.0070149898529053,4.254269123077393
IMG-61633188FB,R1,A,wavelet-HHH,3783,0,0,0.0,0.0,-1.508386254310608,1.3388148546218872
IMG-61633188FB,R1,A,wavelet-LLL,3783,0,0,0.0,0.0,-5.4464521408081055,13.544837951660156
IMG-61633188FB,R1,A,log-sigma-1-0-mm-3D,3783,0,0,0.0,0.0,-1.3076703548431396,2.771048069000244
IMG-61633188FB,R1,A,log-sigma-2-0-mm-3D,3783,0,0,0.0,0.0,-1.2562501430511475,2.5642154216766357
IMG-61633188FB,R1,A,log-sigma-3-0-mm-3D,3783,0,0,0.0,0.0,-1.9951751232147217,2.708017349243164
IMG-71847CEE34,R1,A,wavelet-LLH,5737,0,0,0.0,0.0,-5.115699768066406,4.490804195404053
IMG-71847CEE34,R1,A,wavelet-LHL,5737,0,0,0.0,0.0,-11.317508697509766,6.710585594177246
IMG-71847CEE34,R1,A,wavelet-LHH,5737,0,0,0.0,0.0,-3.1380374431610107,3.4006104469299316
IMG-71847CEE34,R1,A,wavelet-HLL,5737,0,0,0.0,0.0,-6.39824104309082,4.544610023498535
IMG-71847CEE34,R1,A,wavelet-HLH,5737,0,0,0.0,0.0,-2.425679922103882,2.8239006996154785
IMG-71847CEE34,R1,A,wavelet-HHL,5737,0,0,0.0,0.0,-6.143828868865967,9.13989543914795
IMG-71847CEE34,R1,A,wavelet-HHH,5737,0,0,0.0,0.0,-2.6701951026916504,2.6867177486419678
IMG-71847CEE34,R1,A,wavelet-LLL,5737,0,0,0.0,0.0,-6.504012107849121,12.111364364624023
IMG-71847CEE34,R1,A,log-sigma-1-0-mm-3D,5737,0,0,0.0,0.0,-1.7026991844177246,2.7507100105285645
IMG-71847CEE34,R1,A,log-sigma-2-0-mm-3D,5737,0,0,0.0,0.0,-1.4863487482070923,2.971663236618042
IMG-71847CEE34,R1,A,log-sigma-3-0-mm-3D,5737,0,0,0.0,0.0,-1.4683802127838135,3.1976754665374756
IMG-71847CEE34,R2,A,wavelet-LLH,16697,0,0,0.0,0.0,-5.159139156341553,4.054818630218506
IMG-71847CEE34,R2,A,wavelet-LHL,16697,0,0,0.0,0.0,-7.673266887664795,7.121845722198486
IMG-71847CEE34,R2,A,wavelet-LHH,16697,0,0,0.0,0.0,-3.8806312084198,3.4256837368011475
IMG-71847CEE34,R2,A,wavelet-HLL,16697,0,0,0.0,0.0,-8.025218963623047,6.94673490524292
IMG-71847CEE34,R2,A,wavelet-HLH,16697,0,0,0.0,0.0,-3.0051615238189697,2.676154375076294
IMG-71847CEE34,R2,A,wavelet-HHL,16697,0,0,0.0,0.0,-4.486937046051025,6.051229000091553
IMG-71847CEE34,R2,A,wavelet-HHH,16697,0,0,0.0,0.0,-2.4121875762939453,2.317620038986206
IMG-71847CEE34,R2,A,wavelet-LLL,16697,0,0,0.0,0.0,-6.935239791870117,13.448933601379395
IMG-71847CEE34,R2,A,log-sigma-1-0-mm-3D,16697,0,0,0.0,0.0,-2.576326370239258,2.3639559745788574
IMG-71847CEE34,R2,A,log-sigma-2-0-mm-3D,16697,0,0,0.0,0.0,-2.0902328491210938,2.083191394805908
IMG-71847CEE34,R2,A,log-sigma-3-0-mm-3D,16697,0,0,0.0,0.0,-1.4538002014160156,2.117077589035034
IMG-31AB090078,R1,A,wavelet-LLH,12077,0,0,0.0,0.0,-6.60770320892334,3.846693992614746
IMG-31AB090078,R1,A,wavelet-LHL,12077,0,0,0.0,0.0,-7.733046531677246,5.400950908660889
IMG-31AB090078,R1,A,wavelet-LHH,12077,0,0,0.0,0.0,-3.8570384979248047,5.235324859619141
IMG-31AB090078,R1,A,wavelet-HLL,12077,0,0,0.0,0.0,-5.853575229644775,5.7786993980407715
IMG-31AB090078,R1,A,wavelet-HLH,12077,0,0,0.0,0.0,-3.652756929397583,2.8923263549804688
IMG-31AB090078,R1,A,wavelet-HHL,12077,0,0,0.0,0.0,-4.500494956970215,4.988100051879883
IMG-31AB090078,R1,A,wavelet-HHH,12077,0,0,0.0,0.0,-2.933809757232666,2.591139554977417
IMG-31AB090078,R1,A,wavelet-LLL,12077,0,0,0.0,0.0,-6.720213890075684,10.162897109985352
IMG-31AB090078,R1,A,log-sigma-1-0-mm-3D,12077,0,0,0.0,0.0,-2.3899734020233154,2.200145959854126
IMG-31AB090078,R1,A,log-sigma-2-0-mm-3D,12077,0,0,0.0,0.0,-1.2680808305740356,2.182011365890503
IMG-31AB090078,R1,A,log-sigma-3-0-mm-3D,12077,0,0,0.0,0.0,-0.9007519483566284,2.1573240756988525
IMG-E89EC378B1,R1,A,wavelet-LLH,4450,0,0,0.0,0.0,-4.557163238525391,4.834049224853516
IMG-E89EC378B1,R1,A,wavelet-LHL,4450,0,0,0.0,0.0,-7.239269733428955,4.919926166534424
IMG-E89EC378B1,R1,A,wavelet-LHH,4450,0,0,0.0,0.0,-2.063148260116577,2.8766908645629883
IMG-E89EC378B1,R1,A,wavelet-HLL,4450,0,0,0.0,0.0,-6.305129051208496,6.093775749206543
IMG-E89EC378B1,R1,A,wavelet-HLH,4450,0,0,0.0,0.0,-2.2796623706817627,2.114753007888794
IMG-E89EC378B1,R1,A,wavelet-HHL,4450,0,0,0.0,0.0,-4.1090497970581055,3.890956401824951
IMG-E89EC378B1,R1,A,wavelet-HHH,4450,0,0,0.0,0.0,-2.4293463230133057,2.2153217792510986
IMG-E89EC378B1,R1,A,wavelet-LLL,4450,0,0,0.0,0.0,-6.1524505615234375,8.909305572509766
IMG-E89EC378B1,R1,A,log-sigma-1-0-mm-3D,4450,0,0,0.0,0.0,-2.433738946914673,2.343148708343506
IMG-E89EC378B1,R1,A,log-sigma-2-0-mm-3D,4450,0,0,0.0,0.0,-1.6932024955749512,2.805959939956665
IMG-E89EC378B1,R1,A,log-sigma-3-0-mm-3D,4450,0,0,0.0,0.0,-1.4649797677993774,2.765387535095215
IMG-F3EC7019ED,R1,B,wavelet-LLH,13014,0,0,0.0,0.0,-3.278287172317505,2.7872681617736816
IMG-F3EC7019ED,R1,B,wavelet-LHL,13014,0,0,0.0,0.0,-5.0520339012146,3.869776487350464
IMG-F3EC7019ED,R1,B,wavelet-LHH,13014,0,0,0.0,0.0,-2.2951695919036865,1.7662608623504639
IMG-F3EC7019ED,R1,B,wavelet-HLL,13014,0,0,0.0,0.0,-5.050224781036377,5.537941932678223
IMG-F3EC7019ED,R1,B,wavelet-HLH,13014,0,0,0.0,0.0,-2.4911887645721436,2.1632332801818848
IMG-F3EC7019ED,R1,B,wavelet-HHL,13014,0,0,0.0,0.0,-3.3998847007751465,3.745980978012085
IMG-F3EC7019ED,R1,B,wavelet-HHH,13014,0,0,0.0,0.0,-1.4496554136276245,1.2225043773651123
IMG-F3EC7019ED,R1,B,wavelet-LLL,13014,0,0,0.0,0.0,-7.104099273681641,9.991479873657227
IMG-F3EC7019ED,R1,B,log-sigma-1-0-mm-3D,13014,0,0,0.0,0.0,-2.5709972381591797,1.9761322736740112
IMG-F3EC7019ED,R1,B,log-sigma-2-0-mm-3D,13014,0,0,0.0,0.0,-2.2778468132019043,1.6996897459030151
IMG-F3EC7019ED,R1,B,log-sigma-3-0-mm-3D,13014,0,0,0.0,0.0,-1.8363170623779297,1.5849151611328125
IMG-560A2D2807,R1,A,wavelet-LLH,6979,0,0,0.0,0.0,-2.9576611518859863,3.4622421264648438
IMG-560A2D2807,R1,A,wavelet-LHL,6979,0,0,0.0,0.0,-4.894778728485107,3.712583065032959
IMG-560A2D2807,R1,A,wavelet-LHH,6979,0,0,0.0,0.0,-1.9198511838912964,2.0723631381988525
IMG-560A2D2807,R1,A,wavelet-HLL,6979,0,0,0.0,0.0,-3.6486518383026123,3.8446855545043945
IMG-560A2D2807,R1,A,wavelet-HLH,6979,0,0,0.0,0.0,-2.7282724380493164,2.259636163711548
IMG-560A2D2807,R1,A,wavelet-HHL,6979,0,0,0.0,0.0,-3.5275843143463135,4.002599239349365
IMG-560A2D2807,R1,A,wavelet-HHH,6979,0,0,0.0,0.0,-2.4923338890075684,2.2821195125579834
IMG-560A2D2807,R1,A,wavelet-LLL,6979,0,0,0.0,0.0,-6.055867671966553,10.855141639709473
IMG-560A2D2807,R1,A,log-sigma-1-0-mm-3D,6979,0,0,0.0,0.0,-1.4739937782287598,2.4018301963806152
IMG-560A2D2807,R1,A,log-sigma-2-0-mm-3D,6979,0,0,0.0,0.0,-1.5284974575042725,3.01434588432312
IMG-560A2D2807,R1,A,log-sigma-3-0-mm-3D,6979,0,0,0.0,0.0,-0.8202451467514038,2.7120938301086426
IMG-BF73322C5C,R1,A,wavelet-LLH,11278,0,0,0.0,0.0,-4.548696994781494,4.6098313331604
IMG-BF73322C5C,R1,A,wavelet-LHL,11278,0,0,0.0,0.0,-9.409528732299805,10.645553588867188
IMG-BF73322C5C,R1,A,wavelet-LHH,11278,0,0,0.0,0.0,-3.457211494445801,4.123847961425781
IMG-BF73322C5C,R1,A,wavelet-HLL,11278,0,0,0.0,0.0,-5.505409240722656,7.671985149383545
IMG-BF73322C5C,R1,A,wavelet-HLH,11278,0,0,0.0,0.0,-3.525733709335327,2.50544810295105
IMG-BF73322C5C,R1,A,wavelet-HHL,11278,0,0,0.0,0.0,-6.782251834869385,6.822270393371582
IMG-BF73322C5C,R1,A,wavelet-HHH,11278,0,0,0.0,0.0,-2.3228533267974854,2.3913450241088867
IMG-BF73322C5C,R1,A,wavelet-LLL,11278,0,0,0.0,0.0,-9.248787879943848,12.859329223632812
IMG-BF73322C5C,R1,A,log-sigma-1-0-mm-3D,11278,0,0,0.0,0.0,-3.022981882095337,3.3942995071411133
IMG-BF73322C5C,R1,A,log-sigma-2-0-mm-3D,11278,0,0,0.0,0.0,-2.810150384902954,3.5223264694213867
IMG-BF73322C5C,R1,A,log-sigma-3-0-mm-3D,11278,0,0,0.0,0.0,-1.9082345962524414,3.2562732696533203
IMG-D3F91516C3,R1,A,wavelet-LLH,45489,0,0,0.0,0.0,-2.7878024578094482,2.7155892848968506
IMG-D3F91516C3,R1,A,wavelet-LHL,45489,0,0,0.0,0.0,-3.5844078063964844,3.6044929027557373
IMG-D3F91516C3,R1,A,wavelet-LHH,45489,0,0,0.0,0.0,-1.67936110496521,1.7740070819854736
IMG-D3F91516C3,R1,A,wavelet-HLL,45489,0,0,0.0,0.0,-3.3365986347198486,3.9274375438690186
IMG-D3F91516C3,R1,A,wavelet-HLH,45489,0,0,0.0,0.0,-1.441582441329956,1.3504811525344849
IMG-D3F91516C3,R1,A,wavelet-HHL,45489,0,0,0.0,0.0,-3.6889989376068115,2.5863540172576904
IMG-D3F91516C3,R1,A,wavelet-HHH,45489,0,0,0.0,0.0,-1.0834863185882568,0.9960169792175293
IMG-D3F91516C3,R1,A,wavelet-LLL,45489,0,0,0.0,0.0,-6.7639288902282715,8.316179275512695
IMG-D3F91516C3,R1,A,log-sigma-1-0-mm-3D,45489,0,0,0.0,0.0,-1.5300768613815308,1.553947925567627
IMG-D3F91516C3,R1,A,log-sigma-2-0-mm-3D,45489,0,0,0.0,0.0,-1.752371907234192,1.389847755432129
IMG-D3F91516C3,R1,A,log-sigma-3-0-mm-3D,45489,0,0,0.0,0.0,-1.6106908321380615,1.4212734699249268
IMG-65C0968A2E,R1,A,wavelet-LLH,4561,0,0,0.0,0.0,-5.251166820526123,3.836904764175415
IMG-65C0968A2E,R1,A,wavelet-LHL,4561,0,0,0.0,0.0,-7.167703151702881,3.2728192806243896
IMG-65C0968A2E,R1,A,wavelet-LHH,4561,0,0,0.0,0.0,-1.8133538961410522,3.078533411026001
IMG-65C0968A2E,R1,A,wavelet-HLL,4561,0,0,0.0,0.0,-4.81503438949585,3.648005247116089
IMG-65C0968A2E,R1,A,wavelet-HLH,4561,0,0,0.0,0.0,-2.110776424407959,2.3461215496063232
IMG-65C0968A2E,R1,A,wavelet-HHL,4561,0,0,0.0,0.0,-3.462800979614258,4.021119594573975
IMG-65C0968A2E,R1,A,wavelet-HHH,4561,0,0,0.0,0.0,-2.1035444736480713,1.646735668182373
IMG-65C0968A2E,R1,A,wavelet-LLL,4561,0,0,0.0,0.0,-6.8019514083862305,9.493939399719238
IMG-65C0968A2E,R1,A,log-sigma-1-0-mm-3D,4561,0,0,0.0,0.0,-2.1688907146453857,1.8697267770767212
IMG-65C0968A2E,R1,A,log-sigma-2-0-mm-3D,4561,0,0,0.0,0.0,-1.8879021406173706,1.375200629234314
IMG-65C0968A2E,R1,A,log-sigma-3-0-mm-3D,4561,0,0,0.0,0.0,-1.5708446502685547,1.9220504760742188
IMG-7E917C3EC5,R1,A,wavelet-LLH,7669,0,0,0.0,0.0,-6.296811103820801,6.653224945068359
IMG-7E917C3EC5,R1,A,wavelet-LHL,7669,0,0,0.0,0.0,-4.377222061157227,7.976539611816406
IMG-7E917C3EC5,R1,A,wavelet-LHH,7669,0,0,0.0,0.0,-3.611189842224121,3.3258543014526367
IMG-7E917C3EC5,R1,A,wavelet-HLL,7669,0,0,0.0,0.0,-7.045933723449707,6.6535468101501465
IMG-7E917C3EC5,R1,A,wavelet-HLH,7669,0,0,0.0,0.0,-2.869091749191284,2.697566270828247
IMG-7E917C3EC5,R1,A,wavelet-HHL,7669,0,0,0.0,0.0,-5.628975868225098,4.949834823608398
IMG-7E917C3EC5,R1,A,wavelet-HHH,7669,0,0,0.0,0.0,-2.427622079849243,2.933446168899536
IMG-7E917C3EC5,R1,A,wavelet-LLL,7669,0,0,0.0,0.0,-9.922664642333984,16.5252628326416
IMG-7E917C3EC5,R1,A,log-sigma-1-0-mm-3D,7669,0,0,0.0,0.0,-1.8183231353759766,2.6871137619018555
IMG-7E917C3EC5,R1,A,log-sigma-2-0-mm-3D,7669,0,0,0.0,0.0,-1.389296293258667,3.1318531036376953
IMG-7E917C3EC5,R1,A,log-sigma-3-0-mm-3D,7669,0,0,0.0,0.0,-1.156700849533081,3.1201932430267334
IMG-200CA22DBE,R1,A,wavelet-LLH,5851,0,0,0.0,0.0,-5.274143218994141,4.312257766723633
IMG-200CA22DBE,R1,A,wavelet-LHL,5851,0,0,0.0,0.0,-4.593026638031006,4.674459934234619
IMG-200CA22DBE,R1,A,wavelet-LHH,5851,0,0,0.0,0.0,-2.178969383239746,2.3182930946350098
IMG-200CA22DBE,R1,A,wavelet-HLL,5851,0,0,0.0,0.0,-6.118443965911865,3.4815142154693604
IMG-200CA22DBE,R1,A,wavelet-HLH,5851,0,0,0.0,0.0,-2.013584613800049,2.25358247756958
IMG-200CA22DBE,R1,A,wavelet-HHL,5851,0,0,0.0,0.0,-6.185159206390381,3.6063790321350098
IMG-200CA22DBE,R1,A,wavelet-HHH,5851,0,0,0.0,0.0,-1.6073968410491943,1.2571167945861816
IMG-200CA22DBE,R1,A,wavelet-LLL,5851,0,0,0.0,0.0,-8.36793041229248,17.12999725341797
IMG-200CA22DBE,R1,A,log-sigma-1-0-mm-3D,5851,0,0,0.0,0.0,-3.2026171684265137,2.5191922187805176
IMG-200CA22DBE,R1,A,log-sigma-2-0-mm-3D,5851,0,2,0.0,0.0003418219107844813,-3.4368603229522705,4.1377387046813965
IMG-200CA22DBE,R1,A,log-sigma-3-0-mm-3D,5851,0,0,0.0,0.0,-1.3163728713989258,4.167553901672363
IMG-CEDD7846C8,R1,A,wavelet-LLH,3765,0,0,0.0,0.0,-3.369354724884033,2.5887362957000732
IMG-CEDD7846C8,R1,A,wavelet-LHL,3765,0,0,0.0,0.0,-4.4297685623168945,4.0821027755737305
IMG-CEDD7846C8,R1,A,wavelet-LHH,3765,0,0,0.0,0.0,-2.0833771228790283,1.938893437385559
IMG-CEDD7846C8,R1,A,wavelet-HLL,3765,0,0,0.0,0.0,-3.858515977859497,2.7016866207122803
IMG-CEDD7846C8,R1,A,wavelet-HLH,3765,0,0,0.0,0.0,-1.7868030071258545,1.2728283405303955
IMG-CEDD7846C8,R1,A,wavelet-HHL,3765,0,0,0.0,0.0,-2.7582168579101562,3.0059189796447754
IMG-CEDD7846C8,R1,A,wavelet-HHH,3765,0,0,0.0,0.0,-1.2471680641174316,1.2622121572494507
IMG-CEDD7846C8,R1,A,wavelet-LLL,3765,0,0,0.0,0.0,-5.583972930908203,10.800714492797852
IMG-CEDD7846C8,R1,A,log-sigma-1-0-mm-3D,3765,0,0,0.0,0.0,-2.383375883102417,1.8582305908203125
IMG-CEDD7846C8,R1,A,log-sigma-2-0-mm-3D,3765,0,0,0.0,0.0,-2.0249013900756836,2.509809970855713
IMG-CEDD7846C8,R1,A,log-sigma-3-0-mm-3D,3765,0,0,0.0,0.0,-1.7147719860076904,1.8128559589385986
IMG-70D081DD25,R1,A,wavelet-LLH,5279,0,0,0.0,0.0,-3.8823938369750977,2.462383508682251
IMG-70D081DD25,R1,A,wavelet-LHL,5279,0,0,0.0,0.0,-2.6311213970184326,3.3095195293426514
IMG-70D081DD25,R1,A,wavelet-LHH,5279,0,0,0.0,0.0,-0.8981662392616272,0.8585441708564758
IMG-70D081DD25,R1,A,wavelet-HLL,5279,0,0,0.0,0.0,-2.7952396869659424,3.633732557296753
IMG-70D081DD25,R1,A,wavelet-HLH,5279,0,0,0.0,0.0,-1.4482759237289429,1.7744616270065308
IMG-70D081DD25,R1,A,wavelet-HHL,5279,0,0,0.0,0.0,-3.06158447265625,2.795346975326538
IMG-70D081DD25,R1,A,wavelet-HHH,5279,0,0,0.0,0.0,-0.948584794998169,0.9634548425674438
IMG-70D081DD25,R1,A,wavelet-LLL,5279,0,0,0.0,0.0,-6.981461524963379,8.66421890258789
IMG-70D081DD25,R1,A,log-sigma-1-0-mm-3D,5279,0,0,0.0,0.0,-1.4332106113433838,1.4021536111831665
IMG-70D081DD25,R1,A,log-sigma-2-0-mm-3D,5279,0,0,0.0,0.0,-1.529432773590088,1.8170936107635498
IMG-70D081DD25,R1,A,log-sigma-3-0-mm-3D,5279,0,0,0.0,0.0,-1.5159751176834106,1.7590988874435425
IMG-6685A85474,R1,A,wavelet-LLH,11987,0,0,0.0,0.0,-8.376462936401367,4.288087844848633
IMG-6685A85474,R1,A,wavelet-LHL,11987,0,0,0.0,0.0,-8.192994117736816,6.560354709625244
IMG-6685A85474,R1,A,wavelet-LHH,11987,0,0,0.0,0.0,-3.5784051418304443,3.749769687652588
IMG-6685A85474,R1,A,wavelet-HLL,11987,0,0,0.0,0.0,-5.371761798858643,5.2952880859375
IMG-6685A85474,R1,A,wavelet-HLH,11987,0,0,0.0,0.0,-2.302194595336914,2.655466079711914
IMG-6685A85474,R1,A,wavelet-HHL,11987,0,0,0.0,0.0,-4.363677978515625,5.6298933029174805
IMG-6685A85474,R1,A,wavelet-HHH,11987,0,0,0.0,0.0,-1.9895099401474,1.9366472959518433
IMG-6685A85474,R1,A,wavelet-LLL,11987,0,0,0.0,0.0,-7.422354698181152,12.576340675354004
IMG-6685A85474,R1,A,log-sigma-1-0-mm-3D,11987,0,0,0.0,0.0,-2.2244179248809814,2.4088239669799805
IMG-6685A85474,R1,A,log-sigma-2-0-mm-3D,11987,0,0,0.0,0.0,-2.877951145172119,2.505357503890991
IMG-6685A85474,R1,A,log-sigma-3-0-mm-3D,11987,0,0,0.0,0.0,-2.5370383262634277,1.9980251789093018
IMG-F559EB0574,R1,A,wavelet-LLH,4526,0,0,0.0,0.0,-7.8458147048950195,4.188782215118408
IMG-F559EB0574,R1,A,wavelet-LHL,4526,0,0,0.0,0.0,-6.676497459411621,7.3336663246154785
IMG-F559EB0574,R1,A,wavelet-LHH,4526,0,0,0.0,0.0,-3.0465047359466553,3.5850095748901367
IMG-F559EB0574,R1,A,wavelet-HLL,4526,0,0,0.0,0.0,-6.308676719665527,5.42800760269165
IMG-F559EB0574,R1,A,wavelet-HLH,4526,0,0,0.0,0.0,-2.062763214111328,2.896012783050537
IMG-F559EB0574,R1,A,wavelet-HHL,4526,0,0,0.0,0.0,-4.181844234466553,3.97190523147583
IMG-F559EB0574,R1,A,wavelet-HHH,4526,0,0,0.0,0.0,-1.9948703050613403,1.688391923904419
IMG-F559EB0574,R1,A,wavelet-LLL,4526,0,0,0.0,0.0,-7.371121883392334,13.382389068603516
IMG-F559EB0574,R1,A,log-sigma-1-0-mm-3D,4526,0,0,0.0,0.0,-2.271505117416382,3.047297239303589
IMG-F559EB0574,R1,A,log-sigma-2-0-mm-3D,4526,0,0,0.0,0.0,-2.5201523303985596,3.178635358810425
IMG-F559EB0574,R1,A,log-sigma-3-0-mm-3D,4526,0,0,0.0,0.0,-2.4543700218200684,3.416548490524292
IMG-94DF99FE42,R1,A,wavelet-LLH,2316,0,0,0.0,0.0,-8.2306547164917,4.489028453826904
IMG-94DF99FE42,R1,A,wavelet-LHL,2316,0,0,0.0,0.0,-4.046627521514893,4.665853023529053
IMG-94DF99FE42,R1,A,wavelet-LHH,2316,0,0,0.0,0.0,-2.8304526805877686,3.9438939094543457
IMG-94DF99FE42,R1,A,wavelet-HLL,2316,0,0,0.0,0.0,-3.7164242267608643,4.23472785949707
IMG-94DF99FE42,R1,A,wavelet-HLH,2316,0,0,0.0,0.0,-2.9657442569732666,4.101722717285156
IMG-94DF99FE42,R1,A,wavelet-HHL,2316,0,0,0.0,0.0,-3.383826494216919,4.5628557205200195
IMG-94DF99FE42,R1,A,wavelet-HHH,2316,0,0,0.0,0.0,-2.3317532539367676,2.7738447189331055
IMG-94DF99FE42,R1,A,wavelet-LLL,2316,0,0,0.0,0.0,-6.258872985839844,10.244490623474121
IMG-94DF99FE42,R1,A,log-sigma-1-0-mm-3D,2316,0,0,0.0,0.0,-2.125568151473999,1.957301378250122
IMG-94DF99FE42,R1,A,log-sigma-2-0-mm-3D,2316,0,0,0.0,0.0,-2.15743350982666,1.833545446395874
IMG-94DF99FE42,R1,A,log-sigma-3-0-mm-3D,2316,0,0,0.0,0.0,-1.0884935855865479,2.0684561729431152
IMG-0471D6CDD7,R1,A,wavelet-LLH,18576,0,0,0.0,0.0,-8.128249168395996,7.100302219390869
IMG-0471D6CDD7,R1,A,wavelet-LHL,18576,0,0,0.0,0.0,-8.649893760681152,6.829645156860352
IMG-0471D6CDD7,R1,A,wavelet-LHH,18576,0,0,0.0,0.0,-4.645326137542725,5.4894280433654785
IMG-0471D6CDD7,R1,A,wavelet-HLL,18576,0,0,0.0,0.0,-7.743858814239502,4.942244052886963
IMG-0471D6CDD7,R1,A,wavelet-HLH,18576,0,0,0.0,0.0,-4.738019943237305,5.335801124572754
IMG-0471D6CDD7,R1,A,wavelet-HHL,18576,0,0,0.0,0.0,-4.081427097320557,4.787090301513672
IMG-0471D6CDD7,R1,A,wavelet-HHH,18576,0,0,0.0,0.0,-2.978865385055542,4.65349006652832
IMG-0471D6CDD7,R1,A,wavelet-LLL,18576,0,0,0.0,0.0,-6.367308616638184,13.701766967773438
IMG-0471D6CDD7,R1,A,log-sigma-1-0-mm-3D,18576,0,0,0.0,0.0,-2.188377857208252,3.09934139251709
IMG-0471D6CDD7,R1,A,log-sigma-2-0-mm-3D,18576,0,0,0.0,0.0,-2.277191638946533,2.3680615425109863
IMG-0471D6CDD7,R1,A,log-sigma-3-0-mm-3D,18576,0,0,0.0,0.0,-2.507460117340088,2.4700608253479004
IMG-16B74920F6,R1,A,wavelet-LLH,5626,0,0,0.0,0.0,-6.482785224914551,4.877920627593994
IMG-16B74920F6,R1,A,wavelet-LHL,5626,0,0,0.0,0.0,-5.6677961349487305,6.700032711029053
IMG-16B74920F6,R1,A,wavelet-LHH,5626,0,0,0.0,0.0,-4.487477779388428,5.145317077636719
IMG-16B74920F6,R1,A,wavelet-HLL,5626,0,0,0.0,0.0,-6.279824256896973,5.054716110229492
IMG-16B74920F6,R1,A,wavelet-HLH,5626,0,0,0.0,0.0,-4.860862731933594,3.8628060817718506
IMG-16B74920F6,R1,A,wavelet-HHL,5626,0,0,0.0,0.0,-3.519951343536377,4.835325717926025
IMG-16B74920F6,R1,A,wavelet-HHH,5626,0,0,0.0,0.0,-3.0206220149993896,2.600292682647705
IMG-16B74920F6,R1,A,wavelet-LLL,5626,0,0,0.0,0.0,-6.064814567565918,11.943435668945312
IMG-16B74920F6,R1,A,log-sigma-1-0-mm-3D,5626,0,0,0.0,0.0,-2.605358600616455,2.4579617977142334
IMG-16B74920F6,R1,A,log-sigma-2-0-mm-3D,5626,0,0,0.0,0.0,-1.970347285270691,2.0779576301574707
IMG-16B74920F6,R1,A,log-sigma-3-0-mm-3D,5626,0,0,0.0,0.0,-1.8398244380950928,2.020453691482544
IMG-55BC476FD3,R1,A,wavelet-LLH,65491,0,0,0.0,0.0,-9.384526252746582,10.305520057678223
IMG-55BC476FD3,R1,A,wavelet-LHL,65491,0,0,0.0,0.0,-5.855396747589111,5.271838188171387
IMG-55BC476FD3,R1,A,wavelet-LHH,65491,0,0,0.0,0.0,-2.1531381607055664,2.3381619453430176
IMG-55BC476FD3,R1,A,wavelet-HLL,65491,0,0,0.0,0.0,-6.594416618347168,3.866067409515381
IMG-55BC476FD3,R1,A,wavelet-HLH,65491,0,0,0.0,0.0,-1.962660789489746,2.22585129737854
IMG-55BC476FD3,R1,A,wavelet-HHL,65491,0,0,0.0,0.0,-3.1664605140686035,3.273236036300659
IMG-55BC476FD3,R1,A,wavelet-HHH,65491,0,0,0.0,0.0,-1.4205321073532104,1.5227689743041992
IMG-55BC476FD3,R1,A,wavelet-LLL,65491,0,0,0.0,0.0,-7.024106025695801,12.73893928527832
IMG-55BC476FD3,R1,A,log-sigma-1-0-mm-3D,65491,0,0,0.0,0.0,-2.279024600982666,1.9893039464950562
IMG-55BC476FD3,R1,A,log-sigma-2-0-mm-3D,65491,0,0,0.0,0.0,-2.6439177989959717,1.703307032585144
IMG-55BC476FD3,R1,A,log-sigma-3-0-mm-3D,65491,0,0,0.0,0.0,-2.5997939109802246,1.706103801727295
IMG-F1FDCA2F9F,R1,A,wavelet-LLH,14352,0,0,0.0,0.0,-5.666549205780029,4.792778015136719
IMG-F1FDCA2F9F,R1,A,wavelet-LHL,14352,0,0,0.0,0.0,-6.448988914489746,5.506030559539795
IMG-F1FDCA2F9F,R1,A,wavelet-LHH,14352,0,0,0.0,0.0,-2.3902103900909424,2.3019192218780518
IMG-F1FDCA2F9F,R1,A,wavelet-HLL,14352,0,0,0.0,0.0,-7.847404956817627,5.171071529388428
IMG-F1FDCA2F9F,R1,A,wavelet-HLH,14352,0,0,0.0,0.0,-2.7751832008361816,2.4517838954925537
IMG-F1FDCA2F9F,R1,A,wavelet-HHL,14352,0,0,0.0,0.0,-4.315977096557617,3.9956858158111572
IMG-F1FDCA2F9F,R1,A,wavelet-HHH,14352,0,0,0.0,0.0,-1.7180051803588867,1.6045691967010498
IMG-F1FDCA2F9F,R1,A,wavelet-LLL,14352,0,0,0.0,0.0,-6.350477695465088,15.195120811462402
IMG-F1FDCA2F9F,R1,A,log-sigma-1-0-mm-3D,14352,0,0,0.0,0.0,-2.2815747261047363,2.437962532043457
IMG-F1FDCA2F9F,R1,A,log-sigma-2-0-mm-3D,14352,0,0,0.0,0.0,-2.3656277656555176,2.420109987258911
IMG-F1FDCA2F9F,R1,A,log-sigma-3-0-mm-3D,14352,0,0,0.0,0.0,-2.566199779510498,2.4639296531677246
IMG-182FA24923,R1,A,wavelet-LLH,5717,0,0,0.0,0.0,-7.0424885749816895,6.039993762969971
IMG-182FA24923,R1,A,wavelet-LHL,5717,0,0,0.0,0.0,-7.030677318572998,7.030959129333496
IMG-182FA24923,R1,A,wavelet-LHH,5717,0,0,0.0,0.0,-3.1472747325897217,4.235697269439697
IMG-182FA24923,R1,A,wavelet-HLL,5717,0,0,0.0,0.0,-7.0456743240356445,5.551937580108643
IMG-182FA24923,R1,A,wavelet-HLH,5717,0,0,0.0,0.0,-3.4410619735717773,4.00029182434082
IMG-182FA24923,R1,A,wavelet-HHL,5717,0,0,0.0,0.0,-3.9390385150909424,4.780114650726318
IMG-182FA24923,R1,A,wavelet-HHH,5717,0,0,0.0,0.0,-3.0117156505584717,2.6521356105804443
IMG-182FA24923,R1,A,wavelet-LLL,5717,0,0,0.0,0.0,-5.058479309082031,17.055992126464844
IMG-182FA24923,R1,A,log-sigma-1-0-mm-3D,5717,0,0,0.0,0.0,-2.351250648498535,2.620134115219116
IMG-182FA24923,R1,A,log-sigma-2-0-mm-3D,5717,0,0,0.0,0.0,-3.307105302810669,2.574075222015381
IMG-182FA24923,R1,A,log-sigma-3-0-mm-3D,5717,0,0,0.0,0.0,-2.6389434337615967,2.9106390476226807
IMG-182FA24923,R2,A,wavelet-LLH,9166,0,0,0.0,0.0,-7.590417385101318,4.8224358558654785
IMG-182FA24923,R2,A,wavelet-LHL,9166,0,0,0.0,0.0,-5.867439270019531,5.613640785217285
IMG-182FA24923,R2,A,wavelet-LHH,9166,0,0,0.0,0.0,-3.576152801513672,3.6219401359558105
IMG-182FA24923,R2,A,wavelet-HLL,9166,0,0,0.0,0.0,-5.699982643127441,5.561035633087158
IMG-182FA24923,R2,A,wavelet-HLH,9166,0,0,0.0,0.0,-2.7775614261627197,3.426755428314209
IMG-182FA24923,R2,A,wavelet-HHL,9166,0,0,0.0,0.0,-3.7613377571105957,3.927717447280884
IMG-182FA24923,R2,A,wavelet-HHH,9166,0,0,0.0,0.0,-2.4478588104248047,2.4690775871276855
IMG-182FA24923,R2,A,wavelet-LLL,9166,0,0,0.0,0.0,-5.172861576080322,15.169425964355469
IMG-182FA24923,R2,A,log-sigma-1-0-mm-3D,9166,0,0,0.0,0.0,-2.9606213569641113,2.503692388534546
IMG-182FA24923,R2,A,log-sigma-2-0-mm-3D,9166,0,0,0.0,0.0,-3.103619337081909,2.0551865100860596
IMG-182FA24923,R2,A,log-sigma-3-0-mm-3D,9166,0,0,0.0,0.0,-2.4589433670043945,2.3239054679870605
IMG-84841D4C1F,R1,A,wavelet-LLH,7121,0,0,0.0,0.0,-5.451941013336182,6.169430255889893
IMG-84841D4C1F,R1,A,wavelet-LHL,7121,0,0,0.0,0.0,-7.039524555206299,7.181631565093994
IMG-84841D4C1F,R1,A,wavelet-LHH,7121,0,1,0.0,0.0001404297149276787,-5.391313552856445,9.31417179107666
IMG-84841D4C1F,R1,A,wavelet-HLL,7121,0,0,0.0,0.0,-7.8509016036987305,6.178042411804199
IMG-84841D4C1F,R1,A,wavelet-HLH,7121,0,0,0.0,0.0,-4.334996223449707,4.2428388595581055
IMG-84841D4C1F,R1,A,wavelet-HHL,7121,0,0,0.0,0.0,-7.150776386260986,5.510849952697754
IMG-84841D4C1F,R1,A,wavelet-HHH,7121,0,0,0.0,0.0,-4.7473464012146,4.631574630737305
IMG-84841D4C1F,R1,A,wavelet-LLL,7121,0,0,0.0,0.0,-6.115728378295898,10.428140640258789
IMG-84841D4C1F,R1,A,log-sigma-1-0-mm-3D,7121,0,0,0.0,0.0,-2.3311362266540527,2.8259496688842773
IMG-84841D4C1F,R1,A,log-sigma-2-0-mm-3D,7121,0,0,0.0,0.0,-1.6345934867858887,2.592910051345825
IMG-84841D4C1F,R1,A,log-sigma-3-0-mm-3D,7121,0,0,0.0,0.0,-1.4149423837661743,2.387850522994995
IMG-8CA328DB7E,R1,A,wavelet-LLH,7985,0,0,0.0,0.0,-5.458916664123535,3.0083649158477783
IMG-8CA328DB7E,R1,A,wavelet-LHL,7985,0,0,0.0,0.0,-6.692872524261475,5.00065279006958
IMG-8CA328DB7E,R1,A,wavelet-LHH,7985,0,0,0.0,0.0,-1.539219856262207,1.9450429677963257
IMG-8CA328DB7E,R1,A,wavelet-HLL,7985,0,0,0.0,0.0,-11.365092277526855,6.751523494720459
IMG-8CA328DB7E,R1,A,wavelet-HLH,7985,0,0,0.0,0.0,-3.200395345687866,3.0035951137542725
IMG-8CA328DB7E,R1,A,wavelet-HHL,7985,0,0,0.0,0.0,-4.969639778137207,6.424163341522217
IMG-8CA328DB7E,R1,A,wavelet-HHH,7985,0,0,0.0,0.0,-2.1384150981903076,1.823291301727295
IMG-8CA328DB7E,R1,A,wavelet-LLL,7985,0,0,0.0,0.0,-7.473141193389893,15.279179573059082
IMG-8CA328DB7E,R1,A,log-sigma-1-0-mm-3D,7985,0,0,0.0,0.0,-1.9198336601257324,2.542890787124634
IMG-8CA328DB7E,R1,A,log-sigma-2-0-mm-3D,7985,0,0,0.0,0.0,-2.621825695037842,2.9807684421539307
IMG-8CA328DB7E,R1,A,log-sigma-3-0-mm-3D,7985,0,0,0.0,0.0,-2.269376516342163,3.1046359539031982
IMG-4DCF788A79,R1,A,wavelet-LLH,1604,0,0,0.0,0.0,-3.5020101070404053,1.9106112718582153
IMG-4DCF788A79,R1,A,wavelet-LHL,1604,0,0,0.0,0.0,-3.8835208415985107,3.860426425933838
IMG-4DCF788A79,R1,A,wavelet-LHH,1604,0,0,0.0,0.0,-1.672202706336975,2.1151249408721924
IMG-4DCF788A79,R1,A,wavelet-HLL,1604,0,0,0.0,0.0,-4.070094585418701,2.9688563346862793
IMG-4DCF788A79,R1,A,wavelet-HLH,1604,0,0,0.0,0.0,-1.4965797662734985,1.4914283752441406
IMG-4DCF788A79,R1,A,wavelet-HHL,1604,0,0,0.0,0.0,-2.6170060634613037,2.735322952270508
IMG-4DCF788A79,R1,A,wavelet-HHH,1604,0,0,0.0,0.0,-1.1040544509887695,1.2181252241134644
IMG-4DCF788A79,R1,A,wavelet-LLL,1604,0,0,0.0,0.0,-7.145594596862793,6.1933698654174805
IMG-4DCF788A79,R1,A,log-sigma-1-0-mm-3D,1604,0,0,0.0,0.0,-1.9112498760223389,2.3709614276885986
IMG-4DCF788A79,R1,A,log-sigma-2-0-mm-3D,1604,0,0,0.0,0.0,-1.5942761898040771,2.204472064971924
IMG-4DCF788A79,R1,A,log-sigma-3-0-mm-3D,1604,0,0,0.0,0.0,-1.1299281120300293,1.927086353302002
IMG-31794FC2B5,R1,A,wavelet-LLH,6484,0,0,0.0,0.0,-5.069395542144775,4.510499000549316
IMG-31794FC2B5,R1,A,wavelet-LHL,6484,0,0,0.0,0.0,-7.227717399597168,6.408376693725586
IMG-31794FC2B5,R1,A,wavelet-LHH,6484,0,0,0.0,0.0,-2.9763033390045166,3.8474318981170654
IMG-31794FC2B5,R1,A,wavelet-HLL,6484,0,0,0.0,0.0,-4.863559722900391,5.33642053604126
IMG-31794FC2B5,R1,A,wavelet-HLH,6484,0,0,0.0,0.0,-2.7664177417755127,2.2242445945739746
IMG-31794FC2B5,R1,A,wavelet-HHL,6484,0,0,0.0,0.0,-4.841547966003418,5.28470516204834
IMG-31794FC2B5,R1,A,wavelet-HHH,6484,0,0,0.0,0.0,-1.7648310661315918,1.9916553497314453
IMG-31794FC2B5,R1,A,wavelet-LLL,6484,0,0,0.0,0.0,-6.74397087097168,9.570171356201172
IMG-31794FC2B5,R1,A,log-sigma-1-0-mm-3D,6484,0,0,0.0,0.0,-2.019437313079834,2.5959482192993164
IMG-31794FC2B5,R1,A,log-sigma-2-0-mm-3D,6484,0,0,0.0,0.0,-1.7110469341278076,2.857152223587036
IMG-31794FC2B5,R1,A,log-sigma-3-0-mm-3D,6484,0,0,0.0,0.0,-1.7331902980804443,2.6073267459869385
IMG-3BC56FB663,R1,A,wavelet-LLH,5474,0,0,0.0,0.0,-3.2376341819763184,3.9863481521606445
IMG-3BC56FB663,R1,A,wavelet-LHL,5474,0,0,0.0,0.0,-5.437479019165039,4.8039374351501465
IMG-3BC56FB663,R1,A,wavelet-LHH,5474,0,0,0.0,0.0,-1.7036144733428955,2.0148658752441406
IMG-3BC56FB663,R1,A,wavelet-HLL,5474,0,0,0.0,0.0,-5.081642150878906,4.056445598602295
IMG-3BC56FB663,R1,A,wavelet-HLH,5474,0,0,0.0,0.0,-1.9133633375167847,1.9199042320251465
IMG-3BC56FB663,R1,A,wavelet-HHL,5474,0,0,0.0,0.0,-2.924170970916748,2.7530481815338135
IMG-3BC56FB663,R1,A,wavelet-HHH,5474,0,0,0.0,0.0,-1.364478588104248,1.2020941972732544
IMG-3BC56FB663,R1,A,wavelet-LLL,5474,0,0,0.0,0.0,-7.309765338897705,8.409557342529297
IMG-3BC56FB663,R1,A,log-sigma-1-0-mm-3D,5474,0,0,0.0,0.0,-1.7143206596374512,1.6735520362854004
IMG-3BC56FB663,R1,A,log-sigma-2-0-mm-3D,5474,0,0,0.0,0.0,-1.4741274118423462,1.6579241752624512
IMG-3BC56FB663,R1,A,log-sigma-3-0-mm-3D,5474,0,0,0.0,0.0,-1.275248646736145,1.5367953777313232
IMG-A7A1E7C01F,R1,A,wavelet-LLH,10657,0,0,0.0,0.0,-7.970402717590332,5.3201799392700195
IMG-A7A1E7C01F,R1,A,wavelet-LHL,10657,0,0,0.0,0.0,-5.525956630706787,6.56333065032959
IMG-A7A1E7C01F,R1,A,wavelet-LHH,10657,0,0,0.0,0.0,-3.478973388671875,4.9158220291137695
IMG-A7A1E7C01F,R1,A,wavelet-HLL,10657,0,0,0.0,0.0,-9.395648002624512,7.233722686767578
IMG-A7A1E7C01F,R1,A,wavelet-HLH,10657,0,0,0.0,0.0,-2.5118069648742676,4.324854373931885
IMG-A7A1E7C01F,R1,A,wavelet-HHL,10657,0,0,0.0,0.0,-4.75197172164917,5.130630970001221
IMG-A7A1E7C01F,R1,A,wavelet-HHH,10657,0,0,0.0,0.0,-2.7401273250579834,3.277315616607666
IMG-A7A1E7C01F,R1,A,wavelet-LLL,10657,0,0,0.0,0.0,-8.104850769042969,13.010530471801758
IMG-A7A1E7C01F,R1,A,log-sigma-1-0-mm-3D,10657,0,0,0.0,0.0,-2.3072831630706787,2.572110414505005
IMG-A7A1E7C01F,R1,A,log-sigma-2-0-mm-3D,10657,0,0,0.0,0.0,-1.905604362487793,2.9488072395324707
IMG-A7A1E7C01F,R1,A,log-sigma-3-0-mm-3D,10657,0,0,0.0,0.0,-1.3687877655029297,2.7133026123046875
IMG-CE5F36D2D1,R1,A,wavelet-LLH,6312,0,0,0.0,0.0,-3.6016316413879395,3.2088873386383057
IMG-CE5F36D2D1,R1,A,wavelet-LHL,6312,0,0,0.0,0.0,-5.635829448699951,4.317148208618164
IMG-CE5F36D2D1,R1,A,wavelet-LHH,6312,0,0,0.0,0.0,-1.713433861732483,2.461918354034424
IMG-CE5F36D2D1,R1,A,wavelet-HLL,6312,0,0,0.0,0.0,-4.90418815612793,4.339163780212402
IMG-CE5F36D2D1,R1,A,wavelet-HLH,6312,0,0,0.0,0.0,-1.7293182611465454,1.5584652423858643
IMG-CE5F36D2D1,R1,A,wavelet-HHL,6312,0,0,0.0,0.0,-3.6744155883789062,3.4211463928222656
IMG-CE5F36D2D1,R1,A,wavelet-HHH,6312,0,0,0.0,0.0,-1.451225996017456,1.249629020690918
IMG-CE5F36D2D1,R1,A,wavelet-LLL,6312,0,0,0.0,0.0,-6.376801490783691,11.30140495300293
IMG-CE5F36D2D1,R1,A,log-sigma-1-0-mm-3D,6312,0,0,0.0,0.0,-1.9661798477172852,1.8153955936431885
IMG-CE5F36D2D1,R1,A,log-sigma-2-0-mm-3D,6312,0,0,0.0,0.0,-1.5013507604599,2.007591962814331
IMG-CE5F36D2D1,R1,A,log-sigma-3-0-mm-3D,6312,0,0,0.0,0.0,-1.7955994606018066,2.0825412273406982
IMG-B1DBEB52F4,R1,A,wavelet-LLH,21919,0,0,0.0,0.0,-4.261693954467773,3.3765006065368652
IMG-B1DBEB52F4,R1,A,wavelet-LHL,21919,0,0,0.0,0.0,-6.153546333312988,4.410960674285889
IMG-B1DBEB52F4,R1,A,wavelet-LHH,21919,0,0,0.0,0.0,-1.8223315477371216,1.8258252143859863
IMG-B1DBEB52F4,R1,A,wavelet-HLL,21919,0,0,0.0,0.0,-5.121943473815918,3.8684334754943848
IMG-B1DBEB52F4,R1,A,wavelet-HLH,21919,0,0,0.0,0.0,-1.8713182210922241,1.8334861993789673
IMG-B1DBEB52F4,R1,A,wavelet-HHL,21919,0,0,0.0,0.0,-2.636045217514038,3.832784414291382
IMG-B1DBEB52F4,R1,A,wavelet-HHH,21919,0,0,0.0,0.0,-1.2998565435409546,1.30299711227417
IMG-B1DBEB52F4,R1,A,wavelet-LLL,21919,0,0,0.0,0.0,-7.132625579833984,12.92020034790039
IMG-B1DBEB52F4,R1,A,log-sigma-1-0-mm-3D,21919,0,0,0.0,0.0,-1.6750680208206177,1.7822729349136353
IMG-B1DBEB52F4,R1,A,log-sigma-2-0-mm-3D,21919,0,0,0.0,0.0,-1.776484489440918,2.026954412460327
IMG-B1DBEB52F4,R1,A,log-sigma-3-0-mm-3D,21919,0,0,0.0,0.0,-1.7079405784606934,1.7227592468261719
IMG-B1DBEB52F4,R2,A,wavelet-LLH,50045,0,0,0.0,0.0,-4.031496524810791,3.563307046890259
IMG-B1DBEB52F4,R2,A,wavelet-LHL,50045,0,0,0.0,0.0,-4.38022518157959,5.6244940757751465
IMG-B1DBEB52F4,R2,A,wavelet-LHH,50045,0,0,0.0,0.0,-1.928761601448059,2.672996997833252
IMG-B1DBEB52F4,R2,A,wavelet-HLL,50045,0,0,0.0,0.0,-4.8300909996032715,4.96657657623291
IMG-B1DBEB52F4,R2,A,wavelet-HLH,50045,0,0,0.0,0.0,-1.8461549282073975,1.6774259805679321
IMG-B1DBEB52F4,R2,A,wavelet-HHL,50045,0,0,0.0,0.0,-3.8042376041412354,4.045328617095947
IMG-B1DBEB52F4,R2,A,wavelet-HHH,50045,0,0,0.0,0.0,-1.630618929862976,1.246874213218689
IMG-B1DBEB52F4,R2,A,wavelet-LLL,50045,0,0,0.0,0.0,-6.879496097564697,10.37618350982666
IMG-B1DBEB52F4,R2,A,log-sigma-1-0-mm-3D,50045,0,0,0.0,0.0,-2.272270679473877,1.6811951398849487
IMG-B1DBEB52F4,R2,A,log-sigma-2-0-mm-3D,50045,0,0,0.0,0.0,-1.8535089492797852,1.7696701288223267
IMG-B1DBEB52F4,R2,A,log-sigma-3-0-mm-3D,50045,0,0,0.0,0.0,-1.7153775691986084,1.255560040473938
IMG-825C59B3C8,R1,A,wavelet-LLH,17490,0,0,0.0,0.0,-7.029757976531982,2.5224385261535645
IMG-825C59B3C8,R1,A,wavelet-LHL,17490,0,0,0.0,0.0,-5.0287370681762695,4.436552047729492
IMG-825C59B3C8,R1,A,wavelet-LHH,17490,0,0,0.0,0.0,-2.0478675365448,2.27530574798584
IMG-825C59B3C8,R1,A,wavelet-HLL,17490,0,0,0.0,0.0,-3.1758432388305664,3.3718879222869873
IMG-825C59B3C8,R1,A,wavelet-HLH,17490,0,0,0.0,0.0,-1.3852853775024414,1.3161776065826416
IMG-825C59B3C8,R1,A,wavelet-HHL,17490,0,0,0.0,0.0,-3.3297762870788574,3.305739641189575
IMG-825C59B3C8,R1,A,wavelet-HHH,17490,0,0,0.0,0.0,-1.740260362625122,1.5667479038238525
IMG-825C59B3C8,R1,A,wavelet-LLL,17490,0,0,0.0,0.0,-6.436557292938232,8.903724670410156
IMG-825C59B3C8,R1,A,log-sigma-1-0-mm-3D,17490,0,0,0.0,0.0,-1.64308500289917,1.8086562156677246
IMG-825C59B3C8,R1,A,log-sigma-2-0-mm-3D,17490,0,0,0.0,0.0,-1.674667239189148,1.4639354944229126
IMG-825C59B3C8,R1,A,log-sigma-3-0-mm-3D,17490,0,0,0.0,0.0,-1.5959402322769165,1.4173810482025146
IMG-825C59B3C8,R2,A,wavelet-LLH,20291,0,0,0.0,0.0,-7.508671760559082,2.5127930641174316
IMG-825C59B3C8,R2,A,wavelet-LHL,20291,0,0,0.0,0.0,-6.524172782897949,4.740555763244629
IMG-825C59B3C8,R2,A,wavelet-LHH,20291,0,0,0.0,0.0,-2.046914577484131,2.266605854034424
IMG-825C59B3C8,R2,A,wavelet-HLL,20291,0,0,0.0,0.0,-3.4021453857421875,5.028382301330566
IMG-825C59B3C8,R2,A,wavelet-HLH,20291,0,0,0.0,0.0,-1.682810664176941,1.3260633945465088
IMG-825C59B3C8,R2,A,wavelet-HHL,20291,0,0,0.0,0.0,-3.9651942253112793,5.728777885437012
IMG-825C59B3C8,R2,A,wavelet-HHH,20291,0,0,0.0,0.0,-1.987213134765625,1.5607572793960571
IMG-825C59B3C8,R2,A,wavelet-LLL,20291,0,0,0.0,0.0,-6.206066608428955,9.777430534362793
IMG-825C59B3C8,R2,A,log-sigma-1-0-mm-3D,20291,0,0,0.0,0.0,-2.4489266872406006,1.9373514652252197
IMG-825C59B3C8,R2,A,log-sigma-2-0-mm-3D,20291,0,0,0.0,0.0,-1.6656372547149658,1.4583375453948975
IMG-825C59B3C8,R2,A,log-sigma-3-0-mm-3D,20291,0,0,0.0,0.0,-1.9740827083587646,1.4119611978530884
IMG-5A2D81D110,R1,A,wavelet-LLH,17629,0,0,0.0,0.0,-6.634218692779541,5.238733291625977
IMG-5A2D81D110,R1,A,wavelet-LHL,17629,0,0,0.0,0.0,-10.071849822998047,5.972668170928955
IMG-5A2D81D110,R1,A,wavelet-LHH,17629,0,0,0.0,0.0,-3.3126163482666016,3.944333076477051
IMG-5A2D81D110,R1,A,wavelet-HLL,17629,0,0,0.0,0.0,-7.4955220222473145,5.328115463256836
IMG-5A2D81D110,R1,A,wavelet-HLH,17629,0,0,0.0,0.0,-2.3023624420166016,2.535719394683838
IMG-5A2D81D110,R1,A,wavelet-HHL,17629,0,0,0.0,0.0,-4.358415126800537,4.645292282104492
IMG-5A2D81D110,R1,A,wavelet-HHH,17629,0,0,0.0,0.0,-2.177475929260254,2.2255265712738037
IMG-5A2D81D110,R1,A,wavelet-LLL,17629,0,0,0.0,0.0,-8.583163261413574,18.471546173095703
IMG-5A2D81D110,R1,A,log-sigma-1-0-mm-3D,17629,0,0,0.0,0.0,-3.8537087440490723,2.5474350452423096
IMG-5A2D81D110,R1,A,log-sigma-2-0-mm-3D,17629,0,0,0.0,0.0,-2.915477991104126,2.4845328330993652
IMG-5A2D81D110,R1,A,log-sigma-3-0-mm-3D,17629,0,0,0.0,0.0,-2.3093838691711426,2.939329147338867
IMG-43B8CB3C00,R1,A,wavelet-LLH,12877,0,0,0.0,0.0,-4.586940765380859,3.6402382850646973
IMG-43B8CB3C00,R1,A,wavelet-LHL,12877,0,0,0.0,0.0,-6.432873249053955,5.8286590576171875
IMG-43B8CB3C00,R1,A,wavelet-LHH,12877,0,0,0.0,0.0,-2.3695201873779297,1.9228781461715698
IMG-43B8CB3C00,R1,A,wavelet-HLL,12877,0,0,0.0,0.0,-6.913405895233154,5.515653610229492
IMG-43B8CB3C00,R1,A,wavelet-HLH,12877,0,0,0.0,0.0,-1.719777226448059,2.925645351409912
IMG-43B8CB3C00,R1,A,wavelet-HHL,12877,0,0,0.0,0.0,-3.374277114868164,2.8348729610443115
IMG-43B8CB3C00,R1,A,wavelet-HHH,12877,0,0,0.0,0.0,-1.3608168363571167,1.4874565601348877
IMG-43B8CB3C00,R1,A,wavelet-LLL,12877,0,0,0.0,0.0,-6.624558448791504,13.318219184875488
IMG-43B8CB3C00,R1,A,log-sigma-1-0-mm-3D,12877,0,0,0.0,0.0,-2.9868195056915283,1.898848533630371
IMG-43B8CB3C00,R1,A,log-sigma-2-0-mm-3D,12877,0,0,0.0,0.0,-2.3653159141540527,2.224445343017578
IMG-43B8CB3C00,R1,A,log-sigma-3-0-mm-3D,12877,0,0,0.0,0.0,-1.884446144104004,2.2038540840148926
IMG-84EC128C44,R1,A,wavelet-LLH,11841,0,0,0.0,0.0,-3.6808063983917236,3.9460341930389404
IMG-84EC128C44,R1,A,wavelet-LHL,11841,0,0,0.0,0.0,-9.715133666992188,4.41964054107666
IMG-84EC128C44,R1,A,wavelet-LHH,11841,0,0,0.0,0.0,-4.569652080535889,4.051792144775391
IMG-84EC128C44,R1,A,wavelet-HLL,11841,0,0,0.0,0.0,-4.992860794067383,3.851290702819824
IMG-84EC128C44,R1,A,wavelet-HLH,11841,0,0,0.0,0.0,-2.005402088165283,1.6098847389221191
IMG-84EC128C44,R1,A,wavelet-HHL,11841,0,0,0.0,0.0,-2.8775887489318848,3.2085461616516113
IMG-84EC128C44,R1,A,wavelet-HHH,11841,0,0,0.0,0.0,-2.5866854190826416,2.07004714012146
IMG-84EC128C44,R1,A,wavelet-LLL,11841,0,0,0.0,0.0,-7.0270233154296875,13.50646686553955
IMG-84EC128C44,R1,A,log-sigma-1-0-mm-3D,11841,0,0,0.0,0.0,-2.737485647201538,1.6600542068481445
IMG-84EC128C44,R1,A,log-sigma-2-0-mm-3D,11841,0,0,0.0,0.0,-2.939497232437134,1.4902678728103638
IMG-84EC128C44,R1,A,log-sigma-3-0-mm-3D,11841,0,0,0.0,0.0,-2.1016573905944824,1.6427037715911865
IMG-3AD28CABC8,R1,A,wavelet-LLH,9175,0,0,0.0,0.0,-6.057730197906494,6.827938556671143
IMG-3AD28CABC8,R1,A,wavelet-LHL,9175,0,0,0.0,0.0,-6.03720760345459,6.725151538848877
IMG-3AD28CABC8,R1,A,wavelet-LHH,9175,0,0,0.0,0.0,-3.327752113342285,4.021366596221924
IMG-3AD28CABC8,R1,A,wavelet-HLL,9175,0,0,0.0,0.0,-6.684387683868408,6.572779655456543
IMG-3AD28CABC8,R1,A,wavelet-HLH,9175,0,0,0.0,0.0,-3.1100285053253174,3.104543447494507
IMG-3AD28CABC8,R1,A,wavelet-HHL,9175,0,0,0.0,0.0,-4.275630474090576,5.002074718475342
IMG-3AD28CABC8,R1,A,wavelet-HHH,9175,0,0,0.0,0.0,-1.8852269649505615,2.220552444458008
IMG-3AD28CABC8,R1,A,wavelet-LLL,9175,0,0,0.0,0.0,-5.676670074462891,14.019163131713867
IMG-3AD28CABC8,R1,A,log-sigma-1-0-mm-3D,9175,0,0,0.0,0.0,-2.229968309402466,3.27347469329834
IMG-3AD28CABC8,R1,A,log-sigma-2-0-mm-3D,9175,0,0,0.0,0.0,-2.2311928272247314,3.4351673126220703
IMG-3AD28CABC8,R1,A,log-sigma-3-0-mm-3D,9175,0,0,0.0,0.0,-2.1627445220947266,3.2057721614837646
IMG-3C999F5A73,R1,A,wavelet-LLH,5095,0,0,0.0,0.0,-8.149144172668457,6.01106071472168
IMG-3C999F5A73,R1,A,wavelet-LHL,5095,0,0,0.0,0.0,-4.688250541687012,5.697196960449219
IMG-3C999F5A73,R1,A,wavelet-LHH,5095,0,0,0.0,0.0,-2.8896543979644775,3.472134828567505
IMG-3C999F5A73,R1,A,wavelet-HLL,5095,0,0,0.0,0.0,-4.645694732666016,5.994113922119141
IMG-3C999F5A73,R1,A,wavelet-HLH,5095,0,0,0.0,0.0,-4.237733840942383,3.754486322402954
IMG-3C999F5A73,R1,A,wavelet-HHL,5095,0,0,0.0,0.0,-5.467287063598633,4.806150913238525
IMG-3C999F5A73,R1,A,wavelet-HHH,5095,0,0,0.0,0.0,-4.342865467071533,3.9111039638519287
IMG-3C999F5A73,R1,A,wavelet-LLL,5095,0,0,0.0,0.0,-7.938354969024658,9.875170707702637
IMG-3C999F5A73,R1,A,log-sigma-1-0-mm-3D,5095,0,0,0.0,0.0,-2.0671334266662598,2.75359845161438
IMG-3C999F5A73,R1,A,log-sigma-2-0-mm-3D,5095,0,0,0.0,0.0,-1.3318090438842773,2.8565995693206787
IMG-3C999F5A73,R1,A,log-sigma-3-0-mm-3D,5095,0,0,0.0,0.0,-0.9426013231277466,2.5589518547058105
IMG-B7F11D3A36,R1,A,wavelet-LLH,3123,0,0,0.0,0.0,-6.668064594268799,5.179886341094971
IMG-B7F11D3A36,R1,A,wavelet-LHL,3123,0,0,0.0,0.0,-5.106681823730469,6.437831401824951
IMG-B7F11D3A36,R1,A,wavelet-LHH,3123,0,0,0.0,0.0,-2.5097556114196777,2.5826618671417236
IMG-B7F11D3A36,R1,A,wavelet-HLL,3123,0,0,0.0,0.0,-6.390204906463623,5.273265838623047
IMG-B7F11D3A36,R1,A,wavelet-HLH,3123,0,0,0.0,0.0,-3.331306219100952,3.1044764518737793
IMG-B7F11D3A36,R1,A,wavelet-HHL,3123,0,0,0.0,0.0,-3.6236233711242676,5.358645439147949
IMG-B7F11D3A36,R1,A,wavelet-HHH,3123,0,0,0.0,0.0,-2.0199735164642334,1.7986881732940674
IMG-B7F11D3A36,R1,A,wavelet-LLL,3123,0,0,0.0,0.0,-5.978004455566406,15.366886138916016
IMG-B7F11D3A36,R1,A,log-sigma-1-0-mm-3D,3123,0,0,0.0,0.0,-2.2929673194885254,2.602226972579956
IMG-B7F11D3A36,R1,A,log-sigma-2-0-mm-3D,3123,0,0,0.0,0.0,-3.0919759273529053,3.748309850692749
IMG-B7F11D3A36,R1,A,log-sigma-3-0-mm-3D,3123,0,0,0.0,0.0,-2.0470333099365234,3.7657241821289062
IMG-F279B634FE,R1,A,wavelet-LLH,40084,0,0,0.0,0.0,-6.545805931091309,4.6186442375183105
IMG-F279B634FE,R1,A,wavelet-LHL,40084,0,0,0.0,0.0,-9.669073104858398,6.748101711273193
IMG-F279B634FE,R1,A,wavelet-LHH,40084,0,0,0.0,0.0,-2.5953192710876465,3.070279359817505
IMG-F279B634FE,R1,A,wavelet-HLL,40084,0,0,0.0,0.0,-8.17029094696045,6.420397758483887
IMG-F279B634FE,R1,A,wavelet-HLH,40084,0,0,0.0,0.0,-2.1003153324127197,3.5791990756988525
IMG-F279B634FE,R1,A,wavelet-HHL,40084,0,0,0.0,0.0,-4.0657243728637695,5.120999336242676
IMG-F279B634FE,R1,A,wavelet-HHH,40084,0,0,0.0,0.0,-2.1994216442108154,2.0472912788391113
IMG-F279B634FE,R1,A,wavelet-LLL,40084,0,0,0.0,0.0,-7.695542335510254,13.290838241577148
IMG-F279B634FE,R1,A,log-sigma-1-0-mm-3D,40084,0,0,0.0,0.0,-2.7065937519073486,3.5569138526916504
IMG-F279B634FE,R1,A,log-sigma-2-0-mm-3D,40084,0,0,0.0,0.0,-2.619832992553711,2.566983461380005
IMG-F279B634FE,R1,A,log-sigma-3-0-mm-3D,40084,0,0,0.0,0.0,-3.0288915634155273,2.547257423400879
IMG-752909BDF6,R1,A,wavelet-LLH,2260,0,0,0.0,0.0,-7.271823406219482,4.821275234222412
IMG-752909BDF6,R1,A,wavelet-LHL,2260,0,0,0.0,0.0,-5.948667526245117,4.368264198303223
IMG-752909BDF6,R1,A,wavelet-LHH,2260,0,0,0.0,0.0,-3.4094858169555664,3.4479568004608154
IMG-752909BDF6,R1,A,wavelet-HLL,2260,0,0,0.0,0.0,-5.401345252990723,3.8453714847564697
IMG-752909BDF6,R1,A,wavelet-HLH,2260,0,0,0.0,0.0,-2.533461570739746,3.41300368309021
IMG-752909BDF6,R1,A,wavelet-HHL,2260,0,0,0.0,0.0,-2.920511484146118,3.3658978939056396
IMG-752909BDF6,R1,A,wavelet-HHH,2260,0,0,0.0,0.0,-2.0072638988494873,2.4130923748016357
IMG-752909BDF6,R1,A,wavelet-LLL,2260,0,0,0.0,0.0,-6.132667064666748,15.79857063293457
IMG-752909BDF6,R1,A,log-sigma-1-0-mm-3D,2260,0,0,0.0,0.0,-2.2022790908813477,2.250438928604126
IMG-752909BDF6,R1,A,log-sigma-2-0-mm-3D,2260,0,0,0.0,0.0,-3.3488450050354004,1.8681095838546753
IMG-752909BDF6,R1,A,log-sigma-3-0-mm-3D,2260,0,0,0.0,0.0,-2.2809572219848633,2.1790196895599365
IMG-0FDE88947B,R1,A,wavelet-LLH,12182,0,0,0.0,0.0,-10.433005332946777,7.088594436645508
IMG-0FDE88947B,R1,A,wavelet-LHL,12182,0,0,0.0,0.0,-5.987765789031982,3.976999044418335
IMG-0FDE88947B,R1,A,wavelet-LHH,12182,0,0,0.0,0.0,-5.550237655639648,3.9091389179229736
IMG-0FDE88947B,R1,A,wavelet-HLL,12182,0,0,0.0,0.0,-8.295676231384277,5.379098892211914
IMG-0FDE88947B,R1,A,wavelet-HLH,12182,0,0,0.0,0.0,-4.563422679901123,5.381581783294678
IMG-0FDE88947B,R1,A,wavelet-HHL,12182,0,0,0.0,0.0,-3.621138572692871,4.186685562133789
IMG-0FDE88947B,R1,A,wavelet-HHH,12182,0,1,0.0,8.208832703989493e-05,-4.637256145477295,5.829957485198975
IMG-0FDE88947B,R1,A,wavelet-LLL,12182,0,0,0.0,0.0,-6.469438552856445,13.32911491394043
IMG-0FDE88947B,R1,A,log-sigma-1-0-mm-3D,12182,0,0,0.0,0.0,-2.862349271774292,2.936450481414795
IMG-0FDE88947B,R1,A,log-sigma-2-0-mm-3D,12182,0,0,0.0,0.0,-1.9717388153076172,2.9424517154693604
IMG-0FDE88947B,R1,A,log-sigma-3-0-mm-3D,12182,0,0,0.0,0.0,-1.8631432056427002,3.0825016498565674
IMG-51BE456A2B,R1,A,wavelet-LLH,10803,0,0,0.0,0.0,-6.564195156097412,4.3249831199646
IMG-51BE456A2B,R1,A,wavelet-LHL,10803,0,0,0.0,0.0,-5.485004425048828,6.4266486167907715
IMG-51BE456A2B,R1,A,wavelet-LHH,10803,0,0,0.0,0.0,-2.2580835819244385,3.349247694015503
IMG-51BE456A2B,R1,A,wavelet-HLL,10803,0,0,0.0,0.0,-5.0164265632629395,4.895745277404785
IMG-51BE456A2B,R1,A,wavelet-HLH,10803,0,0,0.0,0.0,-2.1812238693237305,2.6166419982910156
IMG-51BE456A2B,R1,A,wavelet-HHL,10803,0,0,0.0,0.0,-3.471895694732666,3.6753194332122803
IMG-51BE456A2B,R1,A,wavelet-HHH,10803,0,0,0.0,0.0,-2.003035068511963,1.6063685417175293
IMG-51BE456A2B,R1,A,wavelet-LLL,10803,0,0,0.0,0.0,-6.310220718383789,15.26981258392334
IMG-51BE456A2B,R1,A,log-sigma-1-0-mm-3D,10803,0,0,0.0,0.0,-1.419442892074585,2.7878639698028564
IMG-51BE456A2B,R1,A,log-sigma-2-0-mm-3D,10803,0,0,0.0,0.0,-2.44964861869812,2.19087815284729
IMG-51BE456A2B,R1,A,log-sigma-3-0-mm-3D,10803,0,0,0.0,0.0,-3.1325199604034424,2.336198329925537
IMG-347471A6EE,R1,A,wavelet-LLH,8737,0,0,0.0,0.0,-8.907739639282227,7.02620267868042
IMG-347471A6EE,R1,A,wavelet-LHL,8737,0,0,0.0,0.0,-7.680911540985107,4.929866313934326
IMG-347471A6EE,R1,A,wavelet-LHH,8737,0,0,0.0,0.0,-3.9011528491973877,3.9695706367492676
IMG-347471A6EE,R1,A,wavelet-HLL,8737,0,0,0.0,0.0,-6.844592094421387,5.098775863647461
IMG-347471A6EE,R1,A,wavelet-HLH,8737,0,0,0.0,0.0,-3.642953395843506,5.7279510498046875
IMG-347471A6EE,R1,A,wavelet-HHL,8737,0,0,0.0,0.0,-5.315284252166748,7.4730424880981445
IMG-347471A6EE,R1,A,wavelet-HHH,8737,1,0,0.00011445576284765938,0.0,-5.045277118682861,3.9486730098724365
IMG-347471A6EE,R1,A,wavelet-LLL,8737,0,0,0.0,0.0,-5.463978290557861,16.423431396484375
IMG-347471A6EE,R1,A,log-sigma-1-0-mm-3D,8737,0,0,0.0,0.0,-3.4105191230773926,3.4276132583618164
IMG-347471A6EE,R1,A,log-sigma-2-0-mm-3D,8737,0,0,0.0,0.0,-1.9484570026397705,2.9112493991851807
IMG-347471A6EE,R1,A,log-sigma-3-0-mm-3D,8737,0,0,0.0,0.0,-2.475438117980957,2.801731586456299
IMG-1B4D6270C0,R1,A,wavelet-LLH,8462,0,0,0.0,0.0,-5.82244873046875,4.764331340789795
IMG-1B4D6270C0,R1,A,wavelet-LHL,8462,0,0,0.0,0.0,-8.248797416687012,8.522085189819336
IMG-1B4D6270C0,R1,A,wavelet-LHH,8462,0,0,0.0,0.0,-2.717197895050049,3.112257480621338
IMG-1B4D6270C0,R1,A,wavelet-HLL,8462,0,0,0.0,0.0,-6.399443626403809,7.194440841674805
IMG-1B4D6270C0,R1,A,wavelet-HLH,8462,0,0,0.0,0.0,-2.718885660171509,2.892418622970581
IMG-1B4D6270C0,R1,A,wavelet-HHL,8462,0,0,0.0,0.0,-5.090269565582275,5.976489067077637
IMG-1B4D6270C0,R1,A,wavelet-HHH,8462,0,0,0.0,0.0,-2.151897668838501,2.6049962043762207
IMG-1B4D6270C0,R1,A,wavelet-LLL,8462,0,0,0.0,0.0,-7.846933841705322,20.119461059570312
IMG-1B4D6270C0,R1,A,log-sigma-1-0-mm-3D,8462,0,0,0.0,0.0,-2.341925621032715,3.0718002319335938
IMG-1B4D6270C0,R1,A,log-sigma-2-0-mm-3D,8462,0,0,0.0,0.0,-3.120059013366699,3.0142855644226074
IMG-1B4D6270C0,R1,A,log-sigma-3-0-mm-3D,8462,0,0,0.0,0.0,-2.5320076942443848,3.254685878753662
IMG-14459C284D,R1,A,wavelet-LLH,6272,0,0,0.0,0.0,-4.726169109344482,4.1734466552734375
IMG-14459C284D,R1,A,wavelet-LHL,6272,0,0,0.0,0.0,-6.781364917755127,5.854421615600586
IMG-14459C284D,R1,A,wavelet-LHH,6272,0,0,0.0,0.0,-2.5979647636413574,1.951622724533081
IMG-14459C284D,R1,A,wavelet-HLL,6272,0,0,0.0,0.0,-4.907436370849609,4.602069854736328
IMG-14459C284D,R1,A,wavelet-HLH,6272,0,0,0.0,0.0,-2.91926908493042,2.3904316425323486
IMG-14459C284D,R1,A,wavelet-HHL,6272,0,0,0.0,0.0,-3.788677453994751,4.5786943435668945
IMG-14459C284D,R1,A,wavelet-HHH,6272,0,0,0.0,0.0,-1.4439918994903564,1.6990054845809937
IMG-14459C284D,R1,A,wavelet-LLL,6272,0,0,0.0,0.0,-6.796048641204834,14.818473815917969
IMG-14459C284D,R1,A,log-sigma-1-0-mm-3D,6272,0,0,0.0,0.0,-3.351181983947754,2.173865556716919
IMG-14459C284D,R1,A,log-sigma-2-0-mm-3D,6272,0,0,0.0,0.0,-2.4271891117095947,2.2487523555755615
IMG-14459C284D,R1,A,log-sigma-3-0-mm-3D,6272,0,0,0.0,0.0,-1.8383513689041138,2.240290880203247
IMG-31A6F1A42B,R1,A,wavelet-LLH,6070,0,0,0.0,0.0,-8.73081111907959,5.456170558929443
IMG-31A6F1A42B,R1,A,wavelet-LHL,6070,0,0,0.0,0.0,-7.234344482421875,4.397852897644043
IMG-31A6F1A42B,R1,A,wavelet-LHH,6070,0,0,0.0,0.0,-2.9486215114593506,3.406238079071045
IMG-31A6F1A42B,R1,A,wavelet-HLL,6070,0,0,0.0,0.0,-8.276432991027832,6.002323627471924
IMG-31A6F1A42B,R1,A,wavelet-HLH,6070,0,0,0.0,0.0,-3.283585548400879,3.2954466342926025
IMG-31A6F1A42B,R1,A,wavelet-HHL,6070,0,0,0.0,0.0,-3.835982322692871,4.887590408325195
IMG-31A6F1A42B,R1,A,wavelet-HHH,6070,0,0,0.0,0.0,-2.2819252014160156,2.5239455699920654
IMG-31A6F1A42B,R1,A,wavelet-LLL,6070,0,0,0.0,0.0,-6.279512882232666,12.1214017868042
IMG-31A6F1A42B,R1,A,log-sigma-1-0-mm-3D,6070,0,0,0.0,0.0,-2.3562045097351074,2.1884825229644775
IMG-31A6F1A42B,R1,A,log-sigma-2-0-mm-3D,6070,0,0,0.0,0.0,-2.510051965713501,2.0521464347839355
IMG-31A6F1A42B,R1,A,log-sigma-3-0-mm-3D,6070,0,0,0.0,0.0,-2.1899096965789795,2.07733416557312
IMG-1252F541E2,R1,A,wavelet-LLH,13783,0,0,0.0,0.0,-10.110371589660645,6.839028835296631
IMG-1252F541E2,R1,A,wavelet-LHL,13783,0,0,0.0,0.0,-8.732281684875488,5.194860458374023
IMG-1252F541E2,R1,A,wavelet-LHH,13783,0,0,0.0,0.0,-3.3292436599731445,3.819669008255005
IMG-1252F541E2,R1,A,wavelet-HLL,13783,0,0,0.0,0.0,-6.388176918029785,5.1207170486450195
IMG-1252F541E2,R1,A,wavelet-HLH,13783,0,0,0.0,0.0,-2.854142189025879,3.8674492835998535
IMG-1252F541E2,R1,A,wavelet-HHL,13783,0,0,0.0,0.0,-3.2321810722351074,5.121265888214111
IMG-1252F541E2,R1,A,wavelet-HHH,13783,0,0,0.0,0.0,-2.2449698448181152,2.0254690647125244
IMG-1252F541E2,R1,A,wavelet-LLL,13783,0,0,0.0,0.0,-7.016630172729492,14.33231258392334
IMG-1252F541E2,R1,A,log-sigma-1-0-mm-3D,13783,0,0,0.0,0.0,-2.2654600143432617,2.796586513519287
IMG-1252F541E2,R1,A,log-sigma-2-0-mm-3D,13783,0,0,0.0,0.0,-2.1860244274139404,2.6806180477142334
IMG-1252F541E2,R1,A,log-sigma-3-0-mm-3D,13783,0,0,0.0,0.0,-2.7189605236053467,2.4163341522216797
IMG-6FB428CEA6,R1,A,wavelet-LLH,7212,0,0,0.0,0.0,-4.623283386230469,4.525570392608643
IMG-6FB428CEA6,R1,A,wavelet-LHL,7212,0,0,0.0,0.0,-4.983667373657227,5.408781051635742
IMG-6FB428CEA6,R1,A,wavelet-LHH,7212,0,0,0.0,0.0,-2.081454038619995,1.822905421257019
IMG-6FB428CEA6,R1,A,wavelet-HLL,7212,0,0,0.0,0.0,-4.729283809661865,3.005837917327881
IMG-6FB428CEA6,R1,A,wavelet-HLH,7212,0,0,0.0,0.0,-2.1387016773223877,1.9789713621139526
IMG-6FB428CEA6,R1,A,wavelet-HHL,7212,0,0,0.0,0.0,-2.329957962036133,3.1993536949157715
IMG-6FB428CEA6,R1,A,wavelet-HHH,7212,0,0,0.0,0.0,-1.8733001947402954,1.5083820819854736
IMG-6FB428CEA6,R1,A,wavelet-LLL,7212,0,0,0.0,0.0,-6.528922080993652,9.459589004516602
IMG-6FB428CEA6,R1,A,log-sigma-1-0-mm-3D,7212,0,0,0.0,0.0,-2.0073776245117188,2.6730387210845947
IMG-6FB428CEA6,R1,A,log-sigma-2-0-mm-3D,7212,0,0,0.0,0.0,-2.094259262084961,3.3274128437042236
IMG-6FB428CEA6,R1,A,log-sigma-3-0-mm-3D,7212,0,0,0.0,0.0,-1.9475845098495483,3.436873197555542
IMG-A7715CCF71,R1,A,wavelet-LLH,2637,0,0,0.0,0.0,-8.738019943237305,6.352392196655273
IMG-A7715CCF71,R1,A,wavelet-LHL,2637,0,0,0.0,0.0,-10.846840858459473,7.25327205657959
IMG-A7715CCF71,R1,A,wavelet-LHH,2637,0,0,0.0,0.0,-3.620352268218994,3.3720035552978516
IMG-A7715CCF71,R1,A,wavelet-HLL,2637,0,0,0.0,0.0,-5.676478862762451,4.751698017120361
IMG-A7715CCF71,R1,A,wavelet-HLH,2637,0,0,0.0,0.0,-4.487608909606934,4.584296226501465
IMG-A7715CCF71,R1,A,wavelet-HHL,2637,0,0,0.0,0.0,-3.908940076828003,6.031590461730957
IMG-A7715CCF71,R1,A,wavelet-HHH,2637,0,0,0.0,0.0,-3.2733302116394043,3.646101951599121
IMG-A7715CCF71,R1,A,wavelet-LLL,2637,0,0,0.0,0.0,-5.060705184936523,15.103008270263672
IMG-A7715CCF71,R1,A,log-sigma-1-0-mm-3D,2637,0,0,0.0,0.0,-2.5536317825317383,2.6598918437957764
IMG-A7715CCF71,R1,A,log-sigma-2-0-mm-3D,2637,0,0,0.0,0.0,-2.43000864982605,2.728404998779297
IMG-A7715CCF71,R1,A,log-sigma-3-0-mm-3D,2637,0,0,0.0,0.0,-1.3923821449279785,2.5590689182281494
IMG-5D365168EC,R1,A,wavelet-LLH,2192,0,0,0.0,0.0,-5.70042610168457,5.167599678039551
IMG-5D365168EC,R1,A,wavelet-LHL,2192,0,0,0.0,0.0,-6.835975170135498,3.4882044792175293
IMG-5D365168EC,R1,A,wavelet-LHH,2192,0,0,0.0,0.0,-2.3379948139190674,2.5214242935180664
IMG-5D365168EC,R1,A,wavelet-HLL,2192,0,0,0.0,0.0,-8.298503875732422,4.930510997772217
IMG-5D365168EC,R1,A,wavelet-HLH,2192,0,0,0.0,0.0,-2.6241254806518555,4.12717866897583
IMG-5D365168EC,R1,A,wavelet-HHL,2192,0,0,0.0,0.0,-5.018592357635498,4.22231388092041
IMG-5D365168EC,R1,A,wavelet-HHH,2192,0,0,0.0,0.0,-1.6167821884155273,1.8286372423171997
IMG-5D365168EC,R1,A,wavelet-LLL,2192,0,0,0.0,0.0,-8.027100563049316,11.153351783752441
IMG-5D365168EC,R1,A,log-sigma-1-0-mm-3D,2192,0,0,0.0,0.0,-2.4200894832611084,2.2190046310424805
IMG-5D365168EC,R1,A,log-sigma-2-0-mm-3D,2192,0,0,0.0,0.0,-2.0348238945007324,3.0267674922943115
IMG-5D365168EC,R1,A,log-sigma-3-0-mm-3D,2192,0,0,0.0,0.0,-2.126767158508301,3.2294464111328125
IMG-2B954DE3B9,R1,A,wavelet-LLH,9602,0,0,0.0,0.0,-7.793497085571289,5.558037757873535
IMG-2B954DE3B9,R1,A,wavelet-LHL,9602,0,0,0.0,0.0,-12.290449142456055,6.902245998382568
IMG-2B954DE3B9,R1,A,wavelet-LHH,9602,0,0,0.0,0.0,-3.5389654636383057,4.299214839935303
IMG-2B954DE3B9,R1,A,wavelet-HLL,9602,0,0,0.0,0.0,-7.0090789794921875,5.887622833251953
IMG-2B954DE3B9,R1,A,wavelet-HLH,9602,0,0,0.0,0.0,-2.608543634414673,3.087804079055786
IMG-2B954DE3B9,R1,A,wavelet-HHL,9602,0,0,0.0,0.0,-5.267605304718018,5.722384452819824
IMG-2B954DE3B9,R1,A,wavelet-HHH,9602,0,0,0.0,0.0,-2.5262911319732666,2.209150552749634
IMG-2B954DE3B9,R1,A,wavelet-LLL,9602,0,0,0.0,0.0,-7.237532615661621,14.411500930786133
IMG-2B954DE3B9,R1,A,log-sigma-1-0-mm-3D,9602,0,0,0.0,0.0,-2.0657925605773926,2.3601059913635254
IMG-2B954DE3B9,R1,A,log-sigma-2-0-mm-3D,9602,0,0,0.0,0.0,-2.873901844024658,2.8315532207489014
IMG-2B954DE3B9,R1,A,log-sigma-3-0-mm-3D,9602,0,0,0.0,0.0,-1.9767476320266724,2.9525933265686035
IMG-E0E0FAFD6E,R1,A,wavelet-LLH,52450,0,0,0.0,0.0,-4.058053493499756,3.2185072898864746
IMG-E0E0FAFD6E,R1,A,wavelet-LHL,52450,0,0,0.0,0.0,-5.794923305511475,4.426445484161377
IMG-E0E0FAFD6E,R1,A,wavelet-LHH,52450,0,0,0.0,0.0,-1.8121447563171387,1.6876715421676636
IMG-E0E0FAFD6E,R1,A,wavelet-HLL,52450,0,0,0.0,0.0,-3.7443552017211914,4.099483013153076
IMG-E0E0FAFD6E,R1,A,wavelet-HLH,52450,0,0,0.0,0.0,-1.8278318643569946,1.586008906364441
IMG-E0E0FAFD6E,R1,A,wavelet-HHL,52450,0,0,0.0,0.0,-2.529667615890503,2.3889029026031494
IMG-E0E0FAFD6E,R1,A,wavelet-HHH,52450,0,0,0.0,0.0,-1.2416715621948242,1.1508539915084839
IMG-E0E0FAFD6E,R1,A,wavelet-LLL,52450,0,0,0.0,0.0,-6.812089443206787,10.886877059936523
IMG-E0E0FAFD6E,R1,A,log-sigma-1-0-mm-3D,52450,0,0,0.0,0.0,-2.4926319122314453,1.5456831455230713
IMG-E0E0FAFD6E,R1,A,log-sigma-2-0-mm-3D,52450,0,0,0.0,0.0,-2.1615841388702393,1.6883357763290405
IMG-E0E0FAFD6E,R1,A,log-sigma-3-0-mm-3D,52450,0,0,0.0,0.0,-2.214657783508301,1.379521131515503
IMG-BA54202DCF,R1,A,wavelet-LLH,8363,0,0,0.0,0.0,-3.911334753036499,3.0904219150543213
IMG-BA54202DCF,R1,A,wavelet-LHL,8363,0,0,0.0,0.0,-5.331945419311523,5.034979343414307
IMG-BA54202DCF,R1,A,wavelet-LHH,8363,0,0,0.0,0.0,-2.3219432830810547,2.5589864253997803
IMG-BA54202DCF,R1,A,wavelet-HLL,8363,0,0,0.0,0.0,-5.767279148101807,5.782524585723877
IMG-BA54202DCF,R1,A,wavelet-HLH,8363,0,0,0.0,0.0,-2.2578847408294678,2.3585596084594727
IMG-BA54202DCF,R1,A,wavelet-HHL,8363,0,0,0.0,0.0,-3.6681735515594482,3.9357826709747314
IMG-BA54202DCF,R1,A,wavelet-HHH,8363,0,0,0.0,0.0,-1.8305383920669556,1.6499439477920532
IMG-BA54202DCF,R1,A,wavelet-LLL,8363,0,0,0.0,0.0,-6.513534069061279,12.368596076965332
IMG-BA54202DCF,R1,A,log-sigma-1-0-mm-3D,8363,0,0,0.0,0.0,-2.077136754989624,2.028561592102051
IMG-BA54202DCF,R1,A,log-sigma-2-0-mm-3D,8363,0,0,0.0,0.0,-2.0380806922912598,2.271068811416626
IMG-BA54202DCF,R1,A,log-sigma-3-0-mm-3D,8363,0,0,0.0,0.0,-1.815723180770874,2.2978553771972656
IMG-DF695B7893,R1,A,wavelet-LLH,1061,0,0,0.0,0.0,-4.972193717956543,3.2362563610076904
IMG-DF695B7893,R1,A,wavelet-LHL,1061,0,0,0.0,0.0,-6.511603355407715,7.20514440536499
IMG-DF695B7893,R1,A,wavelet-LHH,1061,0,0,0.0,0.0,-2.088956117630005,2.8473570346832275
IMG-DF695B7893,R1,A,wavelet-HLL,1061,0,0,0.0,0.0,-5.3139777183532715,4.366087913513184
IMG-DF695B7893,R1,A,wavelet-HLH,1061,0,0,0.0,0.0,-3.7785043716430664,2.2500357627868652
IMG-DF695B7893,R1,A,wavelet-HHL,1061,0,0,0.0,0.0,-6.24398946762085,4.255248069763184
IMG-DF695B7893,R1,A,wavelet-HHH,1061,0,0,0.0,0.0,-1.3265869617462158,1.658618450164795
IMG-DF695B7893,R1,A,wavelet-LLL,1061,0,0,0.0,0.0,-5.510059833526611,8.688108444213867
IMG-DF695B7893,R1,A,log-sigma-1-0-mm-3D,1061,0,0,0.0,0.0,-2.211219310760498,2.000000238418579
IMG-DF695B7893,R1,A,log-sigma-2-0-mm-3D,1061,0,0,0.0,0.0,-1.5029828548431396,2.4419338703155518
IMG-DF695B7893,R1,A,log-sigma-3-0-mm-3D,1061,0,0,0.0,0.0,-1.2212797403335571,2.980607271194458
IMG-24A0E13BBA,R1,A,wavelet-LLH,25080,0,0,0.0,0.0,-8.674617767333984,6.1760759353637695
IMG-24A0E13BBA,R1,A,wavelet-LHL,25080,0,0,0.0,0.0,-11.102788925170898,11.01500415802002
IMG-24A0E13BBA,R1,A,wavelet-LHH,25080,0,0,0.0,0.0,-4.187718868255615,3.984297513961792
IMG-24A0E13BBA,R1,A,wavelet-HLL,25080,0,0,0.0,0.0,-8.723517417907715,7.5539350509643555
IMG-24A0E13BBA,R1,A,wavelet-HLH,25080,0,0,0.0,0.0,-3.344853639602661,3.5366716384887695
IMG-24A0E13BBA,R1,A,wavelet-HHL,25080,0,0,0.0,0.0,-5.96291971206665,6.225713729858398
IMG-24A0E13BBA,R1,A,wavelet-HHH,25080,0,0,0.0,0.0,-2.962864637374878,2.5557262897491455
IMG-24A0E13BBA,R1,A,wavelet-LLL,25080,0,0,0.0,0.0,-6.800383567810059,16.801671981811523
IMG-24A0E13BBA,R1,A,log-sigma-1-0-mm-3D,25080,0,0,0.0,0.0,-3.513535499572754,3.2325022220611572
IMG-24A0E13BBA,R1,A,log-sigma-2-0-mm-3D,25080,0,0,0.0,0.0,-3.0983524322509766,3.0324583053588867
IMG-24A0E13BBA,R1,A,log-sigma-3-0-mm-3D,25080,0,0,0.0,0.0,-2.7557778358459473,3.0652146339416504
IMG-72F57C8B9D,R1,A,wavelet-LLH,1682,0,0,0.0,0.0,-3.375727891921997,2.7769112586975098
IMG-72F57C8B9D,R1,A,wavelet-LHL,1682,0,0,0.0,0.0,-5.500001907348633,7.930481433868408
IMG-72F57C8B9D,R1,A,wavelet-LHH,1682,0,0,0.0,0.0,-3.264521837234497,4.626995086669922
IMG-72F57C8B9D,R1,A,wavelet-HLL,1682,0,0,0.0,0.0,-5.768103122711182,7.231575012207031
IMG-72F57C8B9D,R1,A,wavelet-HLH,1682,0,0,0.0,0.0,-3.0699002742767334,2.32824969291687
IMG-72F57C8B9D,R1,A,wavelet-HHL,1682,0,0,0.0,0.0,-4.733003616333008,5.589303493499756
IMG-72F57C8B9D,R1,A,wavelet-HHH,1682,0,0,0.0,0.0,-2.2362513542175293,2.711332082748413
IMG-72F57C8B9D,R1,A,wavelet-LLL,1682,0,0,0.0,0.0,-7.108893871307373,9.815299987792969
IMG-72F57C8B9D,R1,A,log-sigma-1-0-mm-3D,1682,0,0,0.0,0.0,-2.4525973796844482,2.979917287826538
IMG-72F57C8B9D,R1,A,log-sigma-2-0-mm-3D,1682,0,0,0.0,0.0,-1.3654296398162842,3.7665371894836426
IMG-72F57C8B9D,R1,A,log-sigma-3-0-mm-3D,1682,0,0,0.0,0.0,-0.5080485343933105,3.8485889434814453
IMG-72F57C8B9D,R2,A,wavelet-LLH,3642,0,0,0.0,0.0,-4.320239543914795,3.6149160861968994
IMG-72F57C8B9D,R2,A,wavelet-LHL,3642,0,0,0.0,0.0,-7.4343132972717285,7.751659393310547
IMG-72F57C8B9D,R2,A,wavelet-LHH,3642,0,0,0.0,0.0,-3.3827528953552246,3.3347017765045166
IMG-72F57C8B9D,R2,A,wavelet-HLL,3642,0,0,0.0,0.0,-6.1439385414123535,7.316999912261963
IMG-72F57C8B9D,R2,A,wavelet-HLH,3642,0,0,0.0,0.0,-4.549251079559326,3.0374412536621094
IMG-72F57C8B9D,R2,A,wavelet-HHL,3642,0,0,0.0,0.0,-5.70428991317749,5.758117198944092
IMG-72F57C8B9D,R2,A,wavelet-HHH,3642,0,0,0.0,0.0,-2.6523537635803223,2.1221506595611572
IMG-72F57C8B9D,R2,A,wavelet-LLL,3642,0,0,0.0,0.0,-7.204923629760742,14.830597877502441
IMG-72F57C8B9D,R2,A,log-sigma-1-0-mm-3D,3642,0,0,0.0,0.0,-2.7917397022247314,2.75603985786438
IMG-72F57C8B9D,R2,A,log-sigma-2-0-mm-3D,3642,0,0,0.0,0.0,-1.0303250551223755,2.846545934677124
IMG-72F57C8B9D,R2,A,log-sigma-3-0-mm-3D,3642,0,0,0.0,0.0,-0.8152453899383545,2.7737009525299072
IMG-F8825C15D4,R2,A,wavelet-LLH,15952,0,0,0.0,0.0,-10.213683128356934,16.646812438964844
IMG-F8825C15D4,R2,A,wavelet-LHL,15952,0,0,0.0,0.0,-4.581024646759033,5.529137134552002
IMG-F8825C15D4,R2,A,wavelet-LHH,15952,0,0,0.0,0.0,-1.8391931056976318,1.88798189163208
IMG-F8825C15D4,R2,A,wavelet-HLL,15952,0,0,0.0,0.0,-6.840244293212891,4.8224616050720215
IMG-F8825C15D4,R2,A,wavelet-HLH,15952,0,0,0.0,0.0,-2.610060930252075,3.116567373275757
IMG-F8825C15D4,R2,A,wavelet-HHL,15952,0,0,0.0,0.0,-3.70334529876709,3.59001088142395
IMG-F8825C15D4,R2,A,wavelet-HHH,15952,0,0,0.0,0.0,-1.619545817375183,2.050780773162842
IMG-F8825C15D4,R2,A,wavelet-LLL,15952,0,0,0.0,0.0,-8.086542129516602,15.258038520812988
IMG-F8825C15D4,R2,A,log-sigma-1-0-mm-3D,15952,0,0,0.0,0.0,-3.4527764320373535,2.271883010864258
IMG-F8825C15D4,R2,A,log-sigma-2-0-mm-3D,15952,0,0,0.0,0.0,-2.91271710395813,2.289996385574341
IMG-F8825C15D4,R2,A,log-sigma-3-0-mm-3D,15952,0,0,0.0,0.0,-2.796403169631958,2.5167436599731445
IMG-F3F3B02567,R1,A,wavelet-LLH,10386,0,0,0.0,0.0,-5.140316009521484,4.572202682495117
IMG-F3F3B02567,R1,A,wavelet-LHL,10386,0,0,0.0,0.0,-9.152152061462402,7.168439865112305
IMG-F3F3B02567,R1,A,wavelet-LHH,10386,0,0,0.0,0.0,-3.2616264820098877,3.8192317485809326
IMG-F3F3B02567,R1,A,wavelet-HLL,10386,0,0,0.0,0.0,-6.56603479385376,6.097076892852783
IMG-F3F3B02567,R1,A,wavelet-HLH,10386,0,0,0.0,0.0,-2.042809009552002,2.1785130500793457
IMG-F3F3B02567,R1,A,wavelet-HHL,10386,0,0,0.0,0.0,-6.694108963012695,6.084395885467529
IMG-F3F3B02567,R1,A,wavelet-HHH,10386,0,0,0.0,0.0,-2.536874771118164,2.4708454608917236
IMG-F3F3B02567,R1,A,wavelet-LLL,10386,0,0,0.0,0.0,-6.873276710510254,11.570229530334473
IMG-F3F3B02567,R1,A,log-sigma-1-0-mm-3D,10386,0,0,0.0,0.0,-2.5890138149261475,2.488050699234009
IMG-F3F3B02567,R1,A,log-sigma-2-0-mm-3D,10386,0,0,0.0,0.0,-2.063413381576538,3.3157577514648438
IMG-F3F3B02567,R1,A,log-sigma-3-0-mm-3D,10386,0,0,0.0,0.0,-1.5400362014770508,3.5051040649414062
IMG-1D973558E3,R1,A,wavelet-LLH,10645,0,0,0.0,0.0,-5.515780925750732,8.911412239074707
IMG-1D973558E3,R1,A,wavelet-LHL,10645,0,0,0.0,0.0,-3.875789165496826,5.184208869934082
IMG-1D973558E3,R1,A,wavelet-LHH,10645,0,0,0.0,0.0,-1.4312872886657715,1.464128851890564
IMG-1D973558E3,R1,A,wavelet-HLL,10645,0,0,0.0,0.0,-4.065377712249756,3.486196756362915
IMG-1D973558E3,R1,A,wavelet-HLH,10645,0,0,0.0,0.0,-1.7423006296157837,1.8890156745910645
IMG-1D973558E3,R1,A,wavelet-HHL,10645,0,0,0.0,0.0,-2.697312593460083,2.269379138946533
IMG-1D973558E3,R1,A,wavelet-HHH,10645,0,0,0.0,0.0,-1.2764748334884644,1.352785348892212
IMG-1D973558E3,R1,A,wavelet-LLL,10645,0,0,0.0,0.0,-6.468442440032959,8.601126670837402
IMG-1D973558E3,R1,A,log-sigma-1-0-mm-3D,10645,0,0,0.0,0.0,-2.461179494857788,1.6637874841690063
IMG-1D973558E3,R1,A,log-sigma-2-0-mm-3D,10645,0,0,0.0,0.0,-2.541551113128662,1.6166576147079468
IMG-1D973558E3,R1,A,log-sigma-3-0-mm-3D,10645,0,0,0.0,0.0,-1.568677306175232,1.2939496040344238
IMG-F8825C15D4,R1,A,wavelet-LLH,14477,0,1,0.0,6.907508461697865e-05,-13.640177726745605,21.258325576782227
IMG-F8825C15D4,R1,A,wavelet-LHL,14477,0,0,0.0,0.0,-3.511890172958374,5.106499671936035
IMG-F8825C15D4,R1,A,wavelet-LHH,14477,0,0,0.0,0.0,-1.9330177307128906,2.5621654987335205
IMG-F8825C15D4,R1,A,wavelet-HLL,14477,0,0,0.0,0.0,-6.793145179748535,4.90710973739624
IMG-F8825C15D4,R1,A,wavelet-HLH,14477,0,0,0.0,0.0,-2.7694313526153564,4.024898529052734
IMG-F8825C15D4,R1,A,wavelet-HHL,14477,0,0,0.0,0.0,-3.7182507514953613,3.7787017822265625
IMG-F8825C15D4,R1,A,wavelet-HHH,14477,0,0,0.0,0.0,-2.091566324234009,2.2627029418945312
IMG-F8825C15D4,R1,A,wavelet-LLL,14477,0,0,0.0,0.0,-9.780036926269531,14.959488868713379
IMG-F8825C15D4,R1,A,log-sigma-1-0-mm-3D,14477,0,0,0.0,0.0,-2.3542659282684326,2.752013921737671
IMG-F8825C15D4,R1,A,log-sigma-2-0-mm-3D,14477,0,0,0.0,0.0,-3.7616360187530518,2.839906692504883
IMG-F8825C15D4,R1,A,log-sigma-3-0-mm-3D,14477,0,0,0.0,0.0,-3.611422061920166,2.92855167388916
IMG-F722D1867D,R1,A,wavelet-LLH,3689,0,0,0.0,0.0,-3.4141576290130615,4.9289727210998535
IMG-F722D1867D,R1,A,wavelet-LHL,3689,0,0,0.0,0.0,-5.725322246551514,7.99752950668335
IMG-F722D1867D,R1,A,wavelet-LHH,3689,0,0,0.0,0.0,-3.5057790279388428,4.171823978424072
IMG-F722D1867D,R1,A,wavelet-HLL,3689,0,0,0.0,0.0,-6.4975810050964355,6.3661274909973145
IMG-F722D1867D,R1,A,wavelet-HLH,3689,0,0,0.0,0.0,-2.829869508743286,2.4420430660247803
IMG-F722D1867D,R1,A,wavelet-HHL,3689,0,0,0.0,0.0,-5.4570512771606445,6.125912189483643
IMG-F722D1867D,R1,A,wavelet-HHH,3689,0,0,0.0,0.0,-2.076963424682617,2.1561481952667236
IMG-F722D1867D,R1,A,wavelet-LLL,3689,0,0,0.0,0.0,-7.005208492279053,9.243144035339355
IMG-F722D1867D,R1,A,log-sigma-1-0-mm-3D,3689,0,0,0.0,0.0,-2.2077746391296387,2.8767449855804443
IMG-F722D1867D,R1,A,log-sigma-2-0-mm-3D,3689,0,0,0.0,0.0,-1.7327656745910645,3.262162208557129
IMG-F722D1867D,R1,A,log-sigma-3-0-mm-3D,3689,0,0,0.0,0.0,-1.0748217105865479,3.415531635284424
IMG-4AC55E7DF0,R1,B,wavelet-LLH,5559,0,0,0.0,0.0,-4.052441596984863,4.742831230163574
IMG-4AC55E7DF0,R1,B,wavelet-LHL,5559,0,0,0.0,0.0,-6.143089771270752,7.702763557434082
IMG-4AC55E7DF0,R1,B,wavelet-LHH,5559,0,0,0.0,0.0,-2.6698076725006104,3.3098487854003906
IMG-4AC55E7DF0,R1,B,wavelet-HLL,5559,0,0,0.0,0.0,-5.623813152313232,7.032470226287842
IMG-4AC55E7DF0,R1,B,wavelet-HLH,5559,0,0,0.0,0.0,-2.9258952140808105,2.9257075786590576
IMG-4AC55E7DF0,R1,B,wavelet-HHL,5559,0,0,0.0,0.0,-4.8764777183532715,4.229177474975586
IMG-4AC55E7DF0,R1,B,wavelet-HHH,5559,0,0,0.0,0.0,-2.153311252593994,2.039685010910034
IMG-4AC55E7DF0,R1,B,wavelet-LLL,5559,0,0,0.0,0.0,-8.701168060302734,10.715238571166992
IMG-4AC55E7DF0,R1,B,log-sigma-1-0-mm-3D,5559,0,0,0.0,0.0,-2.750063419342041,3.1399316787719727
IMG-4AC55E7DF0,R1,B,log-sigma-2-0-mm-3D,5559,0,0,0.0,0.0,-1.6344735622406006,3.78262996673584
IMG-4AC55E7DF0,R1,B,log-sigma-3-0-mm-3D,5559,0,0,0.0,0.0,-1.4237732887268066,4.219770431518555
IMG-B43CAB599F,R1,A,wavelet-LLH,6248,0,0,0.0,0.0,-5.126119136810303,3.116992950439453
IMG-B43CAB599F,R1,A,wavelet-LHL,6248,0,0,0.0,0.0,-3.871161460876465,3.0981318950653076
IMG-B43CAB599F,R1,A,wavelet-LHH,6248,0,0,0.0,0.0,-1.082356572151184,1.2158890962600708
IMG-B43CAB599F,R1,A,wavelet-HLL,6248,0,0,0.0,0.0,-6.485471725463867,2.953933000564575
IMG-B43CAB599F,R1,A,wavelet-HLH,6248,0,0,0.0,0.0,-1.8440515995025635,2.6457951068878174
IMG-B43CAB599F,R1,A,wavelet-HHL,6248,0,0,0.0,0.0,-1.7550758123397827,2.2846546173095703
IMG-B43CAB599F,R1,A,wavelet-HHH,6248,0,0,0.0,0.0,-1.0571566820144653,0.9764085412025452
IMG-B43CAB599F,R1,A,wavelet-LLL,6248,0,0,0.0,0.0,-5.3064703941345215,11.368146896362305
IMG-B43CAB599F,R1,A,log-sigma-1-0-mm-3D,6248,0,0,0.0,0.0,-2.178067922592163,1.9712815284729004
IMG-B43CAB599F,R1,A,log-sigma-2-0-mm-3D,6248,0,0,0.0,0.0,-1.9729945659637451,1.9208991527557373
IMG-B43CAB599F,R1,A,log-sigma-3-0-mm-3D,6248,0,0,0.0,0.0,-2.3909337520599365,1.2933168411254883
IMG-ED52B7F24B,R1,A,wavelet-LLH,7630,0,0,0.0,0.0,-5.506837844848633,4.21075439453125
IMG-ED52B7F24B,R1,A,wavelet-LHL,7630,0,0,0.0,0.0,-8.461664199829102,5.712350368499756
IMG-ED52B7F24B,R1,A,wavelet-LHH,7630,0,0,0.0,0.0,-5.328671455383301,6.061347484588623
IMG-ED52B7F24B,R1,A,wavelet-HLL,7630,0,0,0.0,0.0,-4.9013590812683105,4.19972562789917
IMG-ED52B7F24B,R1,A,wavelet-HLH,7630,0,0,0.0,0.0,-3.4688663482666016,4.287165641784668
IMG-ED52B7F24B,R1,A,wavelet-HHL,7630,0,0,0.0,0.0,-6.36301851272583,8.579944610595703
IMG-ED52B7F24B,R1,A,wavelet-HHH,7630,0,0,0.0,0.0,-3.618886709213257,3.9945740699768066
IMG-ED52B7F24B,R1,A,wavelet-LLL,7630,0,0,0.0,0.0,-5.213185787200928,14.375044822692871
IMG-ED52B7F24B,R1,A,log-sigma-1-0-mm-3D,7630,0,0,0.0,0.0,-3.089366912841797,3.0247642993927
IMG-ED52B7F24B,R1,A,log-sigma-2-0-mm-3D,7630,0,0,0.0,0.0,-1.880356788635254,3.0441818237304688
IMG-ED52B7F24B,R1,A,log-sigma-3-0-mm-3D,7630,0,0,0.0,0.0,-1.2840827703475952,3.147796630859375
IMG-0A000C0269,R1,A,wavelet-LLH,3101,0,0,0.0,0.0,-4.661546230316162,4.64363956451416
IMG-0A000C0269,R1,A,wavelet-LHL,3101,0,0,0.0,0.0,-4.175583839416504,4.090327739715576
IMG-0A000C0269,R1,A,wavelet-LHH,3101,0,0,0.0,0.0,-2.5989789962768555,2.9192140102386475
IMG-0A000C0269,R1,A,wavelet-HLL,3101,0,0,0.0,0.0,-3.812882423400879,4.422550201416016
IMG-0A000C0269,R1,A,wavelet-HLH,3101,0,0,0.0,0.0,-2.1115922927856445,2.3335189819335938
IMG-0A000C0269,R1,A,wavelet-HHL,3101,0,0,0.0,0.0,-3.3314828872680664,2.3735153675079346
IMG-0A000C0269,R1,A,wavelet-HHH,3101,0,0,0.0,0.0,-1.8130489587783813,2.6002886295318604
IMG-0A000C0269,R1,A,wavelet-LLL,3101,0,0,0.0,0.0,-5.918801784515381,8.429933547973633
IMG-0A000C0269,R1,A,log-sigma-1-0-mm-3D,3101,0,0,0.0,0.0,-1.397271752357483,2.205221652984619
IMG-0A000C0269,R1,A,log-sigma-2-0-mm-3D,3101,0,0,0.0,0.0,-1.0303211212158203,2.0366976261138916
IMG-0A000C0269,R1,A,log-sigma-3-0-mm-3D,3101,0,0,0.0,0.0,-1.293383240699768,1.6797988414764404
IMG-CF992A7163,R1,A,wavelet-LLH,2003,0,0,0.0,0.0,-2.4449305534362793,3.0345847606658936
IMG-CF992A7163,R1,A,wavelet-LHL,2003,0,0,0.0,0.0,-3.156398057937622,4.186745643615723
IMG-CF992A7163,R1,A,wavelet-LHH,2003,0,0,0.0,0.0,-2.054755926132202,2.0834827423095703
IMG-CF992A7163,R1,A,wavelet-HLL,2003,0,0,0.0,0.0,-3.528334379196167,3.6854984760284424
IMG-CF992A7163,R1,A,wavelet-HLH,2003,0,0,0.0,0.0,-2.728156328201294,2.589200973510742
IMG-CF992A7163,R1,A,wavelet-HHL,2003,0,0,0.0,0.0,-3.3632006645202637,3.741992712020874
IMG-CF992A7163,R1,A,wavelet-HHH,2003,0,0,0.0,0.0,-2.215576410293579,2.214320421218872
IMG-CF992A7163,R1,A,wavelet-LLL,2003,0,0,0.0,0.0,-5.850552082061768,6.851678848266602
IMG-CF992A7163,R1,A,log-sigma-1-0-mm-3D,2003,0,0,0.0,0.0,-1.9024765491485596,2.2995784282684326
IMG-CF992A7163,R1,A,log-sigma-2-0-mm-3D,2003,0,0,0.0,0.0,-1.2129501104354858,2.5604777336120605
IMG-CF992A7163,R1,A,log-sigma-3-0-mm-3D,2003,0,0,0.0,0.0,-0.5209230780601501,2.6654715538024902
IMG-E144DDC3AE,R1,A,wavelet-LLH,3021,0,0,0.0,0.0,-6.393991947174072,6.320540904998779
IMG-E144DDC3AE,R1,A,wavelet-LHL,3021,0,0,0.0,0.0,-7.154261589050293,4.452364921569824
IMG-E144DDC3AE,R1,A,wavelet-LHH,3021,0,0,0.0,0.0,-4.00413179397583,5.350542068481445
IMG-E144DDC3AE,R1,A,wavelet-HLL,3021,0,0,0.0,0.0,-5.3400774002075195,6.466086387634277
IMG-E144DDC3AE,R1,A,wavelet-HLH,3021,0,0,0.0,0.0,-4.09116268157959,3.9021785259246826
IMG-E144DDC3AE,R1,A,wavelet-HHL,3021,0,0,0.0,0.0,-3.9683141708374023,4.2306132316589355
IMG-E144DDC3AE,R1,A,wavelet-HHH,3021,0,0,0.0,0.0,-2.615556478500366,3.3294034004211426
IMG-E144DDC3AE,R1,A,wavelet-LLL,3021,0,0,0.0,0.0,-4.6425862312316895,10.391702651977539
IMG-E144DDC3AE,R1,A,log-sigma-1-0-mm-3D,3021,0,0,0.0,0.0,-2.025717258453369,2.1308794021606445
IMG-E144DDC3AE,R1,A,log-sigma-2-0-mm-3D,3021,0,0,0.0,0.0,-1.052621603012085,2.3485591411590576
IMG-E144DDC3AE,R1,A,log-sigma-3-0-mm-3D,3021,0,0,0.0,0.0,-0.6785559058189392,2.7316904067993164
IMG-08E659F23A,R1,A,wavelet-LLH,7946,0,0,0.0,0.0,-4.119676113128662,3.4108641147613525
IMG-08E659F23A,R1,A,wavelet-LHL,7946,0,0,0.0,0.0,-4.505434989929199,3.8285152912139893
IMG-08E659F23A,R1,A,wavelet-LHH,7946,0,0,0.0,0.0,-2.7139687538146973,2.6727294921875
IMG-08E659F23A,R1,A,wavelet-HLL,7946,0,0,0.0,0.0,-3.1486268043518066,3.893453598022461
IMG-08E659F23A,R1,A,wavelet-HLH,7946,0,0,0.0,0.0,-1.8208048343658447,2.7961061000823975
IMG-08E659F23A,R1,A,wavelet-HHL,7946,0,0,0.0,0.0,-2.45133376121521,2.662102222442627
IMG-08E659F23A,R1,A,wavelet-HHH,7946,0,0,0.0,0.0,-1.625579833984375,1.853437900543213
IMG-08E659F23A,R1,A,wavelet-LLL,7946,0,0,0.0,0.0,-5.935274124145508,11.645369529724121
IMG-08E659F23A,R1,A,log-sigma-1-0-mm-3D,7946,0,0,0.0,0.0,-2.3441309928894043,2.093236207962036
IMG-08E659F23A,R1,A,log-sigma-2-0-mm-3D,7946,0,0,0.0,0.0,-2.051906108856201,1.3871084451675415
IMG-08E659F23A,R1,A,log-sigma-3-0-mm-3D,7946,0,0,0.0,0.0,-1.460220456123352,1.5348480939865112
IMG-1A71CBBE7D,R1,A,wavelet-LLH,6837,0,0,0.0,0.0,-9.064434051513672,5.23500394821167
IMG-1A71CBBE7D,R1,A,wavelet-LHL,6837,0,0,0.0,0.0,-4.902912139892578,5.041984558105469
IMG-1A71CBBE7D,R1,A,wavelet-LHH,6837,0,0,0.0,0.0,-3.210503578186035,3.3655200004577637
IMG-1A71CBBE7D,R1,A,wavelet-HLL,6837,0,0,0.0,0.0,-5.252587795257568,4.0523271560668945
IMG-1A71CBBE7D,R1,A,wavelet-HLH,6837,0,0,0.0,0.0,-2.296536922454834,2.933572292327881
IMG-1A71CBBE7D,R1,A,wavelet-HHL,6837,0,0,0.0,0.0,-3.0034642219543457,3.6577494144439697
IMG-1A71CBBE7D,R1,A,wavelet-HHH,6837,0,0,0.0,0.0,-2.6444003582000732,2.9082324504852295
IMG-1A71CBBE7D,R1,A,wavelet-LLL,6837,0,0,0.0,0.0,-6.473283290863037,15.53403377532959
IMG-1A71CBBE7D,R1,A,log-sigma-1-0-mm-3D,6837,0,0,0.0,0.0,-2.049777030944824,2.4098451137542725
IMG-1A71CBBE7D,R1,A,log-sigma-2-0-mm-3D,6837,0,0,0.0,0.0,-2.673158884048462,1.6956772804260254
IMG-1A71CBBE7D,R1,A,log-sigma-3-0-mm-3D,6837,0,0,0.0,0.0,-2.544935464859009,1.8209346532821655
IMG-EDE71F65A0,R1,A,wavelet-LLH,5441,0,0,0.0,0.0,-4.410731315612793,4.522292613983154
IMG-EDE71F65A0,R1,A,wavelet-LHL,5441,0,0,0.0,0.0,-2.5562033653259277,2.1414895057678223
IMG-EDE71F65A0,R1,A,wavelet-LHH,5441,0,0,0.0,0.0,-2.1501433849334717,2.044504165649414
IMG-EDE71F65A0,R1,A,wavelet-HLL,5441,0,0,0.0,0.0,-3.7037222385406494,2.9925239086151123
IMG-EDE71F65A0,R1,A,wavelet-HLH,5441,0,0,0.0,0.0,-2.4184749126434326,1.9111030101776123
IMG-EDE71F65A0,R1,A,wavelet-HHL,5441,0,0,0.0,0.0,-2.114276647567749,2.142421245574951
IMG-EDE71F65A0,R1,A,wavelet-HHH,5441,0,0,0.0,0.0,-1.6482733488082886,1.3189811706542969
IMG-EDE71F65A0,R1,A,wavelet-LLL,5441,0,0,0.0,0.0,-5.7493672370910645,8.236249923706055
IMG-EDE71F65A0,R1,A,log-sigma-1-0-mm-3D,5441,0,0,0.0,0.0,-1.966935396194458,1.4682259559631348
IMG-EDE71F65A0,R1,A,log-sigma-2-0-mm-3D,5441,0,0,0.0,0.0,-1.719550609588623,1.217247724533081
IMG-EDE71F65A0,R1,A,log-sigma-3-0-mm-3D,5441,0,0,0.0,0.0,-1.6641509532928467,1.0109078884124756
IMG-1AEFA3EFE6,R1,A,wavelet-LLH,13031,0,0,0.0,0.0,-12.188226699829102,5.647218227386475
IMG-1AEFA3EFE6,R1,A,wavelet-LHL,13031,0,0,0.0,0.0,-7.923273086547852,6.093780517578125
IMG-1AEFA3EFE6,R1,A,wavelet-LHH,13031,0,0,0.0,0.0,-4.494801998138428,7.2214555740356445
IMG-1AEFA3EFE6,R1,A,wavelet-HLL,13031,0,0,0.0,0.0,-10.602212905883789,7.837955951690674
IMG-1AEFA3EFE6,R1,A,wavelet-HLH,13031,0,1,0.0,7.674008134448623e-05,-5.169053554534912,6.3966474533081055
IMG-1AEFA3EFE6,R1,A,wavelet-HHL,13031,0,0,0.0,0.0,-5.529577732086182,4.7411298751831055
IMG-1AEFA3EFE6,R1,A,wavelet-HHH,13031,0,0,0.0,0.0,-3.6071584224700928,3.749505043029785
IMG-1AEFA3EFE6,R1,A,wavelet-LLL,13031,0,0,0.0,0.0,-5.9088544845581055,14.829619407653809
IMG-1AEFA3EFE6,R1,A,log-sigma-1-0-mm-3D,13031,0,0,0.0,0.0,-2.817934513092041,2.0238254070281982
IMG-1AEFA3EFE6,R1,A,log-sigma-2-0-mm-3D,13031,0,0,0.0,0.0,-2.3708443641662598,2.0380747318267822
IMG-1AEFA3EFE6,R1,A,log-sigma-3-0-mm-3D,13031,0,0,0.0,0.0,-2.7466444969177246,1.999506950378418
IMG-DA4569F340,R1,A,wavelet-LLH,7591,0,0,0.0,0.0,-8.696587562561035,4.7242207527160645
IMG-DA4569F340,R1,A,wavelet-LHL,7591,0,0,0.0,0.0,-5.6919145584106445,3.645763397216797
IMG-DA4569F340,R1,A,wavelet-LHH,7591,0,0,0.0,0.0,-2.4766435623168945,3.3774642944335938
IMG-DA4569F340,R1,A,wavelet-HLL,7591,0,0,0.0,0.0,-4.000246047973633,3.0815892219543457
IMG-DA4569F340,R1,A,wavelet-HLH,7591,0,0,0.0,0.0,-2.5169503688812256,2.4273898601531982
IMG-DA4569F340,R1,A,wavelet-HHL,7591,0,0,0.0,0.0,-2.0283539295196533,2.173583745956421
IMG-DA4569F340,R1,A,wavelet-HHH,7591,0,0,0.0,0.0,-2.4494309425354004,1.6730324029922485
IMG-DA4569F340,R1,A,wavelet-LLL,7591,0,0,0.0,0.0,-5.67743444442749,11.215584754943848
IMG-DA4569F340,R1,A,log-sigma-1-0-mm-3D,7591,0,0,0.0,0.0,-1.8640317916870117,1.6884652376174927
IMG-DA4569F340,R1,A,log-sigma-2-0-mm-3D,7591,0,0,0.0,0.0,-2.5998964309692383,1.732749104499817
IMG-DA4569F340,R1,A,log-sigma-3-0-mm-3D,7591,0,0,0.0,0.0,-2.9295270442962646,1.6166250705718994
IMG-2E8214BE2B,R1,A,wavelet-LLH,2187,0,0,0.0,0.0,-5.395725727081299,3.550445556640625
IMG-2E8214BE2B,R1,A,wavelet-LHL,2187,0,0,0.0,0.0,-5.122904300689697,5.305777072906494
IMG-2E8214BE2B,R1,A,wavelet-LHH,2187,0,0,0.0,0.0,-3.509423017501831,2.622974395751953
IMG-2E8214BE2B,R1,A,wavelet-HLL,2187,0,0,0.0,0.0,-3.644495964050293,5.01702880859375
IMG-2E8214BE2B,R1,A,wavelet-HLH,2187,0,0,0.0,0.0,-2.3975441455841064,2.4469127655029297
IMG-2E8214BE2B,R1,A,wavelet-HHL,2187,0,0,0.0,0.0,-3.4828760623931885,3.4593265056610107
IMG-2E8214BE2B,R1,A,wavelet-HHH,2187,0,0,0.0,0.0,-2.1239168643951416,2.528581380844116
IMG-2E8214BE2B,R1,A,wavelet-LLL,2187,0,0,0.0,0.0,-6.83483362197876,9.3258056640625
IMG-2E8214BE2B,R1,A,log-sigma-1-0-mm-3D,2187,0,0,0.0,0.0,-1.9234529733657837,2.493129253387451
IMG-2E8214BE2B,R1,A,log-sigma-2-0-mm-3D,2187,0,0,0.0,0.0,-1.4185584783554077,1.9455740451812744
IMG-2E8214BE2B,R1,A,log-sigma-3-0-mm-3D,2187,0,0,0.0,0.0,-1.1620094776153564,1.6443943977355957
IMG-90A2CAF22A,R1,A,wavelet-LLH,30808,0,0,0.0,0.0,-8.06120777130127,6.296955108642578
IMG-90A2CAF22A,R1,A,wavelet-LHL,30808,0,0,0.0,0.0,-5.424010276794434,4.881656646728516
IMG-90A2CAF22A,R1,A,wavelet-LHH,30808,0,0,0.0,0.0,-2.2797434329986572,2.6664092540740967
IMG-90A2CAF22A,R1,A,wavelet-HLL,30808,0,0,0.0,0.0,-8.428750038146973,6.57560396194458
IMG-90A2CAF22A,R1,A,wavelet-HLH,30808,0,0,0.0,0.0,-3.1369199752807617,3.4871323108673096
IMG-90A2CAF22A,R1,A,wavelet-HHL,30808,0,0,0.0,0.0,-3.626619815826416,3.45759916305542
IMG-90A2CAF22A,R1,A,wavelet-HHH,30808,0,0,0.0,0.0,-1.987815499305725,2.1122851371765137
IMG-90A2CAF22A,R1,A,wavelet-LLL,30808,0,0,0.0,0.0,-8.148859024047852,17.89019775390625
IMG-90A2CAF22A,R1,A,log-sigma-1-0-mm-3D,30808,0,0,0.0,0.0,-3.015259265899658,2.7544384002685547
IMG-90A2CAF22A,R1,A,log-sigma-2-0-mm-3D,30808,0,0,0.0,0.0,-2.1347646713256836,2.4990334510803223
IMG-90A2CAF22A,R1,A,log-sigma-3-0-mm-3D,30808,0,0,0.0,0.0,-2.0083765983581543,2.6386308670043945
IMG-49ADFFE3F2,R1,A,wavelet-LLH,8013,0,0,0.0,0.0,-6.438138008117676,6.236754894256592
IMG-49ADFFE3F2,R1,A,wavelet-LHL,8013,0,0,0.0,0.0,-4.686184406280518,3.9694535732269287
IMG-49ADFFE3F2,R1,A,wavelet-LHH,8013,0,0,0.0,0.0,-2.8500633239746094,4.165384292602539
IMG-49ADFFE3F2,R1,A,wavelet-HLL,8013,0,0,0.0,0.0,-6.572525978088379,5.297574520111084
IMG-49ADFFE3F2,R1,A,wavelet-HLH,8013,0,0,0.0,0.0,-2.9351890087127686,2.576098680496216
IMG-49ADFFE3F2,R1,A,wavelet-HHL,8013,0,0,0.0,0.0,-3.544394016265869,4.219970703125
IMG-49ADFFE3F2,R1,A,wavelet-HHH,8013,0,0,0.0,0.0,-2.295820713043213,1.9703820943832397
IMG-49ADFFE3F2,R1,A,wavelet-LLL,8013,0,0,0.0,0.0,-5.71015739440918,12.82687759399414
IMG-49ADFFE3F2,R1,A,log-sigma-1-0-mm-3D,8013,0,0,0.0,0.0,-2.110713481903076,2.09968900680542
IMG-49ADFFE3F2,R1,A,log-sigma-2-0-mm-3D,8013,0,0,0.0,0.0,-1.8487107753753662,2.2298784255981445
IMG-49ADFFE3F2,R1,A,log-sigma-3-0-mm-3D,8013,0,0,0.0,0.0,-2.770590305328369,2.3893375396728516
IMG-F86458F022,R1,A,wavelet-LLH,31641,0,0,0.0,0.0,-3.1286776065826416,2.9050822257995605
IMG-F86458F022,R1,A,wavelet-LHL,31641,0,0,0.0,0.0,-3.1253156661987305,2.9752328395843506
IMG-F86458F022,R1,A,wavelet-LHH,31641,0,0,0.0,0.0,-1.1819742918014526,1.6538437604904175
IMG-F86458F022,R1,A,wavelet-HLL,31641,0,0,0.0,0.0,-4.030045032501221,4.698700904846191
IMG-F86458F022,R1,A,wavelet-HLH,31641,0,0,0.0,0.0,-1.6172082424163818,1.6855123043060303
IMG-F86458F022,R1,A,wavelet-HHL,31641,0,0,0.0,0.0,-2.0954136848449707,2.3621697425842285
IMG-F86458F022,R1,A,wavelet-HHH,31641,0,0,0.0,0.0,-1.1254122257232666,0.9800437688827515
IMG-F86458F022,R1,A,wavelet-LLL,31641,0,0,0.0,0.0,-6.623705863952637,6.793099403381348
IMG-F86458F022,R1,A,log-sigma-1-0-mm-3D,31641,0,0,0.0,0.0,-1.7248024940490723,1.4304156303405762
IMG-F86458F022,R1,A,log-sigma-2-0-mm-3D,31641,0,0,0.0,0.0,-1.6604902744293213,1.3757719993591309
IMG-F86458F022,R1,A,log-sigma-3-0-mm-3D,31641,0,0,0.0,0.0,-1.3955309391021729,1.3176859617233276
IMG-9363DDA9D9,R1,A,wavelet-LLH,8779,0,0,0.0,0.0,-7.273645877838135,7.859476566314697
IMG-9363DDA9D9,R1,A,wavelet-LHL,8779,0,0,0.0,0.0,-5.410254001617432,6.096327304840088
IMG-9363DDA9D9,R1,A,wavelet-LHH,8779,0,0,0.0,0.0,-3.9584991931915283,5.613514423370361
IMG-9363DDA9D9,R1,A,wavelet-HLL,8779,0,0,0.0,0.0,-10.602097511291504,5.487309455871582
IMG-9363DDA9D9,R1,A,wavelet-HLH,8779,0,0,0.0,0.0,-4.779308319091797,4.464986801147461
IMG-9363DDA9D9,R1,A,wavelet-HHL,8779,0,0,0.0,0.0,-4.4436140060424805,4.31602144241333
IMG-9363DDA9D9,R1,A,wavelet-HHH,8779,0,0,0.0,0.0,-3.1403095722198486,3.4061989784240723
IMG-9363DDA9D9,R1,A,wavelet-LLL,8779,0,0,0.0,0.0,-6.312394618988037,8.167969703674316
IMG-9363DDA9D9,R1,A,log-sigma-1-0-mm-3D,8779,0,0,0.0,0.0,-2.8403522968292236,1.9176435470581055
IMG-9363DDA9D9,R1,A,log-sigma-2-0-mm-3D,8779,0,0,0.0,0.0,-1.998359203338623,2.033181667327881
IMG-9363DDA9D9,R1,A,log-sigma-3-0-mm-3D,8779,0,0,0.0,0.0,-1.2685283422470093,2.2422399520874023
IMG-FB631A79B3,R1,A,wavelet-LLH,6108,0,0,0.0,0.0,-8.112767219543457,4.248017311096191
IMG-FB631A79B3,R1,A,wavelet-LHL,6108,0,0,0.0,0.0,-5.284610748291016,7.605782508850098
IMG-FB631A79B3,R1,A,wavelet-LHH,6108,0,0,0.0,0.0,-2.515554904937744,2.9894649982452393
IMG-FB631A79B3,R1,A,wavelet-HLL,6108,0,0,0.0,0.0,-6.155635833740234,4.735166549682617
IMG-FB631A79B3,R1,A,wavelet-HLH,6108,0,0,0.0,0.0,-2.6730024814605713,2.8221418857574463
IMG-FB631A79B3,R1,A,wavelet-HHL,6108,0,0,0.0,0.0,-3.8228981494903564,4.232928276062012
IMG-FB631A79B3,R1,A,wavelet-HHH,6108,0,0,0.0,0.0,-1.826188564300537,2.0553174018859863
IMG-FB631A79B3,R1,A,wavelet-LLL,6108,0,0,0.0,0.0,-6.781978130340576,18.972169876098633
IMG-FB631A79B3,R1,A,log-sigma-1-0-mm-3D,6108,0,0,0.0,0.0,-3.258213996887207,2.4979984760284424
IMG-FB631A79B3,R1,A,log-sigma-2-0-mm-3D,6108,0,0,0.0,0.0,-3.2117249965667725,2.4004530906677246
IMG-FB631A79B3,R1,A,log-sigma-3-0-mm-3D,6108,0,0,0.0,0.0,-3.2559447288513184,2.4745230674743652
IMG-5499170604,R1,A,wavelet-LLH,944,0,0,0.0,0.0,-2.0525643825531006,2.0786216259002686
IMG-5499170604,R1,A,wavelet-LHL,944,0,0,0.0,0.0,-2.4239377975463867,3.2590746879577637
IMG-5499170604,R1,A,wavelet-LHH,944,0,0,0.0,0.0,-1.0478252172470093,1.1849491596221924
IMG-5499170604,R1,A,wavelet-HLL,944,0,0,0.0,0.0,-2.787109375,2.7299537658691406
IMG-5499170604,R1,A,wavelet-HLH,944,0,0,0.0,0.0,-1.1878888607025146,1.3399658203125
IMG-5499170604,R1,A,wavelet-HHL,944,0,0,0.0,0.0,-1.9386509656906128,2.029621124267578
IMG-5499170604,R1,A,wavelet-HHH,944,0,0,0.0,0.0,-0.822651743888855,0.7845116257667542
IMG-5499170604,R1,A,wavelet-LLL,944,0,0,0.0,0.0,-7.086256504058838,5.281760215759277
IMG-5499170604,R1,A,log-sigma-1-0-mm-3D,944,0,0,0.0,0.0,-1.4395300149917603,1.300173282623291
IMG-5499170604,R1,A,log-sigma-2-0-mm-3D,944,0,0,0.0,0.0,-1.9522013664245605,1.4373483657836914
IMG-5499170604,R1,A,log-sigma-3-0-mm-3D,944,0,0,0.0,0.0,-1.741351842880249,1.1799533367156982
IMG-E9EDC2335C,R1,A,wavelet-LLH,12200,0,0,0.0,0.0,-5.554018974304199,5.301560401916504
IMG-E9EDC2335C,R1,A,wavelet-LHL,12200,0,0,0.0,0.0,-8.252738952636719,4.681681156158447
IMG-E9EDC2335C,R1,A,wavelet-LHH,12200,0,0,0.0,0.0,-3.084033489227295,5.294838905334473
IMG-E9EDC2335C,R1,A,wavelet-HLL,12200,0,0,0.0,0.0,-4.907782554626465,6.057137966156006
IMG-E9EDC2335C,R1,A,wavelet-HLH,12200,0,0,0.0,0.0,-2.6172444820404053,2.40490460395813
IMG-E9EDC2335C,R1,A,wavelet-HHL,12200,0,0,0.0,0.0,-4.087279796600342,4.320862293243408
IMG-E9EDC2335C,R1,A,wavelet-HHH,12200,0,0,0.0,0.0,-2.317159414291382,2.1651833057403564
IMG-E9EDC2335C,R1,A,wavelet-LLL,12200,0,0,0.0,0.0,-8.657758712768555,12.859018325805664
IMG-E9EDC2335C,R1,A,log-sigma-1-0-mm-3D,12200,0,0,0.0,0.0,-2.250162363052368,2.0663065910339355
IMG-E9EDC2335C,R1,A,log-sigma-2-0-mm-3D,12200,0,0,0.0,0.0,-1.7073009014129639,2.5976109504699707
IMG-E9EDC2335C,R1,A,log-sigma-3-0-mm-3D,12200,0,0,0.0,0.0,-1.3296810388565063,2.7663018703460693
IMG-4D0EB0D8B3,R1,A,wavelet-LLH,3639,0,0,0.0,0.0,-4.585573196411133,3.457388162612915
IMG-4D0EB0D8B3,R1,A,wavelet-LHL,3639,0,0,0.0,0.0,-4.6672163009643555,4.452597141265869
IMG-4D0EB0D8B3,R1,A,wavelet-LHH,3639,0,0,0.0,0.0,-2.3123586177825928,2.101860284805298
IMG-4D0EB0D8B3,R1,A,wavelet-HLL,3639,0,0,0.0,0.0,-3.842416763305664,3.1446356773376465
IMG-4D0EB0D8B3,R1,A,wavelet-HLH,3639,0,0,0.0,0.0,-1.860358715057373,1.6890007257461548
IMG-4D0EB0D8B3,R1,A,wavelet-HHL,3639,0,0,0.0,0.0,-4.0153889656066895,6.611698150634766
IMG-4D0EB0D8B3,R1,A,wavelet-HHH,3639,0,0,0.0,0.0,-1.8644546270370483,1.8611083030700684
IMG-4D0EB0D8B3,R1,A,wavelet-LLL,3639,0,0,0.0,0.0,-6.715681552886963,9.450777053833008
IMG-4D0EB0D8B3,R1,A,log-sigma-1-0-mm-3D,3639,0,0,0.0,0.0,-2.151338577270508,2.0673553943634033
IMG-4D0EB0D8B3,R1,A,log-sigma-2-0-mm-3D,3639,0,0,0.0,0.0,-2.537184715270996,1.7728242874145508
IMG-4D0EB0D8B3,R1,A,log-sigma-3-0-mm-3D,3639,0,0,0.0,0.0,-1.628098726272583,1.8644951581954956
IMG-3A7BB45B2B,R1,A,wavelet-LLH,2963,0,0,0.0,0.0,-7.161113262176514,4.840512275695801
IMG-3A7BB45B2B,R1,A,wavelet-LHL,2963,0,0,0.0,0.0,-7.3804850578308105,10.529656410217285
IMG-3A7BB45B2B,R1,A,wavelet-LHH,2963,0,0,0.0,0.0,-4.071316242218018,3.547901153564453
IMG-3A7BB45B2B,R1,A,wavelet-HLL,2963,0,0,0.0,0.0,-6.238964557647705,5.107778549194336
IMG-3A7BB45B2B,R1,A,wavelet-HLH,2963,0,0,0.0,0.0,-3.1641311645507812,2.6395270824432373
IMG-3A7BB45B2B,R1,A,wavelet-HHL,2963,0,0,0.0,0.0,-4.577366352081299,5.361448764801025
IMG-3A7BB45B2B,R1,A,wavelet-HHH,2963,0,0,0.0,0.0,-2.0832271575927734,2.635496139526367
IMG-3A7BB45B2B,R1,A,wavelet-LLL,2963,0,0,0.0,0.0,-10.814515113830566,14.38354206085205
IMG-3A7BB45B2B,R1,A,log-sigma-1-0-mm-3D,2963,0,0,0.0,0.0,-1.8498330116271973,3.2428135871887207
IMG-3A7BB45B2B,R1,A,log-sigma-2-0-mm-3D,2963,0,0,0.0,0.0,-1.80172860622406,3.1680731773376465
IMG-3A7BB45B2B,R1,A,log-sigma-3-0-mm-3D,2963,0,0,0.0,0.0,-1.6033270359039307,2.2935919761657715
IMG-DA4569F340,R2,A,wavelet-LLH,14748,0,0,0.0,0.0,-8.216438293457031,4.410309314727783
IMG-DA4569F340,R2,A,wavelet-LHL,14748,0,0,0.0,0.0,-5.313703536987305,4.47316837310791
IMG-DA4569F340,R2,A,wavelet-LHH,14748,0,0,0.0,0.0,-3.085972785949707,3.5200586318969727
IMG-DA4569F340,R2,A,wavelet-HLL,14748,0,0,0.0,0.0,-4.387197494506836,4.870934963226318
IMG-DA4569F340,R2,A,wavelet-HLH,14748,0,0,0.0,0.0,-2.349705934524536,4.9291205406188965
IMG-DA4569F340,R2,A,wavelet-HHL,14748,0,0,0.0,0.0,-2.7103731632232666,2.597107410430908
IMG-DA4569F340,R2,A,wavelet-HHH,14748,0,0,0.0,0.0,-2.286673069000244,2.5636608600616455
IMG-DA4569F340,R2,A,wavelet-LLL,14748,0,0,0.0,0.0,-5.448835372924805,12.67936897277832
IMG-DA4569F340,R2,A,log-sigma-1-0-mm-3D,14748,0,0,0.0,0.0,-2.3544766902923584,1.9289162158966064
IMG-DA4569F340,R2,A,log-sigma-2-0-mm-3D,14748,0,0,0.0,0.0,-3.3972840309143066,1.8316929340362549
IMG-DA4569F340,R2,A,log-sigma-3-0-mm-3D,14748,0,0,0.0,0.0,-3.1250526905059814,1.7201578617095947
IMG-72D76DF319,R1,A,wavelet-LLH,104260,0,0,0.0,0.0,-11.594228744506836,15.614897727966309
IMG-72D76DF319,R1,A,wavelet-LHL,104260,0,0,0.0,0.0,-7.9423627853393555,5.769277095794678
IMG-72D76DF319,R1,A,wavelet-LHH,104260,0,0,0.0,0.0,-5.318558216094971,7.926397800445557
IMG-72D76DF319,R1,A,wavelet-HLL,104260,0,0,0.0,0.0,-7.564323425292969,5.437777996063232
IMG-72D76DF319,R1,A,wavelet-HLH,104260,1,0,9.59140610013428e-06,0.0,-6.127175331115723,5.000367641448975
IMG-72D76DF319,R1,A,wavelet-HHL,104260,0,0,0.0,0.0,-4.882040500640869,5.788608074188232
IMG-72D76DF319,R1,A,wavelet-HHH,104260,0,0,0.0,0.0,-3.9204676151275635,4.026051044464111
IMG-72D76DF319,R1,A,wavelet-LLL,104260,0,0,0.0,0.0,-8.740900039672852,16.02036476135254
IMG-72D76DF319,R1,A,log-sigma-1-0-mm-3D,104260,0,0,0.0,0.0,-4.185521125793457,2.293442964553833
IMG-72D76DF319,R1,A,log-sigma-2-0-mm-3D,104260,0,0,0.0,0.0,-3.7404191493988037,1.8694336414337158
IMG-72D76DF319,R1,A,log-sigma-3-0-mm-3D,104260,0,0,0.0,0.0,-3.664191246032715,1.7107740640640259
IMG-41F869FACD,R1,A,wavelet-LLH,1645,0,0,0.0,0.0,-3.646761894226074,3.8452513217926025
IMG-41F869FACD,R1,A,wavelet-LHL,1645,0,0,0.0,0.0,-5.801630020141602,8.569454193115234
IMG-41F869FACD,R1,A,wavelet-LHH,1645,0,0,0.0,0.0,-3.1807971000671387,3.096306800842285
IMG-41F869FACD,R1,A,wavelet-HLL,1645,0,0,0.0,0.0,-8.253425598144531,8.246034622192383
IMG-41F869FACD,R1,A,wavelet-HLH,1645,0,0,0.0,0.0,-1.9154759645462036,2.183253049850464
IMG-41F869FACD,R1,A,wavelet-HHL,1645,0,0,0.0,0.0,-6.045522212982178,9.258445739746094
IMG-41F869FACD,R1,A,wavelet-HHH,1645,0,0,0.0,0.0,-2.8105854988098145,2.8150746822357178
IMG-41F869FACD,R1,A,wavelet-LLL,1645,0,0,0.0,0.0,-7.187710285186768,9.512474060058594
IMG-41F869FACD,R1,A,log-sigma-1-0-mm-3D,1645,0,0,0.0,0.0,-1.83078932762146,2.581944465637207
IMG-41F869FACD,R1,A,log-sigma-2-0-mm-3D,1645,0,0,0.0,0.0,-1.5080527067184448,3.2684125900268555
IMG-41F869FACD,R1,A,log-sigma-3-0-mm-3D,1645,0,1,0.0,0.0006079027355623101,-0.576257586479187,4.734044551849365
IMG-BF18EB6B25,R1,A,wavelet-LLH,4920,0,0,0.0,0.0,-7.077818870544434,3.8307785987854004
IMG-BF18EB6B25,R1,A,wavelet-LHL,4920,0,0,0.0,0.0,-8.315152168273926,7.864660739898682
IMG-BF18EB6B25,R1,A,wavelet-LHH,4920,0,0,0.0,0.0,-2.5198380947113037,2.9931371212005615
IMG-BF18EB6B25,R1,A,wavelet-HLL,4920,0,0,0.0,0.0,-6.65518045425415,5.862041473388672
IMG-BF18EB6B25,R1,A,wavelet-HLH,4920,0,0,0.0,0.0,-2.1320629119873047,2.397529125213623
IMG-BF18EB6B25,R1,A,wavelet-HHL,4920,0,0,0.0,0.0,-4.02216100692749,3.9381866455078125
IMG-BF18EB6B25,R1,A,wavelet-HHH,4920,0,0,0.0,0.0,-1.5209646224975586,2.1420536041259766
IMG-BF18EB6B25,R1,A,wavelet-LLL,4920,0,0,0.0,0.0,-7.582027912139893,10.912277221679688
IMG-BF18EB6B25,R1,A,log-sigma-1-0-mm-3D,4920,0,0,0.0,0.0,-1.8752658367156982,2.2433950901031494
IMG-BF18EB6B25,R1,A,log-sigma-2-0-mm-3D,4920,0,0,0.0,0.0,-1.6235734224319458,2.0951015949249268
IMG-BF18EB6B25,R1,A,log-sigma-3-0-mm-3D,4920,0,0,0.0,0.0,-1.7566652297973633,2.4184975624084473
IMG-B0E51AD8F2,R1,A,wavelet-LLH,11151,0,0,0.0,0.0,-9.32091999053955,6.910730361938477
IMG-B0E51AD8F2,R1,A,wavelet-LHL,11151,0,0,0.0,0.0,-10.36215591430664,7.220672607421875
IMG-B0E51AD8F2,R1,A,wavelet-LHH,11151,0,0,0.0,0.0,-4.394527912139893,3.9101204872131348
IMG-B0E51AD8F2,R1,A,wavelet-HLL,11151,0,0,0.0,0.0,-6.21666955947876,3.930743932723999
IMG-B0E51AD8F2,R1,A,wavelet-HLH,11151,0,0,0.0,0.0,-3.118992328643799,4.060662269592285
IMG-B0E51AD8F2,R1,A,wavelet-HHL,11151,0,0,0.0,0.0,-4.967252254486084,6.745902061462402
IMG-B0E51AD8F2,R1,A,wavelet-HHH,11151,0,0,0.0,0.0,-2.9544448852539062,3.673586130142212
IMG-B0E51AD8F2,R1,A,wavelet-LLL,11151,0,0,0.0,0.0,-5.256341457366943,19.91818618774414
IMG-B0E51AD8F2,R1,A,log-sigma-1-0-mm-3D,11151,0,0,0.0,0.0,-3.2797553539276123,2.850353717803955
IMG-B0E51AD8F2,R1,A,log-sigma-2-0-mm-3D,11151,0,0,0.0,0.0,-2.605109930038452,2.848998546600342
IMG-B0E51AD8F2,R1,A,log-sigma-3-0-mm-3D,11151,0,0,0.0,0.0,-2.7842326164245605,2.5714590549468994
IMG-1D3C0F8FA0,R1,A,wavelet-LLH,4448,0,0,0.0,0.0,-4.276609420776367,3.937185049057007
IMG-1D3C0F8FA0,R1,A,wavelet-LHL,4448,0,0,0.0,0.0,-4.455785274505615,4.219295024871826
IMG-1D3C0F8FA0,R1,A,wavelet-LHH,4448,0,0,0.0,0.0,-3.1331887245178223,2.6786904335021973
IMG-1D3C0F8FA0,R1,A,wavelet-HLL,4448,0,0,0.0,0.0,-4.747513294219971,6.776294708251953
IMG-1D3C0F8FA0,R1,A,wavelet-HLH,4448,0,0,0.0,0.0,-2.433932304382324,2.5566203594207764
IMG-1D3C0F8FA0,R1,A,wavelet-HHL,4448,0,0,0.0,0.0,-3.214557647705078,3.2610864639282227
IMG-1D3C0F8FA0,R1,A,wavelet-HHH,4448,0,0,0.0,0.0,-2.7608766555786133,2.7970738410949707
IMG-1D3C0F8FA0,R1,A,wavelet-LLL,4448,0,0,0.0,0.0,-7.597334861755371,12.4561767578125
IMG-1D3C0F8FA0,R1,A,log-sigma-1-0-mm-3D,4448,0,0,0.0,0.0,-1.8089388608932495,2.212554931640625
IMG-1D3C0F8FA0,R1,A,log-sigma-2-0-mm-3D,4448,0,0,0.0,0.0,-2.0457406044006348,2.7344393730163574
IMG-1D3C0F8FA0,R1,A,log-sigma-3-0-mm-3D,4448,0,0,0.0,0.0,-1.611710786819458,3.0464913845062256
IMG-9739F308BF,R1,A,wavelet-LLH,11598,0,0,0.0,0.0,-8.466041564941406,8.524130821228027
IMG-9739F308BF,R1,A,wavelet-LHL,11598,0,0,0.0,0.0,-5.609583377838135,5.842459678649902
IMG-9739F308BF,R1,A,wavelet-LHH,11598,0,0,0.0,0.0,-6.2271013259887695,6.727375030517578
IMG-9739F308BF,R1,A,wavelet-HLL,11598,0,0,0.0,0.0,-8.430618286132812,6.391412258148193
IMG-9739F308BF,R1,A,wavelet-HLH,11598,0,0,0.0,0.0,-3.374793529510498,4.380825042724609
IMG-9739F308BF,R1,A,wavelet-HHL,11598,0,0,0.0,0.0,-3.5812785625457764,5.236060619354248
IMG-9739F308BF,R1,A,wavelet-HHH,11598,0,0,0.0,0.0,-2.8380126953125,2.7052009105682373
IMG-9739F308BF,R1,A,wavelet-LLL,11598,0,0,0.0,0.0,-6.311871528625488,14.277230262756348
IMG-9739F308BF,R1,A,log-sigma-1-0-mm-3D,11598,0,0,0.0,0.0,-3.7481558322906494,2.331700563430786
IMG-9739F308BF,R1,A,log-sigma-2-0-mm-3D,11598,0,0,0.0,0.0,-3.2329261302948,1.7258646488189697
IMG-9739F308BF,R1,A,log-sigma-3-0-mm-3D,11598,0,0,0.0,0.0,-2.767805576324463,2.253445863723755
IMG-B59F8E0050,R1,A,wavelet-LLH,6684,0,0,0.0,0.0,-5.423209190368652,6.299447059631348
IMG-B59F8E0050,R1,A,wavelet-LHL,6684,0,0,0.0,0.0,-5.374088287353516,6.767975330352783
IMG-B59F8E0050,R1,A,wavelet-LHH,6684,0,0,0.0,0.0,-2.2236168384552,2.5563273429870605
IMG-B59F8E0050,R1,A,wavelet-HLL,6684,0,0,0.0,0.0,-5.178601264953613,5.371265411376953
IMG-B59F8E0050,R1,A,wavelet-HLH,6684,0,0,0.0,0.0,-2.3215014934539795,2.0513665676116943
IMG-B59F8E0050,R1,A,wavelet-HHL,6684,0,0,0.0,0.0,-3.0104241371154785,3.7090506553649902
IMG-B59F8E0050,R1,A,wavelet-HHH,6684,0,0,0.0,0.0,-1.5237733125686646,1.7091554403305054
IMG-B59F8E0050,R1,A,wavelet-LLL,6684,0,0,0.0,0.0,-7.218120574951172,11.971467018127441
IMG-B59F8E0050,R1,A,log-sigma-1-0-mm-3D,6684,0,0,0.0,0.0,-2.13224196434021,2.6874845027923584
IMG-B59F8E0050,R1,A,log-sigma-2-0-mm-3D,6684,0,0,0.0,0.0,-2.0766587257385254,2.8678908348083496
IMG-B59F8E0050,R1,A,log-sigma-3-0-mm-3D,6684,0,0,0.0,0.0,-1.7454904317855835,2.9928054809570312
IMG-E518F85E8B,R1,A,wavelet-LLH,9396,0,0,0.0,0.0,-7.52660608291626,10.403681755065918
IMG-E518F85E8B,R1,A,wavelet-LHL,9396,0,0,0.0,0.0,-3.833289861679077,3.4154975414276123
IMG-E518F85E8B,R1,A,wavelet-LHH,9396,0,0,0.0,0.0,-1.7855174541473389,2.1052255630493164
IMG-E518F85E8B,R1,A,wavelet-HLL,9396,0,0,0.0,0.0,-3.6705007553100586,4.795509338378906
IMG-E518F85E8B,R1,A,wavelet-HLH,9396,0,0,0.0,0.0,-2.2627768516540527,2.0019917488098145
IMG-E518F85E8B,R1,A,wavelet-HHL,9396,0,0,0.0,0.0,-3.0026631355285645,2.5888118743896484
IMG-E518F85E8B,R1,A,wavelet-HHH,9396,0,0,0.0,0.0,-1.524288296699524,1.4321551322937012
IMG-E518F85E8B,R1,A,wavelet-LLL,9396,0,0,0.0,0.0,-6.848357200622559,7.462559223175049
IMG-E518F85E8B,R1,A,log-sigma-1-0-mm-3D,9396,0,0,0.0,0.0,-2.625931739807129,1.827655553817749
IMG-E518F85E8B,R1,A,log-sigma-2-0-mm-3D,9396,0,0,0.0,0.0,-2.3297371864318848,1.711951494216919
IMG-E518F85E8B,R1,A,log-sigma-3-0-mm-3D,9396,0,0,0.0,0.0,-2.264544725418091,1.72452974319458
IMG-7779039B4D,R1,A,wavelet-LLH,1541,0,0,0.0,0.0,-7.59832763671875,5.394200801849365
IMG-7779039B4D,R1,A,wavelet-LHL,1541,0,0,0.0,0.0,-6.638985633850098,4.919538974761963
IMG-7779039B4D,R1,A,wavelet-LHH,1541,0,0,0.0,0.0,-2.834242105484009,3.4651103019714355
IMG-7779039B4D,R1,A,wavelet-HLL,1541,0,0,0.0,0.0,-9.703363418579102,4.917635917663574
IMG-7779039B4D,R1,A,wavelet-HLH,1541,0,0,0.0,0.0,-2.0611698627471924,3.3695356845855713
IMG-7779039B4D,R1,A,wavelet-HHL,1541,0,0,0.0,0.0,-3.7937655448913574,3.71496844291687
IMG-7779039B4D,R1,A,wavelet-HHH,1541,0,0,0.0,0.0,-1.7616089582443237,2.1453757286071777
IMG-7779039B4D,R1,A,wavelet-LLL,1541,0,0,0.0,0.0,-5.1651763916015625,16.343978881835938
IMG-7779039B4D,R1,A,log-sigma-1-0-mm-3D,1541,0,0,0.0,0.0,-2.457507610321045,2.4510676860809326
IMG-7779039B4D,R1,A,log-sigma-2-0-mm-3D,1541,0,0,0.0,0.0,-2.622159957885742,3.4590601921081543
IMG-7779039B4D,R1,A,log-sigma-3-0-mm-3D,1541,0,0,0.0,0.0,-2.75168514251709,3.4599862098693848
IMG-6DD5C1D207,R1,A,wavelet-LLH,9412,0,0,0.0,0.0,-3.152282476425171,3.0500411987304688
IMG-6DD5C1D207,R1,A,wavelet-LHL,9412,0,0,0.0,0.0,-4.509324550628662,4.698306083679199
IMG-6DD5C1D207,R1,A,wavelet-LHH,9412,0,0,0.0,0.0,-1.7994962930679321,2.2479424476623535
IMG-6DD5C1D207,R1,A,wavelet-HLL,9412,0,0,0.0,0.0,-6.4794921875,4.293944358825684
IMG-6DD5C1D207,R1,A,wavelet-HLH,9412,0,0,0.0,0.0,-1.7100422382354736,3.0985867977142334
IMG-6DD5C1D207,R1,A,wavelet-HHL,9412,0,0,0.0,0.0,-2.5935006141662598,2.6084752082824707
IMG-6DD5C1D207,R1,A,wavelet-HHH,9412,0,0,0.0,0.0,-1.382123351097107,1.4391368627548218
IMG-6DD5C1D207,R1,A,wavelet-LLL,9412,0,0,0.0,0.0,-8.239888191223145,7.769493103027344
IMG-6DD5C1D207,R1,A,log-sigma-1-0-mm-3D,9412,0,0,0.0,0.0,-2.1392781734466553,1.741489291191101
IMG-6DD5C1D207,R1,A,log-sigma-2-0-mm-3D,9412,0,0,0.0,0.0,-1.6915338039398193,1.872002363204956
IMG-6DD5C1D207,R1,A,log-sigma-3-0-mm-3D,9412,0,0,0.0,0.0,-1.2653136253356934,1.8158494234085083
IMG-12B96F8D2D,R1,A,wavelet-LLH,5509,0,0,0.0,0.0,-3.176342010498047,3.911203145980835
IMG-12B96F8D2D,R1,A,wavelet-LHL,5509,0,0,0.0,0.0,-5.897498607635498,5.926251411437988
IMG-12B96F8D2D,R1,A,wavelet-LHH,5509,0,0,0.0,0.0,-2.9756100177764893,3.561342239379883
IMG-12B96F8D2D,R1,A,wavelet-HLL,5509,0,0,0.0,0.0,-8.907018661499023,7.532371520996094
IMG-12B96F8D2D,R1,A,wavelet-HLH,5509,0,0,0.0,0.0,-2.8613028526306152,2.7339062690734863
IMG-12B96F8D2D,R1,A,wavelet-HHL,5509,0,0,0.0,0.0,-4.609844207763672,4.101350784301758
IMG-12B96F8D2D,R1,A,wavelet-HHH,5509,0,0,0.0,0.0,-2.2303690910339355,2.026236057281494
IMG-12B96F8D2D,R1,A,wavelet-LLL,5509,0,0,0.0,0.0,-5.04827880859375,16.701026916503906
IMG-12B96F8D2D,R1,A,log-sigma-1-0-mm-3D,5509,0,0,0.0,0.0,-3.0934340953826904,3.1940295696258545
IMG-12B96F8D2D,R1,A,log-sigma-2-0-mm-3D,5509,0,0,0.0,0.0,-1.7687257528305054,3.4497880935668945
IMG-12B96F8D2D,R1,A,log-sigma-3-0-mm-3D,5509,0,0,0.0,0.0,-1.5204793214797974,3.4673757553100586
IMG-FF9305570E,R1,A,wavelet-LLH,12116,0,0,0.0,0.0,-14.117345809936523,13.410527229309082
IMG-FF9305570E,R1,A,wavelet-LHL,12116,0,0,0.0,0.0,-7.854560852050781,4.470695495605469
IMG-FF9305570E,R1,A,wavelet-LHH,12116,0,0,0.0,0.0,-2.7190849781036377,2.354290246963501
IMG-FF9305570E,R1,A,wavelet-HLL,12116,0,0,0.0,0.0,-5.888308048248291,4.76325798034668
IMG-FF9305570E,R1,A,wavelet-HLH,12116,0,0,0.0,0.0,-1.9337199926376343,1.8862417936325073
IMG-FF9305570E,R1,A,wavelet-HHL,12116,0,0,0.0,0.0,-4.480043411254883,3.037108898162842
IMG-FF9305570E,R1,A,wavelet-HHH,12116,0,0,0.0,0.0,-1.3444416522979736,1.608262062072754
IMG-FF9305570E,R1,A,wavelet-LLL,12116,0,0,0.0,0.0,-7.976789474487305,14.255884170532227
IMG-FF9305570E,R1,A,log-sigma-1-0-mm-3D,12116,0,0,0.0,0.0,-2.8586323261260986,2.472275972366333
IMG-FF9305570E,R1,A,log-sigma-2-0-mm-3D,12116,0,0,0.0,0.0,-3.00819993019104,2.3981430530548096
IMG-FF9305570E,R1,A,log-sigma-3-0-mm-3D,12116,0,0,0.0,0.0,-3.165058135986328,2.414595127105713
IMG-A94AF0E2B7,R1,A,wavelet-LLH,6252,0,0,0.0,0.0,-4.910057544708252,2.7600462436676025
IMG-A94AF0E2B7,R1,A,wavelet-LHL,6252,0,0,0.0,0.0,-7.407768249511719,5.895610332489014
IMG-A94AF0E2B7,R1,A,wavelet-LHH,6252,0,0,0.0,0.0,-1.888638973236084,2.678696632385254
IMG-A94AF0E2B7,R1,A,wavelet-HLL,6252,0,0,0.0,0.0,-5.04632043838501,4.386446952819824
IMG-A94AF0E2B7,R1,A,wavelet-HLH,6252,0,0,0.0,0.0,-1.9761319160461426,1.6907204389572144
IMG-A94AF0E2B7,R1,A,wavelet-HHL,6252,0,0,0.0,0.0,-4.916073799133301,4.959383487701416
IMG-A94AF0E2B7,R1,A,wavelet-HHH,6252,0,0,0.0,0.0,-1.3389272689819336,1.8323286771774292
IMG-A94AF0E2B7,R1,A,wavelet-LLL,6252,0,0,0.0,0.0,-7.534434795379639,12.861780166625977
IMG-A94AF0E2B7,R1,A,log-sigma-1-0-mm-3D,6252,0,0,0.0,0.0,-3.1280405521392822,1.8933305740356445
IMG-A94AF0E2B7,R1,A,log-sigma-2-0-mm-3D,6252,0,0,0.0,0.0,-1.9403961896896362,2.4577250480651855
IMG-A94AF0E2B7,R1,A,log-sigma-3-0-mm-3D,6252,0,0,0.0,0.0,-1.4272427558898926,3.384587287902832
IMG-16B3264BD9,R1,A,wavelet-LLH,2937,0,0,0.0,0.0,-3.1306204795837402,3.2427520751953125
IMG-16B3264BD9,R1,A,wavelet-LHL,2937,0,0,0.0,0.0,-4.084144115447998,3.9182024002075195
IMG-16B3264BD9,R1,A,wavelet-LHH,2937,0,0,0.0,0.0,-1.5602853298187256,1.4728913307189941
IMG-16B3264BD9,R1,A,wavelet-HLL,2937,0,0,0.0,0.0,-3.8453731536865234,3.2490251064300537
IMG-16B3264BD9,R1,A,wavelet-HLH,2937,0,0,0.0,0.0,-1.5867269039154053,1.780196189880371
IMG-16B3264BD9,R1,A,wavelet-HHL,2937,0,0,0.0,0.0,-2.541233777999878,4.09155797958374
IMG-16B3264BD9,R1,A,wavelet-HHH,2937,0,0,0.0,0.0,-1.1294749975204468,0.9605176448822021
IMG-16B3264BD9,R1,A,wavelet-LLL,2937,0,0,0.0,0.0,-6.732546329498291,8.448561668395996
IMG-16B3264BD9,R1,A,log-sigma-1-0-mm-3D,2937,0,0,0.0,0.0,-2.130336046218872,1.8228888511657715
IMG-16B3264BD9,R1,A,log-sigma-2-0-mm-3D,2937,0,0,0.0,0.0,-1.7507312297821045,1.9043631553649902
IMG-16B3264BD9,R1,A,log-sigma-3-0-mm-3D,2937,0,0,0.0,0.0,-1.3950245380401611,1.6252788305282593
IMG-16B3264BD9,R2,A,wavelet-LLH,4256,0,0,0.0,0.0,-3.698258638381958,3.1251001358032227
IMG-16B3264BD9,R2,A,wavelet-LHL,4256,0,0,0.0,0.0,-5.3171281814575195,4.006481647491455
IMG-16B3264BD9,R2,A,wavelet-LHH,4256,0,0,0.0,0.0,-1.6931909322738647,2.6300854682922363
IMG-16B3264BD9,R2,A,wavelet-HLL,4256,0,0,0.0,0.0,-3.705857515335083,2.8811144828796387
IMG-16B3264BD9,R2,A,wavelet-HLH,4256,0,0,0.0,0.0,-2.3670473098754883,2.6135008335113525
IMG-16B3264BD9,R2,A,wavelet-HHL,4256,0,0,0.0,0.0,-2.8437793254852295,3.398247241973877
IMG-16B3264BD9,R2,A,wavelet-HHH,4256,0,0,0.0,0.0,-1.2502665519714355,1.574795126914978
IMG-16B3264BD9,R2,A,wavelet-LLL,4256,0,0,0.0,0.0,-7.109044551849365,10.268174171447754
IMG-16B3264BD9,R2,A,log-sigma-1-0-mm-3D,4256,0,0,0.0,0.0,-3.112761974334717,2.0884034633636475
IMG-16B3264BD9,R2,A,log-sigma-2-0-mm-3D,4256,0,0,0.0,0.0,-2.0336196422576904,1.9564239978790283
IMG-16B3264BD9,R2,A,log-sigma-3-0-mm-3D,4256,0,0,0.0,0.0,-1.3580299615859985,2.0378358364105225
IMG-8BF8DD5DE4,R1,A,wavelet-LLH,10399,0,0,0.0,0.0,-7.212098598480225,4.552570819854736
IMG-8BF8DD5DE4,R1,A,wavelet-LHL,10399,0,0,0.0,0.0,-3.312263011932373,3.5221457481384277
IMG-8BF8DD5DE4,R1,A,wavelet-LHH,10399,0,0,0.0,0.0,-1.439515233039856,1.2887471914291382
IMG-8BF8DD5DE4,R1,A,wavelet-HLL,10399,0,0,0.0,0.0,-3.331918954849243,3.178499937057495
IMG-8BF8DD5DE4,R1,A,wavelet-HLH,10399,0,0,0.0,0.0,-2.3409388065338135,1.5229477882385254
IMG-8BF8DD5DE4,R1,A,wavelet-HHL,10399,0,0,0.0,0.0,-3.00925350189209,2.06286358833313
IMG-8BF8DD5DE4,R1,A,wavelet-HHH,10399,0,0,0.0,0.0,-1.2968695163726807,1.1098458766937256
IMG-8BF8DD5DE4,R1,A,wavelet-LLL,10399,0,0,0.0,0.0,-6.55368185043335,11.490039825439453
IMG-8BF8DD5DE4,R1,A,log-sigma-1-0-mm-3D,10399,0,0,0.0,0.0,-2.2179901599884033,2.370626926422119
IMG-8BF8DD5DE4,R1,A,log-sigma-2-0-mm-3D,10399,0,0,0.0,0.0,-2.050144672393799,2.264711380004883
IMG-8BF8DD5DE4,R1,A,log-sigma-3-0-mm-3D,10399,0,0,0.0,0.0,-1.8506476879119873,2.347315549850464
IMG-8BF8DD5DE4,R2,A,wavelet-LLH,16355,0,0,0.0,0.0,-6.516395092010498,5.028514862060547
IMG-8BF8DD5DE4,R2,A,wavelet-LHL,16355,0,0,0.0,0.0,-3.051698684692383,3.732729196548462
IMG-8BF8DD5DE4,R2,A,wavelet-LHH,16355,0,0,0.0,0.0,-1.6130788326263428,2.042471170425415
IMG-8BF8DD5DE4,R2,A,wavelet-HLL,16355,0,0,0.0,0.0,-4.5611348152160645,4.760589599609375
IMG-8BF8DD5DE4,R2,A,wavelet-HLH,16355,0,0,0.0,0.0,-2.214794158935547,1.9482989311218262
IMG-8BF8DD5DE4,R2,A,wavelet-HHL,16355,0,0,0.0,0.0,-3.2553913593292236,2.5653483867645264
IMG-8BF8DD5DE4,R2,A,wavelet-HHH,16355,0,0,0.0,0.0,-1.2910175323486328,1.3137236833572388
IMG-8BF8DD5DE4,R2,A,wavelet-LLL,16355,0,0,0.0,0.0,-6.250064373016357,14.317809104919434
IMG-8BF8DD5DE4,R2,A,log-sigma-1-0-mm-3D,16355,0,0,0.0,0.0,-2.191117763519287,2.361536979675293
IMG-8BF8DD5DE4,R2,A,log-sigma-2-0-mm-3D,16355,0,0,0.0,0.0,-2.3798129558563232,2.3305230140686035
IMG-8BF8DD5DE4,R2,A,log-sigma-3-0-mm-3D,16355,0,0,0.0,0.0,-2.2534990310668945,2.154747724533081
IMG-46D9CAD894,R1,A,wavelet-LLH,1447,0,0,0.0,0.0,-8.692209243774414,7.8839030265808105
IMG-46D9CAD894,R1,A,wavelet-LHL,1447,0,0,0.0,0.0,-3.906726598739624,3.3610448837280273
IMG-46D9CAD894,R1,A,wavelet-LHH,1447,0,0,0.0,0.0,-4.63580322265625,5.036060810089111
IMG-46D9CAD894,R1,A,wavelet-HLL,1447,0,0,0.0,0.0,-10.677559852600098,5.722423553466797
IMG-46D9CAD894,R1,A,wavelet-HLH,1447,0,0,0.0,0.0,-3.063458204269409,3.8506646156311035
IMG-46D9CAD894,R1,A,wavelet-HHL,1447,0,0,0.0,0.0,-2.6870970726013184,3.301967144012451
IMG-46D9CAD894,R1,A,wavelet-HHH,1447,0,0,0.0,0.0,-1.773281455039978,1.6479021310806274
IMG-46D9CAD894,R1,A,wavelet-LLL,1447,0,0,0.0,0.0,-6.539453029632568,17.358129501342773
IMG-46D9CAD894,R1,A,log-sigma-1-0-mm-3D,1447,0,0,0.0,0.0,-1.7436397075653076,2.3185698986053467
IMG-46D9CAD894,R1,A,log-sigma-2-0-mm-3D,1447,0,0,0.0,0.0,-3.3908772468566895,2.08437442779541
IMG-46D9CAD894,R1,A,log-sigma-3-0-mm-3D,1447,0,0,0.0,0.0,-2.4339771270751953,2.3090505599975586
IMG-D912BD7931,R1,A,wavelet-LLH,6854,0,0,0.0,0.0,-5.903172969818115,4.793031215667725
IMG-D912BD7931,R1,A,wavelet-LHL,6854,0,0,0.0,0.0,-8.3479585647583,9.147323608398438
IMG-D912BD7931,R1,A,wavelet-LHH,6854,0,0,0.0,0.0,-3.4642748832702637,4.405432224273682
IMG-D912BD7931,R1,A,wavelet-HLL,6854,0,0,0.0,0.0,-5.593491077423096,6.378294467926025
IMG-D912BD7931,R1,A,wavelet-HLH,6854,0,0,0.0,0.0,-2.836683988571167,2.444610595703125
IMG-D912BD7931,R1,A,wavelet-HHL,6854,0,0,0.0,0.0,-6.389040470123291,4.666399955749512
IMG-D912BD7931,R1,A,wavelet-HHH,6854,0,0,0.0,0.0,-1.808200716972351,2.6603498458862305
IMG-D912BD7931,R1,A,wavelet-LLL,6854,0,0,0.0,0.0,-8.05826473236084,9.480733871459961
IMG-D912BD7931,R1,A,log-sigma-1-0-mm-3D,6854,0,0,0.0,0.0,-2.3544464111328125,3.212207078933716
IMG-D912BD7931,R1,A,log-sigma-2-0-mm-3D,6854,0,0,0.0,0.0,-1.4569605588912964,3.080569267272949
IMG-D912BD7931,R1,A,log-sigma-3-0-mm-3D,6854,0,0,0.0,0.0,-1.0045604705810547,2.9332618713378906
IMG-A3C8C2DD06,R1,A,wavelet-LLH,8833,0,0,0.0,0.0,-4.830226898193359,3.9864554405212402
IMG-A3C8C2DD06,R1,A,wavelet-LHL,8833,0,0,0.0,0.0,-8.808232307434082,5.911938190460205
IMG-A3C8C2DD06,R1,A,wavelet-LHH,8833,0,0,0.0,0.0,-2.1608855724334717,2.044511318206787
IMG-A3C8C2DD06,R1,A,wavelet-HLL,8833,0,0,0.0,0.0,-7.239020824432373,6.699281215667725
IMG-A3C8C2DD06,R1,A,wavelet-HLH,8833,0,0,0.0,0.0,-1.9528266191482544,2.0803141593933105
IMG-A3C8C2DD06,R1,A,wavelet-HHL,8833,0,0,0.0,0.0,-5.725744724273682,4.246199131011963
IMG-A3C8C2DD06,R1,A,wavelet-HHH,8833,0,0,0.0,0.0,-1.6609658002853394,2.010425329208374
IMG-A3C8C2DD06,R1,A,wavelet-LLL,8833,0,0,0.0,0.0,-7.208575248718262,17.5946044921875
IMG-A3C8C2DD06,R1,A,log-sigma-1-0-mm-3D,8833,0,0,0.0,0.0,-2.2338640689849854,2.4419591426849365
IMG-A3C8C2DD06,R1,A,log-sigma-2-0-mm-3D,8833,0,0,0.0,0.0,-2.290207862854004,2.8427391052246094
IMG-A3C8C2DD06,R1,A,log-sigma-3-0-mm-3D,8833,0,0,0.0,0.0,-2.3982043266296387,2.8673863410949707
IMG-6F0D79FD2F,R1,A,wavelet-LLH,5435,0,0,0.0,0.0,-6.849432945251465,4.904616832733154
IMG-6F0D79FD2F,R1,A,wavelet-LHL,5435,0,0,0.0,0.0,-4.3484063148498535,6.130788326263428
IMG-6F0D79FD2F,R1,A,wavelet-LHH,5435,0,0,0.0,0.0,-2.538987636566162,2.2432093620300293
IMG-6F0D79FD2F,R1,A,wavelet-HLL,5435,0,0,0.0,0.0,-5.140598773956299,4.970719337463379
IMG-6F0D79FD2F,R1,A,wavelet-HLH,5435,0,0,0.0,0.0,-2.692211627960205,2.7699594497680664
IMG-6F0D79FD2F,R1,A,wavelet-HHL,5435,0,0,0.0,0.0,-3.623323440551758,3.2664709091186523
IMG-6F0D79FD2F,R1,A,wavelet-HHH,5435,0,0,0.0,0.0,-1.7466844320297241,1.6579253673553467
IMG-6F0D79FD2F,R1,A,wavelet-LLL,5435,0,0,0.0,0.0,-8.343687057495117,11.841595649719238
IMG-6F0D79FD2F,R1,A,log-sigma-1-0-mm-3D,5435,0,0,0.0,0.0,-2.2729036808013916,2.8345611095428467
IMG-6F0D79FD2F,R1,A,log-sigma-2-0-mm-3D,5435,0,0,0.0,0.0,-2.2633376121520996,2.4117560386657715
IMG-6F0D79FD2F,R1,A,log-sigma-3-0-mm-3D,5435,0,0,0.0,0.0,-1.7395256757736206,2.6123785972595215
IMG-9CAFFB700F,R1,A,wavelet-LLH,11766,0,0,0.0,0.0,-4.889873027801514,3.412886619567871
IMG-9CAFFB700F,R1,A,wavelet-LHL,11766,0,0,0.0,0.0,-5.023033142089844,3.9971344470977783
IMG-9CAFFB700F,R1,A,wavelet-LHH,11766,0,0,0.0,0.0,-1.5504536628723145,1.8599694967269897
IMG-9CAFFB700F,R1,A,wavelet-HLL,11766,0,0,0.0,0.0,-4.356171131134033,3.6749162673950195
IMG-9CAFFB700F,R1,A,wavelet-HLH,11766,0,0,0.0,0.0,-1.7562024593353271,2.16383695602417
IMG-9CAFFB700F,R1,A,wavelet-HHL,11766,0,0,0.0,0.0,-4.688887119293213,5.9137678146362305
IMG-9CAFFB700F,R1,A,wavelet-HHH,11766,0,0,0.0,0.0,-1.481935977935791,1.1396701335906982
IMG-9CAFFB700F,R1,A,wavelet-LLL,11766,0,0,0.0,0.0,-5.429723739624023,10.590423583984375
IMG-9CAFFB700F,R1,A,log-sigma-1-0-mm-3D,11766,0,0,0.0,0.0,-1.7163041830062866,1.5573017597198486
IMG-9CAFFB700F,R1,A,log-sigma-2-0-mm-3D,11766,0,0,0.0,0.0,-2.108872413635254,1.7049615383148193
IMG-9CAFFB700F,R1,A,log-sigma-3-0-mm-3D,11766,0,0,0.0,0.0,-1.878334641456604,1.4987162351608276
IMG-34B5A93F0D,R1,A,wavelet-LLH,39812,0,0,0.0,0.0,-6.203702449798584,13.163233757019043
IMG-34B5A93F0D,R1,A,wavelet-LHL,39812,0,0,0.0,0.0,-6.497233867645264,4.300744533538818
IMG-34B5A93F0D,R1,A,wavelet-LHH,39812,0,0,0.0,0.0,-2.2879066467285156,2.2875967025756836
IMG-34B5A93F0D,R1,A,wavelet-HLL,39812,0,0,0.0,0.0,-4.776298999786377,3.8371598720550537
IMG-34B5A93F0D,R1,A,wavelet-HLH,39812,0,0,0.0,0.0,-2.1267199516296387,2.162309169769287
IMG-34B5A93F0D,R1,A,wavelet-HHL,39812,0,0,0.0,0.0,-2.880021333694458,3.1750946044921875
IMG-34B5A93F0D,R1,A,wavelet-HHH,39812,0,0,0.0,0.0,-2.321357011795044,2.6429290771484375
IMG-34B5A93F0D,R1,A,wavelet-LLL,39812,0,0,0.0,0.0,-7.71104621887207,12.9243745803833
IMG-34B5A93F0D,R1,A,log-sigma-1-0-mm-3D,39812,0,0,0.0,0.0,-2.9701595306396484,2.6001296043395996
IMG-34B5A93F0D,R1,A,log-sigma-2-0-mm-3D,39812,0,0,0.0,0.0,-2.6986758708953857,1.5017529726028442
IMG-34B5A93F0D,R1,A,log-sigma-3-0-mm-3D,39812,0,0,0.0,0.0,-2.348851442337036,1.819272518157959
IMG-34B5A93F0D,R2,A,wavelet-LLH,26840,0,0,0.0,0.0,-7.42838716506958,16.619516372680664
IMG-34B5A93F0D,R2,A,wavelet-LHL,26840,0,0,0.0,0.0,-7.764994144439697,4.245087146759033
IMG-34B5A93F0D,R2,A,wavelet-LHH,26840,0,0,0.0,0.0,-2.842796802520752,3.867546319961548
IMG-34B5A93F0D,R2,A,wavelet-HLL,26840,0,0,0.0,0.0,-4.714486598968506,3.965646266937256
IMG-34B5A93F0D,R2,A,wavelet-HLH,26840,0,0,0.0,0.0,-1.621232509613037,2.008964776992798
IMG-34B5A93F0D,R2,A,wavelet-HHL,26840,0,0,0.0,0.0,-2.6895053386688232,3.1340043544769287
IMG-34B5A93F0D,R2,A,wavelet-HHH,26840,0,0,0.0,0.0,-1.2278170585632324,1.475061058998108
IMG-34B5A93F0D,R2,A,wavelet-LLL,26840,0,0,0.0,0.0,-8.212091445922852,17.47370147705078
IMG-34B5A93F0D,R2,A,log-sigma-1-0-mm-3D,26840,0,0,0.0,0.0,-3.8560891151428223,2.5661416053771973
IMG-34B5A93F0D,R2,A,log-sigma-2-0-mm-3D,26840,0,0,0.0,0.0,-2.690340518951416,1.7469021081924438
IMG-34B5A93F0D,R2,A,log-sigma-3-0-mm-3D,26840,0,0,0.0,0.0,-2.726832389831543,1.7957284450531006
IMG-D1AF77C161,R1,A,wavelet-LLH,21406,0,0,0.0,0.0,-2.2848281860351562,1.9767802953720093
IMG-D1AF77C161,R1,A,wavelet-LHL,21406,0,0,0.0,0.0,-2.6926112174987793,2.9306976795196533
IMG-D1AF77C161,R1,A,wavelet-LHH,21406,0,0,0.0,0.0,-1.1455819606781006,1.1248944997787476
IMG-D1AF77C161,R1,A,wavelet-HLL,21406,0,0,0.0,0.0,-4.028162002563477,3.4683804512023926
IMG-D1AF77C161,R1,A,wavelet-HLH,21406,0,0,0.0,0.0,-1.236022710800171,1.4359688758850098
IMG-D1AF77C161,R1,A,wavelet-HHL,21406,0,0,0.0,0.0,-2.0629420280456543,2.0061471462249756
IMG-D1AF77C161,R1,A,wavelet-HHH,21406,0,0,0.0,0.0,-0.9331489205360413,1.0788121223449707
IMG-D1AF77C161,R1,A,wavelet-LLL,21406,0,0,0.0,0.0,-4.875805377960205,7.357326507568359
IMG-D1AF77C161,R1,A,log-sigma-1-0-mm-3D,21406,0,0,0.0,0.0,-1.8802666664123535,1.3483103513717651
IMG-D1AF77C161,R1,A,log-sigma-2-0-mm-3D,21406,0,0,0.0,0.0,-1.8390363454818726,1.204861044883728
IMG-D1AF77C161,R1,A,log-sigma-3-0-mm-3D,21406,0,0,0.0,0.0,-1.498494267463684,1.2749725580215454
IMG-9F1071F4E8,R1,A,wavelet-LLH,17514,0,0,0.0,0.0,-2.180431604385376,2.0902936458587646
IMG-9F1071F4E8,R1,A,wavelet-LHL,17514,0,0,0.0,0.0,-3.2433464527130127,3.222146511077881
IMG-9F1071F4E8,R1,A,wavelet-LHH,17514,0,0,0.0,0.0,-1.1533679962158203,1.463133692741394
IMG-9F1071F4E8,R1,A,wavelet-HLL,17514,0,0,0.0,0.0,-1.9942482709884644,2.230891227722168
IMG-9F1071F4E8,R1,A,wavelet-HLH,17514,0,0,0.0,0.0,-1.0491788387298584,0.9261464476585388
IMG-9F1071F4E8,R1,A,wavelet-HHL,17514,0,0,0.0,0.0,-1.7356096506118774,1.573113203048706
IMG-9F1071F4E8,R1,A,wavelet-HHH,17514,0,0,0.0,0.0,-0.7732409238815308,0.8249853253364563
IMG-9F1071F4E8,R1,A,wavelet-LLL,17514,0,0,0.0,0.0,-5.6190361976623535,7.463112831115723
IMG-9F1071F4E8,R1,A,log-sigma-1-0-mm-3D,17514,0,0,0.0,0.0,-1.34978187084198,1.057350754737854
IMG-9F1071F4E8,R1,A,log-sigma-2-0-mm-3D,17514,0,0,0.0,0.0,-1.6418640613555908,1.068827509880066
IMG-9F1071F4E8,R1,A,log-sigma-3-0-mm-3D,17514,0,0,0.0,0.0,-1.5568159818649292,1.165321946144104
IMG-66B4D4AA09,R1,A,wavelet-LLH,7474,0,0,0.0,0.0,-4.722253799438477,4.923722267150879
IMG-66B4D4AA09,R1,A,wavelet-LHL,7474,0,0,0.0,0.0,-6.586252212524414,6.741070747375488
IMG-66B4D4AA09,R1,A,wavelet-LHH,7474,0,0,0.0,0.0,-2.474308729171753,2.9111714363098145
IMG-66B4D4AA09,R1,A,wavelet-HLL,7474,0,0,0.0,0.0,-5.092540264129639,7.880730628967285
IMG-66B4D4AA09,R1,A,wavelet-HLH,7474,0,0,0.0,0.0,-3.0408310890197754,4.2488250732421875
IMG-66B4D4AA09,R1,A,wavelet-HHL,7474,0,0,0.0,0.0,-4.1141133308410645,4.444051742553711
IMG-66B4D4AA09,R1,A,wavelet-HHH,7474,0,0,0.0,0.0,-1.817883849143982,1.6241282224655151
IMG-66B4D4AA09,R1,A,wavelet-LLL,7474,0,0,0.0,0.0,-7.427983283996582,12.432634353637695
IMG-66B4D4AA09,R1,A,log-sigma-1-0-mm-3D,7474,0,0,0.0,0.0,-2.420327663421631,2.5222320556640625
IMG-66B4D4AA09,R1,A,log-sigma-2-0-mm-3D,7474,0,0,0.0,0.0,-1.653721809387207,3.7108473777770996
IMG-66B4D4AA09,R1,A,log-sigma-3-0-mm-3D,7474,0,0,0.0,0.0,-1.4968409538269043,3.0567922592163086
IMG-7D9C529BB1,R1,A,wavelet-LLH,11945,0,0,0.0,0.0,-12.513200759887695,16.822851181030273
IMG-7D9C529BB1,R1,A,wavelet-LHL,11945,0,0,0.0,0.0,-7.102697372436523,5.9140801429748535
IMG-7D9C529BB1,R1,A,wavelet-LHH,11945,0,0,0.0,0.0,-3.38859486579895,3.7113871574401855
IMG-7D9C529BB1,R1,A,wavelet-HLL,11945,0,0,0.0,0.0,-6.879268169403076,7.905397415161133
IMG-7D9C529BB1,R1,A,wavelet-HLH,11945,0,0,0.0,0.0,-2.726553201675415,2.8176703453063965
IMG-7D9C529BB1,R1,A,wavelet-HHL,11945,0,0,0.0,0.0,-5.472639560699463,6.81846284866333
IMG-7D9C529BB1,R1,A,wavelet-HHH,11945,0,0,0.0,0.0,-3.276644468307495,3.142878293991089
IMG-7D9C529BB1,R1,A,wavelet-LLL,11945,0,0,0.0,0.0,-7.326762676239014,13.55014705657959
IMG-7D9C529BB1,R1,A,log-sigma-1-0-mm-3D,11945,0,0,0.0,0.0,-3.220527172088623,2.5504913330078125
IMG-7D9C529BB1,R1,A,log-sigma-2-0-mm-3D,11945,0,0,0.0,0.0,-2.831155300140381,2.6154634952545166
IMG-7D9C529BB1,R1,A,log-sigma-3-0-mm-3D,11945,0,0,0.0,0.0,-2.8825535774230957,2.5757246017456055
IMG-22AD8047D7,R1,B,wavelet-LLH,2324,0,0,0.0,0.0,-4.338383674621582,3.1951963901519775
IMG-22AD8047D7,R1,B,wavelet-LHL,2324,0,0,0.0,0.0,-3.699307441711426,8.663288116455078
IMG-22AD8047D7,R1,B,wavelet-LHH,2324,0,0,0.0,0.0,-2.027864456176758,2.1392343044281006
IMG-22AD8047D7,R1,B,wavelet-HLL,2324,0,0,0.0,0.0,-5.610895156860352,4.240742206573486
IMG-22AD8047D7,R1,B,wavelet-HLH,2324,0,0,0.0,0.0,-1.71110999584198,2.2391393184661865
IMG-22AD8047D7,R1,B,wavelet-HHL,2324,0,0,0.0,0.0,-4.237890720367432,3.313688039779663
IMG-22AD8047D7,R1,B,wavelet-HHH,2324,0,0,0.0,0.0,-1.1392691135406494,1.3061662912368774
IMG-22AD8047D7,R1,B,wavelet-LLL,2324,0,0,0.0,0.0,-5.265890598297119,15.903796195983887
IMG-22AD8047D7,R1,B,log-sigma-1-0-mm-3D,2324,0,0,0.0,0.0,-3.072636365890503,1.9647636413574219
IMG-22AD8047D7,R1,B,log-sigma-2-0-mm-3D,2324,0,0,0.0,0.0,-2.65006947517395,3.175947427749634
IMG-22AD8047D7,R1,B,log-sigma-3-0-mm-3D,2324,0,0,0.0,0.0,-1.6157656908035278,4.2251482009887695
IMG-C870A6AC1C,R1,A,wavelet-LLH,31192,0,0,0.0,0.0,-3.723482608795166,2.853248357772827
IMG-C870A6AC1C,R1,A,wavelet-LHL,31192,0,0,0.0,0.0,-5.119822978973389,5.477254390716553
IMG-C870A6AC1C,R1,A,wavelet-LHH,31192,0,0,0.0,0.0,-1.9942545890808105,2.057001829147339
IMG-C870A6AC1C,R1,A,wavelet-HLL,31192,0,0,0.0,0.0,-3.923755407333374,4.086464881896973
IMG-C870A6AC1C,R1,A,wavelet-HLH,31192,0,0,0.0,0.0,-1.8870983123779297,1.8348214626312256
IMG-C870A6AC1C,R1,A,wavelet-HHL,31192,0,0,0.0,0.0,-2.4909117221832275,2.95772123336792
IMG-C870A6AC1C,R1,A,wavelet-HHH,31192,0,0,0.0,0.0,-1.1747584342956543,1.1575919389724731
IMG-C870A6AC1C,R1,A,wavelet-LLL,31192,0,0,0.0,0.0,-5.528095245361328,11.172553062438965
IMG-C870A6AC1C,R1,A,log-sigma-1-0-mm-3D,31192,0,0,0.0,0.0,-1.8967036008834839,1.5112593173980713
IMG-C870A6AC1C,R1,A,log-sigma-2-0-mm-3D,31192,0,0,0.0,0.0,-1.8763337135314941,1.735563039779663
IMG-C870A6AC1C,R1,A,log-sigma-3-0-mm-3D,31192,0,0,0.0,0.0,-1.6864007711410522,1.6332366466522217
IMG-30F089654C,R1,A,wavelet-LLH,25878,0,0,0.0,0.0,-13.256654739379883,17.884599685668945
IMG-30F089654C,R1,A,wavelet-LHL,25878,0,0,0.0,0.0,-8.967460632324219,8.835850715637207
IMG-30F089654C,R1,A,wavelet-LHH,25878,0,0,0.0,0.0,-5.909934997558594,5.707706451416016
IMG-30F089654C,R1,A,wavelet-HLL,25878,0,0,0.0,0.0,-4.898405075073242,5.663439750671387
IMG-30F089654C,R1,A,wavelet-HLH,25878,0,0,0.0,0.0,-3.138965368270874,2.940412759780884
IMG-30F089654C,R1,A,wavelet-HHL,25878,0,0,0.0,0.0,-5.909968852996826,3.935659408569336
IMG-30F089654C,R1,A,wavelet-HHH,25878,0,0,0.0,0.0,-3.430849552154541,3.651078462600708
IMG-30F089654C,R1,A,wavelet-LLL,25878,0,0,0.0,0.0,-9.894274711608887,15.17635440826416
IMG-30F089654C,R1,A,log-sigma-1-0-mm-3D,25878,0,0,0.0,0.0,-3.249922037124634,3.0459485054016113
IMG-30F089654C,R1,A,log-sigma-2-0-mm-3D,25878,0,0,0.0,0.0,-3.1468300819396973,3.8579254150390625
IMG-30F089654C,R1,A,log-sigma-3-0-mm-3D,25878,0,0,0.0,0.0,-3.5378451347351074,2.972531318664551
IMG-2D53CE5376,R1,A,wavelet-LLH,14468,0,0,0.0,0.0,-3.6252636909484863,4.3569817543029785
IMG-2D53CE5376,R1,A,wavelet-LHL,14468,0,0,0.0,0.0,-6.080836296081543,3.7727482318878174
IMG-2D53CE5376,R1,A,wavelet-LHH,14468,0,0,0.0,0.0,-1.9196619987487793,2.364060878753662
IMG-2D53CE5376,R1,A,wavelet-HLL,14468,0,0,0.0,0.0,-5.567996501922607,5.0924530029296875
IMG-2D53CE5376,R1,A,wavelet-HLH,14468,0,0,0.0,0.0,-2.0815799236297607,2.081185817718506
IMG-2D53CE5376,R1,A,wavelet-HHL,14468,0,0,0.0,0.0,-3.148458957672119,2.4760806560516357
IMG-2D53CE5376,R1,A,wavelet-HHH,14468,0,0,0.0,0.0,-1.529794454574585,1.6333343982696533
IMG-2D53CE5376,R1,A,wavelet-LLL,14468,0,0,0.0,0.0,-8.408995628356934,14.816851615905762
IMG-2D53CE5376,R1,A,log-sigma-1-0-mm-3D,14468,0,0,0.0,0.0,-2.8212814331054688,2.23675537109375
IMG-2D53CE5376,R1,A,log-sigma-2-0-mm-3D,14468,0,0,0.0,0.0,-2.5893845558166504,2.2954938411712646
IMG-2D53CE5376,R1,A,log-sigma-3-0-mm-3D,14468,0,0,0.0,0.0,-2.1141178607940674,2.266153335571289
IMG-FAF6535602,R1,A,wavelet-LLH,12873,0,0,0.0,0.0,-4.712172985076904,4.705914497375488
IMG-FAF6535602,R1,A,wavelet-LHL,12873,0,0,0.0,0.0,-6.646233558654785,7.621779918670654
IMG-FAF6535602,R1,A,wavelet-LHH,12873,0,0,0.0,0.0,-2.806849956512451,1.852881669998169
IMG-FAF6535602,R1,A,wavelet-HLL,12873,0,0,0.0,0.0,-5.56149435043335,6.134676456451416
IMG-FAF6535602,R1,A,wavelet-HLH,12873,0,0,0.0,0.0,-2.5837748050689697,2.6093533039093018
IMG-FAF6535602,R1,A,wavelet-HHL,12873,0,0,0.0,0.0,-3.768660068511963,4.17966365814209
IMG-FAF6535602,R1,A,wavelet-HHH,12873,0,0,0.0,0.0,-1.5974887609481812,1.6037675142288208
IMG-FAF6535602,R1,A,wavelet-LLL,12873,0,0,0.0,0.0,-7.371718406677246,11.888015747070312
IMG-FAF6535602,R1,A,log-sigma-1-0-mm-3D,12873,0,0,0.0,0.0,-2.145561456680298,2.4047133922576904
IMG-FAF6535602,R1,A,log-sigma-2-0-mm-3D,12873,0,0,0.0,0.0,-1.595894694328308,2.4618239402770996
IMG-FAF6535602,R1,A,log-sigma-3-0-mm-3D,12873,0,0,0.0,0.0,-1.6859787702560425,3.2391467094421387
IMG-E90D2F9CF7,R1,A,wavelet-LLH,6799,0,0,0.0,0.0,-6.535782814025879,4.342956066131592
IMG-E90D2F9CF7,R1,A,wavelet-LHL,6799,0,0,0.0,0.0,-2.6571710109710693,2.5041866302490234
IMG-E90D2F9CF7,R1,A,wavelet-LHH,6799,0,0,0.0,0.0,-1.4263502359390259,1.4748144149780273
IMG-E90D2F9CF7,R1,A,wavelet-HLL,6799,0,0,0.0,0.0,-3.713494062423706,3.8678457736968994
IMG-E90D2F9CF7,R1,A,wavelet-HLH,6799,0,0,0.0,0.0,-1.5745518207550049,1.5580480098724365
IMG-E90D2F9CF7,R1,A,wavelet-HHL,6799,0,0,0.0,0.0,-2.1718192100524902,1.6724292039871216
IMG-E90D2F9CF7,R1,A,wavelet-HHH,6799,0,0,0.0,0.0,-1.1148027181625366,1.0725103616714478
IMG-E90D2F9CF7,R1,A,wavelet-LLL,6799,0,0,0.0,0.0,-6.006928443908691,8.588040351867676
IMG-E90D2F9CF7,R1,A,log-sigma-1-0-mm-3D,6799,0,0,0.0,0.0,-2.023510694503784,1.1068446636199951
IMG-E90D2F9CF7,R1,A,log-sigma-2-0-mm-3D,6799,0,0,0.0,0.0,-1.7102103233337402,1.4422955513000488
IMG-E90D2F9CF7,R1,A,log-sigma-3-0-mm-3D,6799,0,0,0.0,0.0,-1.3013427257537842,1.4471759796142578
IMG-5257F0B748,R1,A,wavelet-LLH,3050,0,0,0.0,0.0,-4.393223285675049,4.2119245529174805
IMG-5257F0B748,R1,A,wavelet-LHL,3050,0,0,0.0,0.0,-8.110832214355469,7.479672431945801
IMG-5257F0B748,R1,A,wavelet-LHH,3050,0,0,0.0,0.0,-2.9525108337402344,2.8421685695648193
IMG-5257F0B748,R1,A,wavelet-HLL,3050,0,0,0.0,0.0,-5.901811122894287,5.656574249267578
IMG-5257F0B748,R1,A,wavelet-HLH,3050,0,0,0.0,0.0,-3.5209224224090576,2.366755247116089
IMG-5257F0B748,R1,A,wavelet-HHL,3050,0,0,0.0,0.0,-5.032726764678955,5.9467339515686035
IMG-5257F0B748,R1,A,wavelet-HHH,3050,0,0,0.0,0.0,-2.856600761413574,1.8012971878051758
IMG-5257F0B748,R1,A,wavelet-LLL,3050,0,0,0.0,0.0,-7.459533214569092,10.371111869812012
IMG-5257F0B748,R1,A,log-sigma-1-0-mm-3D,3050,0,0,0.0,0.0,-2.3479182720184326,2.4104342460632324
IMG-5257F0B748,R1,A,log-sigma-2-0-mm-3D,3050,0,0,0.0,0.0,-2.236266613006592,2.220224380493164
IMG-5257F0B748,R1,A,log-sigma-3-0-mm-3D,3050,0,0,0.0,0.0,-2.563184976577759,2.2315890789031982
IMG-893073F906,R1,A,wavelet-LLH,10817,0,0,0.0,0.0,-3.6734719276428223,4.2323689460754395
IMG-893073F906,R1,A,wavelet-LHL,10817,0,0,0.0,0.0,-2.721027135848999,2.7162961959838867
IMG-893073F906,R1,A,wavelet-LHH,10817,0,0,0.0,0.0,-1.3213615417480469,1.1311570405960083
IMG-893073F906,R1,A,wavelet-HLL,10817,0,0,0.0,0.0,-3.466766834259033,2.6868062019348145
IMG-893073F906,R1,A,wavelet-HLH,10817,0,0,0.0,0.0,-1.586022138595581,1.2308897972106934
IMG-893073F906,R1,A,wavelet-HHL,10817,0,0,0.0,0.0,-2.0452516078948975,2.01741099357605
IMG-893073F906,R1,A,wavelet-HHH,10817,0,0,0.0,0.0,-0.8567278981208801,1.0295718908309937
IMG-893073F906,R1,A,wavelet-LLL,10817,0,0,0.0,0.0,-7.234726428985596,6.630108833312988
IMG-893073F906,R1,A,log-sigma-1-0-mm-3D,10817,0,0,0.0,0.0,-1.9603159427642822,1.312748670578003
IMG-893073F906,R1,A,log-sigma-2-0-mm-3D,10817,0,0,0.0,0.0,-1.9376472234725952,1.4293770790100098
IMG-893073F906,R1,A,log-sigma-3-0-mm-3D,10817,0,0,0.0,0.0,-1.3723456859588623,1.6094099283218384
IMG-893073F906,R2,A,wavelet-LLH,17359,0,0,0.0,0.0,-7.515538692474365,5.808496952056885
IMG-893073F906,R2,A,wavelet-LHL,17359,0,0,0.0,0.0,-0.5842271447181702,0.7215793132781982
IMG-893073F906,R2,A,wavelet-LHH,17359,0,0,0.0,0.0,-0.4674471616744995,0.4718707799911499
IMG-893073F906,R2,A,wavelet-HLL,17359,0,0,0.0,0.0,-2.954220771789551,3.6031017303466797
IMG-893073F906,R2,A,wavelet-HLH,17359,0,0,0.0,0.0,-2.896054983139038,4.17987060546875
IMG-893073F906,R2,A,wavelet-HHL,17359,0,0,0.0,0.0,-0.308700829744339,0.2789213955402374
IMG-893073F906,R2,A,wavelet-HHH,17359,0,0,0.0,0.0,-0.34128639101982117,0.2833453118801117
IMG-893073F906,R2,A,wavelet-LLL,17359,0,0,0.0,0.0,-7.171179294586182,6.687024116516113
IMG-893073F906,R2,A,log-sigma-1-0-mm-3D,17359,0,0,0.0,0.0,-2.924086809158325,2.0748794078826904
IMG-893073F906,R2,A,log-sigma-2-0-mm-3D,17359,0,0,0.0,0.0,-1.5493311882019043,1.8689628839492798
IMG-893073F906,R2,A,log-sigma-3-0-mm-3D,17359,0,0,0.0,0.0,-1.2686957120895386,1.7111485004425049
IMG-9C7F306FC4,R1,A,wavelet-LLH,5057,0,0,0.0,0.0,-5.180383205413818,3.764702320098877
IMG-9C7F306FC4,R1,A,wavelet-LHL,5057,0,0,0.0,0.0,-10.453899383544922,6.051054000854492
IMG-9C7F306FC4,R1,A,wavelet-LHH,5057,0,0,0.0,0.0,-2.7486038208007812,3.775806188583374
IMG-9C7F306FC4,R1,A,wavelet-HLL,5057,0,0,0.0,0.0,-5.59977912902832,5.261862277984619
IMG-9C7F306FC4,R1,A,wavelet-HLH,5057,0,0,0.0,0.0,-2.062913656234741,2.6927943229675293
IMG-9C7F306FC4,R1,A,wavelet-HHL,5057,0,0,0.0,0.0,-7.527190685272217,6.574853420257568
IMG-9C7F306FC4,R1,A,wavelet-HHH,5057,0,0,0.0,0.0,-2.685396432876587,2.8329639434814453
IMG-9C7F306FC4,R1,A,wavelet-LLL,5057,0,0,0.0,0.0,-7.87803316116333,10.664742469787598
IMG-9C7F306FC4,R1,A,log-sigma-1-0-mm-3D,5057,0,0,0.0,0.0,-2.424365282058716,2.097351551055908
IMG-9C7F306FC4,R1,A,log-sigma-2-0-mm-3D,5057,0,0,0.0,0.0,-1.800948977470398,2.2919936180114746
IMG-9C7F306FC4,R1,A,log-sigma-3-0-mm-3D,5057,0,0,0.0,0.0,-1.3883984088897705,2.5479485988616943
IMG-D6AD15F9D9,R1,A,wavelet-LLH,37716,0,0,0.0,0.0,-7.134832859039307,17.5643310546875
IMG-D6AD15F9D9,R1,A,wavelet-LHL,37716,0,0,0.0,0.0,-8.689616203308105,6.7002668380737305
IMG-D6AD15F9D9,R1,A,wavelet-LHH,37716,0,0,0.0,0.0,-4.0503973960876465,4.5916595458984375
IMG-D6AD15F9D9,R1,A,wavelet-HLL,37716,0,0,0.0,0.0,-6.846277713775635,5.79753303527832
IMG-D6AD15F9D9,R1,A,wavelet-HLH,37716,0,0,0.0,0.0,-1.9981638193130493,2.2075037956237793
IMG-D6AD15F9D9,R1,A,wavelet-HHL,37716,0,0,0.0,0.0,-4.172646522521973,4.624246120452881
IMG-D6AD15F9D9,R1,A,wavelet-HHH,37716,0,0,0.0,0.0,-2.328233480453491,2.334280014038086
IMG-D6AD15F9D9,R1,A,wavelet-LLL,37716,0,0,0.0,0.0,-9.791848182678223,14.944622039794922
IMG-D6AD15F9D9,R1,A,log-sigma-1-0-mm-3D,37716,0,0,0.0,0.0,-3.173257827758789,2.884540557861328
IMG-D6AD15F9D9,R1,A,log-sigma-2-0-mm-3D,37716,0,0,0.0,0.0,-3.0221364498138428,2.516911029815674
IMG-D6AD15F9D9,R1,A,log-sigma-3-0-mm-3D,37716,0,0,0.0,0.0,-3.654742479324341,2.274322509765625
IMG-27DA8AE9DB,R1,A,wavelet-LLH,8490,0,0,0.0,0.0,-5.895747184753418,6.36898136138916
IMG-27DA8AE9DB,R1,A,wavelet-LHL,8490,0,0,0.0,0.0,-5.313421726226807,5.944659233093262
IMG-27DA8AE9DB,R1,A,wavelet-LHH,8490,0,0,0.0,0.0,-2.3019497394561768,2.1813907623291016
IMG-27DA8AE9DB,R1,A,wavelet-HLL,8490,0,0,0.0,0.0,-5.134358882904053,5.9473066329956055
IMG-27DA8AE9DB,R1,A,wavelet-HLH,8490,0,0,0.0,0.0,-2.2651894092559814,2.780330181121826
IMG-27DA8AE9DB,R1,A,wavelet-HHL,8490,0,0,0.0,0.0,-3.53950572013855,4.336564540863037
IMG-27DA8AE9DB,R1,A,wavelet-HHH,8490,0,0,0.0,0.0,-1.9283411502838135,2.0910661220550537
IMG-27DA8AE9DB,R1,A,wavelet-LLL,8490,0,0,0.0,0.0,-8.798111915588379,14.756356239318848
IMG-27DA8AE9DB,R1,A,log-sigma-1-0-mm-3D,8490,0,0,0.0,0.0,-1.5847173929214478,3.3192179203033447
IMG-27DA8AE9DB,R1,A,log-sigma-2-0-mm-3D,8490,0,0,0.0,0.0,-1.867568016052246,2.545496940612793
IMG-27DA8AE9DB,R1,A,log-sigma-3-0-mm-3D,8490,0,0,0.0,0.0,-2.355480670928955,2.4579060077667236
IMG-BE686C84B9,R1,A,wavelet-LLH,5478,0,0,0.0,0.0,-2.0378706455230713,2.6459527015686035
IMG-BE686C84B9,R1,A,wavelet-LHL,5478,0,0,0.0,0.0,-3.397069215774536,4.469193935394287
IMG-BE686C84B9,R1,A,wavelet-LHH,5478,0,0,0.0,0.0,-1.4266855716705322,1.0395175218582153
IMG-BE686C84B9,R1,A,wavelet-HLL,5478,0,0,0.0,0.0,-4.107086658477783,3.5150766372680664
IMG-BE686C84B9,R1,A,wavelet-HLH,5478,0,0,0.0,0.0,-1.3537051677703857,1.1386871337890625
IMG-BE686C84B9,R1,A,wavelet-HHL,5478,0,0,0.0,0.0,-2.735255718231201,2.4168245792388916
IMG-BE686C84B9,R1,A,wavelet-HHH,5478,0,0,0.0,0.0,-0.7323310375213623,0.710087239742279
IMG-BE686C84B9,R1,A,wavelet-LLL,5478,0,0,0.0,0.0,-6.406917095184326,11.893845558166504
IMG-BE686C84B9,R1,A,log-sigma-1-0-mm-3D,5478,0,0,0.0,0.0,-1.8289673328399658,1.7759782075881958
IMG-BE686C84B9,R1,A,log-sigma-2-0-mm-3D,5478,0,0,0.0,0.0,-1.2868680953979492,1.9340062141418457
IMG-BE686C84B9,R1,A,log-sigma-3-0-mm-3D,5478,0,0,0.0,0.0,-1.6368705034255981,2.270455837249756
IMG-EE9195B25E,R1,A,wavelet-LLH,15011,0,0,0.0,0.0,-12.331196784973145,6.976216793060303
IMG-EE9195B25E,R1,A,wavelet-LHL,15011,0,0,0.0,0.0,-13.126352310180664,6.284236431121826
IMG-EE9195B25E,R1,A,wavelet-LHH,15011,0,0,0.0,0.0,-2.691253900527954,4.360346794128418
IMG-EE9195B25E,R1,A,wavelet-HLL,15011,0,0,0.0,0.0,-6.949723720550537,5.330936908721924
IMG-EE9195B25E,R1,A,wavelet-HLH,15011,0,0,0.0,0.0,-2.854300022125244,2.913646697998047
IMG-EE9195B25E,R1,A,wavelet-HHL,15011,0,0,0.0,0.0,-4.283626079559326,3.77494740486145
IMG-EE9195B25E,R1,A,wavelet-HHH,15011,0,0,0.0,0.0,-1.983250379562378,1.9806435108184814
IMG-EE9195B25E,R1,A,wavelet-LLL,15011,0,0,0.0,0.0,-8.551301002502441,16.756908416748047
IMG-EE9195B25E,R1,A,log-sigma-1-0-mm-3D,15011,0,0,0.0,0.0,-2.292208194732666,2.747436046600342
IMG-EE9195B25E,R1,A,log-sigma-2-0-mm-3D,15011,0,0,0.0,0.0,-2.9346718788146973,2.5841994285583496
IMG-EE9195B25E,R1,A,log-sigma-3-0-mm-3D,15011,0,0,0.0,0.0,-3.1237001419067383,2.3347091674804688
IMG-EE9195B25E,R2,A,wavelet-LLH,22468,0,0,0.0,0.0,-10.447504043579102,5.800053119659424
IMG-EE9195B25E,R2,A,wavelet-LHL,22468,0,0,0.0,0.0,-10.913298606872559,6.875191688537598
IMG-EE9195B25E,R2,A,wavelet-LHH,22468,0,0,0.0,0.0,-2.5035712718963623,3.625208616256714
IMG-EE9195B25E,R2,A,wavelet-HLL,22468,0,0,0.0,0.0,-7.029419898986816,5.4321393966674805
IMG-EE9195B25E,R2,A,wavelet-HLH,22468,0,0,0.0,0.0,-2.8212554454803467,2.4224164485931396
IMG-EE9195B25E,R2,A,wavelet-HHL,22468,0,0,0.0,0.0,-4.719876766204834,4.419404029846191
IMG-EE9195B25E,R2,A,wavelet-HHH,22468,0,0,0.0,0.0,-2.4516587257385254,1.7802807092666626
IMG-EE9195B25E,R2,A,wavelet-LLL,22468,0,0,0.0,0.0,-7.318472862243652,19.3029842376709
IMG-EE9195B25E,R2,A,log-sigma-1-0-mm-3D,22468,0,0,0.0,0.0,-4.411993980407715,2.284229040145874
IMG-EE9195B25E,R2,A,log-sigma-2-0-mm-3D,22468,0,0,0.0,0.0,-3.1190571784973145,2.148513078689575
IMG-EE9195B25E,R2,A,log-sigma-3-0-mm-3D,22468,0,0,0.0,0.0,-2.657155752182007,2.108449697494507
IMG-3C4E938C01,R1,A,wavelet-LLH,74820,0,0,0.0,0.0,-6.014707088470459,4.458132743835449
IMG-3C4E938C01,R1,A,wavelet-LHL,74820,0,0,0.0,0.0,-8.503052711486816,5.6499457359313965
IMG-3C4E938C01,R1,A,wavelet-LHH,74820,0,0,0.0,0.0,-5.622971534729004,3.7968838214874268
IMG-3C4E938C01,R1,A,wavelet-HLL,74820,0,0,0.0,0.0,-7.263883590698242,8.82363510131836
IMG-3C4E938C01,R1,A,wavelet-HLH,74820,0,0,0.0,0.0,-3.1387038230895996,3.07181715965271
IMG-3C4E938C01,R1,A,wavelet-HHL,74820,0,0,0.0,0.0,-5.18350887298584,4.227194786071777
IMG-3C4E938C01,R1,A,wavelet-HHH,74820,0,0,0.0,0.0,-2.0902037620544434,1.8042320013046265
IMG-3C4E938C01,R1,A,wavelet-LLL,74820,0,0,0.0,0.0,-8.637887001037598,17.7003173828125
IMG-3C4E938C01,R1,A,log-sigma-1-0-mm-3D,74820,0,0,0.0,0.0,-3.619602918624878,2.4729936122894287
IMG-3C4E938C01,R1,A,log-sigma-2-0-mm-3D,74820,0,0,0.0,0.0,-3.087371349334717,2.433234930038452
IMG-3C4E938C01,R1,A,log-sigma-3-0-mm-3D,74820,0,0,0.0,0.0,-2.2138538360595703,2.3304076194763184
IMG-674546F2D1,R1,A,wavelet-LLH,14065,0,0,0.0,0.0,-2.845956802368164,2.9284262657165527
IMG-674546F2D1,R1,A,wavelet-LHL,14065,0,0,0.0,0.0,-3.6971452236175537,3.9236268997192383
IMG-674546F2D1,R1,A,wavelet-LHH,14065,0,0,0.0,0.0,-1.3802435398101807,1.3937673568725586
IMG-674546F2D1,R1,A,wavelet-HLL,14065,0,0,0.0,0.0,-3.510672092437744,5.527972221374512
IMG-674546F2D1,R1,A,wavelet-HLH,14065,0,0,0.0,0.0,-1.7769396305084229,1.3625468015670776
IMG-674546F2D1,R1,A,wavelet-HHL,14065,0,0,0.0,0.0,-2.5470197200775146,2.021440029144287
IMG-674546F2D1,R1,A,wavelet-HHH,14065,0,0,0.0,0.0,-1.0267291069030762,1.1454137563705444
IMG-674546F2D1,R1,A,wavelet-LLL,14065,0,0,0.0,0.0,-6.385966777801514,7.4143266677856445
IMG-674546F2D1,R1,A,log-sigma-1-0-mm-3D,14065,0,0,0.0,0.0,-1.4417039155960083,2.176551103591919
IMG-674546F2D1,R1,A,log-sigma-2-0-mm-3D,14065,0,0,0.0,0.0,-1.8810700178146362,1.4927480220794678
IMG-674546F2D1,R1,A,log-sigma-3-0-mm-3D,14065,0,0,0.0,0.0,-1.8134589195251465,1.5364210605621338
IMG-1719460986,R1,A,wavelet-LLH,13034,0,0,0.0,0.0,-2.7161166667938232,2.3759846687316895
IMG-1719460986,R1,A,wavelet-LHL,13034,0,0,0.0,0.0,-4.1378173828125,3.1576685905456543
IMG-1719460986,R1,A,wavelet-LHH,13034,0,0,0.0,0.0,-1.3819618225097656,1.5950243473052979
IMG-1719460986,R1,A,wavelet-HLL,13034,0,0,0.0,0.0,-5.198578357696533,4.768519401550293
IMG-1719460986,R1,A,wavelet-HLH,13034,0,0,0.0,0.0,-1.265117883682251,1.4145643711090088
IMG-1719460986,R1,A,wavelet-HHL,13034,0,0,0.0,0.0,-2.9335832595825195,2.0350708961486816
IMG-1719460986,R1,A,wavelet-HHH,13034,0,0,0.0,0.0,-0.8742656707763672,0.8624915480613708
IMG-1719460986,R1,A,wavelet-LLL,13034,0,0,0.0,0.0,-6.589892864227295,8.5287504196167
IMG-1719460986,R1,A,log-sigma-1-0-mm-3D,13034,0,0,0.0,0.0,-1.9224553108215332,1.5201486349105835
IMG-1719460986,R1,A,log-sigma-2-0-mm-3D,13034,0,0,0.0,0.0,-1.6592590808868408,1.4956516027450562
IMG-1719460986,R1,A,log-sigma-3-0-mm-3D,13034,0,0,0.0,0.0,-1.5584754943847656,1.7126405239105225
IMG-A58F224B6A,R1,A,wavelet-LLH,12235,0,0,0.0,0.0,-5.346409320831299,5.697887420654297
IMG-A58F224B6A,R1,A,wavelet-LHL,12235,0,0,0.0,0.0,-6.081176280975342,4.160744667053223
IMG-A58F224B6A,R1,A,wavelet-LHH,12235,0,0,0.0,0.0,-3.040114641189575,3.1643002033233643
IMG-A58F224B6A,R1,A,wavelet-HLL,12235,0,0,0.0,0.0,-7.166454792022705,3.953963041305542
IMG-A58F224B6A,R1,A,wavelet-HLH,12235,0,0,0.0,0.0,-2.7783491611480713,2.9889369010925293
IMG-A58F224B6A,R1,A,wavelet-HHL,12235,0,0,0.0,0.0,-4.408906936645508,4.082527160644531
IMG-A58F224B6A,R1,A,wavelet-HHH,12235,0,0,0.0,0.0,-1.9710017442703247,1.8684167861938477
IMG-A58F224B6A,R1,A,wavelet-LLL,12235,0,0,0.0,0.0,-8.272245407104492,13.375110626220703
IMG-A58F224B6A,R1,A,log-sigma-1-0-mm-3D,12235,0,0,0.0,0.0,-3.5619072914123535,2.0818393230438232
IMG-A58F224B6A,R1,A,log-sigma-2-0-mm-3D,12235,0,0,0.0,0.0,-3.300811290740967,1.9825685024261475
IMG-A58F224B6A,R1,A,log-sigma-3-0-mm-3D,12235,0,0,0.0,0.0,-2.329364538192749,1.825724720954895
IMG-27788B86F7,R1,A,wavelet-LLH,25583,0,0,0.0,0.0,-8.679753303527832,5.160120964050293
IMG-27788B86F7,R1,A,wavelet-LHL,25583,0,0,0.0,0.0,-6.347708702087402,5.0984015464782715
IMG-27788B86F7,R1,A,wavelet-LHH,25583,0,0,0.0,0.0,-2.367347240447998,2.5464961528778076
IMG-27788B86F7,R1,A,wavelet-HLL,25583,0,0,0.0,0.0,-6.334840774536133,6.058436870574951
IMG-27788B86F7,R1,A,wavelet-HLH,25583,0,0,0.0,0.0,-2.484114408493042,3.026374340057373
IMG-27788B86F7,R1,A,wavelet-HHL,25583,0,0,0.0,0.0,-3.7506420612335205,3.3027679920196533
IMG-27788B86F7,R1,A,wavelet-HHH,25583,0,0,0.0,0.0,-1.921271562576294,1.676367998123169
IMG-27788B86F7,R1,A,wavelet-LLL,25583,0,0,0.0,0.0,-7.579831600189209,21.750431060791016
IMG-27788B86F7,R1,A,log-sigma-1-0-mm-3D,25583,0,0,0.0,0.0,-2.8737168312072754,2.54359769821167
IMG-27788B86F7,R1,A,log-sigma-2-0-mm-3D,25583,0,0,0.0,0.0,-1.864306926727295,3.0846364498138428
IMG-27788B86F7,R1,A,log-sigma-3-0-mm-3D,25583,0,0,0.0,0.0,-1.9585957527160645,2.7384989261627197
IMG-29AA4080A4,R1,A,wavelet-LLH,1199,0,0,0.0,0.0,-4.740921974182129,9.713825225830078
IMG-29AA4080A4,R1,A,wavelet-LHL,1199,0,0,0.0,0.0,-3.5794544219970703,6.2205376625061035
IMG-29AA4080A4,R1,A,wavelet-LHH,1199,0,0,0.0,0.0,-4.133282661437988,3.1646921634674072
IMG-29AA4080A4,R1,A,wavelet-HLL,1199,0,0,0.0,0.0,-8.271944999694824,7.886962890625
IMG-29AA4080A4,R1,A,wavelet-HLH,1199,0,0,0.0,0.0,-3.960054874420166,3.8972246646881104
IMG-29AA4080A4,R1,A,wavelet-HHL,1199,0,0,0.0,0.0,-4.08833122253418,6.07684850692749
IMG-29AA4080A4,R1,A,wavelet-HHH,1199,0,0,0.0,0.0,-2.347825765609741,3.4247167110443115
IMG-29AA4080A4,R1,A,wavelet-LLL,1199,0,0,0.0,0.0,-8.402631759643555,11.83816909790039
IMG-29AA4080A4,R1,A,log-sigma-1-0-mm-3D,1199,0,0,0.0,0.0,-2.2274577617645264,3.216306686401367
IMG-29AA4080A4,R1,A,log-sigma-2-0-mm-3D,1199,0,0,0.0,0.0,-1.9523231983184814,3.9462380409240723
IMG-29AA4080A4,R1,A,log-sigma-3-0-mm-3D,1199,0,0,0.0,0.0,-2.4474692344665527,3.631948709487915
IMG-41987B3798,R1,A,wavelet-LLH,25009,0,0,0.0,0.0,-4.337013244628906,7.5743184089660645
IMG-41987B3798,R1,A,wavelet-LHL,25009,0,0,0.0,0.0,-6.120972156524658,3.8979110717773438
IMG-41987B3798,R1,A,wavelet-LHH,25009,0,0,0.0,0.0,-1.9897710084915161,2.1111385822296143
IMG-41987B3798,R1,A,wavelet-HLL,25009,0,0,0.0,0.0,-4.251150131225586,5.354423522949219
IMG-41987B3798,R1,A,wavelet-HLH,25009,0,0,0.0,0.0,-1.8627785444259644,2.075364351272583
IMG-41987B3798,R1,A,wavelet-HHL,25009,0,0,0.0,0.0,-6.231457710266113,5.234894275665283
IMG-41987B3798,R1,A,wavelet-HHH,25009,0,0,0.0,0.0,-1.7643450498580933,2.764646530151367
IMG-41987B3798,R1,A,wavelet-LLL,25009,0,0,0.0,0.0,-6.4019622802734375,11.582179069519043
IMG-41987B3798,R1,A,log-sigma-1-0-mm-3D,25009,0,0,0.0,0.0,-2.3898701667785645,2.0523316860198975
IMG-41987B3798,R1,A,log-sigma-2-0-mm-3D,25009,0,0,0.0,0.0,-2.014073133468628,2.6013073921203613
IMG-41987B3798,R1,A,log-sigma-3-0-mm-3D,25009,0,0,0.0,0.0,-1.8271106481552124,2.230811357498169
IMG-96B898FDD0,R1,A,wavelet-LLH,9184,0,0,0.0,0.0,-3.6836419105529785,3.0675275325775146
IMG-96B898FDD0,R1,A,wavelet-LHL,9184,0,0,0.0,0.0,-5.218869686126709,5.048428535461426
IMG-96B898FDD0,R1,A,wavelet-LHH,9184,0,0,0.0,0.0,-1.557992696762085,2.0773513317108154
IMG-96B898FDD0,R1,A,wavelet-HLL,9184,0,0,0.0,0.0,-4.327441215515137,4.452606678009033
IMG-96B898FDD0,R1,A,wavelet-HLH,9184,0,0,0.0,0.0,-1.8325492143630981,1.9588249921798706
IMG-96B898FDD0,R1,A,wavelet-HHL,9184,0,0,0.0,0.0,-3.1149866580963135,2.4354419708251953
IMG-96B898FDD0,R1,A,wavelet-HHH,9184,0,0,0.0,0.0,-1.2024258375167847,1.1209901571273804
IMG-96B898FDD0,R1,A,wavelet-LLL,9184,0,0,0.0,0.0,-5.7428154945373535,13.687743186950684
IMG-96B898FDD0,R1,A,log-sigma-1-0-mm-3D,9184,0,0,0.0,0.0,-2.3797667026519775,1.729132056236267
IMG-96B898FDD0,R1,A,log-sigma-2-0-mm-3D,9184,0,0,0.0,0.0,-2.607247829437256,2.0446367263793945
IMG-96B898FDD0,R1,A,log-sigma-3-0-mm-3D,9184,0,0,0.0,0.0,-1.9763984680175781,2.0572474002838135
IMG-5CBD2CD4FB,R1,A,wavelet-LLH,13585,0,0,0.0,0.0,-5.588316917419434,5.229299545288086
IMG-5CBD2CD4FB,R1,A,wavelet-LHL,13585,0,0,0.0,0.0,-8.681462287902832,8.048333168029785
IMG-5CBD2CD4FB,R1,A,wavelet-LHH,13585,0,0,0.0,0.0,-2.7982609272003174,3.1445932388305664
IMG-5CBD2CD4FB,R1,A,wavelet-HLL,13585,0,0,0.0,0.0,-9.049627304077148,5.774853229522705
IMG-5CBD2CD4FB,R1,A,wavelet-HLH,13585,0,0,0.0,0.0,-3.0268073081970215,3.1540768146514893
IMG-5CBD2CD4FB,R1,A,wavelet-HHL,13585,0,0,0.0,0.0,-3.8458569049835205,8.181194305419922
IMG-5CBD2CD4FB,R1,A,wavelet-HHH,13585,0,0,0.0,0.0,-3.0562174320220947,2.285020112991333
IMG-5CBD2CD4FB,R1,A,wavelet-LLL,13585,0,0,0.0,0.0,-8.23034381866455,15.175692558288574
IMG-5CBD2CD4FB,R1,A,log-sigma-1-0-mm-3D,13585,0,0,0.0,0.0,-2.433103322982788,3.328371286392212
IMG-5CBD2CD4FB,R1,A,log-sigma-2-0-mm-3D,13585,0,0,0.0,0.0,-2.5326547622680664,3.008410692214966
IMG-5CBD2CD4FB,R1,A,log-sigma-3-0-mm-3D,13585,0,0,0.0,0.0,-2.9449448585510254,2.6936306953430176
IMG-C8339050B2,R1,A,wavelet-LLH,24700,0,0,0.0,0.0,-6.963039875030518,4.339550018310547
IMG-C8339050B2,R1,A,wavelet-LHL,24700,0,0,0.0,0.0,-8.853987693786621,6.729221343994141
IMG-C8339050B2,R1,A,wavelet-LHH,24700,0,0,0.0,0.0,-3.966186761856079,5.955111026763916
IMG-C8339050B2,R1,A,wavelet-HLL,24700,0,0,0.0,0.0,-6.6622490882873535,5.477133274078369
IMG-C8339050B2,R1,A,wavelet-HLH,24700,0,0,0.0,0.0,-3.5264732837677,2.7643892765045166
IMG-C8339050B2,R1,A,wavelet-HHL,24700,0,0,0.0,0.0,-5.364480972290039,5.1145853996276855
IMG-C8339050B2,R1,A,wavelet-HHH,24700,0,0,0.0,0.0,-2.895674228668213,2.5771725177764893
IMG-C8339050B2,R1,A,wavelet-LLL,24700,0,0,0.0,0.0,-6.849278926849365,14.704852104187012
IMG-C8339050B2,R1,A,log-sigma-1-0-mm-3D,24700,0,0,0.0,0.0,-2.462406635284424,2.7364070415496826
IMG-C8339050B2,R1,A,log-sigma-2-0-mm-3D,24700,0,0,0.0,0.0,-2.3008522987365723,2.6453704833984375
IMG-C8339050B2,R1,A,log-sigma-3-0-mm-3D,24700,0,0,0.0,0.0,-2.1605427265167236,2.762941837310791
IMG-3F82CE680D,R1,A,wavelet-LLH,8073,0,0,0.0,0.0,-2.91654634475708,2.5681517124176025
IMG-3F82CE680D,R1,A,wavelet-LHL,8073,0,0,0.0,0.0,-2.999499559402466,3.834386110305786
IMG-3F82CE680D,R1,A,wavelet-LHH,8073,0,0,0.0,0.0,-2.630117416381836,2.0670266151428223
IMG-3F82CE680D,R1,A,wavelet-HLL,8073,0,0,0.0,0.0,-2.70473575592041,3.583533763885498
IMG-3F82CE680D,R1,A,wavelet-HLH,8073,0,0,0.0,0.0,-1.768747091293335,1.696088433265686
IMG-3F82CE680D,R1,A,wavelet-HHL,8073,0,0,0.0,0.0,-2.0665903091430664,2.3672914505004883
IMG-3F82CE680D,R1,A,wavelet-HHH,8073,0,0,0.0,0.0,-1.0423526763916016,0.9568502902984619
IMG-3F82CE680D,R1,A,wavelet-LLL,8073,0,0,0.0,0.0,-7.6223249435424805,7.871837615966797
IMG-3F82CE680D,R1,A,log-sigma-1-0-mm-3D,8073,0,0,0.0,0.0,-1.6127538681030273,1.7052810192108154
IMG-3F82CE680D,R1,A,log-sigma-2-0-mm-3D,8073,0,0,0.0,0.0,-1.6423397064208984,1.6888927221298218
IMG-3F82CE680D,R1,A,log-sigma-3-0-mm-3D,8073,0,0,0.0,0.0,-1.25850510597229,1.6410905122756958
IMG-7B7968A0EB,R1,A,wavelet-LLH,8289,0,0,0.0,0.0,-3.2493536472320557,3.739760637283325
IMG-7B7968A0EB,R1,A,wavelet-LHL,8289,0,0,0.0,0.0,-8.84750747680664,4.472715377807617
IMG-7B7968A0EB,R1,A,wavelet-LHH,8289,0,0,0.0,0.0,-2.04941987991333,2.098723888397217
IMG-7B7968A0EB,R1,A,wavelet-HLL,8289,0,0,0.0,0.0,-6.371294975280762,4.756182670593262
IMG-7B7968A0EB,R1,A,wavelet-HLH,8289,0,0,0.0,0.0,-2.2645037174224854,2.0545172691345215
IMG-7B7968A0EB,R1,A,wavelet-HHL,8289,0,0,0.0,0.0,-5.035475730895996,4.362192153930664
IMG-7B7968A0EB,R1,A,wavelet-HHH,8289,0,0,0.0,0.0,-1.6907153129577637,2.221472978591919
IMG-7B7968A0EB,R1,A,wavelet-LLL,8289,0,0,0.0,0.0,-7.711097717285156,13.07714557647705
IMG-7B7968A0EB,R1,A,log-sigma-1-0-mm-3D,8289,0,0,0.0,0.0,-2.143616199493408,2.5938961505889893
IMG-7B7968A0EB,R1,A,log-sigma-2-0-mm-3D,8289,0,0,0.0,0.0,-2.2913928031921387,2.6538281440734863
IMG-7B7968A0EB,R1,A,log-sigma-3-0-mm-3D,8289,0,0,0.0,0.0,-1.543609380722046,2.4501047134399414
IMG-49DD8ACE53,R1,A,wavelet-LLH,3537,0,0,0.0,0.0,-3.488457441329956,3.1102659702301025
IMG-49DD8ACE53,R1,A,wavelet-LHL,3537,0,0,0.0,0.0,-5.042576313018799,5.229257106781006
IMG-49DD8ACE53,R1,A,wavelet-LHH,3537,0,0,0.0,0.0,-2.541069269180298,2.0848751068115234
IMG-49DD8ACE53,R1,A,wavelet-HLL,3537,0,0,0.0,0.0,-5.272651672363281,6.097564220428467
IMG-49DD8ACE53,R1,A,wavelet-HLH,3537,0,0,0.0,0.0,-1.7731095552444458,1.4881221055984497
IMG-49DD8ACE53,R1,A,wavelet-HHL,3537,0,0,0.0,0.0,-2.7327089309692383,2.720822334289551
IMG-49DD8ACE53,R1,A,wavelet-HHH,3537,0,0,0.0,0.0,-1.245646595954895,1.7530548572540283
IMG-49DD8ACE53,R1,A,wavelet-LLL,3537,0,0,0.0,0.0,-5.58740234375,15.086301803588867
IMG-49DD8ACE53,R1,A,log-sigma-1-0-mm-3D,3537,0,0,0.0,0.0,-2.7663414478302,1.7253966331481934
IMG-49DD8ACE53,R1,A,log-sigma-2-0-mm-3D,3537,0,0,0.0,0.0,-1.7783454656600952,1.506648302078247
IMG-49DD8ACE53,R1,A,log-sigma-3-0-mm-3D,3537,0,0,0.0,0.0,-1.7498878240585327,1.4737995862960815
IMG-73F9CFC758,R1,A,wavelet-LLH,6673,0,0,0.0,0.0,-3.17297101020813,3.35182785987854
IMG-73F9CFC758,R1,A,wavelet-LHL,6673,0,0,0.0,0.0,-5.030731678009033,3.9298934936523438
IMG-73F9CFC758,R1,A,wavelet-LHH,6673,0,0,0.0,0.0,-1.474307894706726,1.6446170806884766
IMG-73F9CFC758,R1,A,wavelet-HLL,6673,0,0,0.0,0.0,-3.8431291580200195,3.198617696762085
IMG-73F9CFC758,R1,A,wavelet-HLH,6673,0,0,0.0,0.0,-1.3856674432754517,1.7057946920394897
IMG-73F9CFC758,R1,A,wavelet-HHL,6673,0,0,0.0,0.0,-2.0683040618896484,2.8524038791656494
IMG-73F9CFC758,R1,A,wavelet-HHH,6673,0,0,0.0,0.0,-1.19453763961792,0.9936428070068359
IMG-73F9CFC758,R1,A,wavelet-LLL,6673,0,0,0.0,0.0,-5.128820419311523,9.723587036132812
IMG-73F9CFC758,R1,A,log-sigma-1-0-mm-3D,6673,0,0,0.0,0.0,-2.166097640991211,1.1811559200286865
IMG-73F9CFC758,R1,A,log-sigma-2-0-mm-3D,6673,0,0,0.0,0.0,-2.219719886779785,1.2520287036895752
IMG-73F9CFC758,R1,A,log-sigma-3-0-mm-3D,6673,0,0,0.0,0.0,-1.7739980220794678,1.3685592412948608
IMG-91F93A3B3A,R1,A,wavelet-LLH,4240,0,0,0.0,0.0,-5.282774925231934,3.4746248722076416
IMG-91F93A3B3A,R1,A,wavelet-LHL,4240,0,0,0.0,0.0,-5.844707489013672,7.947486877441406
IMG-91F93A3B3A,R1,A,wavelet-LHH,4240,0,0,0.0,0.0,-2.2187788486480713,2.234618902206421
IMG-91F93A3B3A,R1,A,wavelet-HLL,4240,0,0,0.0,0.0,-4.672966957092285,5.535707950592041
IMG-91F93A3B3A,R1,A,wavelet-HLH,4240,0,0,0.0,0.0,-2.367605447769165,2.6065587997436523
IMG-91F93A3B3A,R1,A,wavelet-HHL,4240,0,0,0.0,0.0,-3.544487953186035,3.4049265384674072
IMG-91F93A3B3A,R1,A,wavelet-HHH,4240,0,0,0.0,0.0,-1.4908844232559204,1.6064668893814087
IMG-91F93A3B3A,R1,A,wavelet-LLL,4240,0,0,0.0,0.0,-6.386336803436279,12.058513641357422
IMG-91F93A3B3A,R1,A,log-sigma-1-0-mm-3D,4240,0,0,0.0,0.0,-1.7918508052825928,2.433692216873169
IMG-91F93A3B3A,R1,A,log-sigma-2-0-mm-3D,4240,0,0,0.0,0.0,-1.9470361471176147,2.852105140686035
IMG-91F93A3B3A,R1,A,log-sigma-3-0-mm-3D,4240,0,0,0.0,0.0,-1.9138593673706055,2.976057767868042
IMG-C580B44D18,R1,A,wavelet-LLH,6420,0,0,0.0,0.0,-5.2159953117370605,4.600202560424805
IMG-C580B44D18,R1,A,wavelet-LHL,6420,0,0,0.0,0.0,-6.575953483581543,7.258905410766602
IMG-C580B44D18,R1,A,wavelet-LHH,6420,0,0,0.0,0.0,-2.6408884525299072,2.9436776638031006
IMG-C580B44D18,R1,A,wavelet-HLL,6420,0,0,0.0,0.0,-8.42166519165039,5.74388313293457
IMG-C580B44D18,R1,A,wavelet-HLH,6420,0,0,0.0,0.0,-2.634561777114868,2.78763484954834
IMG-C580B44D18,R1,A,wavelet-HHL,6420,0,0,0.0,0.0,-5.323965549468994,5.041194915771484
IMG-C580B44D18,R1,A,wavelet-HHH,6420,0,0,0.0,0.0,-2.008394718170166,2.1947267055511475
IMG-C580B44D18,R1,A,wavelet-LLL,6420,0,0,0.0,0.0,-5.924875736236572,12.608354568481445
IMG-C580B44D18,R1,A,log-sigma-1-0-mm-3D,6420,0,0,0.0,0.0,-2.188809871673584,2.5025596618652344
IMG-C580B44D18,R1,A,log-sigma-2-0-mm-3D,6420,0,0,0.0,0.0,-2.8547253608703613,2.5880863666534424
IMG-C580B44D18,R1,A,log-sigma-3-0-mm-3D,6420,0,0,0.0,0.0,-2.296895742416382,2.521266460418701
IMG-D2B5AD3D4B,R1,A,wavelet-LLH,11564,0,0,0.0,0.0,-3.301076650619507,3.317964792251587
IMG-D2B5AD3D4B,R1,A,wavelet-LHL,11564,0,0,0.0,0.0,-5.836064338684082,4.045070171356201
IMG-D2B5AD3D4B,R1,A,wavelet-LHH,11564,0,0,0.0,0.0,-2.0560593605041504,2.068716526031494
IMG-D2B5AD3D4B,R1,A,wavelet-HLL,11564,0,0,0.0,0.0,-2.4243223667144775,3.8670742511749268
IMG-D2B5AD3D4B,R1,A,wavelet-HLH,11564,0,0,0.0,0.0,-1.632991909980774,1.2228831052780151
IMG-D2B5AD3D4B,R1,A,wavelet-HHL,11564,0,0,0.0,0.0,-3.6729540824890137,3.9543159008026123
IMG-D2B5AD3D4B,R1,A,wavelet-HHH,11564,0,0,0.0,0.0,-1.339706301689148,1.4432119131088257
IMG-D2B5AD3D4B,R1,A,wavelet-LLL,11564,0,0,0.0,0.0,-6.759716033935547,7.311102867126465
IMG-D2B5AD3D4B,R1,A,log-sigma-1-0-mm-3D,11564,0,0,0.0,0.0,-1.3779901266098022,1.4163585901260376
IMG-D2B5AD3D4B,R1,A,log-sigma-2-0-mm-3D,11564,0,0,0.0,0.0,-1.7120314836502075,1.6264845132827759
IMG-D2B5AD3D4B,R1,A,log-sigma-3-0-mm-3D,11564,0,0,0.0,0.0,-1.7271714210510254,1.7898855209350586
IMG-A24EA009DC,R1,A,wavelet-LLH,5433,0,0,0.0,0.0,-2.1052849292755127,2.0418784618377686
IMG-A24EA009DC,R1,A,wavelet-LHL,5433,0,0,0.0,0.0,-3.5663349628448486,3.1638357639312744
IMG-A24EA009DC,R1,A,wavelet-LHH,5433,0,0,0.0,0.0,-1.3437105417251587,1.5805867910385132
IMG-A24EA009DC,R1,A,wavelet-HLL,5433,0,0,0.0,0.0,-3.778252363204956,4.464393138885498
IMG-A24EA009DC,R1,A,wavelet-HLH,5433,0,0,0.0,0.0,-1.4374479055404663,1.6759546995162964
IMG-A24EA009DC,R1,A,wavelet-HHL,5433,0,0,0.0,0.0,-3.738250494003296,3.6035854816436768
IMG-A24EA009DC,R1,A,wavelet-HHH,5433,0,0,0.0,0.0,-1.1823866367340088,1.0743764638900757
IMG-A24EA009DC,R1,A,wavelet-LLL,5433,0,0,0.0,0.0,-3.5807878971099854,12.41345500946045
IMG-A24EA009DC,R1,A,log-sigma-1-0-mm-3D,5433,0,0,0.0,0.0,-2.3675875663757324,1.368200659751892
IMG-A24EA009DC,R1,A,log-sigma-2-0-mm-3D,5433,0,0,0.0,0.0,-2.239989757537842,1.1661453247070312
IMG-A24EA009DC,R1,A,log-sigma-3-0-mm-3D,5433,0,0,0.0,0.0,-2.206312894821167,1.1907672882080078
IMG-BC631D0348,R1,A,wavelet-LLH,1774,0,0,0.0,0.0,-4.380845546722412,2.7733380794525146
IMG-BC631D0348,R1,A,wavelet-LHL,1774,0,0,0.0,0.0,-3.7546942234039307,2.580118179321289
IMG-BC631D0348,R1,A,wavelet-LHH,1774,0,0,0.0,0.0,-1.5508241653442383,1.6624691486358643
IMG-BC631D0348,R1,A,wavelet-HLL,1774,0,0,0.0,0.0,-4.7458319664001465,2.8813297748565674
IMG-BC631D0348,R1,A,wavelet-HLH,1774,0,0,0.0,0.0,-1.3253543376922607,1.743065357208252
IMG-BC631D0348,R1,A,wavelet-HHL,1774,0,0,0.0,0.0,-2.4321513175964355,2.4157464504241943
IMG-BC631D0348,R1,A,wavelet-HHH,1774,0,0,0.0,0.0,-1.250557541847229,1.3991901874542236
IMG-BC631D0348,R1,A,wavelet-LLL,1774,0,0,0.0,0.0,-8.099845886230469,9.68680191040039
IMG-BC631D0348,R1,A,log-sigma-1-0-mm-3D,1774,0,0,0.0,0.0,-2.419201374053955,1.831981897354126
IMG-BC631D0348,R1,A,log-sigma-2-0-mm-3D,1774,0,0,0.0,0.0,-1.942653775215149,2.101541519165039
IMG-BC631D0348,R1,A,log-sigma-3-0-mm-3D,1774,0,0,0.0,0.0,-1.7873841524124146,2.777165174484253
IMG-96DA5E8EEE,R1,A,wavelet-LLH,12186,0,0,0.0,0.0,-13.917901992797852,11.289419174194336
IMG-96DA5E8EEE,R1,A,wavelet-LHL,12186,0,0,0.0,0.0,-5.967288970947266,4.233885288238525
IMG-96DA5E8EEE,R1,A,wavelet-LHH,12186,0,0,0.0,0.0,-2.167141914367676,2.514435291290283
IMG-96DA5E8EEE,R1,A,wavelet-HLL,12186,0,0,0.0,0.0,-6.03145170211792,4.1786065101623535
IMG-96DA5E8EEE,R1,A,wavelet-HLH,12186,0,0,0.0,0.0,-2.4817583560943604,2.571272611618042
IMG-96DA5E8EEE,R1,A,wavelet-HHL,12186,0,0,0.0,0.0,-2.9954817295074463,4.156877517700195
IMG-96DA5E8EEE,R1,A,wavelet-HHH,12186,0,0,0.0,0.0,-1.6246538162231445,1.6393365859985352
IMG-96DA5E8EEE,R1,A,wavelet-LLL,12186,0,0,0.0,0.0,-7.255136013031006,14.080623626708984
IMG-96DA5E8EEE,R1,A,log-sigma-1-0-mm-3D,12186,0,0,0.0,0.0,-1.9035362005233765,2.1425435543060303
IMG-96DA5E8EEE,R1,A,log-sigma-2-0-mm-3D,12186,0,0,0.0,0.0,-2.91587233543396,2.2863149642944336
IMG-96DA5E8EEE,R1,A,log-sigma-3-0-mm-3D,12186,0,0,0.0,0.0,-3.1323678493499756,2.4731767177581787
IMG-D488A0943C,R1,A,wavelet-LLH,3544,0,0,0.0,0.0,-10.969303131103516,4.5450263023376465
IMG-D488A0943C,R1,A,wavelet-LHL,3544,0,0,0.0,0.0,-3.866518020629883,5.144619941711426
IMG-D488A0943C,R1,A,wavelet-LHH,3544,0,0,0.0,0.0,-2.5362048149108887,2.5251643657684326
IMG-D488A0943C,R1,A,wavelet-HLL,3544,0,0,0.0,0.0,-4.2230143547058105,4.241523265838623
IMG-D488A0943C,R1,A,wavelet-HLH,3544,0,0,0.0,0.0,-2.542184352874756,2.298768997192383
IMG-D488A0943C,R1,A,wavelet-HHL,3544,0,0,0.0,0.0,-3.608490228652954,3.116123676300049
IMG-D488A0943C,R1,A,wavelet-HHH,3544,0,0,0.0,0.0,-2.1284396648406982,1.9872220754623413
IMG-D488A0943C,R1,A,wavelet-LLL,3544,0,0,0.0,0.0,-5.806546211242676,9.012215614318848
IMG-D488A0943C,R1,A,log-sigma-1-0-mm-3D,3544,0,0,0.0,0.0,-1.4424961805343628,1.5282514095306396
IMG-D488A0943C,R1,A,log-sigma-2-0-mm-3D,3544,0,0,0.0,0.0,-2.229757785797119,1.7732722759246826
IMG-D488A0943C,R1,A,log-sigma-3-0-mm-3D,3544,0,0,0.0,0.0,-2.7124733924865723,1.7941566705703735
IMG-7D01A47448,R1,A,wavelet-LLH,4388,0,0,0.0,0.0,-7.087946891784668,3.5804262161254883
IMG-7D01A47448,R1,A,wavelet-LHL,4388,0,0,0.0,0.0,-6.2716474533081055,4.701010704040527
IMG-7D01A47448,R1,A,wavelet-LHH,4388,0,0,0.0,0.0,-1.9433093070983887,2.519670009613037
IMG-7D01A47448,R1,A,wavelet-HLL,4388,0,0,0.0,0.0,-5.630805015563965,5.197257995605469
IMG-7D01A47448,R1,A,wavelet-HLH,4388,0,0,0.0,0.0,-2.334688663482666,2.2227909564971924
IMG-7D01A47448,R1,A,wavelet-HHL,4388,0,0,0.0,0.0,-3.7288870811462402,3.5456912517547607
IMG-7D01A47448,R1,A,wavelet-HHH,4388,0,0,0.0,0.0,-1.6846745014190674,1.855437994003296
IMG-7D01A47448,R1,A,wavelet-LLL,4388,0,0,0.0,0.0,-7.348545551300049,8.72648811340332
IMG-7D01A47448,R1,A,log-sigma-1-0-mm-3D,4388,0,0,0.0,0.0,-2.1369800567626953,1.8447388410568237
IMG-7D01A47448,R1,A,log-sigma-2-0-mm-3D,4388,0,0,0.0,0.0,-1.8451416492462158,1.9685137271881104
IMG-7D01A47448,R1,A,log-sigma-3-0-mm-3D,4388,0,0,0.0,0.0,-1.5376856327056885,1.9177207946777344
IMG-859B16287A,R1,A,wavelet-LLH,37721,0,0,0.0,0.0,-4.30915641784668,3.2362124919891357
IMG-859B16287A,R1,A,wavelet-LHL,37721,0,0,0.0,0.0,-4.317211151123047,4.256540298461914
IMG-859B16287A,R1,A,wavelet-LHH,37721,0,0,0.0,0.0,-1.7653584480285645,1.9456510543823242
IMG-859B16287A,R1,A,wavelet-HLL,37721,0,0,0.0,0.0,-3.093273162841797,2.7996814250946045
IMG-859B16287A,R1,A,wavelet-HLH,37721,0,0,0.0,0.0,-1.1923916339874268,1.2601336240768433
IMG-859B16287A,R1,A,wavelet-HHL,37721,0,0,0.0,0.0,-2.8569958209991455,2.1579787731170654
IMG-859B16287A,R1,A,wavelet-HHH,37721,0,0,0.0,0.0,-0.8862787485122681,0.9966284036636353
IMG-859B16287A,R1,A,wavelet-LLL,37721,0,0,0.0,0.0,-5.571049213409424,12.83748722076416
IMG-859B16287A,R1,A,log-sigma-1-0-mm-3D,37721,0,0,0.0,0.0,-1.7993088960647583,2.211573600769043
IMG-859B16287A,R1,A,log-sigma-2-0-mm-3D,37721,0,0,0.0,0.0,-2.2953929901123047,2.1211771965026855
IMG-859B16287A,R1,A,log-sigma-3-0-mm-3D,37721,0,0,0.0,0.0,-1.7855931520462036,2.2785258293151855
IMG-42499E799F,R1,A,wavelet-LLH,10325,0,0,0.0,0.0,-7.030947208404541,4.294649600982666
IMG-42499E799F,R1,A,wavelet-LHL,10325,0,0,0.0,0.0,-7.445443630218506,5.6136369705200195
IMG-42499E799F,R1,A,wavelet-LHH,10325,0,0,0.0,0.0,-2.9016449451446533,3.6342453956604004
IMG-42499E799F,R1,A,wavelet-HLL,10325,0,0,0.0,0.0,-8.748348236083984,5.622285842895508
IMG-42499E799F,R1,A,wavelet-HLH,10325,0,0,0.0,0.0,-2.413644790649414,2.886960744857788
IMG-42499E799F,R1,A,wavelet-HHL,10325,0,0,0.0,0.0,-4.227095127105713,4.19771146774292
IMG-42499E799F,R1,A,wavelet-HHH,10325,0,0,0.0,0.0,-1.8090968132019043,1.6815863847732544
IMG-42499E799F,R1,A,wavelet-LLL,10325,0,0,0.0,0.0,-7.14047384262085,16.41486930847168
IMG-42499E799F,R1,A,log-sigma-1-0-mm-3D,10325,0,0,0.0,0.0,-1.9441553354263306,2.896615743637085
IMG-42499E799F,R1,A,log-sigma-2-0-mm-3D,10325,0,0,0.0,0.0,-2.5341262817382812,2.4399876594543457
IMG-42499E799F,R1,A,log-sigma-3-0-mm-3D,10325,0,0,0.0,0.0,-2.6768105030059814,2.885545015335083
IMG-7F7DF99354,R1,B,wavelet-LLH,29382,0,0,0.0,0.0,-3.6280949115753174,3.9187746047973633
IMG-7F7DF99354,R1,B,wavelet-LHL,29382,0,0,0.0,0.0,-5.515699863433838,6.673386096954346
IMG-7F7DF99354,R1,B,wavelet-LHH,29382,0,0,0.0,0.0,-2.4530160427093506,2.291316032409668
IMG-7F7DF99354,R1,B,wavelet-HLL,29382,0,0,0.0,0.0,-9.580355644226074,6.2958502769470215
IMG-7F7DF99354,R1,B,wavelet-HLH,29382,0,0,0.0,0.0,-2.1571686267852783,2.817476272583008
IMG-7F7DF99354,R1,B,wavelet-HHL,29382,0,0,0.0,0.0,-4.3104071617126465,4.320301532745361
IMG-7F7DF99354,R1,B,wavelet-HHH,29382,0,0,0.0,0.0,-1.648214340209961,1.5499805212020874
IMG-7F7DF99354,R1,B,wavelet-LLL,29382,0,0,0.0,0.0,-7.245588779449463,19.154125213623047
IMG-7F7DF99354,R1,B,log-sigma-1-0-mm-3D,29382,0,0,0.0,0.0,-3.1842293739318848,2.638493061065674
IMG-7F7DF99354,R1,B,log-sigma-2-0-mm-3D,29382,0,0,0.0,0.0,-2.717775344848633,2.664888858795166
IMG-7F7DF99354,R1,B,log-sigma-3-0-mm-3D,29382,0,0,0.0,0.0,-2.3379271030426025,2.672725200653076
IMG-60A9582A2E,R1,A,wavelet-LLH,10038,0,0,0.0,0.0,-3.5982306003570557,4.201624870300293
IMG-60A9582A2E,R1,A,wavelet-LHL,10038,0,0,0.0,0.0,-4.470094680786133,7.137332439422607
IMG-60A9582A2E,R1,A,wavelet-LHH,10038,0,0,0.0,0.0,-2.3401660919189453,2.2460780143737793
IMG-60A9582A2E,R1,A,wavelet-HLL,10038,0,0,0.0,0.0,-4.950590133666992,4.008358478546143
IMG-60A9582A2E,R1,A,wavelet-HLH,10038,0,0,0.0,0.0,-1.9238351583480835,2.116907835006714
IMG-60A9582A2E,R1,A,wavelet-HHL,10038,0,0,0.0,0.0,-3.470388650894165,3.320551872253418
IMG-60A9582A2E,R1,A,wavelet-HHH,10038,0,0,0.0,0.0,-2.2861156463623047,1.7908153533935547
IMG-60A9582A2E,R1,A,wavelet-LLL,10038,0,0,0.0,0.0,-7.068658351898193,12.835232734680176
IMG-60A9582A2E,R1,A,log-sigma-1-0-mm-3D,10038,0,0,0.0,0.0,-1.8280779123306274,2.2033450603485107
IMG-60A9582A2E,R1,A,log-sigma-2-0-mm-3D,10038,0,0,0.0,0.0,-2.3240976333618164,2.1921517848968506
IMG-60A9582A2E,R1,A,log-sigma-3-0-mm-3D,10038,0,0,0.0,0.0,-1.8251171112060547,2.157327175140381
IMG-4143CC5E40,R1,A,wavelet-LLH,3005,0,0,0.0,0.0,-3.9011762142181396,3.7587764263153076
IMG-4143CC5E40,R1,A,wavelet-LHL,3005,0,0,0.0,0.0,-5.183684349060059,3.3989086151123047
IMG-4143CC5E40,R1,A,wavelet-LHH,3005,0,0,0.0,0.0,-2.458132743835449,2.627885103225708
IMG-4143CC5E40,R1,A,wavelet-HLL,3005,0,0,0.0,0.0,-4.929725170135498,3.938469648361206
IMG-4143CC5E40,R1,A,wavelet-HLH,3005,0,0,0.0,0.0,-2.1128432750701904,1.889943242073059
IMG-4143CC5E40,R1,A,wavelet-HHL,3005,0,0,0.0,0.0,-2.6806976795196533,2.46212100982666
IMG-4143CC5E40,R1,A,wavelet-HHH,3005,0,0,0.0,0.0,-1.500057578086853,1.1640396118164062
IMG-4143CC5E40,R1,A,wavelet-LLL,3005,0,0,0.0,0.0,-7.756609916687012,9.455727577209473
IMG-4143CC5E40,R1,A,log-sigma-1-0-mm-3D,3005,0,0,0.0,0.0,-1.0998239517211914,2.174023389816284
IMG-4143CC5E40,R1,A,log-sigma-2-0-mm-3D,3005,0,0,0.0,0.0,-1.130252480506897,2.116102933883667
IMG-4143CC5E40,R1,A,log-sigma-3-0-mm-3D,3005,0,0,0.0,0.0,-1.607389211654663,2.0440642833709717
IMG-32C3789F8C,R1,A,wavelet-LLH,21899,0,0,0.0,0.0,-3.611903429031372,3.2105932235717773
IMG-32C3789F8C,R1,A,wavelet-LHL,21899,0,0,0.0,0.0,-4.610119342803955,5.563419342041016
IMG-32C3789F8C,R1,A,wavelet-LHH,21899,0,0,0.0,0.0,-1.7327561378479004,2.2417397499084473
IMG-32C3789F8C,R1,A,wavelet-HLL,21899,0,0,0.0,0.0,-3.9639077186584473,4.524165153503418
IMG-32C3789F8C,R1,A,wavelet-HLH,21899,0,0,0.0,0.0,-1.4852346181869507,1.3839623928070068
IMG-32C3789F8C,R1,A,wavelet-HHL,21899,0,0,0.0,0.0,-2.790726661682129,2.7033846378326416
IMG-32C3789F8C,R1,A,wavelet-HHH,21899,0,0,0.0,0.0,-1.2191319465637207,1.427390694618225
IMG-32C3789F8C,R1,A,wavelet-LLL,21899,0,0,0.0,0.0,-8.950139045715332,12.241390228271484
IMG-32C3789F8C,R1,A,log-sigma-1-0-mm-3D,21899,0,0,0.0,0.0,-2.33125901222229,1.4015811681747437
IMG-32C3789F8C,R1,A,log-sigma-2-0-mm-3D,21899,0,0,0.0,0.0,-2.2768282890319824,1.6294097900390625
IMG-32C3789F8C,R1,A,log-sigma-3-0-mm-3D,21899,0,0,0.0,0.0,-1.8245172500610352,1.4568455219268799
IMG-EF83CC90EA,R1,A,wavelet-LLH,9130,0,0,0.0,0.0,-6.735096454620361,4.475457668304443
IMG-EF83CC90EA,R1,A,wavelet-LHL,9130,0,0,0.0,0.0,-6.339751720428467,5.663225173950195
IMG-EF83CC90EA,R1,A,wavelet-LHH,9130,0,0,0.0,0.0,-2.738337993621826,3.4193177223205566
IMG-EF83CC90EA,R1,A,wavelet-HLL,9130,0,0,0.0,0.0,-6.5985002517700195,4.997073173522949
IMG-EF83CC90EA,R1,A,wavelet-HLH,9130,0,0,0.0,0.0,-2.276473045349121,2.3101632595062256
IMG-EF83CC90EA,R1,A,wavelet-HHL,9130,0,0,0.0,0.0,-4.469137668609619,4.532018184661865
IMG-EF83CC90EA,R1,A,wavelet-HHH,9130,0,0,0.0,0.0,-1.7513130903244019,1.7941129207611084
IMG-EF83CC90EA,R1,A,wavelet-LLL,9130,0,0,0.0,0.0,-6.66555643081665,17.364017486572266
IMG-EF83CC90EA,R1,A,log-sigma-1-0-mm-3D,9130,0,0,0.0,0.0,-2.53027606010437,1.9325580596923828
IMG-EF83CC90EA,R1,A,log-sigma-2-0-mm-3D,9130,0,0,0.0,0.0,-2.8367953300476074,1.913139820098877
IMG-EF83CC90EA,R1,A,log-sigma-3-0-mm-3D,9130,0,0,0.0,0.0,-3.817556619644165,1.837493658065796
IMG-8EEB6CF0C6,R1,B,wavelet-LLH,5358,0,0,0.0,0.0,-3.7901113033294678,2.6814913749694824
IMG-8EEB6CF0C6,R1,B,wavelet-LHL,5358,0,0,0.0,0.0,-3.928886890411377,5.639595031738281
IMG-8EEB6CF0C6,R1,B,wavelet-LHH,5358,0,0,0.0,0.0,-2.656958818435669,1.4517853260040283
IMG-8EEB6CF0C6,R1,B,wavelet-HLL,5358,0,0,0.0,0.0,-3.6561696529388428,4.101893901824951
IMG-8EEB6CF0C6,R1,B,wavelet-HLH,5358,0,0,0.0,0.0,-1.9085052013397217,1.3088998794555664
IMG-8EEB6CF0C6,R1,B,wavelet-HHL,5358,0,0,0.0,0.0,-2.165606737136841,2.5405189990997314
IMG-8EEB6CF0C6,R1,B,wavelet-HHH,5358,0,0,0.0,0.0,-0.9683061838150024,1.0507454872131348
IMG-8EEB6CF0C6,R1,B,wavelet-LLL,5358,0,0,0.0,0.0,-6.114040374755859,8.87573528289795
IMG-8EEB6CF0C6,R1,B,log-sigma-1-0-mm-3D,5358,0,0,0.0,0.0,-1.7537600994110107,2.0338425636291504
IMG-8EEB6CF0C6,R1,B,log-sigma-2-0-mm-3D,5358,0,0,0.0,0.0,-1.722651720046997,2.2209489345550537
IMG-8EEB6CF0C6,R1,B,log-sigma-3-0-mm-3D,5358,0,0,0.0,0.0,-1.769702434539795,2.2965149879455566
IMG-EC52437D3C,R1,A,wavelet-LLH,5421,0,0,0.0,0.0,-8.269339561462402,4.946387767791748
IMG-EC52437D3C,R1,A,wavelet-LHL,5421,0,0,0.0,0.0,-8.128122329711914,5.988332748413086
IMG-EC52437D3C,R1,A,wavelet-LHH,5421,0,0,0.0,0.0,-4.789783000946045,4.813844680786133
IMG-EC52437D3C,R1,A,wavelet-HLL,5421,0,0,0.0,0.0,-5.890225887298584,5.121366500854492
IMG-EC52437D3C,R1,A,wavelet-HLH,5421,0,0,0.0,0.0,-3.315645456314087,3.3596630096435547
IMG-EC52437D3C,R1,A,wavelet-HHL,5421,0,0,0.0,0.0,-4.452841758728027,4.5503010749816895
IMG-EC52437D3C,R1,A,wavelet-HHH,5421,0,0,0.0,0.0,-2.931612253189087,2.6411430835723877
IMG-EC52437D3C,R1,A,wavelet-LLL,5421,0,0,0.0,0.0,-5.168586730957031,12.556804656982422
IMG-EC52437D3C,R1,A,log-sigma-1-0-mm-3D,5421,0,0,0.0,0.0,-2.546215057373047,2.668148994445801
IMG-EC52437D3C,R1,A,log-sigma-2-0-mm-3D,5421,0,0,0.0,0.0,-2.239006757736206,2.2622580528259277
IMG-EC52437D3C,R1,A,log-sigma-3-0-mm-3D,5421,0,0,0.0,0.0,-2.0440680980682373,2.157353401184082
IMG-64AD3367A4,R1,B,wavelet-LLH,4452,0,0,0.0,0.0,-5.966209888458252,5.675088882446289
IMG-64AD3367A4,R1,B,wavelet-LHL,4452,0,0,0.0,0.0,-3.725712776184082,4.441864490509033
IMG-64AD3367A4,R1,B,wavelet-LHH,4452,0,0,0.0,0.0,-2.9940989017486572,2.6974823474884033
IMG-64AD3367A4,R1,B,wavelet-HLL,4452,0,0,0.0,0.0,-7.875833988189697,4.472237586975098
IMG-64AD3367A4,R1,B,wavelet-HLH,4452,0,0,0.0,0.0,-2.213662624359131,2.7125680446624756
IMG-64AD3367A4,R1,B,wavelet-HHL,4452,0,0,0.0,0.0,-4.608157634735107,2.6354236602783203
IMG-64AD3367A4,R1,B,wavelet-HHH,4452,0,0,0.0,0.0,-1.6368967294692993,1.825047492980957
IMG-64AD3367A4,R1,B,wavelet-LLL,4452,0,0,0.0,0.0,-6.26992654800415,14.826186180114746
IMG-64AD3367A4,R1,B,log-sigma-1-0-mm-3D,4452,0,0,0.0,0.0,-2.240499496459961,2.3265724182128906
IMG-64AD3367A4,R1,B,log-sigma-2-0-mm-3D,4452,0,0,0.0,0.0,-3.11234712600708,2.317587375640869
IMG-64AD3367A4,R1,B,log-sigma-3-0-mm-3D,4452,0,0,0.0,0.0,-3.1573050022125244,2.104923725128174
IMG-25F70C24EB,R1,A,wavelet-LLH,8689,0,0,0.0,0.0,-10.607697486877441,9.598628044128418
IMG-25F70C24EB,R1,A,wavelet-LHL,8689,0,0,0.0,0.0,-7.212022304534912,6.252956390380859
IMG-25F70C24EB,R1,A,wavelet-LHH,8689,0,0,0.0,0.0,-3.3788881301879883,4.016263484954834
IMG-25F70C24EB,R1,A,wavelet-HLL,8689,0,0,0.0,0.0,-8.855178833007812,6.672740459442139
IMG-25F70C24EB,R1,A,wavelet-HLH,8689,0,0,0.0,0.0,-2.8839709758758545,3.380845069885254
IMG-25F70C24EB,R1,A,wavelet-HHL,8689,0,0,0.0,0.0,-4.092988967895508,6.2865891456604
IMG-25F70C24EB,R1,A,wavelet-HHH,8689,0,0,0.0,0.0,-2.663358449935913,2.276064872741699
IMG-25F70C24EB,R1,A,wavelet-LLL,8689,0,0,0.0,0.0,-6.789632797241211,14.604575157165527
IMG-25F70C24EB,R1,A,log-sigma-1-0-mm-3D,8689,0,0,0.0,0.0,-2.7435176372528076,2.954068183898926
IMG-25F70C24EB,R1,A,log-sigma-2-0-mm-3D,8689,0,0,0.0,0.0,-2.279796600341797,3.4051568508148193
IMG-25F70C24EB,R1,A,log-sigma-3-0-mm-3D,8689,0,0,0.0,0.0,-1.7313177585601807,3.5958094596862793
IMG-C55B8DDEA7,R1,A,wavelet-LLH,14458,0,0,0.0,0.0,-8.322003364562988,16.03868865966797
IMG-C55B8DDEA7,R1,A,wavelet-LHL,14458,0,0,0.0,0.0,-5.069745063781738,4.691084861755371
IMG-C55B8DDEA7,R1,A,wavelet-LHH,14458,0,0,0.0,0.0,-2.591611862182617,2.6788806915283203
IMG-C55B8DDEA7,R1,A,wavelet-HLL,14458,0,0,0.0,0.0,-6.786820888519287,4.946477890014648
IMG-C55B8DDEA7,R1,A,wavelet-HLH,14458,0,0,0.0,0.0,-3.199279546737671,2.806089401245117
IMG-C55B8DDEA7,R1,A,wavelet-HHL,14458,0,0,0.0,0.0,-6.0279412269592285,4.509027481079102
IMG-C55B8DDEA7,R1,A,wavelet-HHH,14458,0,0,0.0,0.0,-1.8103448152542114,1.8885471820831299
IMG-C55B8DDEA7,R1,A,wavelet-LLL,14458,0,0,0.0,0.0,-7.259490489959717,12.03863525390625
IMG-C55B8DDEA7,R1,A,log-sigma-1-0-mm-3D,14458,0,0,0.0,0.0,-2.4220051765441895,2.327895164489746
IMG-C55B8DDEA7,R1,A,log-sigma-2-0-mm-3D,14458,0,0,0.0,0.0,-1.7123011350631714,2.4528956413269043
IMG-C55B8DDEA7,R1,A,log-sigma-3-0-mm-3D,14458,0,0,0.0,0.0,-1.8454139232635498,2.586676597595215
IMG-F0956FF68B,R1,A,wavelet-LLH,8375,0,0,0.0,0.0,-6.722840785980225,5.034060955047607
IMG-F0956FF68B,R1,A,wavelet-LHL,8375,0,0,0.0,0.0,-4.466004371643066,5.55684232711792
IMG-F0956FF68B,R1,A,wavelet-LHH,8375,0,0,0.0,0.0,-2.627964973449707,2.994452476501465
IMG-F0956FF68B,R1,A,wavelet-HLL,8375,0,0,0.0,0.0,-9.698826789855957,6.533214092254639
IMG-F0956FF68B,R1,A,wavelet-HLH,8375,0,0,0.0,0.0,-3.5788824558258057,3.1728906631469727
IMG-F0956FF68B,R1,A,wavelet-HHL,8375,0,0,0.0,0.0,-4.770070552825928,4.813915729522705
IMG-F0956FF68B,R1,A,wavelet-HHH,8375,0,0,0.0,0.0,-2.203390121459961,2.536038398742676
IMG-F0956FF68B,R1,A,wavelet-LLL,8375,0,0,0.0,0.0,-8.187485694885254,21.172420501708984
IMG-F0956FF68B,R1,A,log-sigma-1-0-mm-3D,8375,0,0,0.0,0.0,-2.1173954010009766,3.468096971511841
IMG-F0956FF68B,R1,A,log-sigma-2-0-mm-3D,8375,0,0,0.0,0.0,-1.7166064977645874,3.7892653942108154
IMG-F0956FF68B,R1,A,log-sigma-3-0-mm-3D,8375,0,0,0.0,0.0,-1.5241674184799194,3.242903709411621
IMG-ACAA7C268F,R1,A,wavelet-LLH,7724,0,0,0.0,0.0,-4.299306392669678,3.2960517406463623
IMG-ACAA7C268F,R1,A,wavelet-LHL,7724,0,0,0.0,0.0,-4.303075790405273,5.978311538696289
IMG-ACAA7C268F,R1,A,wavelet-LHH,7724,0,0,0.0,0.0,-3.03495717048645,2.5898375511169434
IMG-ACAA7C268F,R1,A,wavelet-HLL,7724,0,0,0.0,0.0,-3.4100635051727295,4.256149768829346
IMG-ACAA7C268F,R1,A,wavelet-HLH,7724,0,0,0.0,0.0,-2.0196688175201416,1.6187618970870972
IMG-ACAA7C268F,R1,A,wavelet-HHL,7724,0,0,0.0,0.0,-3.4419164657592773,3.613538980484009
IMG-ACAA7C268F,R1,A,wavelet-HHH,7724,0,0,0.0,0.0,-1.3628075122833252,1.7022124528884888
IMG-ACAA7C268F,R1,A,wavelet-LLL,7724,0,0,0.0,0.0,-6.859068393707275,10.360709190368652
IMG-ACAA7C268F,R1,A,log-sigma-1-0-mm-3D,7724,0,0,0.0,0.0,-1.9652166366577148,1.618478536605835
IMG-ACAA7C268F,R1,A,log-sigma-2-0-mm-3D,7724,0,0,0.0,0.0,-1.4254165887832642,1.8025774955749512
IMG-ACAA7C268F,R1,A,log-sigma-3-0-mm-3D,7724,0,0,0.0,0.0,-1.1156591176986694,1.577728509902954
IMG-35E5834CF7,R1,A,wavelet-LLH,13896,0,0,0.0,0.0,-9.998672485351562,8.888679504394531
IMG-35E5834CF7,R1,A,wavelet-LHL,13896,0,0,0.0,0.0,-7.477992057800293,6.497532844543457
IMG-35E5834CF7,R1,A,wavelet-LHH,13896,0,0,0.0,0.0,-2.96752667427063,3.358616828918457
IMG-35E5834CF7,R1,A,wavelet-HLL,13896,0,0,0.0,0.0,-7.9186201095581055,6.593044281005859
IMG-35E5834CF7,R1,A,wavelet-HLH,13896,0,0,0.0,0.0,-3.621487855911255,3.50028920173645
IMG-35E5834CF7,R1,A,wavelet-HHL,13896,0,0,0.0,0.0,-4.8687310218811035,7.025575637817383
IMG-35E5834CF7,R1,A,wavelet-HHH,13896,0,0,0.0,0.0,-3.0821783542633057,2.679245948791504
IMG-35E5834CF7,R1,A,wavelet-LLL,13896,0,0,0.0,0.0,-8.155519485473633,13.873518943786621
IMG-35E5834CF7,R1,A,log-sigma-1-0-mm-3D,13896,0,0,0.0,0.0,-2.706509590148926,2.400592088699341
IMG-35E5834CF7,R1,A,log-sigma-2-0-mm-3D,13896,0,0,0.0,0.0,-2.853245258331299,2.9540750980377197
IMG-35E5834CF7,R1,A,log-sigma-3-0-mm-3D,13896,0,0,0.0,0.0,-2.606138229370117,3.2837743759155273
IMG-7A14B18C9E,R1,A,wavelet-LLH,15509,0,0,0.0,0.0,-6.040792465209961,4.8874945640563965
IMG-7A14B18C9E,R1,A,wavelet-LHL,15509,0,0,0.0,0.0,-10.83322525024414,5.8728461265563965
IMG-7A14B18C9E,R1,A,wavelet-LHH,15509,0,0,0.0,0.0,-4.6786627769470215,6.182390213012695
IMG-7A14B18C9E,R1,A,wavelet-HLL,15509,0,0,0.0,0.0,-8.222243309020996,5.889151096343994
IMG-7A14B18C9E,R1,A,wavelet-HLH,15509,0,0,0.0,0.0,-2.7178313732147217,3.9146463871002197
IMG-7A14B18C9E,R1,A,wavelet-HHL,15509,0,0,0.0,0.0,-4.163111209869385,5.450512409210205
IMG-7A14B18C9E,R1,A,wavelet-HHH,15509,0,0,0.0,0.0,-2.3065452575683594,1.6840784549713135
IMG-7A14B18C9E,R1,A,wavelet-LLL,15509,0,0,0.0,0.0,-9.0554780960083,16.716535568237305
IMG-7A14B18C9E,R1,A,log-sigma-1-0-mm-3D,15509,0,0,0.0,0.0,-3.5765299797058105,2.583632707595825
IMG-7A14B18C9E,R1,A,log-sigma-2-0-mm-3D,15509,0,0,0.0,0.0,-2.5439698696136475,2.6288280487060547
IMG-7A14B18C9E,R1,A,log-sigma-3-0-mm-3D,15509,0,0,0.0,0.0,-1.7142510414123535,2.135373115539551
IMG-9439522F90,R1,B,wavelet-LLH,705,0,0,0.0,0.0,-6.155886650085449,3.4696030616760254
IMG-9439522F90,R1,B,wavelet-LHL,705,0,0,0.0,0.0,-3.1897635459899902,3.8327574729919434
IMG-9439522F90,R1,B,wavelet-LHH,705,0,0,0.0,0.0,-1.7128643989562988,1.7322711944580078
IMG-9439522F90,R1,B,wavelet-HLL,705,0,0,0.0,0.0,-3.6510958671569824,4.4672088623046875
IMG-9439522F90,R1,B,wavelet-HLH,705,0,0,0.0,0.0,-2.635847330093384,2.081071376800537
IMG-9439522F90,R1,B,wavelet-HHL,705,0,0,0.0,0.0,-3.6452155113220215,2.059328556060791
IMG-9439522F90,R1,B,wavelet-HHH,705,0,0,0.0,0.0,-1.2387194633483887,1.1251964569091797
IMG-9439522F90,R1,B,wavelet-LLL,705,0,0,0.0,0.0,-8.96296501159668,9.586568832397461
IMG-9439522F90,R1,B,log-sigma-1-0-mm-3D,705,0,0,0.0,0.0,-2.862947463989258,2.4663758277893066
IMG-9439522F90,R1,B,log-sigma-2-0-mm-3D,705,0,0,0.0,0.0,-2.697784662246704,3.3891501426696777
IMG-9439522F90,R1,B,log-sigma-3-0-mm-3D,705,0,0,0.0,0.0,-1.9010977745056152,3.298027276992798
IMG-040E40FBD4,R1,A,wavelet-LLH,15645,0,0,0.0,0.0,-4.869348526000977,5.584343433380127
IMG-040E40FBD4,R1,A,wavelet-LHL,15645,0,0,0.0,0.0,-6.670482635498047,5.110077381134033
IMG-040E40FBD4,R1,A,wavelet-LHH,15645,0,0,0.0,0.0,-2.68849515914917,2.8661091327667236
IMG-040E40FBD4,R1,A,wavelet-HLL,15645,0,0,0.0,0.0,-8.069109916687012,5.121720790863037
IMG-040E40FBD4,R1,A,wavelet-HLH,15645,0,0,0.0,0.0,-2.7701971530914307,2.470038414001465
IMG-040E40FBD4,R1,A,wavelet-HHL,15645,0,0,0.0,0.0,-4.244451999664307,4.002868175506592
IMG-040E40FBD4,R1,A,wavelet-HHH,15645,0,0,0.0,0.0,-1.9527366161346436,2.1617555618286133
IMG-040E40FBD4,R1,A,wavelet-LLL,15645,0,0,0.0,0.0,-8.588809967041016,10.923851013183594
IMG-040E40FBD4,R1,A,log-sigma-1-0-mm-3D,15645,0,0,0.0,0.0,-2.069762945175171,2.709036350250244
IMG-040E40FBD4,R1,A,log-sigma-2-0-mm-3D,15645,0,0,0.0,0.0,-2.339355230331421,2.570953130722046
IMG-040E40FBD4,R1,A,log-sigma-3-0-mm-3D,15645,0,0,0.0,0.0,-1.928877830505371,3.3557777404785156
IMG-D487331940,R1,A,wavelet-LLH,25883,0,0,0.0,0.0,-5.178738594055176,6.023179531097412
IMG-D487331940,R1,A,wavelet-LHL,25883,0,0,0.0,0.0,-4.0692458152771,4.125412464141846
IMG-D487331940,R1,A,wavelet-LHH,25883,0,0,0.0,0.0,-2.274461269378662,2.3177833557128906
IMG-D487331940,R1,A,wavelet-HLL,25883,0,0,0.0,0.0,-3.4277894496917725,3.004646062850952
IMG-D487331940,R1,A,wavelet-HLH,25883,0,0,0.0,0.0,-1.4454268217086792,1.4416273832321167
IMG-D487331940,R1,A,wavelet-HHL,25883,0,0,0.0,0.0,-2.483059883117676,2.6515941619873047
IMG-D487331940,R1,A,wavelet-HHH,25883,0,0,0.0,0.0,-1.2317041158676147,1.1118626594543457
IMG-D487331940,R1,A,wavelet-LLL,25883,0,0,0.0,0.0,-7.557372570037842,9.641905784606934
IMG-D487331940,R1,A,log-sigma-1-0-mm-3D,25883,0,0,0.0,0.0,-2.042292594909668,1.4571661949157715
IMG-D487331940,R1,A,log-sigma-2-0-mm-3D,25883,0,0,0.0,0.0,-1.8988711833953857,1.7306413650512695
IMG-D487331940,R1,A,log-sigma-3-0-mm-3D,25883,0,0,0.0,0.0,-1.4961700439453125,1.5506207942962646
IMG-EE852B744D,R1,A,wavelet-LLH,10140,0,0,0.0,0.0,-6.014743328094482,4.873355388641357
IMG-EE852B744D,R1,A,wavelet-LHL,10140,0,0,0.0,0.0,-5.598945617675781,5.551700592041016
IMG-EE852B744D,R1,A,wavelet-LHH,10140,0,0,0.0,0.0,-4.0516743659973145,3.138479709625244
IMG-EE852B744D,R1,A,wavelet-HLL,10140,0,0,0.0,0.0,-8.022041320800781,5.188202381134033
IMG-EE852B744D,R1,A,wavelet-HLH,10140,0,0,0.0,0.0,-2.705927848815918,3.2158312797546387
IMG-EE852B744D,R1,A,wavelet-HHL,10140,0,0,0.0,0.0,-5.063283443450928,4.390814781188965
IMG-EE852B744D,R1,A,wavelet-HHH,10140,0,0,0.0,0.0,-3.2274646759033203,3.170649766921997
IMG-EE852B744D,R1,A,wavelet-LLL,10140,0,0,0.0,0.0,-10.92911434173584,20.64741325378418
IMG-EE852B744D,R1,A,log-sigma-1-0-mm-3D,10140,0,0,0.0,0.0,-2.9271788597106934,2.2737953662872314
IMG-EE852B744D,R1,A,log-sigma-2-0-mm-3D,10140,0,0,0.0,0.0,-3.8651983737945557,2.4853951930999756
IMG-EE852B744D,R1,A,log-sigma-3-0-mm-3D,10140,0,0,0.0,0.0,-3.759840488433838,2.2601470947265625
IMG-5DD43F3C7F,R1,A,wavelet-LLH,6692,0,0,0.0,0.0,-3.196183919906616,3.3054630756378174
IMG-5DD43F3C7F,R1,A,wavelet-LHL,6692,0,0,0.0,0.0,-3.5300748348236084,2.8483264446258545
IMG-5DD43F3C7F,R1,A,wavelet-LHH,6692,0,0,0.0,0.0,-2.059746026992798,2.615112066268921
IMG-5DD43F3C7F,R1,A,wavelet-HLL,6692,0,0,0.0,0.0,-2.72689151763916,3.543444871902466
IMG-5DD43F3C7F,R1,A,wavelet-HLH,6692,0,0,0.0,0.0,-1.7797818183898926,1.4388867616653442
IMG-5DD43F3C7F,R1,A,wavelet-HHL,6692,0,0,0.0,0.0,-2.989140033721924,2.347679615020752
IMG-5DD43F3C7F,R1,A,wavelet-HHH,6692,0,0,0.0,0.0,-1.4995403289794922,1.8040677309036255
IMG-5DD43F3C7F,R1,A,wavelet-LLL,6692,0,0,0.0,0.0,-7.197566986083984,7.138864517211914
IMG-5DD43F3C7F,R1,A,log-sigma-1-0-mm-3D,6692,0,0,0.0,0.0,-1.5777630805969238,1.424860954284668
IMG-5DD43F3C7F,R1,A,log-sigma-2-0-mm-3D,6692,0,0,0.0,0.0,-1.6220201253890991,1.7748074531555176
IMG-5DD43F3C7F,R1,A,log-sigma-3-0-mm-3D,6692,0,0,0.0,0.0,-1.1176759004592896,1.7912585735321045
IMG-B759B36680,R1,B,wavelet-LLH,6224,0,0,0.0,0.0,-2.3045647144317627,3.5139851570129395
IMG-B759B36680,R1,B,wavelet-LHL,6224,0,0,0.0,0.0,-5.928663730621338,4.763139247894287
IMG-B759B36680,R1,B,wavelet-LHH,6224,0,0,0.0,0.0,-1.9494061470031738,1.4344987869262695
IMG-B759B36680,R1,B,wavelet-HLL,6224,0,0,0.0,0.0,-6.401390552520752,4.995786190032959
IMG-B759B36680,R1,B,wavelet-HLH,6224,0,0,0.0,0.0,-1.559894323348999,2.086851119995117
IMG-B759B36680,R1,B,wavelet-HHL,6224,0,0,0.0,0.0,-2.985525608062744,4.188421249389648
IMG-B759B36680,R1,B,wavelet-HHH,6224,0,0,0.0,0.0,-1.5952589511871338,1.0687280893325806
IMG-B759B36680,R1,B,wavelet-LLL,6224,0,0,0.0,0.0,-6.704841136932373,16.09700584411621
IMG-B759B36680,R1,B,log-sigma-1-0-mm-3D,6224,0,0,0.0,0.0,-1.9450385570526123,2.1359381675720215
IMG-B759B36680,R1,B,log-sigma-2-0-mm-3D,6224,0,0,0.0,0.0,-2.279330015182495,2.443916082382202
IMG-B759B36680,R1,B,log-sigma-3-0-mm-3D,6224,0,0,0.0,0.0,-2.7807326316833496,2.9281036853790283
IMG-51E5F6AA41,R1,A,wavelet-LLH,963,0,0,0.0,0.0,-5.61859655380249,2.6101572513580322
IMG-51E5F6AA41,R1,A,wavelet-LHL,963,0,0,0.0,0.0,-3.252789258956909,3.155017375946045
IMG-51E5F6AA41,R1,A,wavelet-LHH,963,0,0,0.0,0.0,-1.3704568147659302,1.4466590881347656
IMG-51E5F6AA41,R1,A,wavelet-HLL,963,0,0,0.0,0.0,-7.6985955238342285,4.054777145385742
IMG-51E5F6AA41,R1,A,wavelet-HLH,963,0,0,0.0,0.0,-1.160965919494629,1.5793358087539673
IMG-51E5F6AA41,R1,A,wavelet-HHL,963,0,0,0.0,0.0,-2.618027448654175,3.1324546337127686
IMG-51E5F6AA41,R1,A,wavelet-HHH,963,0,0,0.0,0.0,-1.0332612991333008,1.0424847602844238
IMG-51E5F6AA41,R1,A,wavelet-LLL,963,0,0,0.0,0.0,-4.925495624542236,10.933252334594727
IMG-51E5F6AA41,R1,A,log-sigma-1-0-mm-3D,963,0,0,0.0,0.0,-1.3663123846054077,1.4343808889389038
IMG-51E5F6AA41,R1,A,log-sigma-2-0-mm-3D,963,0,0,0.0,0.0,-1.77887761592865,1.3806453943252563
IMG-51E5F6AA41,R1,A,log-sigma-3-0-mm-3D,963,0,0,0.0,0.0,-2.2666144371032715,1.1215355396270752
IMG-95AB59986D,R1,B,wavelet-LLH,6809,0,0,0.0,0.0,-2.7898504734039307,3.5877857208251953
IMG-95AB59986D,R1,B,wavelet-LHL,6809,0,0,0.0,0.0,-5.050935745239258,7.177509307861328
IMG-95AB59986D,R1,B,wavelet-LHH,6809,0,0,0.0,0.0,-2.531458616256714,1.2242090702056885
IMG-95AB59986D,R1,B,wavelet-HLL,6809,0,0,0.0,0.0,-3.653139352798462,5.300406455993652
IMG-95AB59986D,R1,B,wavelet-HLH,6809,0,0,0.0,0.0,-1.053446888923645,1.1731520891189575
IMG-95AB59986D,R1,B,wavelet-HHL,6809,0,0,0.0,0.0,-2.5855987071990967,2.830728054046631
IMG-95AB59986D,R1,B,wavelet-HHH,6809,0,0,0.0,0.0,-0.8980613946914673,0.9417408108711243
IMG-95AB59986D,R1,B,wavelet-LLL,6809,0,0,0.0,0.0,-10.560725212097168,13.077886581420898
IMG-95AB59986D,R1,B,log-sigma-1-0-mm-3D,6809,0,0,0.0,0.0,-2.0750296115875244,2.7193424701690674
IMG-95AB59986D,R1,B,log-sigma-2-0-mm-3D,6809,0,0,0.0,0.0,-2.0922799110412598,3.752673625946045
IMG-95AB59986D,R1,B,log-sigma-3-0-mm-3D,6809,0,0,0.0,0.0,-2.313441276550293,4.2224225997924805
IMG-003F30CAA4,R1,A,wavelet-LLH,6300,0,0,0.0,0.0,-5.417651653289795,3.466614246368408
IMG-003F30CAA4,R1,A,wavelet-LHL,6300,0,0,0.0,0.0,-5.228291034698486,5.9054274559021
IMG-003F30CAA4,R1,A,wavelet-LHH,6300,0,0,0.0,0.0,-3.3738596439361572,2.941903591156006
IMG-003F30CAA4,R1,A,wavelet-HLL,6300,0,0,0.0,0.0,-7.180718898773193,5.440029621124268
IMG-003F30CAA4,R1,A,wavelet-HLH,6300,0,0,0.0,0.0,-2.5408339500427246,3.6138856410980225
IMG-003F30CAA4,R1,A,wavelet-HHL,6300,0,0,0.0,0.0,-4.323726654052734,3.6247265338897705
IMG-003F30CAA4,R1,A,wavelet-HHH,6300,0,0,0.0,0.0,-2.0587055683135986,1.7134431600570679
IMG-003F30CAA4,R1,A,wavelet-LLL,6300,0,0,0.0,0.0,-5.914270877838135,11.692362785339355
IMG-003F30CAA4,R1,A,log-sigma-1-0-mm-3D,6300,0,0,0.0,0.0,-1.8253743648529053,2.924675941467285
IMG-003F30CAA4,R1,A,log-sigma-2-0-mm-3D,6300,0,0,0.0,0.0,-2.24111270904541,3.2033042907714844
IMG-003F30CAA4,R1,A,log-sigma-3-0-mm-3D,6300,0,0,0.0,0.0,-1.8517467975616455,3.1588094234466553
IMG-6574AB037F,R1,A,wavelet-LLH,25523,0,0,0.0,0.0,-9.389091491699219,9.536215782165527
IMG-6574AB037F,R1,A,wavelet-LHL,25523,0,0,0.0,0.0,-7.102141857147217,7.275397300720215
IMG-6574AB037F,R1,A,wavelet-LHH,25523,0,0,0.0,0.0,-3.696260452270508,4.782827377319336
IMG-6574AB037F,R1,A,wavelet-HLL,25523,0,0,0.0,0.0,-7.0116753578186035,6.269369602203369
IMG-6574AB037F,R1,A,wavelet-HLH,25523,0,0,0.0,0.0,-2.5498502254486084,3.2649166584014893
IMG-6574AB037F,R1,A,wavelet-HHL,25523,0,0,0.0,0.0,-5.943380832672119,6.334352016448975
IMG-6574AB037F,R1,A,wavelet-HHH,25523,0,0,0.0,0.0,-2.2815911769866943,2.988302707672119
IMG-6574AB037F,R1,A,wavelet-LLL,25523,0,0,0.0,0.0,-7.989906311035156,16.888771057128906
IMG-6574AB037F,R1,A,log-sigma-1-0-mm-3D,25523,0,0,0.0,0.0,-2.8560452461242676,3.3715479373931885
IMG-6574AB037F,R1,A,log-sigma-2-0-mm-3D,25523,0,0,0.0,0.0,-2.219773054122925,3.1241254806518555
IMG-6574AB037F,R1,A,log-sigma-3-0-mm-3D,25523,0,0,0.0,0.0,-2.4651989936828613,3.0419960021972656
IMG-24C5C9BAAF,R1,B,wavelet-LLH,3285,0,0,0.0,0.0,-4.735596656799316,5.928531169891357
IMG-24C5C9BAAF,R1,B,wavelet-LHL,3285,0,0,0.0,0.0,-6.017145156860352,2.8106164932250977
IMG-24C5C9BAAF,R1,B,wavelet-LHH,3285,0,0,0.0,0.0,-2.0172245502471924,1.8817400932312012
IMG-24C5C9BAAF,R1,B,wavelet-HLL,3285,0,0,0.0,0.0,-4.094174385070801,3.739392042160034
IMG-24C5C9BAAF,R1,B,wavelet-HLH,3285,0,0,0.0,0.0,-1.7839120626449585,2.182595729827881
IMG-24C5C9BAAF,R1,B,wavelet-HHL,3285,0,0,0.0,0.0,-2.7418758869171143,3.0687296390533447
IMG-24C5C9BAAF,R1,B,wavelet-HHH,3285,0,0,0.0,0.0,-1.3335744142532349,1.1950608491897583
IMG-24C5C9BAAF,R1,B,wavelet-LLL,3285,0,0,0.0,0.0,-10.403429985046387,12.48874282836914
IMG-24C5C9BAAF,R1,B,log-sigma-1-0-mm-3D,3285,0,0,0.0,0.0,-1.535596251487732,2.2832999229431152
IMG-24C5C9BAAF,R1,B,log-sigma-2-0-mm-3D,3285,0,0,0.0,0.0,-2.0921871662139893,3.3475916385650635
IMG-24C5C9BAAF,R1,B,log-sigma-3-0-mm-3D,3285,0,0,0.0,0.0,-2.0367624759674072,2.9730935096740723
IMG-D3D088F0BC,R1,B,wavelet-LLH,20502,0,0,0.0,0.0,-5.233174800872803,4.26284122467041
IMG-D3D088F0BC,R1,B,wavelet-LHL,20502,0,0,0.0,0.0,-5.243614196777344,4.910619735717773
IMG-D3D088F0BC,R1,B,wavelet-LHH,20502,0,0,0.0,0.0,-1.6894080638885498,2.165339946746826
IMG-D3D088F0BC,R1,B,wavelet-HLL,20502,0,0,0.0,0.0,-4.586538791656494,4.292836666107178
IMG-D3D088F0BC,R1,B,wavelet-HLH,20502,0,0,0.0,0.0,-1.4592574834823608,2.2609689235687256
IMG-D3D088F0BC,R1,B,wavelet-HHL,20502,0,0,0.0,0.0,-2.2733473777770996,2.9919135570526123
IMG-D3D088F0BC,R1,B,wavelet-HHH,20502,0,0,0.0,0.0,-1.0959250926971436,1.0546543598175049
IMG-D3D088F0BC,R1,B,wavelet-LLL,20502,2,0,9.7551458394303e-05,0.0,-12.61228084564209,11.236552238464355
IMG-D3D088F0BC,R1,B,log-sigma-1-0-mm-3D,20502,0,0,0.0,0.0,-2.5776171684265137,1.7208162546157837
IMG-D3D088F0BC,R1,B,log-sigma-2-0-mm-3D,20502,0,0,0.0,0.0,-2.5678744316101074,2.2414801120758057
IMG-D3D088F0BC,R1,B,log-sigma-3-0-mm-3D,20502,0,0,0.0,0.0,-2.0787906646728516,2.3807895183563232
IMG-133719FACA,R1,B,wavelet-LLH,5331,0,0,0.0,0.0,-5.5865912437438965,7.636263847351074
IMG-133719FACA,R1,B,wavelet-LHL,5331,0,0,0.0,0.0,-6.22029447555542,6.641585826873779
IMG-133719FACA,R1,B,wavelet-LHH,5331,0,0,0.0,0.0,-3.3842713832855225,3.331657648086548
IMG-133719FACA,R1,B,wavelet-HLL,5331,0,0,0.0,0.0,-7.258151054382324,7.4166789054870605
IMG-133719FACA,R1,B,wavelet-HLH,5331,0,0,0.0,0.0,-2.757835626602173,3.2151296138763428
IMG-133719FACA,R1,B,wavelet-HHL,5331,0,0,0.0,0.0,-4.8463616371154785,3.7727279663085938
IMG-133719FACA,R1,B,wavelet-HHH,5331,0,0,0.0,0.0,-1.7308729887008667,1.7317827939987183
IMG-133719FACA,R1,B,wavelet-LLL,5331,0,0,0.0,0.0,-7.235873222351074,15.967217445373535
IMG-133719FACA,R1,B,log-sigma-1-0-mm-3D,5331,0,0,0.0,0.0,-1.6680614948272705,3.2511987686157227
IMG-133719FACA,R1,B,log-sigma-2-0-mm-3D,5331,0,0,0.0,0.0,-2.2328219413757324,3.17569637298584
IMG-133719FACA,R1,B,log-sigma-3-0-mm-3D,5331,0,0,0.0,0.0,-2.731411933898926,3.461677074432373
IMG-2F4DE42078,R1,B,wavelet-LLH,6115,0,0,0.0,0.0,-5.169388294219971,4.239539623260498
IMG-2F4DE42078,R1,B,wavelet-LHL,6115,0,0,0.0,0.0,-4.353041172027588,6.490055084228516
IMG-2F4DE42078,R1,B,wavelet-LHH,6115,0,0,0.0,0.0,-2.197282314300537,2.1293411254882812
IMG-2F4DE42078,R1,B,wavelet-HLL,6115,0,0,0.0,0.0,-3.4149022102355957,5.286494255065918
IMG-2F4DE42078,R1,B,wavelet-HLH,6115,0,0,0.0,0.0,-1.757304310798645,2.4601011276245117
IMG-2F4DE42078,R1,B,wavelet-HHL,6115,0,0,0.0,0.0,-3.983006000518799,3.7835752964019775
IMG-2F4DE42078,R1,B,wavelet-HHH,6115,0,0,0.0,0.0,-1.5355308055877686,1.9192698001861572
IMG-2F4DE42078,R1,B,wavelet-LLL,6115,0,0,0.0,0.0,-7.396718978881836,11.442034721374512
IMG-2F4DE42078,R1,B,log-sigma-1-0-mm-3D,6115,0,0,0.0,0.0,-2.061175584793091,1.8757656812667847
IMG-2F4DE42078,R1,B,log-sigma-2-0-mm-3D,6115,0,0,0.0,0.0,-2.655320167541504,2.188732862472534
IMG-2F4DE42078,R1,B,log-sigma-3-0-mm-3D,6115,0,0,0.0,0.0,-2.9027223587036133,2.2197837829589844
IMG-B02F4AEACF,R1,A,wavelet-LLH,16299,0,0,0.0,0.0,-12.162091255187988,5.3656907081604
IMG-B02F4AEACF,R1,A,wavelet-LHL,16299,0,0,0.0,0.0,-6.763983249664307,6.230049133300781
IMG-B02F4AEACF,R1,A,wavelet-LHH,16299,0,0,0.0,0.0,-2.9225945472717285,3.570439100265503
IMG-B02F4AEACF,R1,A,wavelet-HLL,16299,0,0,0.0,0.0,-6.7909722328186035,7.731175899505615
IMG-B02F4AEACF,R1,A,wavelet-HLH,16299,0,0,0.0,0.0,-2.8283350467681885,3.344393730163574
IMG-B02F4AEACF,R1,A,wavelet-HHL,16299,0,0,0.0,0.0,-3.9768190383911133,4.971084117889404
IMG-B02F4AEACF,R1,A,wavelet-HHH,16299,0,0,0.0,0.0,-2.442718744277954,2.218108654022217
IMG-B02F4AEACF,R1,A,wavelet-LLL,16299,0,0,0.0,0.0,-6.252376556396484,14.405543327331543
IMG-B02F4AEACF,R1,A,log-sigma-1-0-mm-3D,16299,0,0,0.0,0.0,-2.042792797088623,3.142176389694214
IMG-B02F4AEACF,R1,A,log-sigma-2-0-mm-3D,16299,0,0,0.0,0.0,-2.6067283153533936,3.088249683380127
IMG-B02F4AEACF,R1,A,log-sigma-3-0-mm-3D,16299,0,0,0.0,0.0,-2.819978713989258,3.0727944374084473
IMG-136CD698F6,R1,A,wavelet-LLH,9142,0,0,0.0,0.0,-5.494094371795654,4.710504531860352
IMG-136CD698F6,R1,A,wavelet-LHL,9142,0,0,0.0,0.0,-6.120753288269043,8.272768020629883
IMG-136CD698F6,R1,A,wavelet-LHH,9142,0,0,0.0,0.0,-2.374445915222168,2.9262807369232178
IMG-136CD698F6,R1,A,wavelet-HLL,9142,0,0,0.0,0.0,-7.479724407196045,7.925983905792236
IMG-136CD698F6,R1,A,wavelet-HLH,9142,0,0,0.0,0.0,-3.629688024520874,2.803032875061035
IMG-136CD698F6,R1,A,wavelet-HHL,9142,0,0,0.0,0.0,-6.068691253662109,4.837851524353027
IMG-136CD698F6,R1,A,wavelet-HHH,9142,0,0,0.0,0.0,-2.18701171875,2.3193509578704834
IMG-136CD698F6,R1,A,wavelet-LLL,9142,0,0,0.0,0.0,-6.979659557342529,16.817075729370117
IMG-136CD698F6,R1,A,log-sigma-1-0-mm-3D,9142,0,0,0.0,0.0,-2.814073085784912,2.732384204864502
IMG-136CD698F6,R1,A,log-sigma-2-0-mm-3D,9142,0,0,0.0,0.0,-2.865870475769043,3.09032940864563
IMG-136CD698F6,R1,A,log-sigma-3-0-mm-3D,9142,0,0,0.0,0.0,-1.755402684211731,3.219451665878296
IMG-44D24E8682,R1,A,wavelet-LLH,15344,0,0,0.0,0.0,-12.68626880645752,9.947237014770508
IMG-44D24E8682,R1,A,wavelet-LHL,15344,0,0,0.0,0.0,-6.677549839019775,8.078841209411621
IMG-44D24E8682,R1,A,wavelet-LHH,15344,0,0,0.0,0.0,-2.6183159351348877,3.1681103706359863
IMG-44D24E8682,R1,A,wavelet-HLL,15344,0,0,0.0,0.0,-5.792150974273682,4.368627071380615
IMG-44D24E8682,R1,A,wavelet-HLH,15344,0,0,0.0,0.0,-2.4021425247192383,2.7918381690979004
IMG-44D24E8682,R1,A,wavelet-HHL,15344,0,0,0.0,0.0,-4.957129001617432,3.842193365097046
IMG-44D24E8682,R1,A,wavelet-HHH,15344,0,0,0.0,0.0,-1.9288874864578247,1.7269366979599
IMG-44D24E8682,R1,A,wavelet-LLL,15344,0,0,0.0,0.0,-7.18576717376709,16.207881927490234
IMG-44D24E8682,R1,A,log-sigma-1-0-mm-3D,15344,0,0,0.0,0.0,-3.8082900047302246,1.9856288433074951
IMG-44D24E8682,R1,A,log-sigma-2-0-mm-3D,15344,0,0,0.0,0.0,-3.4665181636810303,2.2330069541931152
IMG-44D24E8682,R1,A,log-sigma-3-0-mm-3D,15344,0,0,0.0,0.0,-2.9312479496002197,2.2711501121520996
IMG-829951450E,R1,A,wavelet-LLH,7715,0,0,0.0,0.0,-4.11711311340332,4.4837493896484375
IMG-829951450E,R1,A,wavelet-LHL,7715,0,0,0.0,0.0,-5.216923236846924,4.061380863189697
IMG-829951450E,R1,A,wavelet-LHH,7715,0,0,0.0,0.0,-2.3532118797302246,2.927896022796631
IMG-829951450E,R1,A,wavelet-HLL,7715,0,0,0.0,0.0,-4.9239821434021,6.466136455535889
IMG-829951450E,R1,A,wavelet-HLH,7715,0,0,0.0,0.0,-2.337068557739258,2.646059513092041
IMG-829951450E,R1,A,wavelet-HHL,7715,0,0,0.0,0.0,-4.979791641235352,6.750341892242432
IMG-829951450E,R1,A,wavelet-HHH,7715,0,0,0.0,0.0,-2.0205118656158447,2.0531821250915527
IMG-829951450E,R1,A,wavelet-LLL,7715,0,0,0.0,0.0,-8.179927825927734,8.492881774902344
IMG-829951450E,R1,A,log-sigma-1-0-mm-3D,7715,0,0,0.0,0.0,-2.1042094230651855,2.27854323387146
IMG-829951450E,R1,A,log-sigma-2-0-mm-3D,7715,0,0,0.0,0.0,-1.6260743141174316,2.2102763652801514
IMG-829951450E,R1,A,log-sigma-3-0-mm-3D,7715,0,0,0.0,0.0,-1.3012757301330566,2.413496732711792
IMG-6A6E7345DD,R1,A,wavelet-LLH,6370,0,0,0.0,0.0,-7.024941444396973,5.667187690734863
IMG-6A6E7345DD,R1,A,wavelet-LHL,6370,0,0,0.0,0.0,-11.109016418457031,6.466939449310303
IMG-6A6E7345DD,R1,A,wavelet-LHH,6370,0,0,0.0,0.0,-3.4581987857818604,1.8588131666183472
IMG-6A6E7345DD,R1,A,wavelet-HLL,6370,0,0,0.0,0.0,-8.225987434387207,8.160478591918945
IMG-6A6E7345DD,R1,A,wavelet-HLH,6370,0,0,0.0,0.0,-2.628094434738159,2.595792293548584
IMG-6A6E7345DD,R1,A,wavelet-HHL,6370,0,0,0.0,0.0,-3.4771299362182617,5.106923580169678
IMG-6A6E7345DD,R1,A,wavelet-HHH,6370,0,0,0.0,0.0,-1.8018043041229248,1.915474772453308
IMG-6A6E7345DD,R1,A,wavelet-LLL,6370,0,0,0.0,0.0,-6.3091936111450195,14.067448616027832
IMG-6A6E7345DD,R1,A,log-sigma-1-0-mm-3D,6370,0,0,0.0,0.0,-2.7853729724884033,3.344691753387451
IMG-6A6E7345DD,R1,A,log-sigma-2-0-mm-3D,6370,0,0,0.0,0.0,-1.4403756856918335,3.4248058795928955
IMG-6A6E7345DD,R1,A,log-sigma-3-0-mm-3D,6370,0,0,0.0,0.0,-1.4944558143615723,3.1094374656677246
IMG-A61365F1DA,R1,B,wavelet-LLH,5862,0,0,0.0,0.0,-4.830141544342041,4.771529197692871
IMG-A61365F1DA,R1,B,wavelet-LHL,5862,0,0,0.0,0.0,-6.478756904602051,8.171615600585938
IMG-A61365F1DA,R1,B,wavelet-LHH,5862,0,0,0.0,0.0,-3.814039945602417,4.569965839385986
IMG-A61365F1DA,R1,B,wavelet-HLL,5862,0,0,0.0,0.0,-5.8224263191223145,7.781513214111328
IMG-A61365F1DA,R1,B,wavelet-HLH,5862,0,0,0.0,0.0,-2.1516823768615723,2.1165096759796143
IMG-A61365F1DA,R1,B,wavelet-HHL,5862,0,0,0.0,0.0,-4.444149017333984,3.1007115840911865
IMG-A61365F1DA,R1,B,wavelet-HHH,5862,0,0,0.0,0.0,-1.2934954166412354,1.5507781505584717
IMG-A61365F1DA,R1,B,wavelet-LLL,5862,1,0,0.000170590242238144,0.0,-10.98531723022461,13.927756309509277
IMG-A61365F1DA,R1,B,log-sigma-1-0-mm-3D,5862,0,0,0.0,0.0,-2.5353891849517822,2.8656094074249268
IMG-A61365F1DA,R1,B,log-sigma-2-0-mm-3D,5862,0,0,0.0,0.0,-3.0581612586975098,3.052279472351074
IMG-A61365F1DA,R1,B,log-sigma-3-0-mm-3D,5862,0,0,0.0,0.0,-2.5929954051971436,3.273066282272339
IMG-1420B80C94,R1,A,wavelet-LLH,15894,0,0,0.0,0.0,-9.800188064575195,4.082988262176514
IMG-1420B80C94,R1,A,wavelet-LHL,15894,0,0,0.0,0.0,-7.6323466300964355,6.6927008628845215
IMG-1420B80C94,R1,A,wavelet-LHH,15894,0,0,0.0,0.0,-3.1833877563476562,4.347024917602539
IMG-1420B80C94,R1,A,wavelet-HLL,15894,0,0,0.0,0.0,-9.726012229919434,6.373358249664307
IMG-1420B80C94,R1,A,wavelet-HLH,15894,0,0,0.0,0.0,-2.7858216762542725,2.9908087253570557
IMG-1420B80C94,R1,A,wavelet-HHL,15894,0,0,0.0,0.0,-6.091139316558838,5.54052734375
IMG-1420B80C94,R1,A,wavelet-HHH,15894,0,0,0.0,0.0,-3.3785150051116943,2.480276584625244
IMG-1420B80C94,R1,A,wavelet-LLL,15894,0,0,0.0,0.0,-7.242067813873291,13.136558532714844
IMG-1420B80C94,R1,A,log-sigma-1-0-mm-3D,15894,0,0,0.0,0.0,-1.7440285682678223,3.031848669052124
IMG-1420B80C94,R1,A,log-sigma-2-0-mm-3D,15894,0,0,0.0,0.0,-2.4898018836975098,2.604283094406128
IMG-1420B80C94,R1,A,log-sigma-3-0-mm-3D,15894,0,0,0.0,0.0,-2.5362727642059326,2.4727540016174316
IMG-D17787F368,R1,A,wavelet-LLH,7899,0,0,0.0,0.0,-5.063706874847412,4.164343357086182
IMG-D17787F368,R1,A,wavelet-LHL,7899,0,0,0.0,0.0,-6.642119407653809,7.161067008972168
IMG-D17787F368,R1,A,wavelet-LHH,7899,0,0,0.0,0.0,-2.3140552043914795,2.9017112255096436
IMG-D17787F368,R1,A,wavelet-HLL,7899,0,0,0.0,0.0,-8.12459945678711,6.155389785766602
IMG-D17787F368,R1,A,wavelet-HLH,7899,0,0,0.0,0.0,-3.1318881511688232,3.1201937198638916
IMG-D17787F368,R1,A,wavelet-HHL,7899,0,0,0.0,0.0,-4.337932586669922,7.267892360687256
IMG-D17787F368,R1,A,wavelet-HHH,7899,0,0,0.0,0.0,-2.797795534133911,1.8548023700714111
IMG-D17787F368,R1,A,wavelet-LLL,7899,0,0,0.0,0.0,-6.140774250030518,14.266721725463867
IMG-D17787F368,R1,A,log-sigma-1-0-mm-3D,7899,0,0,0.0,0.0,-1.8360188007354736,2.4670774936676025
IMG-D17787F368,R1,A,log-sigma-2-0-mm-3D,7899,0,0,0.0,0.0,-2.0181758403778076,3.0047683715820312
IMG-D17787F368,R1,A,log-sigma-3-0-mm-3D,7899,0,0,0.0,0.0,-2.004483699798584,2.9522054195404053
IMG-B4F88CD27B,R1,B,wavelet-LLH,22413,0,0,0.0,0.0,-6.9969611167907715,6.204604625701904
IMG-B4F88CD27B,R1,B,wavelet-LHL,22413,0,0,0.0,0.0,-5.909638404846191,7.242260932922363
IMG-B4F88CD27B,R1,B,wavelet-LHH,22413,0,0,0.0,0.0,-2.777655839920044,3.217001438140869
IMG-B4F88CD27B,R1,B,wavelet-HLL,22413,0,0,0.0,0.0,-5.584531307220459,6.366158485412598
IMG-B4F88CD27B,R1,B,wavelet-HLH,22413,0,0,0.0,0.0,-3.7151832580566406,2.3939456939697266
IMG-B4F88CD27B,R1,B,wavelet-HHL,22413,0,0,0.0,0.0,-4.976680755615234,3.7753872871398926
IMG-B4F88CD27B,R1,B,wavelet-HHH,22413,0,0,0.0,0.0,-1.8891865015029907,2.100142478942871
IMG-B4F88CD27B,R1,B,wavelet-LLL,22413,10,0,0.00044616963369473075,0.0,-13.919105529785156,16.14194107055664
IMG-B4F88CD27B,R1,B,log-sigma-1-0-mm-3D,22413,0,0,0.0,0.0,-2.578921318054199,2.787259340286255
IMG-B4F88CD27B,R1,B,log-sigma-2-0-mm-3D,22413,0,0,0.0,0.0,-2.436859607696533,2.6846437454223633
IMG-B4F88CD27B,R1,B,log-sigma-3-0-mm-3D,22413,0,0,0.0,0.0,-2.5825376510620117,3.4395313262939453
IMG-A531957523,R1,A,wavelet-LLH,24197,0,0,0.0,0.0,-8.21223258972168,5.592687129974365
IMG-A531957523,R1,A,wavelet-LHL,24197,0,0,0.0,0.0,-9.357221603393555,5.395487308502197
IMG-A531957523,R1,A,wavelet-LHH,24197,0,0,0.0,0.0,-3.288731336593628,3.992865800857544
IMG-A531957523,R1,A,wavelet-HLL,24197,0,0,0.0,0.0,-7.115206241607666,5.366949558258057
IMG-A531957523,R1,A,wavelet-HLH,24197,0,0,0.0,0.0,-3.508796453475952,2.6169016361236572
IMG-A531957523,R1,A,wavelet-HHL,24197,0,0,0.0,0.0,-4.472535133361816,5.039031982421875
IMG-A531957523,R1,A,wavelet-HHH,24197,0,0,0.0,0.0,-2.3912808895111084,1.9304832220077515
IMG-A531957523,R1,A,wavelet-LLL,24197,0,0,0.0,0.0,-6.939085483551025,17.009199142456055
IMG-A531957523,R1,A,log-sigma-1-0-mm-3D,24197,0,0,0.0,0.0,-2.41575288772583,2.533444881439209
IMG-A531957523,R1,A,log-sigma-2-0-mm-3D,24197,0,0,0.0,0.0,-2.2249984741210938,2.362781524658203
IMG-A531957523,R1,A,log-sigma-3-0-mm-3D,24197,0,0,0.0,0.0,-2.244466543197632,2.0450704097747803
IMG-3731863B90,R1,A,wavelet-LLH,14015,0,0,0.0,0.0,-2.52801775932312,2.354360818862915
IMG-3731863B90,R1,A,wavelet-LHL,14015,0,0,0.0,0.0,-3.486266613006592,3.531536102294922
IMG-3731863B90,R1,A,wavelet-LHH,14015,0,0,0.0,0.0,-1.471771240234375,1.575101613998413
IMG-3731863B90,R1,A,wavelet-HLL,14015,0,0,0.0,0.0,-4.16452693939209,3.822906970977783
IMG-3731863B90,R1,A,wavelet-HLH,14015,0,0,0.0,0.0,-1.6911817789077759,1.3839155435562134
IMG-3731863B90,R1,A,wavelet-HHL,14015,0,0,0.0,0.0,-2.245759963989258,3.2494218349456787
IMG-3731863B90,R1,A,wavelet-HHH,14015,0,0,0.0,0.0,-1.5305532217025757,1.1141726970672607
IMG-3731863B90,R1,A,wavelet-LLL,14015,0,0,0.0,0.0,-6.500553607940674,7.8152174949646
IMG-3731863B90,R1,A,log-sigma-1-0-mm-3D,14015,0,0,0.0,0.0,-1.9001775979995728,1.639278531074524
IMG-3731863B90,R1,A,log-sigma-2-0-mm-3D,14015,0,0,0.0,0.0,-1.9534597396850586,1.5265387296676636
IMG-3731863B90,R1,A,log-sigma-3-0-mm-3D,14015,0,0,0.0,0.0,-2.0277528762817383,1.3954622745513916
IMG-E4B4443897,R1,B,wavelet-LLH,4271,0,0,0.0,0.0,-5.654078483581543,5.236207485198975
IMG-E4B4443897,R1,B,wavelet-LHL,4271,0,0,0.0,0.0,-7.42237663269043,4.537193298339844
IMG-E4B4443897,R1,B,wavelet-LHH,4271,0,0,0.0,0.0,-3.181994915008545,2.4422295093536377
IMG-E4B4443897,R1,B,wavelet-HLL,4271,0,0,0.0,0.0,-4.33139705657959,4.664389610290527
IMG-E4B4443897,R1,B,wavelet-HLH,4271,0,0,0.0,0.0,-2.084312915802002,1.9947293996810913
IMG-E4B4443897,R1,B,wavelet-HHL,4271,0,0,0.0,0.0,-2.480337381362915,3.4996726512908936
IMG-E4B4443897,R1,B,wavelet-HHH,4271,0,0,0.0,0.0,-1.2504377365112305,1.6526007652282715
IMG-E4B4443897,R1,B,wavelet-LLL,4271,0,0,0.0,0.0,-9.084644317626953,13.284638404846191
IMG-E4B4443897,R1,B,log-sigma-1-0-mm-3D,4271,0,0,0.0,0.0,-1.9311600923538208,2.729999303817749
IMG-E4B4443897,R1,B,log-sigma-2-0-mm-3D,4271,0,0,0.0,0.0,-1.6135317087173462,3.5610432624816895
IMG-E4B4443897,R1,B,log-sigma-3-0-mm-3D,4271,0,0,0.0,0.0,-2.0457820892333984,3.901336908340454
IMG-5B8FDFFA35,R1,A,wavelet-LLH,113845,1,0,8.783872809521718e-06,0.0,-18.430126190185547,17.032007217407227
IMG-5B8FDFFA35,R1,A,wavelet-LHL,113845,0,0,0.0,0.0,-9.764080047607422,5.8263349533081055
IMG-5B8FDFFA35,R1,A,wavelet-LHH,113845,0,0,0.0,0.0,-4.134368419647217,7.184247970581055
IMG-5B8FDFFA35,R1,A,wavelet-HLL,113845,0,0,0.0,0.0,-11.356733322143555,8.060297012329102
IMG-5B8FDFFA35,R1,A,wavelet-HLH,113845,0,0,0.0,0.0,-4.4562153816223145,4.792476654052734
IMG-5B8FDFFA35,R1,A,wavelet-HHL,113845,0,0,0.0,0.0,-5.145096778869629,6.279368877410889
IMG-5B8FDFFA35,R1,A,wavelet-HHH,113845,0,0,0.0,0.0,-2.8435518741607666,3.2407474517822266
IMG-5B8FDFFA35,R1,A,wavelet-LLL,113845,0,0,0.0,0.0,-8.871902465820312,20.49050521850586
IMG-5B8FDFFA35,R1,A,log-sigma-1-0-mm-3D,113845,0,0,0.0,0.0,-3.390915632247925,3.095959186553955
IMG-5B8FDFFA35,R1,A,log-sigma-2-0-mm-3D,113845,0,0,0.0,0.0,-4.422428607940674,2.7844913005828857
IMG-5B8FDFFA35,R1,A,log-sigma-3-0-mm-3D,113845,0,0,0.0,0.0,-4.273595333099365,2.436830759048462
IMG-BC73EF0E70,R1,A,wavelet-LLH,3538,0,0,0.0,0.0,-6.821685314178467,5.036477088928223
IMG-BC73EF0E70,R1,A,wavelet-LHL,3538,0,0,0.0,0.0,-11.648512840270996,6.422358512878418
IMG-BC73EF0E70,R1,A,wavelet-LHH,3538,0,0,0.0,0.0,-2.3723437786102295,3.82733154296875
IMG-BC73EF0E70,R1,A,wavelet-HLL,3538,0,0,0.0,0.0,-8.664697647094727,4.407230377197266
IMG-BC73EF0E70,R1,A,wavelet-HLH,3538,0,0,0.0,0.0,-3.0868613719940186,2.3061017990112305
IMG-BC73EF0E70,R1,A,wavelet-HHL,3538,0,0,0.0,0.0,-5.443528652191162,4.087921619415283
IMG-BC73EF0E70,R1,A,wavelet-HHH,3538,0,0,0.0,0.0,-2.0263144969940186,2.534763813018799
IMG-BC73EF0E70,R1,A,wavelet-LLL,3538,0,0,0.0,0.0,-9.289411544799805,13.918661117553711
IMG-BC73EF0E70,R1,A,log-sigma-1-0-mm-3D,3538,0,0,0.0,0.0,-2.1199445724487305,2.127851724624634
IMG-BC73EF0E70,R1,A,log-sigma-2-0-mm-3D,3538,0,0,0.0,0.0,-3.067124605178833,2.3457589149475098
IMG-BC73EF0E70,R1,A,log-sigma-3-0-mm-3D,3538,0,0,0.0,0.0,-4.254534721374512,1.7957721948623657
IMG-271E81241A,R1,A,wavelet-LLH,4857,0,0,0.0,0.0,-5.401182651519775,4.0538716316223145
IMG-271E81241A,R1,A,wavelet-LHL,4857,0,0,0.0,0.0,-6.578691005706787,5.0999932289123535
IMG-271E81241A,R1,A,wavelet-LHH,4857,0,0,0.0,0.0,-2.842411756515503,3.373152017593384
IMG-271E81241A,R1,A,wavelet-HLL,4857,0,0,0.0,0.0,-4.0682783126831055,3.227055311203003
IMG-271E81241A,R1,A,wavelet-HLH,4857,0,0,0.0,0.0,-1.9852408170700073,2.3699967861175537
IMG-271E81241A,R1,A,wavelet-HHL,4857,0,0,0.0,0.0,-3.5406203269958496,3.742110013961792
IMG-271E81241A,R1,A,wavelet-HHH,4857,0,0,0.0,0.0,-1.5556524991989136,1.7314120531082153
IMG-271E81241A,R1,A,wavelet-LLL,4857,0,0,0.0,0.0,-7.378767490386963,15.217995643615723
IMG-271E81241A,R1,A,log-sigma-1-0-mm-3D,4857,0,0,0.0,0.0,-2.620851516723633,2.518033504486084
IMG-271E81241A,R1,A,log-sigma-2-0-mm-3D,4857,0,0,0.0,0.0,-3.098334312438965,2.5094079971313477
IMG-271E81241A,R1,A,log-sigma-3-0-mm-3D,4857,0,0,0.0,0.0,-2.3418850898742676,2.7613306045532227
IMG-8F0C09D99C,R1,A,wavelet-LLH,4777,0,0,0.0,0.0,-3.169804573059082,2.5692312717437744
IMG-8F0C09D99C,R1,A,wavelet-LHL,4777,0,0,0.0,0.0,-4.354905605316162,3.779449462890625
IMG-8F0C09D99C,R1,A,wavelet-LHH,4777,0,0,0.0,0.0,-1.531996488571167,1.5755702257156372
IMG-8F0C09D99C,R1,A,wavelet-HLL,4777,0,0,0.0,0.0,-5.272509574890137,4.761373043060303
IMG-8F0C09D99C,R1,A,wavelet-HLH,4777,0,0,0.0,0.0,-1.7907617092132568,2.209847927093506
IMG-8F0C09D99C,R1,A,wavelet-HHL,4777,0,0,0.0,0.0,-4.0344438552856445,3.0189096927642822
IMG-8F0C09D99C,R1,A,wavelet-HHH,4777,0,0,0.0,0.0,-1.4746018648147583,1.8308032751083374
IMG-8F0C09D99C,R1,A,wavelet-LLL,4777,0,0,0.0,0.0,-7.97652006149292,10.43137264251709
IMG-8F0C09D99C,R1,A,log-sigma-1-0-mm-3D,4777,0,0,0.0,0.0,-2.364447593688965,2.0156972408294678
IMG-8F0C09D99C,R1,A,log-sigma-2-0-mm-3D,4777,0,0,0.0,0.0,-1.462151288986206,2.230855703353882
IMG-8F0C09D99C,R1,A,log-sigma-3-0-mm-3D,4777,0,0,0.0,0.0,-1.8200526237487793,1.9119856357574463
IMG-026475EAF6,R1,A,wavelet-LLH,2375,0,0,0.0,0.0,-7.093350887298584,5.864552974700928
IMG-026475EAF6,R1,A,wavelet-LHL,2375,0,0,0.0,0.0,-8.115025520324707,7.7510576248168945
IMG-026475EAF6,R1,A,wavelet-LHH,2375,0,0,0.0,0.0,-2.9552249908447266,4.151653289794922
IMG-026475EAF6,R1,A,wavelet-HLL,2375,0,0,0.0,0.0,-6.249083042144775,3.8760416507720947
IMG-026475EAF6,R1,A,wavelet-HLH,2375,0,0,0.0,0.0,-2.162297248840332,2.873072624206543
IMG-026475EAF6,R1,A,wavelet-HHL,2375,0,0,0.0,0.0,-3.358802318572998,4.415975093841553
IMG-026475EAF6,R1,A,wavelet-HHH,2375,0,0,0.0,0.0,-2.639202833175659,1.4242583513259888
IMG-026475EAF6,R1,A,wavelet-LLL,2375,0,0,0.0,0.0,-6.386460304260254,15.133448600769043
IMG-026475EAF6,R1,A,log-sigma-1-0-mm-3D,2375,0,0,0.0,0.0,-2.7798004150390625,2.652423620223999
IMG-026475EAF6,R1,A,log-sigma-2-0-mm-3D,2375,0,0,0.0,0.0,-2.9180586338043213,2.1316754817962646
IMG-026475EAF6,R1,A,log-sigma-3-0-mm-3D,2375,0,0,0.0,0.0,-1.5883828401565552,2.3163347244262695
IMG-F53B14FA52,R1,B,wavelet-LLH,6611,0,0,0.0,0.0,-4.157131671905518,4.2291154861450195
IMG-F53B14FA52,R1,B,wavelet-LHL,6611,0,0,0.0,0.0,-3.7514896392822266,4.616933345794678
IMG-F53B14FA52,R1,B,wavelet-LHH,6611,0,0,0.0,0.0,-2.2415847778320312,1.7776085138320923
IMG-F53B14FA52,R1,B,wavelet-HLL,6611,0,0,0.0,0.0,-5.031034469604492,4.768664836883545
IMG-F53B14FA52,R1,B,wavelet-HLH,6611,0,0,0.0,0.0,-2.142393112182617,2.2565534114837646
IMG-F53B14FA52,R1,B,wavelet-HHL,6611,0,0,0.0,0.0,-3.0588221549987793,2.774362802505493
IMG-F53B14FA52,R1,B,wavelet-HHH,6611,0,0,0.0,0.0,-1.4085232019424438,1.1327956914901733
IMG-F53B14FA52,R1,B,wavelet-LLL,6611,0,0,0.0,0.0,-9.957181930541992,15.613385200500488
IMG-F53B14FA52,R1,B,log-sigma-1-0-mm-3D,6611,0,0,0.0,0.0,-2.363802909851074,2.611708641052246
IMG-F53B14FA52,R1,B,log-sigma-2-0-mm-3D,6611,0,0,0.0,0.0,-1.5413120985031128,3.2222278118133545
IMG-F53B14FA52,R1,B,log-sigma-3-0-mm-3D,6611,0,0,0.0,0.0,-0.7008430361747742,3.5161068439483643
IMG-8F0C09D99C,R2,A,wavelet-LLH,6458,0,0,0.0,0.0,-2.9521684646606445,2.2675020694732666
IMG-8F0C09D99C,R2,A,wavelet-LHL,6458,0,0,0.0,0.0,-3.843467950820923,3.3355934619903564
IMG-8F0C09D99C,R2,A,wavelet-LHH,6458,0,0,0.0,0.0,-1.3520797491073608,1.3905360698699951
IMG-8F0C09D99C,R2,A,wavelet-HLL,6458,0,0,0.0,0.0,-5.644447326660156,4.202200412750244
IMG-8F0C09D99C,R2,A,wavelet-HLH,6458,0,0,0.0,0.0,-1.9342930316925049,1.950324535369873
IMG-8F0C09D99C,R2,A,wavelet-HHL,6458,0,0,0.0,0.0,-3.560641050338745,2.8302111625671387
IMG-8F0C09D99C,R2,A,wavelet-HHH,6458,0,0,0.0,0.0,-1.3014253377914429,1.6157945394515991
IMG-8F0C09D99C,R2,A,wavelet-LLL,6458,0,0,0.0,0.0,-8.001566886901855,11.093955039978027
IMG-8F0C09D99C,R2,A,log-sigma-1-0-mm-3D,6458,0,0,0.0,0.0,-2.08676815032959,1.8571641445159912
IMG-8F0C09D99C,R2,A,log-sigma-2-0-mm-3D,6458,0,0,0.0,0.0,-1.3242385387420654,1.9688652753829956
IMG-8F0C09D99C,R2,A,log-sigma-3-0-mm-3D,6458,0,0,0.0,0.0,-1.606306552886963,1.9314132928848267
IMG-7F8152B0FE,R1,A,wavelet-LLH,35313,0,0,0.0,0.0,-2.311152696609497,2.2970149517059326
IMG-7F8152B0FE,R1,A,wavelet-LHL,35313,0,0,0.0,0.0,-4.249176025390625,5.113684177398682
IMG-7F8152B0FE,R1,A,wavelet-LHH,35313,0,0,0.0,0.0,-1.5634756088256836,2.2017128467559814
IMG-7F8152B0FE,R1,A,wavelet-HLL,35313,0,0,0.0,0.0,-3.3478968143463135,3.1501829624176025
IMG-7F8152B0FE,R1,A,wavelet-HLH,35313,0,0,0.0,0.0,-1.0705140829086304,1.035412311553955
IMG-7F8152B0FE,R1,A,wavelet-HHL,35313,0,0,0.0,0.0,-2.3943710327148438,2.210176944732666
IMG-7F8152B0FE,R1,A,wavelet-HHH,35313,0,0,0.0,0.0,-0.8651304841041565,0.9584574699401855
IMG-7F8152B0FE,R1,A,wavelet-LLL,35313,0,0,0.0,0.0,-6.276066780090332,8.545389175415039
IMG-7F8152B0FE,R1,A,log-sigma-1-0-mm-3D,35313,0,0,0.0,0.0,-1.5038642883300781,1.5953819751739502
IMG-7F8152B0FE,R1,A,log-sigma-2-0-mm-3D,35313,0,0,0.0,0.0,-1.5913469791412354,1.6842880249023438
IMG-7F8152B0FE,R1,A,log-sigma-3-0-mm-3D,35313,0,0,0.0,0.0,-1.490614891052246,1.2734230756759644
IMG-F53B14FA52,R2,B,wavelet-LLH,10539,0,0,0.0,0.0,-4.080484390258789,3.8903427124023438
IMG-F53B14FA52,R2,B,wavelet-LHL,10539,0,0,0.0,0.0,-5.252297878265381,7.9808220863342285
IMG-F53B14FA52,R2,B,wavelet-LHH,10539,0,0,0.0,0.0,-2.62988543510437,2.2947449684143066
IMG-F53B14FA52,R2,B,wavelet-HLL,10539,0,0,0.0,0.0,-4.984027862548828,3.9380178451538086
IMG-F53B14FA52,R2,B,wavelet-HLH,10539,0,0,0.0,0.0,-1.761890172958374,1.6761621236801147
IMG-F53B14FA52,R2,B,wavelet-HHL,10539,0,0,0.0,0.0,-5.063519477844238,3.695075511932373
IMG-F53B14FA52,R2,B,wavelet-HHH,10539,0,0,0.0,0.0,-1.2021238803863525,1.5254855155944824
IMG-F53B14FA52,R2,B,wavelet-LLL,10539,0,0,0.0,0.0,-10.1235990524292,15.836743354797363
IMG-F53B14FA52,R2,B,log-sigma-1-0-mm-3D,10539,0,0,0.0,0.0,-1.9252898693084717,3.1462347507476807
IMG-F53B14FA52,R2,B,log-sigma-2-0-mm-3D,10539,0,0,0.0,0.0,-1.1692157983779907,3.4249119758605957
IMG-F53B14FA52,R2,B,log-sigma-3-0-mm-3D,10539,0,0,0.0,0.0,-1.18845796585083,3.0163726806640625
IMG-C0FE15B031,R1,B,wavelet-LLH,15392,0,0,0.0,0.0,-4.822342872619629,5.559307098388672
IMG-C0FE15B031,R1,B,wavelet-LHL,15392,0,0,0.0,0.0,-8.125859260559082,6.054741382598877
IMG-C0FE15B031,R1,B,wavelet-LHH,15392,0,0,0.0,0.0,-2.3700883388519287,2.915278911590576
IMG-C0FE15B031,R1,B,wavelet-HLL,15392,0,0,0.0,0.0,-8.574213981628418,5.853340148925781
IMG-C0FE15B031,R1,B,wavelet-HLH,15392,0,0,0.0,0.0,-2.7426369190216064,2.5859227180480957
IMG-C0FE15B031,R1,B,wavelet-HHL,15392,0,0,0.0,0.0,-3.3082146644592285,4.780503273010254
IMG-C0FE15B031,R1,B,wavelet-HHH,15392,0,0,0.0,0.0,-1.7281821966171265,1.7125767469406128
IMG-C0FE15B031,R1,B,wavelet-LLL,15392,3,0,0.00019490644490644492,0.0,-14.175360679626465,19.01805305480957
IMG-C0FE15B031,R1,B,log-sigma-1-0-mm-3D,15392,0,0,0.0,0.0,-4.255195617675781,2.866220712661743
IMG-C0FE15B031,R1,B,log-sigma-2-0-mm-3D,15392,0,0,0.0,0.0,-4.000491142272949,2.3013174533843994
IMG-C0FE15B031,R1,B,log-sigma-3-0-mm-3D,15392,0,0,0.0,0.0,-2.957489013671875,2.637211799621582
IMG-2997B8DB4A,R1,B,wavelet-LLH,8342,0,0,0.0,0.0,-12.940386772155762,5.065033435821533
IMG-2997B8DB4A,R1,B,wavelet-LHL,8342,0,0,0.0,0.0,-9.598551750183105,5.220975399017334
IMG-2997B8DB4A,R1,B,wavelet-LHH,8342,0,0,0.0,0.0,-2.2916669845581055,2.3299007415771484
IMG-2997B8DB4A,R1,B,wavelet-HLL,8342,0,0,0.0,0.0,-6.244900226593018,5.732193470001221
IMG-2997B8DB4A,R1,B,wavelet-HLH,8342,0,0,0.0,0.0,-2.5621604919433594,1.8923954963684082
IMG-2997B8DB4A,R1,B,wavelet-HHL,8342,0,0,0.0,0.0,-3.57560133934021,4.175278186798096
IMG-2997B8DB4A,R1,B,wavelet-HHH,8342,0,0,0.0,0.0,-1.4709043502807617,1.538427472114563
IMG-2997B8DB4A,R1,B,wavelet-LLL,8342,1,0,0.00011987532965715655,0.0,-11.286346435546875,15.399344444274902
IMG-2997B8DB4A,R1,B,log-sigma-1-0-mm-3D,8342,0,0,0.0,0.0,-3.1236214637756348,2.74605655670166
IMG-2997B8DB4A,R1,B,log-sigma-2-0-mm-3D,8342,0,0,0.0,0.0,-4.373000144958496,2.7823095321655273
IMG-2997B8DB4A,R1,B,log-sigma-3-0-mm-3D,8342,0,0,0.0,0.0,-3.531179428100586,2.759136199951172
IMG-2997B8DB4A,R2,B,wavelet-LLH,17225,0,0,0.0,0.0,-10.028995513916016,5.136405944824219
IMG-2997B8DB4A,R2,B,wavelet-LHL,17225,0,0,0.0,0.0,-7.466472148895264,6.694379806518555
IMG-2997B8DB4A,R2,B,wavelet-LHH,17225,0,0,0.0,0.0,-2.2322962284088135,2.2797136306762695
IMG-2997B8DB4A,R2,B,wavelet-HLL,17225,0,0,0.0,0.0,-6.00456428527832,5.019402503967285
IMG-2997B8DB4A,R2,B,wavelet-HLH,17225,0,0,0.0,0.0,-1.6848154067993164,1.8472976684570312
IMG-2997B8DB4A,R2,B,wavelet-HHL,17225,0,0,0.0,0.0,-2.801457643508911,2.8456647396087646
IMG-2997B8DB4A,R2,B,wavelet-HHH,17225,0,0,0.0,0.0,-1.0808360576629639,1.0786635875701904
IMG-2997B8DB4A,R2,B,wavelet-LLL,17225,5,0,0.00029027576197387516,0.0,-12.427624702453613,15.473532676696777
IMG-2997B8DB4A,R2,B,log-sigma-1-0-mm-3D,17225,0,0,0.0,0.0,-3.8724172115325928,2.2197768688201904
IMG-2997B8DB4A,R2,B,log-sigma-2-0-mm-3D,17225,0,0,0.0,0.0,-3.400768756866455,2.107370376586914
IMG-2997B8DB4A,R2,B,log-sigma-3-0-mm-3D,17225,0,0,0.0,0.0,-2.887495994567871,2.8791651725769043
IMG-02734B0906,R1,A,wavelet-LLH,3751,0,0,0.0,0.0,-2.6016385555267334,3.473985195159912
IMG-02734B0906,R1,A,wavelet-LHL,3751,0,0,0.0,0.0,-5.247519493103027,5.313635349273682
IMG-02734B0906,R1,A,wavelet-LHH,3751,0,0,0.0,0.0,-2.0542140007019043,2.2273309230804443
IMG-02734B0906,R1,A,wavelet-HLL,3751,0,0,0.0,0.0,-5.643376350402832,6.075254917144775
IMG-02734B0906,R1,A,wavelet-HLH,3751,0,0,0.0,0.0,-1.9060027599334717,2.101308822631836
IMG-02734B0906,R1,A,wavelet-HHL,3751,0,0,0.0,0.0,-4.856568336486816,6.751380443572998
IMG-02734B0906,R1,A,wavelet-HHH,3751,0,0,0.0,0.0,-1.8480019569396973,2.088573694229126
IMG-02734B0906,R1,A,wavelet-LLL,3751,0,0,0.0,0.0,-6.523037433624268,7.011264324188232
IMG-02734B0906,R1,A,log-sigma-1-0-mm-3D,3751,0,0,0.0,0.0,-1.8470655679702759,2.111466407775879
IMG-02734B0906,R1,A,log-sigma-2-0-mm-3D,3751,0,0,0.0,0.0,-1.5060884952545166,2.3091413974761963
IMG-02734B0906,R1,A,log-sigma-3-0-mm-3D,3751,0,0,0.0,0.0,-1.0174171924591064,2.444016933441162
IMG-A7BAC44F4F,R1,A,wavelet-LLH,8665,0,0,0.0,0.0,-6.486470699310303,5.298724174499512
IMG-A7BAC44F4F,R1,A,wavelet-LHL,8665,0,0,0.0,0.0,-4.8850202560424805,6.973842144012451
IMG-A7BAC44F4F,R1,A,wavelet-LHH,8665,0,0,0.0,0.0,-2.2384531497955322,3.2910380363464355
IMG-A7BAC44F4F,R1,A,wavelet-HLL,8665,0,0,0.0,0.0,-9.0487060546875,5.765885829925537
IMG-A7BAC44F4F,R1,A,wavelet-HLH,8665,0,0,0.0,0.0,-3.2745883464813232,3.956280469894409
IMG-A7BAC44F4F,R1,A,wavelet-HHL,8665,0,0,0.0,0.0,-4.686866283416748,6.675702095031738
IMG-A7BAC44F4F,R1,A,wavelet-HHH,8665,0,0,0.0,0.0,-2.1833691596984863,1.989996075630188
IMG-A7BAC44F4F,R1,A,wavelet-LLL,8665,0,0,0.0,0.0,-6.832336902618408,13.936267852783203
IMG-A7BAC44F4F,R1,A,log-sigma-1-0-mm-3D,8665,0,0,0.0,0.0,-3.1754794120788574,2.507969617843628
IMG-A7BAC44F4F,R1,A,log-sigma-2-0-mm-3D,8665,0,0,0.0,0.0,-3.266707181930542,2.2999556064605713
IMG-A7BAC44F4F,R1,A,log-sigma-3-0-mm-3D,8665,0,0,0.0,0.0,-2.6765365600585938,2.3269333839416504
IMG-A770337F54,R1,A,wavelet-LLH,7965,0,0,0.0,0.0,-9.326756477355957,13.412806510925293
IMG-A770337F54,R1,A,wavelet-LHL,7965,0,0,0.0,0.0,-7.6372151374816895,3.9835941791534424
IMG-A770337F54,R1,A,wavelet-LHH,7965,0,0,0.0,0.0,-2.4011716842651367,2.6655139923095703
IMG-A770337F54,R1,A,wavelet-HLL,7965,0,0,0.0,0.0,-4.769020080566406,6.037580490112305
IMG-A770337F54,R1,A,wavelet-HLH,7965,0,0,0.0,0.0,-1.9840245246887207,2.5385279655456543
IMG-A770337F54,R1,A,wavelet-HHL,7965,0,0,0.0,0.0,-2.6430041790008545,2.3666977882385254
IMG-A770337F54,R1,A,wavelet-HHH,7965,0,0,0.0,0.0,-1.4310505390167236,1.7947591543197632
IMG-A770337F54,R1,A,wavelet-LLL,7965,0,0,0.0,0.0,-6.1069135665893555,14.137930870056152
IMG-A770337F54,R1,A,log-sigma-1-0-mm-3D,7965,0,0,0.0,0.0,-2.8527772426605225,2.1227340698242188
IMG-A770337F54,R1,A,log-sigma-2-0-mm-3D,7965,0,0,0.0,0.0,-3.3840951919555664,2.144639492034912
IMG-A770337F54,R1,A,log-sigma-3-0-mm-3D,7965,0,0,0.0,0.0,-3.4310526847839355,1.9857419729232788
IMG-EDA063D47C,R1,A,wavelet-LLH,9337,0,0,0.0,0.0,-3.4641342163085938,3.2650227546691895
IMG-EDA063D47C,R1,A,wavelet-LHL,9337,0,0,0.0,0.0,-5.08069372177124,4.668127536773682
IMG-EDA063D47C,R1,A,wavelet-LHH,9337,0,0,0.0,0.0,-1.0587551593780518,1.416028380393982
IMG-EDA063D47C,R1,A,wavelet-HLL,9337,0,0,0.0,0.0,-7.0336737632751465,5.50739860534668
IMG-EDA063D47C,R1,A,wavelet-HLH,9337,0,0,0.0,0.0,-1.5206886529922485,1.8004482984542847
IMG-EDA063D47C,R1,A,wavelet-HHL,9337,0,0,0.0,0.0,-2.514162540435791,3.293701648712158
IMG-EDA063D47C,R1,A,wavelet-HHH,9337,0,0,0.0,0.0,-0.8379649519920349,0.9586012959480286
IMG-EDA063D47C,R1,A,wavelet-LLL,9337,0,0,0.0,0.0,-6.217968463897705,17.395471572875977
IMG-EDA063D47C,R1,A,log-sigma-1-0-mm-3D,9337,0,0,0.0,0.0,-2.396238327026367,2.2360546588897705
IMG-EDA063D47C,R1,A,log-sigma-2-0-mm-3D,9337,0,0,0.0,0.0,-3.4580979347229004,2.0637338161468506
IMG-EDA063D47C,R1,A,log-sigma-3-0-mm-3D,9337,0,0,0.0,0.0,-3.5838680267333984,3.1409103870391846
IMG-BDC28ECC96,R1,B,wavelet-LLH,2324,0,0,0.0,0.0,-4.457810401916504,2.8930366039276123
IMG-BDC28ECC96,R1,B,wavelet-LHL,2324,0,0,0.0,0.0,-6.0234761238098145,5.155185222625732
IMG-BDC28ECC96,R1,B,wavelet-LHH,2324,0,0,0.0,0.0,-1.7335137128829956,1.5582705736160278
IMG-BDC28ECC96,R1,B,wavelet-HLL,2324,0,0,0.0,0.0,-3.6324563026428223,4.463519096374512
IMG-BDC28ECC96,R1,B,wavelet-HLH,2324,0,0,0.0,0.0,-1.387799620628357,1.2990036010742188
IMG-BDC28ECC96,R1,B,wavelet-HHL,2324,0,0,0.0,0.0,-4.444542407989502,3.106362819671631
IMG-BDC28ECC96,R1,B,wavelet-HHH,2324,0,0,0.0,0.0,-1.1876728534698486,1.0417792797088623
IMG-BDC28ECC96,R1,B,wavelet-LLL,2324,0,0,0.0,0.0,-7.143403053283691,9.453081130981445
IMG-BDC28ECC96,R1,B,log-sigma-1-0-mm-3D,2324,0,0,0.0,0.0,-2.7756307125091553,2.1313486099243164
IMG-BDC28ECC96,R1,B,log-sigma-2-0-mm-3D,2324,0,0,0.0,0.0,-1.8337986469268799,1.9805803298950195
IMG-BDC28ECC96,R1,B,log-sigma-3-0-mm-3D,2324,0,0,0.0,0.0,-2.4723494052886963,1.69742751121521
IMG-C078D26AF1,R1,B,wavelet-LLH,18284,0,0,0.0,0.0,-7.204184532165527,6.9119977951049805
IMG-C078D26AF1,R1,B,wavelet-LHL,18284,0,0,0.0,0.0,-6.518099784851074,6.823020935058594
IMG-C078D26AF1,R1,B,wavelet-LHH,18284,0,0,0.0,0.0,-2.535767078399658,2.7540547847747803
IMG-C078D26AF1,R1,B,wavelet-HLL,18284,0,0,0.0,0.0,-6.082495212554932,6.036789417266846
IMG-C078D26AF1,R1,B,wavelet-HLH,18284,0,0,0.0,0.0,-2.549269676208496,2.556551456451416
IMG-C078D26AF1,R1,B,wavelet-HHL,18284,0,0,0.0,0.0,-3.524639844894409,4.253954887390137
IMG-C078D26AF1,R1,B,wavelet-HHH,18284,0,0,0.0,0.0,-1.616084337234497,1.4040672779083252
IMG-C078D26AF1,R1,B,wavelet-LLL,18284,39,0,0.0021330124699190547,0.0,-16.99809455871582,13.99050521850586
IMG-C078D26AF1,R1,B,log-sigma-1-0-mm-3D,18284,0,0,0.0,0.0,-2.933570384979248,2.6904165744781494
IMG-C078D26AF1,R1,B,log-sigma-2-0-mm-3D,18284,0,0,0.0,0.0,-3.2432851791381836,2.746941566467285
IMG-C078D26AF1,R1,B,log-sigma-3-0-mm-3D,18284,0,0,0.0,0.0,-2.986456871032715,2.7802982330322266
IMG-EDA063D47C,R2,A,wavelet-LLH,19156,0,0,0.0,0.0,-2.923297643661499,2.8982787132263184
IMG-EDA063D47C,R2,A,wavelet-LHL,19156,0,0,0.0,0.0,-4.957281112670898,5.4034905433654785
IMG-EDA063D47C,R2,A,wavelet-LHH,19156,0,0,0.0,0.0,-1.5872045755386353,1.8113584518432617
IMG-EDA063D47C,R2,A,wavelet-HLL,19156,0,0,0.0,0.0,-6.474687576293945,5.272525310516357
IMG-EDA063D47C,R2,A,wavelet-HLH,19156,0,0,0.0,0.0,-1.7181055545806885,1.8318794965744019
IMG-EDA063D47C,R2,A,wavelet-HHL,19156,0,0,0.0,0.0,-2.70139217376709,3.5374255180358887
IMG-EDA063D47C,R2,A,wavelet-HHH,19156,0,0,0.0,0.0,-0.9744772911071777,0.7847562432289124
IMG-EDA063D47C,R2,A,wavelet-LLL,19156,0,0,0.0,0.0,-7.510269641876221,14.8574800491333
IMG-EDA063D47C,R2,A,log-sigma-1-0-mm-3D,19156,0,0,0.0,0.0,-3.066772699356079,2.137920379638672
IMG-EDA063D47C,R2,A,log-sigma-2-0-mm-3D,19156,0,0,0.0,0.0,-2.9182047843933105,2.0264763832092285
IMG-EDA063D47C,R2,A,log-sigma-3-0-mm-3D,19156,0,0,0.0,0.0,-3.024338960647583,2.633375883102417
IMG-F2DB83A884,R1,A,wavelet-LLH,87512,0,0,0.0,0.0,-5.09175443649292,12.998307228088379
IMG-F2DB83A884,R1,A,wavelet-LHL,87512,0,0,0.0,0.0,-5.461455821990967,4.230999946594238
IMG-F2DB83A884,R1,A,wavelet-LHH,87512,0,0,0.0,0.0,-2.350738048553467,2.9808332920074463
IMG-F2DB83A884,R1,A,wavelet-HLL,87512,0,0,0.0,0.0,-3.7666189670562744,4.188180446624756
IMG-F2DB83A884,R1,A,wavelet-HLH,87512,0,0,0.0,0.0,-1.383389949798584,1.6042722463607788
IMG-F2DB83A884,R1,A,wavelet-HHL,87512,0,0,0.0,0.0,-3.3221213817596436,2.589883327484131
IMG-F2DB83A884,R1,A,wavelet-HHH,87512,0,0,0.0,0.0,-1.3036447763442993,1.319602370262146
IMG-F2DB83A884,R1,A,wavelet-LLL,87512,0,0,0.0,0.0,-8.313075065612793,17.091121673583984
IMG-F2DB83A884,R1,A,log-sigma-1-0-mm-3D,87512,0,0,0.0,0.0,-2.8038978576660156,2.1332950592041016
IMG-F2DB83A884,R1,A,log-sigma-2-0-mm-3D,87512,0,0,0.0,0.0,-2.713176965713501,2.2051572799682617
IMG-F2DB83A884,R1,A,log-sigma-3-0-mm-3D,87512,0,0,0.0,0.0,-2.6894774436950684,2.3057777881622314
IMG-C078D26AF1,R2,B,wavelet-LLH,26043,0,0,0.0,0.0,-5.83891487121582,5.8214802742004395
IMG-C078D26AF1,R2,B,wavelet-LHL,26043,0,0,0.0,0.0,-9.179165840148926,7.931455135345459
IMG-C078D26AF1,R2,B,wavelet-LHH,26043,0,0,0.0,0.0,-2.5648059844970703,2.8334693908691406
IMG-C078D26AF1,R2,B,wavelet-HLL,26043,0,0,0.0,0.0,-4.929797649383545,4.56557035446167
IMG-C078D26AF1,R2,B,wavelet-HLH,26043,0,0,0.0,0.0,-2.0661556720733643,1.6580102443695068
IMG-C078D26AF1,R2,B,wavelet-HHL,26043,0,0,0.0,0.0,-3.624570846557617,3.6102135181427
IMG-C078D26AF1,R2,B,wavelet-HHH,26043,0,0,0.0,0.0,-2.035428762435913,1.9902335405349731
IMG-C078D26AF1,R2,B,wavelet-LLL,26043,30,0,0.0011519410206197443,0.0,-16.789379119873047,16.69230079650879
IMG-C078D26AF1,R2,B,log-sigma-1-0-mm-3D,26043,0,0,0.0,0.0,-3.3261613845825195,2.817599296569824
IMG-C078D26AF1,R2,B,log-sigma-2-0-mm-3D,26043,0,0,0.0,0.0,-2.674964427947998,2.3730952739715576
IMG-C078D26AF1,R2,B,log-sigma-3-0-mm-3D,26043,0,0,0.0,0.0,-2.7209904193878174,2.1316535472869873
IMG-D316ED2AE7,R1,A,wavelet-LLH,15638,0,0,0.0,0.0,-3.3990557193756104,3.7365000247955322
IMG-D316ED2AE7,R1,A,wavelet-LHL,15638,0,0,0.0,0.0,-6.299980163574219,6.906200408935547
IMG-D316ED2AE7,R1,A,wavelet-LHH,15638,0,0,0.0,0.0,-1.9891048669815063,2.189718723297119
IMG-D316ED2AE7,R1,A,wavelet-HLL,15638,0,0,0.0,0.0,-5.517900466918945,5.268097400665283
IMG-D316ED2AE7,R1,A,wavelet-HLH,15638,0,0,0.0,0.0,-1.7560532093048096,1.8668813705444336
IMG-D316ED2AE7,R1,A,wavelet-HHL,15638,0,0,0.0,0.0,-3.971041202545166,3.082534074783325
IMG-D316ED2AE7,R1,A,wavelet-HHH,15638,0,0,0.0,0.0,-1.7803895473480225,1.6823922395706177
IMG-D316ED2AE7,R1,A,wavelet-LLL,15638,0,0,0.0,0.0,-7.1254401206970215,8.111425399780273
IMG-D316ED2AE7,R1,A,log-sigma-1-0-mm-3D,15638,0,0,0.0,0.0,-1.8066588640213013,2.310883045196533
IMG-D316ED2AE7,R1,A,log-sigma-2-0-mm-3D,15638,0,0,0.0,0.0,-1.4125627279281616,2.206660747528076
IMG-D316ED2AE7,R1,A,log-sigma-3-0-mm-3D,15638,0,0,0.0,0.0,-1.0739285945892334,2.1593575477600098
IMG-5B04889B9C,R1,A,wavelet-LLH,22188,0,0,0.0,0.0,-3.5096023082733154,2.9070987701416016
IMG-5B04889B9C,R1,A,wavelet-LHL,22188,0,0,0.0,0.0,-5.497127056121826,5.858072280883789
IMG-5B04889B9C,R1,A,wavelet-LHH,22188,0,0,0.0,0.0,-2.1048758029937744,2.2636361122131348
IMG-5B04889B9C,R1,A,wavelet-HLL,22188,0,0,0.0,0.0,-4.983201503753662,5.229737758636475
IMG-5B04889B9C,R1,A,wavelet-HLH,22188,0,0,0.0,0.0,-2.0826187133789062,2.1581461429595947
IMG-5B04889B9C,R1,A,wavelet-HHL,22188,0,0,0.0,0.0,-3.397841215133667,3.4960479736328125
IMG-5B04889B9C,R1,A,wavelet-HHH,22188,0,0,0.0,0.0,-1.2960350513458252,1.3702316284179688
IMG-5B04889B9C,R1,A,wavelet-LLL,22188,0,0,0.0,0.0,-6.6576642990112305,13.116442680358887
IMG-5B04889B9C,R1,A,log-sigma-1-0-mm-3D,22188,0,0,0.0,0.0,-2.6026501655578613,1.9368398189544678
IMG-5B04889B9C,R1,A,log-sigma-2-0-mm-3D,22188,0,0,0.0,0.0,-2.3236210346221924,1.5835663080215454
IMG-5B04889B9C,R1,A,log-sigma-3-0-mm-3D,22188,0,0,0.0,0.0,-1.9038898944854736,1.6587830781936646
IMG-999D48C03B,R1,A,wavelet-LLH,13152,0,0,0.0,0.0,-9.621858596801758,13.105303764343262
IMG-999D48C03B,R1,A,wavelet-LHL,13152,0,0,0.0,0.0,-9.634949684143066,5.552258491516113
IMG-999D48C03B,R1,A,wavelet-LHH,13152,0,0,0.0,0.0,-3.475400924682617,3.863759756088257
IMG-999D48C03B,R1,A,wavelet-HLL,13152,0,0,0.0,0.0,-6.270143032073975,4.180217742919922
IMG-999D48C03B,R1,A,wavelet-HLH,13152,0,0,0.0,0.0,-2.2763922214508057,2.352339267730713
IMG-999D48C03B,R1,A,wavelet-HHL,13152,0,0,0.0,0.0,-4.875908851623535,4.1585283279418945
IMG-999D48C03B,R1,A,wavelet-HHH,13152,0,0,0.0,0.0,-1.917621374130249,2.3993892669677734
IMG-999D48C03B,R1,A,wavelet-LLL,13152,0,0,0.0,0.0,-9.093437194824219,14.665522575378418
IMG-999D48C03B,R1,A,log-sigma-1-0-mm-3D,13152,0,0,0.0,0.0,-3.172463893890381,2.7934987545013428
IMG-999D48C03B,R1,A,log-sigma-2-0-mm-3D,13152,0,0,0.0,0.0,-2.6946029663085938,2.6696183681488037
IMG-999D48C03B,R1,A,log-sigma-3-0-mm-3D,13152,0,0,0.0,0.0,-2.2311277389526367,2.2337646484375
IMG-B758864737,R1,B,wavelet-LLH,8927,0,0,0.0,0.0,-4.052099704742432,5.403739929199219
IMG-B758864737,R1,B,wavelet-LHL,8927,0,0,0.0,0.0,-5.875177383422852,7.906195163726807
IMG-B758864737,R1,B,wavelet-LHH,8927,0,0,0.0,0.0,-3.1275112628936768,3.858081817626953
IMG-B758864737,R1,B,wavelet-HLL,8927,0,0,0.0,0.0,-7.489048480987549,5.41834020614624
IMG-B758864737,R1,B,wavelet-HLH,8927,0,0,0.0,0.0,-2.227593183517456,1.9935096502304077
IMG-B758864737,R1,B,wavelet-HHL,8927,0,0,0.0,0.0,-3.9948747158050537,3.8833982944488525
IMG-B758864737,R1,B,wavelet-HHH,8927,0,0,0.0,0.0,-2.02780818939209,1.722301959991455
IMG-B758864737,R1,B,wavelet-LLL,8927,4,0,0.0004480788618796908,0.0,-12.203868865966797,10.914714813232422
IMG-B758864737,R1,B,log-sigma-1-0-mm-3D,8927,0,0,0.0,0.0,-3.4246411323547363,2.620558738708496
IMG-B758864737,R1,B,log-sigma-2-0-mm-3D,8927,0,0,0.0,0.0,-2.8894143104553223,2.450324773788452
IMG-B758864737,R1,B,log-sigma-3-0-mm-3D,8927,0,0,0.0,0.0,-2.4705324172973633,2.1857399940490723
IMG-B02B210E10,R1,A,wavelet-LLH,7744,0,0,0.0,0.0,-5.698028564453125,5.552953720092773
IMG-B02B210E10,R1,A,wavelet-LHL,7744,0,0,0.0,0.0,-3.6597275733947754,5.973922252655029
IMG-B02B210E10,R1,A,wavelet-LHH,7744,0,0,0.0,0.0,-2.3609654903411865,2.025705337524414
IMG-B02B210E10,R1,A,wavelet-HLL,7744,0,0,0.0,0.0,-2.9903006553649902,3.618776321411133
IMG-B02B210E10,R1,A,wavelet-HLH,7744,0,0,0.0,0.0,-1.6575205326080322,2.489285469055176
IMG-B02B210E10,R1,A,wavelet-HHL,7744,0,0,0.0,0.0,-3.7504751682281494,2.4185068607330322
IMG-B02B210E10,R1,A,wavelet-HHH,7744,0,0,0.0,0.0,-1.1316460371017456,1.2910399436950684
IMG-B02B210E10,R1,A,wavelet-LLL,7744,0,0,0.0,0.0,-6.508042812347412,8.708175659179688
IMG-B02B210E10,R1,A,log-sigma-1-0-mm-3D,7744,0,0,0.0,0.0,-1.990781307220459,1.4372247457504272
IMG-B02B210E10,R1,A,log-sigma-2-0-mm-3D,7744,0,0,0.0,0.0,-1.682481050491333,1.9893803596496582
IMG-B02B210E10,R1,A,log-sigma-3-0-mm-3D,7744,0,0,0.0,0.0,-1.393966555595398,2.1720359325408936
IMG-DC114FA4AE,R1,A,wavelet-LLH,4206,0,0,0.0,0.0,-2.472761392593384,2.624506711959839
IMG-DC114FA4AE,R1,A,wavelet-LHL,4206,0,0,0.0,0.0,-2.840569496154785,3.2385828495025635
IMG-DC114FA4AE,R1,A,wavelet-LHH,4206,0,0,0.0,0.0,-1.077945351600647,1.1419010162353516
IMG-DC114FA4AE,R1,A,wavelet-HLL,4206,0,0,0.0,0.0,-2.4712631702423096,5.022307395935059
IMG-DC114FA4AE,R1,A,wavelet-HLH,4206,0,0,0.0,0.0,-2.3631343841552734,1.843747615814209
IMG-DC114FA4AE,R1,A,wavelet-HHL,4206,0,0,0.0,0.0,-1.9640870094299316,1.845880150794983
IMG-DC114FA4AE,R1,A,wavelet-HHH,4206,0,0,0.0,0.0,-0.7664399147033691,0.7701771259307861
IMG-DC114FA4AE,R1,A,wavelet-LLL,4206,0,0,0.0,0.0,-8.118128776550293,5.249850749969482
IMG-DC114FA4AE,R1,A,log-sigma-1-0-mm-3D,4206,0,0,0.0,0.0,-2.0807976722717285,1.081735610961914
IMG-DC114FA4AE,R1,A,log-sigma-2-0-mm-3D,4206,0,0,0.0,0.0,-1.7860599756240845,1.1737682819366455
IMG-DC114FA4AE,R1,A,log-sigma-3-0-mm-3D,4206,0,0,0.0,0.0,-1.946441411972046,1.0775235891342163
IMG-1559B21C16,R1,A,wavelet-LLH,1529,0,0,0.0,0.0,-2.885512113571167,2.117863655090332
IMG-1559B21C16,R1,A,wavelet-LHL,1529,0,0,0.0,0.0,-4.198424816131592,3.4391109943389893
IMG-1559B21C16,R1,A,wavelet-LHH,1529,0,0,0.0,0.0,-1.6831926107406616,2.6257853507995605
IMG-1559B21C16,R1,A,wavelet-HLL,1529,0,0,0.0,0.0,-3.0359745025634766,2.901594877243042
IMG-1559B21C16,R1,A,wavelet-HLH,1529,0,0,0.0,0.0,-1.7307969331741333,1.2077959775924683
IMG-1559B21C16,R1,A,wavelet-HHL,1529,0,0,0.0,0.0,-2.0807015895843506,3.9965202808380127
IMG-1559B21C16,R1,A,wavelet-HHH,1529,0,0,0.0,0.0,-1.064538836479187,1.1003663539886475
IMG-1559B21C16,R1,A,wavelet-LLL,1529,0,0,0.0,0.0,-4.9258623123168945,8.418676376342773
IMG-1559B21C16,R1,A,log-sigma-1-0-mm-3D,1529,0,0,0.0,0.0,-2.242814540863037,0.9924779534339905
IMG-1559B21C16,R1,A,log-sigma-2-0-mm-3D,1529,0,0,0.0,0.0,-1.800342321395874,1.0503299236297607
IMG-1559B21C16,R1,A,log-sigma-3-0-mm-3D,1529,0,0,0.0,0.0,-1.3417491912841797,0.9723610877990723
IMG-0BBC1DBA30,R1,A,wavelet-LLH,6760,0,0,0.0,0.0,-8.111594200134277,2.9841909408569336
IMG-0BBC1DBA30,R1,A,wavelet-LHL,6760,0,0,0.0,0.0,-5.057077884674072,3.9616775512695312
IMG-0BBC1DBA30,R1,A,wavelet-LHH,6760,0,0,0.0,0.0,-1.8004791736602783,1.8518080711364746
IMG-0BBC1DBA30,R1,A,wavelet-HLL,6760,0,0,0.0,0.0,-3.6247763633728027,2.987945318222046
IMG-0BBC1DBA30,R1,A,wavelet-HLH,6760,0,0,0.0,0.0,-1.5482131242752075,1.6545259952545166
IMG-0BBC1DBA30,R1,A,wavelet-HHL,6760,0,0,0.0,0.0,-4.045865535736084,3.7922730445861816
IMG-0BBC1DBA30,R1,A,wavelet-HHH,6760,0,0,0.0,0.0,-1.5813648700714111,1.3007922172546387
IMG-0BBC1DBA30,R1,A,wavelet-LLL,6760,0,0,0.0,0.0,-6.362185001373291,10.759769439697266
IMG-0BBC1DBA30,R1,A,log-sigma-1-0-mm-3D,6760,0,0,0.0,0.0,-1.7504279613494873,1.6087993383407593
IMG-0BBC1DBA30,R1,A,log-sigma-2-0-mm-3D,6760,0,0,0.0,0.0,-2.0378589630126953,1.8329763412475586
IMG-0BBC1DBA30,R1,A,log-sigma-3-0-mm-3D,6760,0,0,0.0,0.0,-2.2683212757110596,1.6538727283477783
IMG-81BAB30FFD,R1,B,wavelet-LLH,4646,0,0,0.0,0.0,-8.4130277633667,6.715054988861084
IMG-81BAB30FFD,R1,B,wavelet-LHL,4646,0,0,0.0,0.0,-5.464361667633057,7.006885528564453
IMG-81BAB30FFD,R1,B,wavelet-LHH,4646,0,0,0.0,0.0,-3.019953489303589,2.1946375370025635
IMG-81BAB30FFD,R1,B,wavelet-HLL,4646,0,0,0.0,0.0,-6.071521282196045,5.147201061248779
IMG-81BAB30FFD,R1,B,wavelet-HLH,4646,0,0,0.0,0.0,-2.5177035331726074,3.0206761360168457
IMG-81BAB30FFD,R1,B,wavelet-HHL,4646,0,0,0.0,0.0,-3.083752155303955,2.915045976638794
IMG-81BAB30FFD,R1,B,wavelet-HHH,4646,0,0,0.0,0.0,-1.333471417427063,1.2723848819732666
IMG-81BAB30FFD,R1,B,wavelet-LLL,4646,0,0,0.0,0.0,-8.431641578674316,11.512086868286133
IMG-81BAB30FFD,R1,B,log-sigma-1-0-mm-3D,4646,0,0,0.0,0.0,-1.746065378189087,3.4378163814544678
IMG-81BAB30FFD,R1,B,log-sigma-2-0-mm-3D,4646,0,0,0.0,0.0,-2.8326077461242676,3.2719030380249023
IMG-81BAB30FFD,R1,B,log-sigma-3-0-mm-3D,4646,0,0,0.0,0.0,-2.7238423824310303,3.478309154510498
IMG-4A921E4293,R1,A,wavelet-LLH,10525,0,0,0.0,0.0,-6.055531024932861,4.474235534667969
IMG-4A921E4293,R1,A,wavelet-LHL,10525,0,0,0.0,0.0,-6.689118385314941,5.754266738891602
IMG-4A921E4293,R1,A,wavelet-LHH,10525,0,0,0.0,0.0,-2.81109881401062,2.696004867553711
IMG-4A921E4293,R1,A,wavelet-HLL,10525,0,0,0.0,0.0,-6.275059223175049,4.181471347808838
IMG-4A921E4293,R1,A,wavelet-HLH,10525,0,0,0.0,0.0,-2.2497730255126953,2.456989049911499
IMG-4A921E4293,R1,A,wavelet-HHL,10525,0,0,0.0,0.0,-3.7861011028289795,3.487009048461914
IMG-4A921E4293,R1,A,wavelet-HHH,10525,0,0,0.0,0.0,-2.050464391708374,1.683813214302063
IMG-4A921E4293,R1,A,wavelet-LLL,10525,0,0,0.0,0.0,-6.752286434173584,14.824677467346191
IMG-4A921E4293,R1,A,log-sigma-1-0-mm-3D,10525,0,0,0.0,0.0,-1.9224942922592163,2.686708450317383
IMG-4A921E4293,R1,A,log-sigma-2-0-mm-3D,10525,0,0,0.0,0.0,-2.169142007827759,2.358917236328125
IMG-4A921E4293,R1,A,log-sigma-3-0-mm-3D,10525,0,0,0.0,0.0,-1.8319597244262695,2.6277458667755127
IMG-AF5A3DA75D,R1,B,wavelet-LLH,8498,0,0,0.0,0.0,-3.696739435195923,2.7178006172180176
IMG-AF5A3DA75D,R1,B,wavelet-LHL,8498,0,0,0.0,0.0,-4.498927593231201,4.334415912628174
IMG-AF5A3DA75D,R1,B,wavelet-LHH,8498,0,0,0.0,0.0,-1.9046086072921753,2.1573374271392822
IMG-AF5A3DA75D,R1,B,wavelet-HLL,8498,0,0,0.0,0.0,-5.186570167541504,4.8776350021362305
IMG-AF5A3DA75D,R1,B,wavelet-HLH,8498,0,0,0.0,0.0,-1.3495286703109741,1.2576301097869873
IMG-AF5A3DA75D,R1,B,wavelet-HHL,8498,0,0,0.0,0.0,-2.952634811401367,2.690641164779663
IMG-AF5A3DA75D,R1,B,wavelet-HHH,8498,0,0,0.0,0.0,-1.2189733982086182,1.0171033143997192
IMG-AF5A3DA75D,R1,B,wavelet-LLL,8498,0,0,0.0,0.0,-7.9107584953308105,17.27644157409668
IMG-AF5A3DA75D,R1,B,log-sigma-1-0-mm-3D,8498,0,0,0.0,0.0,-2.6251606941223145,2.3509485721588135
IMG-AF5A3DA75D,R1,B,log-sigma-2-0-mm-3D,8498,0,0,0.0,0.0,-3.173342227935791,2.155891180038452
IMG-AF5A3DA75D,R1,B,log-sigma-3-0-mm-3D,8498,0,0,0.0,0.0,-3.6496646404266357,2.340008020401001
IMG-AF5A3DA75D,R2,B,wavelet-LLH,10855,0,0,0.0,0.0,-4.852358341217041,4.950385093688965
IMG-AF5A3DA75D,R2,B,wavelet-LHL,10855,0,0,0.0,0.0,-3.2389612197875977,3.1595709323883057
IMG-AF5A3DA75D,R2,B,wavelet-LHH,10855,0,0,0.0,0.0,-4.142879486083984,4.791598796844482
IMG-AF5A3DA75D,R2,B,wavelet-HLL,10855,0,0,0.0,0.0,-6.684792995452881,5.9574079513549805
IMG-AF5A3DA75D,R2,B,wavelet-HLH,10855,0,0,0.0,0.0,-3.774099111557007,3.1132326126098633
IMG-AF5A3DA75D,R2,B,wavelet-HHL,10855,0,0,0.0,0.0,-2.359473705291748,2.4750523567199707
IMG-AF5A3DA75D,R2,B,wavelet-HHH,10855,0,0,0.0,0.0,-2.7563929557800293,2.794684886932373
IMG-AF5A3DA75D,R2,B,wavelet-LLL,10855,0,0,0.0,0.0,-7.920507907867432,17.139799118041992
IMG-AF5A3DA75D,R2,B,log-sigma-1-0-mm-3D,10855,0,0,0.0,0.0,-2.8243350982666016,2.3799896240234375
IMG-AF5A3DA75D,R2,B,log-sigma-2-0-mm-3D,10855,0,0,0.0,0.0,-3.4030303955078125,1.9054113626480103
IMG-AF5A3DA75D,R2,B,log-sigma-3-0-mm-3D,10855,0,0,0.0,0.0,-3.584300994873047,2.1450884342193604
IMG-0724525B82,R1,B,wavelet-LLH,12726,0,0,0.0,0.0,-4.997626781463623,3.2679991722106934
IMG-0724525B82,R1,B,wavelet-LHL,12726,0,0,0.0,0.0,-3.934516668319702,4.457737445831299
IMG-0724525B82,R1,B,wavelet-LHH,12726,0,0,0.0,0.0,-1.6957314014434814,1.6347565650939941
IMG-0724525B82,R1,B,wavelet-HLL,12726,0,0,0.0,0.0,-5.668720245361328,4.709784030914307
IMG-0724525B82,R1,B,wavelet-HLH,12726,0,0,0.0,0.0,-2.0246455669403076,1.8337072134017944
IMG-0724525B82,R1,B,wavelet-HHL,12726,0,0,0.0,0.0,-2.554008960723877,2.624969720840454
IMG-0724525B82,R1,B,wavelet-HHH,12726,0,0,0.0,0.0,-1.1494379043579102,1.2228357791900635
IMG-0724525B82,R1,B,wavelet-LLL,12726,0,0,0.0,0.0,-9.051653861999512,13.9801607131958
IMG-0724525B82,R1,B,log-sigma-1-0-mm-3D,12726,0,0,0.0,0.0,-1.790093183517456,2.289573907852173
IMG-0724525B82,R1,B,log-sigma-2-0-mm-3D,12726,0,0,0.0,0.0,-2.201388359069824,2.9285576343536377
IMG-0724525B82,R1,B,log-sigma-3-0-mm-3D,12726,0,0,0.0,0.0,-2.3520846366882324,3.0543456077575684
IMG-0724525B82,R2,B,wavelet-LLH,12726,0,0,0.0,0.0,-4.940457344055176,3.18148136138916
IMG-0724525B82,R2,B,wavelet-LHL,12726,0,0,0.0,0.0,-6.043493747711182,5.726821422576904
IMG-0724525B82,R2,B,wavelet-LHH,12726,0,0,0.0,0.0,-1.8757727146148682,1.6561747789382935
IMG-0724525B82,R2,B,wavelet-HLL,12726,0,0,0.0,0.0,-6.09635591506958,5.004693984985352
IMG-0724525B82,R2,B,wavelet-HLH,12726,0,0,0.0,0.0,-2.0014853477478027,1.869784951210022
IMG-0724525B82,R2,B,wavelet-HHL,12726,0,0,0.0,0.0,-2.9026849269866943,2.594942092895508
IMG-0724525B82,R2,B,wavelet-HHH,12726,0,0,0.0,0.0,-1.0376832485198975,1.2061443328857422
IMG-0724525B82,R2,B,wavelet-LLL,12726,0,0,0.0,0.0,-9.670195579528809,15.260139465332031
IMG-0724525B82,R2,B,log-sigma-1-0-mm-3D,12726,0,0,0.0,0.0,-2.388015031814575,2.449094533920288
IMG-0724525B82,R2,B,log-sigma-2-0-mm-3D,12726,0,0,0.0,0.0,-1.623624563217163,2.790998697280884
IMG-0724525B82,R2,B,log-sigma-3-0-mm-3D,12726,0,0,0.0,0.0,-2.184499740600586,3.019406318664551
IMG-CA6C8E1F88,R1,A,wavelet-LLH,18234,0,0,0.0,0.0,-9.366583824157715,4.339565753936768
IMG-CA6C8E1F88,R1,A,wavelet-LHL,18234,0,0,0.0,0.0,-8.261506080627441,7.310498237609863
IMG-CA6C8E1F88,R1,A,wavelet-LHH,18234,0,0,0.0,0.0,-2.9982500076293945,4.33651876449585
IMG-CA6C8E1F88,R1,A,wavelet-HLL,18234,0,0,0.0,0.0,-6.111741065979004,5.812256336212158
IMG-CA6C8E1F88,R1,A,wavelet-HLH,18234,0,0,0.0,0.0,-2.728278398513794,3.309022903442383
IMG-CA6C8E1F88,R1,A,wavelet-HHL,18234,0,0,0.0,0.0,-4.54630184173584,5.467074871063232
IMG-CA6C8E1F88,R1,A,wavelet-HHH,18234,0,0,0.0,0.0,-2.9152565002441406,2.3993396759033203
IMG-CA6C8E1F88,R1,A,wavelet-LLL,18234,0,0,0.0,0.0,-7.023298740386963,15.19224739074707
IMG-CA6C8E1F88,R1,A,log-sigma-1-0-mm-3D,18234,0,0,0.0,0.0,-1.9179162979125977,2.264209032058716
IMG-CA6C8E1F88,R1,A,log-sigma-2-0-mm-3D,18234,0,0,0.0,0.0,-1.9979605674743652,2.335731029510498
IMG-CA6C8E1F88,R1,A,log-sigma-3-0-mm-3D,18234,0,0,0.0,0.0,-1.8420902490615845,3.396782159805298
IMG-16345F7C92,R1,A,wavelet-LLH,6320,0,0,0.0,0.0,-9.113004684448242,12.209905624389648
IMG-16345F7C92,R1,A,wavelet-LHL,6320,0,0,0.0,0.0,-5.979127407073975,6.821248531341553
IMG-16345F7C92,R1,A,wavelet-LHH,6320,0,0,0.0,0.0,-3.459123134613037,3.9912195205688477
IMG-16345F7C92,R1,A,wavelet-HLL,6320,0,0,0.0,0.0,-7.2501220703125,4.180112361907959
IMG-16345F7C92,R1,A,wavelet-HLH,6320,0,0,0.0,0.0,-2.1064631938934326,3.290048360824585
IMG-16345F7C92,R1,A,wavelet-HHL,6320,0,0,0.0,0.0,-2.966557264328003,5.020235538482666
IMG-16345F7C92,R1,A,wavelet-HHH,6320,0,0,0.0,0.0,-2.05661678314209,2.102388620376587
IMG-16345F7C92,R1,A,wavelet-LLL,6320,0,0,0.0,0.0,-6.413002014160156,15.380291938781738
IMG-16345F7C92,R1,A,log-sigma-1-0-mm-3D,6320,0,0,0.0,0.0,-2.0411601066589355,2.6523072719573975
IMG-16345F7C92,R1,A,log-sigma-2-0-mm-3D,6320,0,0,0.0,0.0,-2.6393227577209473,2.2777323722839355
IMG-16345F7C92,R1,A,log-sigma-3-0-mm-3D,6320,0,0,0.0,0.0,-2.3528876304626465,2.3607168197631836
IMG-6EF0309785,R1,B,wavelet-LLH,13016,0,0,0.0,0.0,-6.474287509918213,7.015110492706299
IMG-6EF0309785,R1,B,wavelet-LHL,13016,0,0,0.0,0.0,-9.086979866027832,8.69822883605957
IMG-6EF0309785,R1,B,wavelet-LHH,13016,0,0,0.0,0.0,-3.095360279083252,3.0761191844940186
IMG-6EF0309785,R1,B,wavelet-HLL,13016,0,0,0.0,0.0,-8.287741661071777,5.731188774108887
IMG-6EF0309785,R1,B,wavelet-HLH,13016,0,0,0.0,0.0,-2.637341260910034,2.8764305114746094
IMG-6EF0309785,R1,B,wavelet-HHL,13016,0,0,0.0,0.0,-4.648204326629639,4.492012023925781
IMG-6EF0309785,R1,B,wavelet-HHH,13016,0,0,0.0,0.0,-1.822954535484314,1.686076283454895
IMG-6EF0309785,R1,B,wavelet-LLL,13016,1,0,7.682851874615857e-05,0.0,-11.247154235839844,16.65334129333496
IMG-6EF0309785,R1,B,log-sigma-1-0-mm-3D,13016,0,0,0.0,0.0,-2.715923547744751,2.9805166721343994
IMG-6EF0309785,R1,B,log-sigma-2-0-mm-3D,13016,0,0,0.0,0.0,-2.5169601440429688,3.1608505249023438
IMG-6EF0309785,R1,B,log-sigma-3-0-mm-3D,13016,0,0,0.0,0.0,-2.3381567001342773,3.2725069522857666
IMG-E3DE672E9A,R1,A,wavelet-LLH,12626,0,0,0.0,0.0,-10.31859016418457,15.479040145874023
IMG-E3DE672E9A,R1,A,wavelet-LHL,12626,0,0,0.0,0.0,-6.723948955535889,11.033609390258789
IMG-E3DE672E9A,R1,A,wavelet-LHH,12626,0,0,0.0,0.0,-4.120138168334961,5.119686126708984
IMG-E3DE672E9A,R1,A,wavelet-HLL,12626,0,0,0.0,0.0,-9.142239570617676,6.445957183837891
IMG-E3DE672E9A,R1,A,wavelet-HLH,12626,0,0,0.0,0.0,-2.8651692867279053,2.183983087539673
IMG-E3DE672E9A,R1,A,wavelet-HHL,12626,0,0,0.0,0.0,-5.956084728240967,5.515385627746582
IMG-E3DE672E9A,R1,A,wavelet-HHH,12626,0,0,0.0,0.0,-2.761381149291992,2.681729793548584
IMG-E3DE672E9A,R1,A,wavelet-LLL,12626,0,0,0.0,0.0,-10.032541275024414,13.79687213897705
IMG-E3DE672E9A,R1,A,log-sigma-1-0-mm-3D,12626,0,0,0.0,0.0,-2.2226171493530273,3.100933074951172
IMG-E3DE672E9A,R1,A,log-sigma-2-0-mm-3D,12626,0,0,0.0,0.0,-1.6846957206726074,2.965238571166992
IMG-E3DE672E9A,R1,A,log-sigma-3-0-mm-3D,12626,0,0,0.0,0.0,-2.1182665824890137,2.848576784133911
IMG-59287EDEA3,R1,A,wavelet-LLH,7127,0,0,0.0,0.0,-3.605809211730957,3.5820224285125732
IMG-59287EDEA3,R1,A,wavelet-LHL,7127,0,0,0.0,0.0,-5.468569278717041,4.997443199157715
IMG-59287EDEA3,R1,A,wavelet-LHH,7127,0,0,0.0,0.0,-2.0207607746124268,2.215855836868286
IMG-59287EDEA3,R1,A,wavelet-HLL,7127,0,0,0.0,0.0,-7.112024784088135,4.997352123260498
IMG-59287EDEA3,R1,A,wavelet-HLH,7127,0,0,0.0,0.0,-3.1828458309173584,2.6717934608459473
IMG-59287EDEA3,R1,A,wavelet-HHL,7127,0,0,0.0,0.0,-4.649979591369629,5.243579864501953
IMG-59287EDEA3,R1,A,wavelet-HHH,7127,0,0,0.0,0.0,-2.962568759918213,3.338920831680298
IMG-59287EDEA3,R1,A,wavelet-LLL,7127,0,0,0.0,0.0,-6.7476396560668945,9.75158405303955
IMG-59287EDEA3,R1,A,log-sigma-1-0-mm-3D,7127,0,0,0.0,0.0,-2.229245185852051,2.638261318206787
IMG-59287EDEA3,R1,A,log-sigma-2-0-mm-3D,7127,0,0,0.0,0.0,-1.3970370292663574,2.701653003692627
IMG-59287EDEA3,R1,A,log-sigma-3-0-mm-3D,7127,0,0,0.0,0.0,-1.2647494077682495,2.5759761333465576
IMG-7350051976,R1,A,wavelet-LLH,14682,0,0,0.0,0.0,-9.896852493286133,3.5838606357574463
IMG-7350051976,R1,A,wavelet-LHL,14682,0,0,0.0,0.0,-3.825819969177246,3.767826557159424
IMG-7350051976,R1,A,wavelet-LHH,14682,0,0,0.0,0.0,-1.8996604681015015,1.5798070430755615
IMG-7350051976,R1,A,wavelet-HLL,14682,0,0,0.0,0.0,-4.3348212242126465,5.1227521896362305
IMG-7350051976,R1,A,wavelet-HLH,14682,0,0,0.0,0.0,-2.0874617099761963,2.0946786403656006
IMG-7350051976,R1,A,wavelet-HHL,14682,0,0,0.0,0.0,-2.594494104385376,2.6131463050842285
IMG-7350051976,R1,A,wavelet-HHH,14682,0,0,0.0,0.0,-1.2166544198989868,1.4145095348358154
IMG-7350051976,R1,A,wavelet-LLL,14682,0,0,0.0,0.0,-6.831583023071289,12.295907974243164
IMG-7350051976,R1,A,log-sigma-1-0-mm-3D,14682,0,0,0.0,0.0,-1.9644148349761963,1.8267086744308472
IMG-7350051976,R1,A,log-sigma-2-0-mm-3D,14682,0,0,0.0,0.0,-2.9975833892822266,2.082536458969116
IMG-7350051976,R1,A,log-sigma-3-0-mm-3D,14682,0,0,0.0,0.0,-2.5658318996429443,1.9789141416549683
IMG-7350051976,R2,A,wavelet-LLH,22325,0,0,0.0,0.0,-9.068723678588867,10.73405647277832
IMG-7350051976,R2,A,wavelet-LHL,22325,0,0,0.0,0.0,-4.1845703125,4.500327110290527
IMG-7350051976,R2,A,wavelet-LHH,22325,0,0,0.0,0.0,-2.1706480979919434,2.4402217864990234
IMG-7350051976,R2,A,wavelet-HLL,22325,0,0,0.0,0.0,-7.545300006866455,5.2542724609375
IMG-7350051976,R2,A,wavelet-HLH,22325,0,0,0.0,0.0,-2.416680097579956,2.6701180934906006
IMG-7350051976,R2,A,wavelet-HHL,22325,0,0,0.0,0.0,-4.318497657775879,5.573991298675537
IMG-7350051976,R2,A,wavelet-HHH,22325,0,0,0.0,0.0,-1.7229541540145874,1.864087462425232
IMG-7350051976,R2,A,wavelet-LLL,22325,0,0,0.0,0.0,-6.667881011962891,12.436976432800293
IMG-7350051976,R2,A,log-sigma-1-0-mm-3D,22325,0,0,0.0,0.0,-4.0574870109558105,2.143024206161499
IMG-7350051976,R2,A,log-sigma-2-0-mm-3D,22325,0,0,0.0,0.0,-3.054391860961914,2.0168755054473877
IMG-7350051976,R2,A,log-sigma-3-0-mm-3D,22325,0,0,0.0,0.0,-2.351133346557617,1.8133267164230347
IMG-794CA41D2E,R1,A,wavelet-LLH,7524,0,0,0.0,0.0,-3.9112560749053955,4.517353057861328
IMG-794CA41D2E,R1,A,wavelet-LHL,7524,0,0,0.0,0.0,-5.543518543243408,5.931805610656738
IMG-794CA41D2E,R1,A,wavelet-LHH,7524,0,0,0.0,0.0,-2.4128100872039795,2.9632039070129395
IMG-794CA41D2E,R1,A,wavelet-HLL,7524,0,0,0.0,0.0,-5.6619367599487305,5.888739109039307
IMG-794CA41D2E,R1,A,wavelet-HLH,7524,0,0,0.0,0.0,-4.568780899047852,3.7583634853363037
IMG-794CA41D2E,R1,A,wavelet-HHL,7524,0,0,0.0,0.0,-4.537014007568359,4.568977355957031
IMG-794CA41D2E,R1,A,wavelet-HHH,7524,0,0,0.0,0.0,-2.795236110687256,1.974181056022644
IMG-794CA41D2E,R1,A,wavelet-LLL,7524,0,0,0.0,0.0,-6.173468112945557,11.512667655944824
IMG-794CA41D2E,R1,A,log-sigma-1-0-mm-3D,7524,0,0,0.0,0.0,-2.821730613708496,2.6002795696258545
IMG-794CA41D2E,R1,A,log-sigma-2-0-mm-3D,7524,0,0,0.0,0.0,-1.9190964698791504,2.4545845985412598
IMG-794CA41D2E,R1,A,log-sigma-3-0-mm-3D,7524,0,0,0.0,0.0,-1.3728916645050049,2.7110393047332764
IMG-C3D88A4552,R1,A,wavelet-LLH,21312,0,0,0.0,0.0,-8.674399375915527,7.031979084014893
IMG-C3D88A4552,R1,A,wavelet-LHL,21312,0,0,0.0,0.0,-5.385406494140625,4.496884822845459
IMG-C3D88A4552,R1,A,wavelet-LHH,21312,0,0,0.0,0.0,-1.9070378541946411,2.940207004547119
IMG-C3D88A4552,R1,A,wavelet-HLL,21312,0,0,0.0,0.0,-5.585999965667725,3.810991048812866
IMG-C3D88A4552,R1,A,wavelet-HLH,21312,0,0,0.0,0.0,-2.1334211826324463,2.337661027908325
IMG-C3D88A4552,R1,A,wavelet-HHL,21312,0,0,0.0,0.0,-2.598637342453003,3.7152559757232666
IMG-C3D88A4552,R1,A,wavelet-HHH,21312,0,0,0.0,0.0,-1.7704339027404785,1.5665947198867798
IMG-C3D88A4552,R1,A,wavelet-LLL,21312,0,0,0.0,0.0,-6.625208854675293,12.95323371887207
IMG-C3D88A4552,R1,A,log-sigma-1-0-mm-3D,21312,0,0,0.0,0.0,-1.4911062717437744,1.806708574295044
IMG-C3D88A4552,R1,A,log-sigma-2-0-mm-3D,21312,0,0,0.0,0.0,-2.0172579288482666,1.6571383476257324
IMG-C3D88A4552,R1,A,log-sigma-3-0-mm-3D,21312,0,0,0.0,0.0,-2.2707743644714355,1.5539991855621338
IMG-59A7CE2B0B,R1,B,wavelet-LLH,8559,0,0,0.0,0.0,-3.6253044605255127,3.1716818809509277
IMG-59A7CE2B0B,R1,B,wavelet-LHL,8559,0,0,0.0,0.0,-3.6304690837860107,4.117311000823975
IMG-59A7CE2B0B,R1,B,wavelet-LHH,8559,0,0,0.0,0.0,-1.4668641090393066,1.6513631343841553
IMG-59A7CE2B0B,R1,B,wavelet-HLL,8559,0,0,0.0,0.0,-3.9447741508483887,3.5993316173553467
IMG-59A7CE2B0B,R1,B,wavelet-HLH,8559,0,0,0.0,0.0,-1.8130463361740112,1.4531508684158325
IMG-59A7CE2B0B,R1,B,wavelet-HHL,8559,0,0,0.0,0.0,-3.9603793621063232,2.797264814376831
IMG-59A7CE2B0B,R1,B,wavelet-HHH,8559,0,0,0.0,0.0,-1.1509712934494019,1.2741143703460693
IMG-59A7CE2B0B,R1,B,wavelet-LLL,8559,0,0,0.0,0.0,-7.656663417816162,14.324319839477539
IMG-59A7CE2B0B,R1,B,log-sigma-1-0-mm-3D,8559,0,0,0.0,0.0,-2.040205478668213,2.1515488624572754
IMG-59A7CE2B0B,R1,B,log-sigma-2-0-mm-3D,8559,0,0,0.0,0.0,-1.8317501544952393,2.443849802017212
IMG-59A7CE2B0B,R1,B,log-sigma-3-0-mm-3D,8559,0,0,0.0,0.0,-2.2138099670410156,2.362138032913208
IMG-4950E13031,R1,A,wavelet-LLH,11758,0,0,0.0,0.0,-3.9182236194610596,4.746442794799805
IMG-4950E13031,R1,A,wavelet-LHL,11758,0,0,0.0,0.0,-7.950344085693359,5.948243141174316
IMG-4950E13031,R1,A,wavelet-LHH,11758,0,0,0.0,0.0,-2.6076748371124268,3.4974615573883057
IMG-4950E13031,R1,A,wavelet-HLL,11758,0,0,0.0,0.0,-5.922764778137207,5.9275336265563965
IMG-4950E13031,R1,A,wavelet-HLH,11758,0,0,0.0,0.0,-3.469855546951294,2.5312087535858154
IMG-4950E13031,R1,A,wavelet-HHL,11758,0,0,0.0,0.0,-3.8561747074127197,4.130066394805908
IMG-4950E13031,R1,A,wavelet-HHH,11758,0,0,0.0,0.0,-2.2904868125915527,1.6787827014923096
IMG-4950E13031,R1,A,wavelet-LLL,11758,0,0,0.0,0.0,-6.2996931076049805,12.955562591552734
IMG-4950E13031,R1,A,log-sigma-1-0-mm-3D,11758,0,0,0.0,0.0,-2.413365602493286,2.3855042457580566
IMG-4950E13031,R1,A,log-sigma-2-0-mm-3D,11758,0,0,0.0,0.0,-1.746862530708313,2.4829142093658447
IMG-4950E13031,R1,A,log-sigma-3-0-mm-3D,11758,0,0,0.0,0.0,-1.7176728248596191,2.7855827808380127
IMG-4950E13031,R2,A,wavelet-LLH,17852,0,0,0.0,0.0,-5.801060676574707,3.9055473804473877
IMG-4950E13031,R2,A,wavelet-LHL,17852,0,0,0.0,0.0,-7.940402984619141,7.925406455993652
IMG-4950E13031,R2,A,wavelet-LHH,17852,0,0,0.0,0.0,-2.3607981204986572,2.935901403427124
IMG-4950E13031,R2,A,wavelet-HLL,17852,0,0,0.0,0.0,-6.430837154388428,5.8656768798828125
IMG-4950E13031,R2,A,wavelet-HLH,17852,0,0,0.0,0.0,-2.489271640777588,2.7389392852783203
IMG-4950E13031,R2,A,wavelet-HHL,17852,0,0,0.0,0.0,-5.536573886871338,5.0787672996521
IMG-4950E13031,R2,A,wavelet-HHH,17852,0,0,0.0,0.0,-2.4636642932891846,2.2906384468078613
IMG-4950E13031,R2,A,wavelet-LLL,17852,0,0,0.0,0.0,-6.288270950317383,16.436725616455078
IMG-4950E13031,R2,A,log-sigma-1-0-mm-3D,17852,0,0,0.0,0.0,-2.5631020069122314,2.785446882247925
IMG-4950E13031,R2,A,log-sigma-2-0-mm-3D,17852,0,0,0.0,0.0,-1.784651279449463,2.4007017612457275
IMG-4950E13031,R2,A,log-sigma-3-0-mm-3D,17852,0,0,0.0,0.0,-1.6940810680389404,2.3383238315582275
IMG-7AAC6B118A,R1,B,wavelet-LLH,1351,0,0,0.0,0.0,-5.231345176696777,5.321299076080322
IMG-7AAC6B118A,R1,B,wavelet-LHL,1351,0,0,0.0,0.0,-4.058713436126709,6.14082145690918
IMG-7AAC6B118A,R1,B,wavelet-LHH,1351,0,0,0.0,0.0,-1.7158371210098267,1.7269293069839478
IMG-7AAC6B118A,R1,B,wavelet-HLL,1351,0,0,0.0,0.0,-4.824598789215088,6.595015048980713
IMG-7AAC6B118A,R1,B,wavelet-HLH,1351,0,0,0.0,0.0,-2.5068206787109375,2.0930979251861572
IMG-7AAC6B118A,R1,B,wavelet-HHL,1351,0,0,0.0,0.0,-2.5275187492370605,2.324877977371216
IMG-7AAC6B118A,R1,B,wavelet-HHH,1351,0,0,0.0,0.0,-1.2511506080627441,1.1234089136123657
IMG-7AAC6B118A,R1,B,wavelet-LLL,1351,0,0,0.0,0.0,-9.196507453918457,13.235127449035645
IMG-7AAC6B118A,R1,B,log-sigma-1-0-mm-3D,1351,0,0,0.0,0.0,-2.6476311683654785,3.009829521179199
IMG-7AAC6B118A,R1,B,log-sigma-2-0-mm-3D,1351,0,0,0.0,0.0,-1.9215645790100098,3.144113779067993
IMG-7AAC6B118A,R1,B,log-sigma-3-0-mm-3D,1351,0,0,0.0,0.0,-0.5933076739311218,3.020460605621338
IMG-4AD3CA120E,R1,B,wavelet-LLH,11019,0,0,0.0,0.0,-5.269299030303955,5.300166606903076
IMG-4AD3CA120E,R1,B,wavelet-LHL,11019,0,0,0.0,0.0,-4.924182891845703,3.878422737121582
IMG-4AD3CA120E,R1,B,wavelet-LHH,11019,0,0,0.0,0.0,-3.650273561477661,2.97583270072937
IMG-4AD3CA120E,R1,B,wavelet-HLL,11019,0,0,0.0,0.0,-8.65881633758545,4.312304496765137
IMG-4AD3CA120E,R1,B,wavelet-HLH,11019,0,0,0.0,0.0,-2.0457959175109863,2.5411136150360107
IMG-4AD3CA120E,R1,B,wavelet-HHL,11019,0,0,0.0,0.0,-2.2322885990142822,3.3337202072143555
IMG-4AD3CA120E,R1,B,wavelet-HHH,11019,0,0,0.0,0.0,-1.2941761016845703,1.5868839025497437
IMG-4AD3CA120E,R1,B,wavelet-LLL,11019,1,0,9.075233687267448e-05,0.0,-16.336402893066406,15.50797176361084
IMG-4AD3CA120E,R1,B,log-sigma-1-0-mm-3D,11019,0,0,0.0,0.0,-3.445160150527954,2.42724871635437
IMG-4AD3CA120E,R1,B,log-sigma-2-0-mm-3D,11019,0,0,0.0,0.0,-3.951357841491699,2.7696914672851562
IMG-4AD3CA120E,R1,B,log-sigma-3-0-mm-3D,11019,0,0,0.0,0.0,-3.752260208129883,2.4401979446411133
IMG-7EDF670349,R1,A,wavelet-LLH,3905,0,0,0.0,0.0,-3.5996134281158447,3.8273305892944336
IMG-7EDF670349,R1,A,wavelet-LHL,3905,0,0,0.0,0.0,-6.592474937438965,5.43531608581543
IMG-7EDF670349,R1,A,wavelet-LHH,3905,0,0,0.0,0.0,-2.3690311908721924,2.7285704612731934
IMG-7EDF670349,R1,A,wavelet-HLL,3905,0,0,0.0,0.0,-6.774919509887695,4.724039077758789
IMG-7EDF670349,R1,A,wavelet-HLH,3905,0,0,0.0,0.0,-2.1890316009521484,2.3906524181365967
IMG-7EDF670349,R1,A,wavelet-HHL,3905,0,0,0.0,0.0,-2.633087396621704,3.697516441345215
IMG-7EDF670349,R1,A,wavelet-HHH,3905,0,0,0.0,0.0,-1.4466100931167603,1.777316689491272
IMG-7EDF670349,R1,A,wavelet-LLL,3905,0,0,0.0,0.0,-7.934367656707764,10.96461296081543
IMG-7EDF670349,R1,A,log-sigma-1-0-mm-3D,3905,0,0,0.0,0.0,-2.5057826042175293,2.01603364944458
IMG-7EDF670349,R1,A,log-sigma-2-0-mm-3D,3905,0,0,0.0,0.0,-2.096571922302246,2.3158164024353027
IMG-7EDF670349,R1,A,log-sigma-3-0-mm-3D,3905,0,0,0.0,0.0,-2.005467414855957,2.083721876144409
IMG-B20E0545DD,R1,B,wavelet-LLH,4584,0,0,0.0,0.0,-4.751059055328369,4.4582977294921875
IMG-B20E0545DD,R1,B,wavelet-LHL,4584,0,0,0.0,0.0,-4.803053855895996,4.703082084655762
IMG-B20E0545DD,R1,B,wavelet-LHH,4584,0,0,0.0,0.0,-2.0504379272460938,1.9461989402770996
IMG-B20E0545DD,R1,B,wavelet-HLL,4584,0,0,0.0,0.0,-3.6753430366516113,4.721208095550537
IMG-B20E0545DD,R1,B,wavelet-HLH,4584,0,0,0.0,0.0,-1.3895834684371948,1.4464037418365479
IMG-B20E0545DD,R1,B,wavelet-HHL,4584,0,0,0.0,0.0,-2.0938384532928467,1.913205862045288
IMG-B20E0545DD,R1,B,wavelet-HHH,4584,0,0,0.0,0.0,-1.4975817203521729,1.5078582763671875
IMG-B20E0545DD,R1,B,wavelet-LLL,4584,0,0,0.0,0.0,-8.230460166931152,12.088129043579102
IMG-B20E0545DD,R1,B,log-sigma-1-0-mm-3D,4584,0,0,0.0,0.0,-2.084674596786499,2.137688159942627
IMG-B20E0545DD,R1,B,log-sigma-2-0-mm-3D,4584,0,0,0.0,0.0,-2.413438558578491,2.2675023078918457
IMG-B20E0545DD,R1,B,log-sigma-3-0-mm-3D,4584,0,0,0.0,0.0,-2.420548439025879,2.0508499145507812
IMG-B20E0545DD,R2,B,wavelet-LLH,8225,0,0,0.0,0.0,-3.713258743286133,3.9509143829345703
IMG-B20E0545DD,R2,B,wavelet-LHL,8225,0,0,0.0,0.0,-4.004033088684082,5.628159999847412
IMG-B20E0545DD,R2,B,wavelet-LHH,8225,0,0,0.0,0.0,-1.9012823104858398,1.587422251701355
IMG-B20E0545DD,R2,B,wavelet-HLL,8225,0,0,0.0,0.0,-4.216038227081299,4.8817853927612305
IMG-B20E0545DD,R2,B,wavelet-HLH,8225,0,0,0.0,0.0,-1.3407455682754517,1.759505271911621
IMG-B20E0545DD,R2,B,wavelet-HHL,8225,0,0,0.0,0.0,-2.1016128063201904,2.6168220043182373
IMG-B20E0545DD,R2,B,wavelet-HHH,8225,0,0,0.0,0.0,-0.8387184739112854,1.3259986639022827
IMG-B20E0545DD,R2,B,wavelet-LLL,8225,0,0,0.0,0.0,-9.330930709838867,11.510599136352539
IMG-B20E0545DD,R2,B,log-sigma-1-0-mm-3D,8225,0,0,0.0,0.0,-2.0636372566223145,2.6426312923431396
IMG-B20E0545DD,R2,B,log-sigma-2-0-mm-3D,8225,0,0,0.0,0.0,-2.0773544311523438,2.641648054122925
IMG-B20E0545DD,R2,B,log-sigma-3-0-mm-3D,8225,0,0,0.0,0.0,-1.9671127796173096,2.4313721656799316
IMG-5FF11A726D,R1,B,wavelet-LLH,3856,0,0,0.0,0.0,-4.768923759460449,4.357821464538574
IMG-5FF11A726D,R1,B,wavelet-LHL,3856,0,0,0.0,0.0,-6.70506477355957,5.601475238800049
IMG-5FF11A726D,R1,B,wavelet-LHH,3856,0,0,0.0,0.0,-2.7726025581359863,2.899376630783081
IMG-5FF11A726D,R1,B,wavelet-HLL,3856,0,0,0.0,0.0,-4.866107940673828,4.445526123046875
IMG-5FF11A726D,R1,B,wavelet-HLH,3856,0,0,0.0,0.0,-1.9911577701568604,1.829845666885376
IMG-5FF11A726D,R1,B,wavelet-HHL,3856,0,0,0.0,0.0,-3.0667779445648193,2.6473917961120605
IMG-5FF11A726D,R1,B,wavelet-HHH,3856,0,0,0.0,0.0,-1.3456089496612549,1.2760225534439087
IMG-5FF11A726D,R1,B,wavelet-LLL,3856,0,0,0.0,0.0,-7.097209930419922,16.080930709838867
IMG-5FF11A726D,R1,B,log-sigma-1-0-mm-3D,3856,0,0,0.0,0.0,-2.0588326454162598,2.9178128242492676
IMG-5FF11A726D,R1,B,log-sigma-2-0-mm-3D,3856,0,0,0.0,0.0,-1.9067853689193726,3.3440377712249756
IMG-5FF11A726D,R1,B,log-sigma-3-0-mm-3D,3856,0,0,0.0,0.0,-2.850524425506592,3.2873616218566895
IMG-9F88F07485,R1,A,wavelet-LLH,12074,0,0,0.0,0.0,-4.519360542297363,4.312777042388916
IMG-9F88F07485,R1,A,wavelet-LHL,12074,0,0,0.0,0.0,-4.732546806335449,3.823530435562134
IMG-9F88F07485,R1,A,wavelet-LHH,12074,0,0,0.0,0.0,-1.5524603128433228,1.6887027025222778
IMG-9F88F07485,R1,A,wavelet-HLL,12074,0,0,0.0,0.0,-5.187216758728027,4.302265167236328
IMG-9F88F07485,R1,A,wavelet-HLH,12074,0,0,0.0,0.0,-2.0531232357025146,2.140801191329956
IMG-9F88F07485,R1,A,wavelet-HHL,12074,0,0,0.0,0.0,-3.3712196350097656,5.567281246185303
IMG-9F88F07485,R1,A,wavelet-HHH,12074,0,0,0.0,0.0,-1.474385142326355,1.2587701082229614
IMG-9F88F07485,R1,A,wavelet-LLL,12074,0,0,0.0,0.0,-8.60988998413086,18.315797805786133
IMG-9F88F07485,R1,A,log-sigma-1-0-mm-3D,12074,0,0,0.0,0.0,-3.781144380569458,1.8107157945632935
IMG-9F88F07485,R1,A,log-sigma-2-0-mm-3D,12074,0,0,0.0,0.0,-3.425358533859253,1.6678653955459595
IMG-9F88F07485,R1,A,log-sigma-3-0-mm-3D,12074,0,0,0.0,0.0,-2.4342234134674072,1.6879613399505615
IMG-97AD05D8F7,R1,B,wavelet-LLH,2996,0,0,0.0,0.0,-11.305879592895508,4.326671600341797
IMG-97AD05D8F7,R1,B,wavelet-LHL,2996,0,0,0.0,0.0,-4.13184928894043,4.258350849151611
IMG-97AD05D8F7,R1,B,wavelet-LHH,2996,0,0,0.0,0.0,-1.8538191318511963,1.9502943754196167
IMG-97AD05D8F7,R1,B,wavelet-HLL,2996,0,0,0.0,0.0,-4.583086967468262,5.8422112464904785
IMG-97AD05D8F7,R1,B,wavelet-HLH,2996,0,0,0.0,0.0,-1.8061457872390747,2.0841996669769287
IMG-97AD05D8F7,R1,B,wavelet-HHL,2996,0,0,0.0,0.0,-2.9432759284973145,2.5138933658599854
IMG-97AD05D8F7,R1,B,wavelet-HHH,2996,0,0,0.0,0.0,-1.1806241273880005,1.2211833000183105
IMG-97AD05D8F7,R1,B,wavelet-LLL,2996,0,0,0.0,0.0,-7.225220680236816,16.16240882873535
IMG-97AD05D8F7,R1,B,log-sigma-1-0-mm-3D,2996,0,0,0.0,0.0,-2.199298620223999,2.7852208614349365
IMG-97AD05D8F7,R1,B,log-sigma-2-0-mm-3D,2996,0,0,0.0,0.0,-3.7122702598571777,3.4381136894226074
IMG-97AD05D8F7,R1,B,log-sigma-3-0-mm-3D,2996,0,0,0.0,0.0,-3.1583452224731445,3.2547237873077393
IMG-6D0390E7BE,R1,A,wavelet-LLH,4170,0,0,0.0,0.0,-4.14502477645874,3.0890119075775146
IMG-6D0390E7BE,R1,A,wavelet-LHL,4170,0,0,0.0,0.0,-5.447653770446777,5.277945041656494
IMG-6D0390E7BE,R1,A,wavelet-LHH,4170,0,0,0.0,0.0,-1.9005637168884277,2.3554136753082275
IMG-6D0390E7BE,R1,A,wavelet-HLL,4170,0,0,0.0,0.0,-8.551285743713379,5.2776007652282715
IMG-6D0390E7BE,R1,A,wavelet-HLH,4170,0,0,0.0,0.0,-2.792468309402466,3.647794723510742
IMG-6D0390E7BE,R1,A,wavelet-HHL,4170,0,0,0.0,0.0,-4.32846736907959,3.765833616256714
IMG-6D0390E7BE,R1,A,wavelet-HHH,4170,0,0,0.0,0.0,-2.375311851501465,2.0862410068511963
IMG-6D0390E7BE,R1,A,wavelet-LLL,4170,0,0,0.0,0.0,-6.757927894592285,12.269702911376953
IMG-6D0390E7BE,R1,A,log-sigma-1-0-mm-3D,4170,0,0,0.0,0.0,-1.9277222156524658,2.1337990760803223
IMG-6D0390E7BE,R1,A,log-sigma-2-0-mm-3D,4170,0,0,0.0,0.0,-1.7370952367782593,2.1146979331970215
IMG-6D0390E7BE,R1,A,log-sigma-3-0-mm-3D,4170,0,0,0.0,0.0,-1.730759859085083,2.243945598602295
IMG-AC65668A0C,R1,A,wavelet-LLH,2226,0,0,0.0,0.0,-3.1143500804901123,2.7214553356170654
IMG-AC65668A0C,R1,A,wavelet-LHL,2226,0,0,0.0,0.0,-3.854651689529419,8.817983627319336
IMG-AC65668A0C,R1,A,wavelet-LHH,2226,0,0,0.0,0.0,-3.200817584991455,2.227384567260742
IMG-AC65668A0C,R1,A,wavelet-HLL,2226,0,0,0.0,0.0,-10.41347599029541,11.274312019348145
IMG-AC65668A0C,R1,A,wavelet-HLH,2226,0,0,0.0,0.0,-3.1260411739349365,2.325636863708496
IMG-AC65668A0C,R1,A,wavelet-HHL,2226,0,0,0.0,0.0,-4.786093235015869,6.723001003265381
IMG-AC65668A0C,R1,A,wavelet-HHH,2226,0,0,0.0,0.0,-2.0870842933654785,1.9867959022521973
IMG-AC65668A0C,R1,A,wavelet-LLL,2226,0,0,0.0,0.0,-8.590620040893555,8.670659065246582
IMG-AC65668A0C,R1,A,log-sigma-1-0-mm-3D,2226,0,0,0.0,0.0,-1.9679120779037476,3.393489360809326
IMG-AC65668A0C,R1,A,log-sigma-2-0-mm-3D,2226,0,0,0.0,0.0,-1.5613752603530884,3.5834178924560547
IMG-AC65668A0C,R1,A,log-sigma-3-0-mm-3D,2226,0,0,0.0,0.0,-0.9200665354728699,3.015048027038574
IMG-760997B96F,R1,B,wavelet-LLH,21387,0,0,0.0,0.0,-3.311497688293457,3.9972598552703857
IMG-760997B96F,R1,B,wavelet-LHL,21387,0,0,0.0,0.0,-4.8826398849487305,3.7091941833496094
IMG-760997B96F,R1,B,wavelet-LHH,21387,0,0,0.0,0.0,-1.9760373830795288,2.5422325134277344
IMG-760997B96F,R1,B,wavelet-HLL,21387,0,0,0.0,0.0,-4.1151628494262695,4.629042625427246
IMG-760997B96F,R1,B,wavelet-HLH,21387,0,0,0.0,0.0,-1.6553082466125488,1.5657622814178467
IMG-760997B96F,R1,B,wavelet-HHL,21387,0,0,0.0,0.0,-3.4382920265197754,3.245149612426758
IMG-760997B96F,R1,B,wavelet-HHH,21387,0,0,0.0,0.0,-1.2366676330566406,1.1385478973388672
IMG-760997B96F,R1,B,wavelet-LLL,21387,0,0,0.0,0.0,-8.921398162841797,7.036009788513184
IMG-760997B96F,R1,B,log-sigma-1-0-mm-3D,21387,0,0,0.0,0.0,-1.9428330659866333,1.551923394203186
IMG-760997B96F,R1,B,log-sigma-2-0-mm-3D,21387,0,0,0.0,0.0,-1.5151207447052002,1.7775330543518066
IMG-760997B96F,R1,B,log-sigma-3-0-mm-3D,21387,0,0,0.0,0.0,-1.557437777519226,1.8291912078857422
IMG-5F976A1C42,R1,B,wavelet-LLH,10294,0,0,0.0,0.0,-7.22707986831665,5.085422992706299
IMG-5F976A1C42,R1,B,wavelet-LHL,10294,0,0,0.0,0.0,-8.899687767028809,5.179061412811279
IMG-5F976A1C42,R1,B,wavelet-LHH,10294,0,0,0.0,0.0,-2.6099209785461426,3.0731685161590576
IMG-5F976A1C42,R1,B,wavelet-HLL,10294,0,0,0.0,0.0,-7.20955753326416,6.226911544799805
IMG-5F976A1C42,R1,B,wavelet-HLH,10294,0,0,0.0,0.0,-3.586266040802002,3.223210573196411
IMG-5F976A1C42,R1,B,wavelet-HHL,10294,0,0,0.0,0.0,-4.326572418212891,4.6857380867004395
IMG-5F976A1C42,R1,B,wavelet-HHH,10294,0,0,0.0,0.0,-1.7998963594436646,2.1184287071228027
IMG-5F976A1C42,R1,B,wavelet-LLL,10294,0,0,0.0,0.0,-6.6150360107421875,17.775737762451172
IMG-5F976A1C42,R1,B,log-sigma-1-0-mm-3D,10294,0,0,0.0,0.0,-2.6505987644195557,2.8620808124542236
IMG-5F976A1C42,R1,B,log-sigma-2-0-mm-3D,10294,0,0,0.0,0.0,-3.381080150604248,2.3830573558807373
IMG-5F976A1C42,R1,B,log-sigma-3-0-mm-3D,10294,0,0,0.0,0.0,-3.521655321121216,2.426926612854004
IMG-4BA22B0636,R1,A,wavelet-LLH,25772,0,0,0.0,0.0,-4.396409034729004,3.4340338706970215
IMG-4BA22B0636,R1,A,wavelet-LHL,25772,0,0,0.0,0.0,-6.765645980834961,6.590999603271484
IMG-4BA22B0636,R1,A,wavelet-LHH,25772,0,0,0.0,0.0,-2.5972957611083984,2.329014301300049
IMG-4BA22B0636,R1,A,wavelet-HLL,25772,0,0,0.0,0.0,-4.36417293548584,5.732050895690918
IMG-4BA22B0636,R1,A,wavelet-HLH,25772,0,0,0.0,0.0,-1.960433840751648,2.672490358352661
IMG-4BA22B0636,R1,A,wavelet-HHL,25772,0,0,0.0,0.0,-3.4558517932891846,4.362844944000244
IMG-4BA22B0636,R1,A,wavelet-HHH,25772,0,0,0.0,0.0,-1.9961061477661133,1.9165728092193604
IMG-4BA22B0636,R1,A,wavelet-LLL,25772,0,0,0.0,0.0,-10.143234252929688,13.895105361938477
IMG-4BA22B0636,R1,A,log-sigma-1-0-mm-3D,25772,0,0,0.0,0.0,-2.7279751300811768,2.9502973556518555
IMG-4BA22B0636,R1,A,log-sigma-2-0-mm-3D,25772,0,0,0.0,0.0,-2.8520314693450928,2.715132236480713
IMG-4BA22B0636,R1,A,log-sigma-3-0-mm-3D,25772,0,0,0.0,0.0,-2.4760665893554688,2.9463508129119873
IMG-E93CFC3B9B,R1,B,wavelet-LLH,4939,0,0,0.0,0.0,-4.788204669952393,3.53397274017334
IMG-E93CFC3B9B,R1,B,wavelet-LHL,4939,0,0,0.0,0.0,-6.066346645355225,5.513607978820801
IMG-E93CFC3B9B,R1,B,wavelet-LHH,4939,0,0,0.0,0.0,-1.7633883953094482,2.0124852657318115
IMG-E93CFC3B9B,R1,B,wavelet-HLL,4939,0,0,0.0,0.0,-5.119813442230225,5.117990970611572
IMG-E93CFC3B9B,R1,B,wavelet-HLH,4939,0,0,0.0,0.0,-2.5349783897399902,1.556345820426941
IMG-E93CFC3B9B,R1,B,wavelet-HHL,4939,0,0,0.0,0.0,-2.986353874206543,2.8655495643615723
IMG-E93CFC3B9B,R1,B,wavelet-HHH,4939,0,0,0.0,0.0,-0.8415151238441467,1.0200002193450928
IMG-E93CFC3B9B,R1,B,wavelet-LLL,4939,0,0,0.0,0.0,-7.1434006690979,9.038071632385254
IMG-E93CFC3B9B,R1,B,log-sigma-1-0-mm-3D,4939,0,0,0.0,0.0,-1.8956712484359741,2.0472910404205322
IMG-E93CFC3B9B,R1,B,log-sigma-2-0-mm-3D,4939,0,0,0.0,0.0,-1.9657113552093506,2.484365701675415
IMG-E93CFC3B9B,R1,B,log-sigma-3-0-mm-3D,4939,0,0,0.0,0.0,-1.6689200401306152,2.2655537128448486
IMG-967D2C803A,R1,A,wavelet-LLH,16266,0,0,0.0,0.0,-7.547490119934082,6.242463111877441
IMG-967D2C803A,R1,A,wavelet-LHL,16266,0,0,0.0,0.0,-7.553799152374268,8.974196434020996
IMG-967D2C803A,R1,A,wavelet-LHH,16266,0,0,0.0,0.0,-2.957817792892456,2.9539427757263184
IMG-967D2C803A,R1,A,wavelet-HLL,16266,0,0,0.0,0.0,-8.28846549987793,4.765322685241699
IMG-967D2C803A,R1,A,wavelet-HLH,16266,0,0,0.0,0.0,-2.1032938957214355,2.8221375942230225
IMG-967D2C803A,R1,A,wavelet-HHL,16266,0,0,0.0,0.0,-3.3868532180786133,3.44205379486084
IMG-967D2C803A,R1,A,wavelet-HHH,16266,0,0,0.0,0.0,-1.8052440881729126,1.6406182050704956
IMG-967D2C803A,R1,A,wavelet-LLL,16266,0,0,0.0,0.0,-7.675084590911865,16.433252334594727
IMG-967D2C803A,R1,A,log-sigma-1-0-mm-3D,16266,0,0,0.0,0.0,-2.611191749572754,2.3514955043792725
IMG-967D2C803A,R1,A,log-sigma-2-0-mm-3D,16266,0,0,0.0,0.0,-3.1183576583862305,2.6366076469421387
IMG-967D2C803A,R1,A,log-sigma-3-0-mm-3D,16266,0,0,0.0,0.0,-2.792383909225464,2.702502965927124
IMG-CE8329F8FD,R1,A,wavelet-LLH,9191,0,0,0.0,0.0,-3.6604976654052734,4.484091758728027
IMG-CE8329F8FD,R1,A,wavelet-LHL,9191,0,0,0.0,0.0,-5.998958587646484,4.302943229675293
IMG-CE8329F8FD,R1,A,wavelet-LHH,9191,0,0,0.0,0.0,-2.073352575302124,1.338091492652893
IMG-CE8329F8FD,R1,A,wavelet-HLL,9191,0,0,0.0,0.0,-5.315759658813477,5.862224578857422
IMG-CE8329F8FD,R1,A,wavelet-HLH,9191,0,0,0.0,0.0,-1.8512051105499268,2.203570604324341
IMG-CE8329F8FD,R1,A,wavelet-HHL,9191,0,0,0.0,0.0,-3.4697561264038086,4.68686056137085
IMG-CE8329F8FD,R1,A,wavelet-HHH,9191,0,0,0.0,0.0,-1.5257384777069092,1.4047547578811646
IMG-CE8329F8FD,R1,A,wavelet-LLL,9191,0,0,0.0,0.0,-8.4420804977417,13.091251373291016
IMG-CE8329F8FD,R1,A,log-sigma-1-0-mm-3D,9191,0,0,0.0,0.0,-1.5162677764892578,2.548614740371704
IMG-CE8329F8FD,R1,A,log-sigma-2-0-mm-3D,9191,0,0,0.0,0.0,-1.3669171333312988,2.9279563426971436
IMG-CE8329F8FD,R1,A,log-sigma-3-0-mm-3D,9191,0,0,0.0,0.0,-1.5972881317138672,2.994614362716675
IMG-5273805902,R1,A,wavelet-LLH,5051,0,0,0.0,0.0,-5.2362961769104,4.0397114753723145
IMG-5273805902,R1,A,wavelet-LHL,5051,0,0,0.0,0.0,-4.3316650390625,5.028083324432373
IMG-5273805902,R1,A,wavelet-LHH,5051,0,0,0.0,0.0,-2.0336039066314697,1.9976691007614136
IMG-5273805902,R1,A,wavelet-HLL,5051,0,0,0.0,0.0,-6.075979232788086,4.332332134246826
IMG-5273805902,R1,A,wavelet-HLH,5051,0,0,0.0,0.0,-2.094553232192993,2.4131250381469727
IMG-5273805902,R1,A,wavelet-HHL,5051,0,0,0.0,0.0,-4.282613277435303,4.107139587402344
IMG-5273805902,R1,A,wavelet-HHH,5051,0,0,0.0,0.0,-1.341392993927002,1.687799096107483
IMG-5273805902,R1,A,wavelet-LLL,5051,0,0,0.0,0.0,-6.969276428222656,13.648252487182617
IMG-5273805902,R1,A,log-sigma-1-0-mm-3D,5051,0,0,0.0,0.0,-1.7580657005310059,2.41636323928833
IMG-5273805902,R1,A,log-sigma-2-0-mm-3D,5051,0,0,0.0,0.0,-2.323969841003418,2.9084978103637695
IMG-5273805902,R1,A,log-sigma-3-0-mm-3D,5051,0,0,0.0,0.0,-2.16074800491333,3.2781424522399902
IMG-DDCCF39CE2,R1,B,wavelet-LLH,3548,0,0,0.0,0.0,-5.483662128448486,5.161824703216553
IMG-DDCCF39CE2,R1,B,wavelet-LHL,3548,0,0,0.0,0.0,-9.888633728027344,10.535605430603027
IMG-DDCCF39CE2,R1,B,wavelet-LHH,3548,0,0,0.0,0.0,-2.9689037799835205,2.859389066696167
IMG-DDCCF39CE2,R1,B,wavelet-HLL,3548,0,0,0.0,0.0,-7.584266185760498,5.733336448669434
IMG-DDCCF39CE2,R1,B,wavelet-HLH,3548,0,0,0.0,0.0,-2.446021318435669,2.00846791267395
IMG-DDCCF39CE2,R1,B,wavelet-HHL,3548,0,0,0.0,0.0,-4.194102764129639,3.4081504344940186
IMG-DDCCF39CE2,R1,B,wavelet-HHH,3548,0,0,0.0,0.0,-1.81516695022583,1.7270013093948364
IMG-DDCCF39CE2,R1,B,wavelet-LLL,3548,0,0,0.0,0.0,-10.0866117477417,11.421080589294434
IMG-DDCCF39CE2,R1,B,log-sigma-1-0-mm-3D,3548,0,0,0.0,0.0,-3.2547035217285156,3.402214765548706
IMG-DDCCF39CE2,R1,B,log-sigma-2-0-mm-3D,3548,0,0,0.0,0.0,-3.175889492034912,3.5801808834075928
IMG-DDCCF39CE2,R1,B,log-sigma-3-0-mm-3D,3548,0,0,0.0,0.0,-2.493070602416992,3.391529083251953
IMG-B6580644D8,R1,A,wavelet-LLH,3656,0,0,0.0,0.0,-5.984441757202148,3.7392613887786865
IMG-B6580644D8,R1,A,wavelet-LHL,3656,0,0,0.0,0.0,-6.312027931213379,3.156696081161499
IMG-B6580644D8,R1,A,wavelet-LHH,3656,0,0,0.0,0.0,-2.1006617546081543,2.8738245964050293
IMG-B6580644D8,R1,A,wavelet-HLL,3656,0,0,0.0,0.0,-4.859076976776123,3.984309196472168
IMG-B6580644D8,R1,A,wavelet-HLH,3656,0,0,0.0,0.0,-3.3094847202301025,3.1184189319610596
IMG-B6580644D8,R1,A,wavelet-HHL,3656,0,0,0.0,0.0,-3.1953656673431396,3.7316789627075195
IMG-B6580644D8,R1,A,wavelet-HHH,3656,0,0,0.0,0.0,-1.5753939151763916,1.3274579048156738
IMG-B6580644D8,R1,A,wavelet-LLL,3656,0,0,0.0,0.0,-7.679342746734619,12.57979965209961
IMG-B6580644D8,R1,A,log-sigma-1-0-mm-3D,3656,0,0,0.0,0.0,-1.9705901145935059,1.5835976600646973
IMG-B6580644D8,R1,A,log-sigma-2-0-mm-3D,3656,0,0,0.0,0.0,-2.0128328800201416,1.9442508220672607
IMG-B6580644D8,R1,A,log-sigma-3-0-mm-3D,3656,0,0,0.0,0.0,-1.9393746852874756,1.9277780055999756
IMG-2961286E3A,R1,B,wavelet-LLH,2077,0,0,0.0,0.0,-5.56421422958374,3.6926848888397217
IMG-2961286E3A,R1,B,wavelet-LHL,2077,0,0,0.0,0.0,-3.2260794639587402,3.642761468887329
IMG-2961286E3A,R1,B,wavelet-LHH,2077,0,0,0.0,0.0,-2.5138301849365234,1.6243152618408203
IMG-2961286E3A,R1,B,wavelet-HLL,2077,0,0,0.0,0.0,-3.796621084213257,3.3952696323394775
IMG-2961286E3A,R1,B,wavelet-HLH,2077,0,0,0.0,0.0,-1.8436625003814697,1.3668204545974731
IMG-2961286E3A,R1,B,wavelet-HHL,2077,0,0,0.0,0.0,-2.060227155685425,2.6826415061950684
IMG-2961286E3A,R1,B,wavelet-HHH,2077,0,0,0.0,0.0,-1.0168262720108032,0.8894370794296265
IMG-2961286E3A,R1,B,wavelet-LLL,2077,0,0,0.0,0.0,-9.981573104858398,11.247385025024414
IMG-2961286E3A,R1,B,log-sigma-1-0-mm-3D,2077,0,0,0.0,0.0,-2.5413100719451904,1.7457832098007202
IMG-2961286E3A,R1,B,log-sigma-2-0-mm-3D,2077,0,0,0.0,0.0,-3.0823447704315186,1.7852985858917236
IMG-2961286E3A,R1,B,log-sigma-3-0-mm-3D,2077,0,0,0.0,0.0,-2.543057441711426,1.8259319067001343
IMG-1C70AC0454,R1,B,wavelet-LLH,127465,0,0,0.0,0.0,-4.581634521484375,4.151484966278076
IMG-1C70AC0454,R1,B,wavelet-LHL,127465,0,0,0.0,0.0,-5.08534574508667,4.445439338684082
IMG-1C70AC0454,R1,B,wavelet-LHH,127465,0,0,0.0,0.0,-2.129406452178955,2.300720691680908
IMG-1C70AC0454,R1,B,wavelet-HLL,127465,0,0,0.0,0.0,-4.573224067687988,4.196990966796875
IMG-1C70AC0454,R1,B,wavelet-HLH,127465,0,0,0.0,0.0,-1.3834125995635986,1.4215606451034546
IMG-1C70AC0454,R1,B,wavelet-HHL,127465,0,0,0.0,0.0,-2.6675848960876465,3.4616878032684326
IMG-1C70AC0454,R1,B,wavelet-HHH,127465,0,0,0.0,0.0,-1.1843899488449097,1.1666383743286133
IMG-1C70AC0454,R1,B,wavelet-LLL,127465,46,0,0.0003608833797513043,0.0,-14.98702335357666,12.346683502197266
IMG-1C70AC0454,R1,B,log-sigma-1-0-mm-3D,127465,0,0,0.0,0.0,-2.4276745319366455,2.79306960105896
IMG-1C70AC0454,R1,B,log-sigma-2-0-mm-3D,127465,0,0,0.0,0.0,-2.3166048526763916,2.9002065658569336
IMG-1C70AC0454,R1,B,log-sigma-3-0-mm-3D,127465,0,0,0.0,0.0,-2.0784809589385986,2.2880759239196777
IMG-A52BBA0DEA,R1,B,wavelet-LLH,10902,0,0,0.0,0.0,-3.3401122093200684,3.668247699737549
IMG-A52BBA0DEA,R1,B,wavelet-LHL,10902,0,0,0.0,0.0,-4.34348726272583,3.136122226715088
IMG-A52BBA0DEA,R1,B,wavelet-LHH,10902,0,0,0.0,0.0,-1.3981937170028687,1.7622812986373901
IMG-A52BBA0DEA,R1,B,wavelet-HLL,10902,0,0,0.0,0.0,-2.9438302516937256,3.9329981803894043
IMG-A52BBA0DEA,R1,B,wavelet-HLH,10902,0,0,0.0,0.0,-1.0155179500579834,1.2145081758499146
IMG-A52BBA0DEA,R1,B,wavelet-HHL,10902,0,0,0.0,0.0,-1.593684196472168,1.566879153251648
IMG-A52BBA0DEA,R1,B,wavelet-HHH,10902,0,0,0.0,0.0,-0.6096423864364624,0.6615525484085083
IMG-A52BBA0DEA,R1,B,wavelet-LLL,10902,0,0,0.0,0.0,-10.103635787963867,8.460105895996094
IMG-A52BBA0DEA,R1,B,log-sigma-1-0-mm-3D,10902,0,0,0.0,0.0,-2.6649951934814453,1.50356924533844
IMG-A52BBA0DEA,R1,B,log-sigma-2-0-mm-3D,10902,0,0,0.0,0.0,-2.195456027984619,1.8455331325531006
IMG-A52BBA0DEA,R1,B,log-sigma-3-0-mm-3D,10902,0,0,0.0,0.0,-2.440445899963379,1.9712313413619995
IMG-FACD90DDE5,R1,B,wavelet-LLH,7210,0,0,0.0,0.0,-5.115822792053223,2.901561975479126
IMG-FACD90DDE5,R1,B,wavelet-LHL,7210,0,0,0.0,0.0,-12.643556594848633,4.662487506866455
IMG-FACD90DDE5,R1,B,wavelet-LHH,7210,0,0,0.0,0.0,-1.8533835411071777,2.200617790222168
IMG-FACD90DDE5,R1,B,wavelet-HLL,7210,0,0,0.0,0.0,-4.933254241943359,3.4339990615844727
IMG-FACD90DDE5,R1,B,wavelet-HLH,7210,0,0,0.0,0.0,-1.4307194948196411,1.8064186573028564
IMG-FACD90DDE5,R1,B,wavelet-HHL,7210,0,0,0.0,0.0,-2.698882818222046,3.779442310333252
IMG-FACD90DDE5,R1,B,wavelet-HHH,7210,0,0,0.0,0.0,-1.2340995073318481,1.0677388906478882
IMG-FACD90DDE5,R1,B,wavelet-LLL,7210,0,0,0.0,0.0,-6.123958587646484,16.678043365478516
IMG-FACD90DDE5,R1,B,log-sigma-1-0-mm-3D,7210,0,0,0.0,0.0,-2.76424503326416,2.052396774291992
IMG-FACD90DDE5,R1,B,log-sigma-2-0-mm-3D,7210,0,0,0.0,0.0,-2.504729747772217,2.165686845779419
IMG-FACD90DDE5,R1,B,log-sigma-3-0-mm-3D,7210,0,0,0.0,0.0,-2.3727333545684814,2.3467869758605957
IMG-14A74D9822,R1,A,wavelet-LLH,2253,0,0,0.0,0.0,-7.194908618927002,5.1795525550842285
IMG-14A74D9822,R1,A,wavelet-LHL,2253,0,0,0.0,0.0,-4.842461109161377,6.1559929847717285
IMG-14A74D9822,R1,A,wavelet-LHH,2253,0,0,0.0,0.0,-2.700747013092041,3.0646519660949707
IMG-14A74D9822,R1,A,wavelet-HLL,2253,0,0,0.0,0.0,-8.335649490356445,7.668715476989746
IMG-14A74D9822,R1,A,wavelet-HLH,2253,0,0,0.0,0.0,-4.229549407958984,3.5839269161224365
IMG-14A74D9822,R1,A,wavelet-HHL,2253,0,0,0.0,0.0,-4.252443313598633,3.745929002761841
IMG-14A74D9822,R1,A,wavelet-HHH,2253,0,0,0.0,0.0,-3.225377321243286,4.404996871948242
IMG-14A74D9822,R1,A,wavelet-LLL,2253,0,0,0.0,0.0,-8.41366195678711,15.80158805847168
IMG-14A74D9822,R1,A,log-sigma-1-0-mm-3D,2253,0,0,0.0,0.0,-2.0243945121765137,3.475421190261841
IMG-14A74D9822,R1,A,log-sigma-2-0-mm-3D,2253,0,0,0.0,0.0,-3.3214659690856934,2.896996021270752
IMG-14A74D9822,R1,A,log-sigma-3-0-mm-3D,2253,0,0,0.0,0.0,-2.689932346343994,3.239248275756836
IMG-3082C0583E,R1,A,wavelet-LLH,10771,0,0,0.0,0.0,-4.220242500305176,3.5026118755340576
IMG-3082C0583E,R1,A,wavelet-LHL,10771,0,0,0.0,0.0,-5.416754245758057,4.7749223709106445
IMG-3082C0583E,R1,A,wavelet-LHH,10771,0,0,0.0,0.0,-2.642477035522461,3.2429144382476807
IMG-3082C0583E,R1,A,wavelet-HLL,10771,0,0,0.0,0.0,-8.104503631591797,6.877289295196533
IMG-3082C0583E,R1,A,wavelet-HLH,10771,0,0,0.0,0.0,-3.698664903640747,2.035911798477173
IMG-3082C0583E,R1,A,wavelet-HHL,10771,0,0,0.0,0.0,-4.6043901443481445,4.927519798278809
IMG-3082C0583E,R1,A,wavelet-HHH,10771,0,0,0.0,0.0,-2.462122917175293,2.1761701107025146
IMG-3082C0583E,R1,A,wavelet-LLL,10771,0,0,0.0,0.0,-10.038850784301758,12.504474639892578
IMG-3082C0583E,R1,A,log-sigma-1-0-mm-3D,10771,0,0,0.0,0.0,-2.0489444732666016,2.161985158920288
IMG-3082C0583E,R1,A,log-sigma-2-0-mm-3D,10771,0,0,0.0,0.0,-1.9130041599273682,2.6812708377838135
IMG-3082C0583E,R1,A,log-sigma-3-0-mm-3D,10771,0,0,0.0,0.0,-1.5409109592437744,2.509427309036255
IMG-ACD9E21F63,R1,A,wavelet-LLH,6413,0,0,0.0,0.0,-3.8322267532348633,4.134681701660156
IMG-ACD9E21F63,R1,A,wavelet-LHL,6413,0,0,0.0,0.0,-5.204622745513916,4.656651020050049
IMG-ACD9E21F63,R1,A,wavelet-LHH,6413,0,0,0.0,0.0,-2.0477094650268555,2.0939455032348633
IMG-ACD9E21F63,R1,A,wavelet-HLL,6413,0,0,0.0,0.0,-3.2499289512634277,6.185638427734375
IMG-ACD9E21F63,R1,A,wavelet-HLH,6413,0,0,0.0,0.0,-1.778559684753418,2.099855422973633
IMG-ACD9E21F63,R1,A,wavelet-HHL,6413,0,0,0.0,0.0,-2.9749836921691895,2.687077045440674
IMG-ACD9E21F63,R1,A,wavelet-HHH,6413,0,0,0.0,0.0,-1.6743285655975342,1.6515891551971436
IMG-ACD9E21F63,R1,A,wavelet-LLL,6413,0,0,0.0,0.0,-8.114287376403809,9.993948936462402
IMG-ACD9E21F63,R1,A,log-sigma-1-0-mm-3D,6413,0,0,0.0,0.0,-2.215937614440918,2.0888748168945312
IMG-ACD9E21F63,R1,A,log-sigma-2-0-mm-3D,6413,0,0,0.0,0.0,-2.34790301322937,1.881264328956604
IMG-ACD9E21F63,R1,A,log-sigma-3-0-mm-3D,6413,0,0,0.0,0.0,-2.008866310119629,2.109159231185913
IMG-56BF3EA7E6,R1,B,wavelet-LLH,2943,0,0,0.0,0.0,-2.860192060470581,2.4893686771392822
IMG-56BF3EA7E6,R1,B,wavelet-LHL,2943,0,0,0.0,0.0,-3.0673484802246094,3.6813204288482666
IMG-56BF3EA7E6,R1,B,wavelet-LHH,2943,0,0,0.0,0.0,-0.9062008857727051,0.9529955983161926
IMG-56BF3EA7E6,R1,B,wavelet-HLL,2943,0,0,0.0,0.0,-2.5903427600860596,3.130014181137085
IMG-56BF3EA7E6,R1,B,wavelet-HLH,2943,0,0,0.0,0.0,-0.8826929330825806,0.848026692867279
IMG-56BF3EA7E6,R1,B,wavelet-HHL,2943,0,0,0.0,0.0,-2.4046833515167236,1.5854146480560303
IMG-56BF3EA7E6,R1,B,wavelet-HHH,2943,0,0,0.0,0.0,-0.8028613328933716,0.6347522139549255
IMG-56BF3EA7E6,R1,B,wavelet-LLL,2943,0,0,0.0,0.0,-7.616717338562012,8.929044723510742
IMG-56BF3EA7E6,R1,B,log-sigma-1-0-mm-3D,2943,0,0,0.0,0.0,-2.276052474975586,1.427934169769287
IMG-56BF3EA7E6,R1,B,log-sigma-2-0-mm-3D,2943,0,0,0.0,0.0,-1.992053508758545,1.5837337970733643
IMG-56BF3EA7E6,R1,B,log-sigma-3-0-mm-3D,2943,0,0,0.0,0.0,-2.0257301330566406,1.5717697143554688
IMG-C9086F502A,R1,A,wavelet-LLH,4885,0,0,0.0,0.0,-5.2123517990112305,3.5440003871917725
IMG-C9086F502A,R1,A,wavelet-LHL,4885,0,0,0.0,0.0,-5.512640953063965,3.1068596839904785
IMG-C9086F502A,R1,A,wavelet-LHH,4885,0,0,0.0,0.0,-1.6989474296569824,1.5569034814834595
IMG-C9086F502A,R1,A,wavelet-HLL,4885,0,0,0.0,0.0,-5.252710342407227,3.728355884552002
IMG-C9086F502A,R1,A,wavelet-HLH,4885,0,0,0.0,0.0,-2.331785202026367,1.8583744764328003
IMG-C9086F502A,R1,A,wavelet-HHL,4885,0,0,0.0,0.0,-2.21622896194458,2.7649755477905273
IMG-C9086F502A,R1,A,wavelet-HHH,4885,0,0,0.0,0.0,-1.1228359937667847,1.3384798765182495
IMG-C9086F502A,R1,A,wavelet-LLL,4885,0,0,0.0,0.0,-7.152790546417236,13.362048149108887
IMG-C9086F502A,R1,A,log-sigma-1-0-mm-3D,4885,0,0,0.0,0.0,-1.9508123397827148,2.051400661468506
IMG-C9086F502A,R1,A,log-sigma-2-0-mm-3D,4885,0,0,0.0,0.0,-2.4270853996276855,2.164971351623535
IMG-C9086F502A,R1,A,log-sigma-3-0-mm-3D,4885,0,0,0.0,0.0,-2.1471621990203857,1.9255268573760986
IMG-9B6A580D17,R1,A,wavelet-LLH,2730,0,0,0.0,0.0,-6.169829845428467,3.7510058879852295
IMG-9B6A580D17,R1,A,wavelet-LHL,2730,0,0,0.0,0.0,-11.555554389953613,5.78013801574707
IMG-9B6A580D17,R1,A,wavelet-LHH,2730,0,0,0.0,0.0,-3.0264198780059814,3.8691718578338623
IMG-9B6A580D17,R1,A,wavelet-HLL,2730,0,0,0.0,0.0,-4.977475643157959,4.496965408325195
IMG-9B6A580D17,R1,A,wavelet-HLH,2730,0,0,0.0,0.0,-2.492758274078369,3.277747869491577
IMG-9B6A580D17,R1,A,wavelet-HHL,2730,0,0,0.0,0.0,-4.331588268280029,4.100804328918457
IMG-9B6A580D17,R1,A,wavelet-HHH,2730,0,0,0.0,0.0,-1.8852510452270508,2.1769285202026367
IMG-9B6A580D17,R1,A,wavelet-LLL,2730,0,0,0.0,0.0,-6.045065402984619,14.259783744812012
IMG-9B6A580D17,R1,A,log-sigma-1-0-mm-3D,2730,0,0,0.0,0.0,-2.4185802936553955,1.7423017024993896
IMG-9B6A580D17,R1,A,log-sigma-2-0-mm-3D,2730,0,0,0.0,0.0,-3.259842872619629,1.7118654251098633
IMG-9B6A580D17,R1,A,log-sigma-3-0-mm-3D,2730,0,0,0.0,0.0,-2.0519602298736572,1.4931137561798096
IMG-846A866488,R1,B,wavelet-LLH,14848,0,0,0.0,0.0,-6.005586624145508,5.156095504760742
IMG-846A866488,R1,B,wavelet-LHL,14848,0,0,0.0,0.0,-5.286046504974365,5.811884880065918
IMG-846A866488,R1,B,wavelet-LHH,14848,0,0,0.0,0.0,-2.414520263671875,2.8698878288269043
IMG-846A866488,R1,B,wavelet-HLL,14848,0,0,0.0,0.0,-5.682881832122803,4.584461212158203
IMG-846A866488,R1,B,wavelet-HLH,14848,0,0,0.0,0.0,-2.5099849700927734,1.6220510005950928
IMG-846A866488,R1,B,wavelet-HHL,14848,0,0,0.0,0.0,-3.203782558441162,2.950495481491089
IMG-846A866488,R1,B,wavelet-HHH,14848,0,0,0.0,0.0,-1.479412317276001,1.2278252840042114
IMG-846A866488,R1,B,wavelet-LLL,14848,7,0,0.0004714439655172414,0.0,-14.217670440673828,10.760686874389648
IMG-846A866488,R1,B,log-sigma-1-0-mm-3D,14848,0,0,0.0,0.0,-3.7840003967285156,2.239549160003662
IMG-846A866488,R1,B,log-sigma-2-0-mm-3D,14848,0,0,0.0,0.0,-3.951949119567871,2.3657994270324707
IMG-846A866488,R1,B,log-sigma-3-0-mm-3D,14848,0,0,0.0,0.0,-3.79154109954834,2.712306022644043
IMG-8B207B3A13,R1,A,wavelet-LLH,2295,0,0,0.0,0.0,-5.833070278167725,3.084434986114502
IMG-8B207B3A13,R1,A,wavelet-LHL,2295,0,0,0.0,0.0,-5.00121545791626,2.992842674255371
IMG-8B207B3A13,R1,A,wavelet-LHH,2295,0,0,0.0,0.0,-2.0869367122650146,3.401472568511963
IMG-8B207B3A13,R1,A,wavelet-HLL,2295,0,0,0.0,0.0,-2.930432081222534,2.8074440956115723
IMG-8B207B3A13,R1,A,wavelet-HLH,2295,0,0,0.0,0.0,-2.1083991527557373,2.021022081375122
IMG-8B207B3A13,R1,A,wavelet-HHL,2295,0,0,0.0,0.0,-3.815915107727051,3.2676053047180176
IMG-8B207B3A13,R1,A,wavelet-HHH,2295,0,0,0.0,0.0,-1.3888795375823975,1.5685137510299683
IMG-8B207B3A13,R1,A,wavelet-LLL,2295,0,0,0.0,0.0,-8.329313278198242,9.340662956237793
IMG-8B207B3A13,R1,A,log-sigma-1-0-mm-3D,2295,0,0,0.0,0.0,-2.0259697437286377,1.612384557723999
IMG-8B207B3A13,R1,A,log-sigma-2-0-mm-3D,2295,0,0,0.0,0.0,-2.080193281173706,1.876965880393982
IMG-8B207B3A13,R1,A,log-sigma-3-0-mm-3D,2295,0,0,0.0,0.0,-1.9734225273132324,1.8487935066223145
IMG-94BDA8126D,R1,B,wavelet-LLH,10517,0,0,0.0,0.0,-6.001258850097656,3.895122528076172
IMG-94BDA8126D,R1,B,wavelet-LHL,10517,0,0,0.0,0.0,-7.953167915344238,5.612801551818848
IMG-94BDA8126D,R1,B,wavelet-LHH,10517,0,0,0.0,0.0,-2.3052244186401367,2.244605779647827
IMG-94BDA8126D,R1,B,wavelet-HLL,10517,0,0,0.0,0.0,-4.650996208190918,6.799290180206299
IMG-94BDA8126D,R1,B,wavelet-HLH,10517,0,0,0.0,0.0,-2.47847318649292,2.759777307510376
IMG-94BDA8126D,R1,B,wavelet-HHL,10517,0,0,0.0,0.0,-2.857877016067505,3.6357271671295166
IMG-94BDA8126D,R1,B,wavelet-HHH,10517,0,0,0.0,0.0,-1.3217620849609375,1.3691020011901855
IMG-94BDA8126D,R1,B,wavelet-LLL,10517,0,0,0.0,0.0,-8.22829818725586,19.111351013183594
IMG-94BDA8126D,R1,B,log-sigma-1-0-mm-3D,10517,0,0,0.0,0.0,-2.743403673171997,3.2475202083587646
IMG-94BDA8126D,R1,B,log-sigma-2-0-mm-3D,10517,0,0,0.0,0.0,-3.2891786098480225,3.0457160472869873
IMG-94BDA8126D,R1,B,log-sigma-3-0-mm-3D,10517,0,0,0.0,0.0,-2.367677927017212,3.1408259868621826
IMG-7E6162871C,R1,B,wavelet-LLH,2080,0,0,0.0,0.0,-4.9680962562561035,4.529507637023926
IMG-7E6162871C,R1,B,wavelet-LHL,2080,0,0,0.0,0.0,-5.478932857513428,5.193432331085205
IMG-7E6162871C,R1,B,wavelet-LHH,2080,0,0,0.0,0.0,-2.3128232955932617,2.5629234313964844
IMG-7E6162871C,R1,B,wavelet-HLL,2080,0,0,0.0,0.0,-4.4876275062561035,4.775542736053467
IMG-7E6162871C,R1,B,wavelet-HLH,2080,0,0,0.0,0.0,-2.224956512451172,1.686647891998291
IMG-7E6162871C,R1,B,wavelet-HHL,2080,0,0,0.0,0.0,-2.8578813076019287,5.66370964050293
IMG-7E6162871C,R1,B,wavelet-HHH,2080,0,0,0.0,0.0,-1.509115219116211,1.49922776222229
IMG-7E6162871C,R1,B,wavelet-LLL,2080,0,0,0.0,0.0,-7.709015369415283,18.966352462768555
IMG-7E6162871C,R1,B,log-sigma-1-0-mm-3D,2080,0,0,0.0,0.0,-1.9352946281433105,2.4513773918151855
IMG-7E6162871C,R1,B,log-sigma-2-0-mm-3D,2080,0,0,0.0,0.0,-2.0186386108398438,2.6971585750579834
IMG-7E6162871C,R1,B,log-sigma-3-0-mm-3D,2080,0,0,0.0,0.0,-1.5947813987731934,2.713440418243408
IMG-C0071AA076,R1,A,wavelet-LLH,3493,0,0,0.0,0.0,-5.539506912231445,4.501336574554443
IMG-C0071AA076,R1,A,wavelet-LHL,3493,0,0,0.0,0.0,-5.015098571777344,6.275172710418701
IMG-C0071AA076,R1,A,wavelet-LHH,3493,0,0,0.0,0.0,-3.72269868850708,3.4822731018066406
IMG-C0071AA076,R1,A,wavelet-HLL,3493,0,0,0.0,0.0,-5.922753810882568,5.137782573699951
IMG-C0071AA076,R1,A,wavelet-HLH,3493,0,0,0.0,0.0,-4.129820823669434,2.4813716411590576
IMG-C0071AA076,R1,A,wavelet-HHL,3493,0,0,0.0,0.0,-4.043227672576904,4.545125961303711
IMG-C0071AA076,R1,A,wavelet-HHH,3493,0,0,0.0,0.0,-1.716424822807312,2.5506248474121094
IMG-C0071AA076,R1,A,wavelet-LLL,3493,0,0,0.0,0.0,-7.696374416351318,12.152430534362793
IMG-C0071AA076,R1,A,log-sigma-1-0-mm-3D,3493,0,0,0.0,0.0,-2.3511295318603516,2.833446741104126
IMG-C0071AA076,R1,A,log-sigma-2-0-mm-3D,3493,0,0,0.0,0.0,-1.8535239696502686,2.7341504096984863
IMG-C0071AA076,R1,A,log-sigma-3-0-mm-3D,3493,0,0,0.0,0.0,-1.7488737106323242,3.1043970584869385
IMG-5F765AF8DE,R1,A,wavelet-LLH,29219,0,0,0.0,0.0,-7.155786991119385,10.721748352050781
IMG-5F765AF8DE,R1,A,wavelet-LHL,29219,0,0,0.0,0.0,-8.21794605255127,4.397022247314453
IMG-5F765AF8DE,R1,A,wavelet-LHH,29219,0,0,0.0,0.0,-2.360760450363159,3.3857455253601074
IMG-5F765AF8DE,R1,A,wavelet-HLL,29219,0,0,0.0,0.0,-5.945588111877441,4.472680568695068
IMG-5F765AF8DE,R1,A,wavelet-HLH,29219,0,0,0.0,0.0,-1.7173641920089722,2.571503162384033
IMG-5F765AF8DE,R1,A,wavelet-HHL,29219,0,0,0.0,0.0,-3.1221699714660645,4.351716041564941
IMG-5F765AF8DE,R1,A,wavelet-HHH,29219,0,0,0.0,0.0,-1.4103641510009766,1.2727426290512085
IMG-5F765AF8DE,R1,A,wavelet-LLL,29219,0,0,0.0,0.0,-7.276049613952637,15.381448745727539
IMG-5F765AF8DE,R1,A,log-sigma-1-0-mm-3D,29219,0,0,0.0,0.0,-2.350494861602783,2.4199814796447754
IMG-5F765AF8DE,R1,A,log-sigma-2-0-mm-3D,29219,0,0,0.0,0.0,-3.1906239986419678,2.506166934967041
IMG-5F765AF8DE,R1,A,log-sigma-3-0-mm-3D,29219,0,0,0.0,0.0,-3.200792074203491,2.122924566268921
IMG-7E3F7A9DEE,R1,B,wavelet-LLH,1226,0,0,0.0,0.0,-2.9040613174438477,3.45017671585083
IMG-7E3F7A9DEE,R1,B,wavelet-LHL,1226,0,0,0.0,0.0,-4.689270973205566,2.798896074295044
IMG-7E3F7A9DEE,R1,B,wavelet-LHH,1226,0,0,0.0,0.0,-1.6835732460021973,1.5696053504943848
IMG-7E3F7A9DEE,R1,B,wavelet-HLL,1226,0,0,0.0,0.0,-4.461167335510254,6.5324225425720215
IMG-7E3F7A9DEE,R1,B,wavelet-HLH,1226,0,0,0.0,0.0,-1.7501927614212036,1.4538882970809937
IMG-7E3F7A9DEE,R1,B,wavelet-HHL,1226,0,0,0.0,0.0,-2.931030511856079,2.4021005630493164
IMG-7E3F7A9DEE,R1,B,wavelet-HHH,1226,0,0,0.0,0.0,-0.9735853672027588,1.0441045761108398
IMG-7E3F7A9DEE,R1,B,wavelet-LLL,1226,0,0,0.0,0.0,-6.317537307739258,9.283635139465332
IMG-7E3F7A9DEE,R1,B,log-sigma-1-0-mm-3D,1226,0,0,0.0,0.0,-1.7383277416229248,1.8622199296951294
IMG-7E3F7A9DEE,R1,B,log-sigma-2-0-mm-3D,1226,0,0,0.0,0.0,-2.0663201808929443,2.9728620052337646
IMG-7E3F7A9DEE,R1,B,log-sigma-3-0-mm-3D,1226,0,0,0.0,0.0,-1.6310317516326904,2.9098494052886963
IMG-0B6CEA5D07,R1,A,wavelet-LLH,8323,0,0,0.0,0.0,-8.744087219238281,5.527079105377197
IMG-0B6CEA5D07,R1,A,wavelet-LHL,8323,0,0,0.0,0.0,-10.195596694946289,9.89616584777832
IMG-0B6CEA5D07,R1,A,wavelet-LHH,8323,0,0,0.0,0.0,-3.8483498096466064,5.217007160186768
IMG-0B6CEA5D07,R1,A,wavelet-HLL,8323,0,0,0.0,0.0,-10.327054023742676,5.5377278327941895
IMG-0B6CEA5D07,R1,A,wavelet-HLH,8323,0,0,0.0,0.0,-2.940894603729248,2.699150562286377
IMG-0B6CEA5D07,R1,A,wavelet-HHL,8323,0,0,0.0,0.0,-7.183254718780518,9.522486686706543
IMG-0B6CEA5D07,R1,A,wavelet-HHH,8323,0,0,0.0,0.0,-2.720726251602173,3.6035287380218506
IMG-0B6CEA5D07,R1,A,wavelet-LLL,8323,0,0,0.0,0.0,-9.23143196105957,17.762651443481445
IMG-0B6CEA5D07,R1,A,log-sigma-1-0-mm-3D,8323,0,0,0.0,0.0,-2.469316005706787,2.652614116668701
IMG-0B6CEA5D07,R1,A,log-sigma-2-0-mm-3D,8323,0,0,0.0,0.0,-3.2032790184020996,2.7901864051818848
IMG-0B6CEA5D07,R1,A,log-sigma-3-0-mm-3D,8323,0,0,0.0,0.0,-3.4064714908599854,2.986361026763916
IMG-D22BCB77B8,R1,B,wavelet-LLH,4957,0,0,0.0,0.0,-5.854537010192871,4.443737030029297
IMG-D22BCB77B8,R1,B,wavelet-LHL,4957,0,0,0.0,0.0,-4.5539140701293945,8.010013580322266
IMG-D22BCB77B8,R1,B,wavelet-LHH,4957,0,0,0.0,0.0,-2.4839420318603516,2.284801959991455
IMG-D22BCB77B8,R1,B,wavelet-HLL,4957,0,0,0.0,0.0,-3.111438274383545,3.7419800758361816
IMG-D22BCB77B8,R1,B,wavelet-HLH,4957,0,0,0.0,0.0,-2.4852240085601807,1.9486124515533447
IMG-D22BCB77B8,R1,B,wavelet-HHL,4957,0,0,0.0,0.0,-2.5174968242645264,2.654649257659912
IMG-D22BCB77B8,R1,B,wavelet-HHH,4957,0,0,0.0,0.0,-1.3745063543319702,1.2695538997650146
IMG-D22BCB77B8,R1,B,wavelet-LLL,4957,0,0,0.0,0.0,-10.431974411010742,13.349310874938965
IMG-D22BCB77B8,R1,B,log-sigma-1-0-mm-3D,4957,0,0,0.0,0.0,-1.6402469873428345,3.0186727046966553
IMG-D22BCB77B8,R1,B,log-sigma-2-0-mm-3D,4957,0,0,0.0,0.0,-2.1601266860961914,2.5939056873321533
IMG-D22BCB77B8,R1,B,log-sigma-3-0-mm-3D,4957,0,0,0.0,0.0,-2.3981006145477295,2.489755630493164
IMG-1D155C70C1,R1,A,wavelet-LLH,4136,0,0,0.0,0.0,-7.106512069702148,4.442261695861816
IMG-1D155C70C1,R1,A,wavelet-LHL,4136,0,0,0.0,0.0,-11.311656951904297,9.354043960571289
IMG-1D155C70C1,R1,A,wavelet-LHH,4136,0,0,0.0,0.0,-2.6257247924804688,4.04118537902832
IMG-1D155C70C1,R1,A,wavelet-HLL,4136,0,0,0.0,0.0,-10.59153938293457,5.996650695800781
IMG-1D155C70C1,R1,A,wavelet-HLH,4136,0,0,0.0,0.0,-3.335798740386963,4.293522834777832
IMG-1D155C70C1,R1,A,wavelet-HHL,4136,0,0,0.0,0.0,-3.7509665489196777,3.7640278339385986
IMG-1D155C70C1,R1,A,wavelet-HHH,4136,0,0,0.0,0.0,-1.7889125347137451,1.9389270544052124
IMG-1D155C70C1,R1,A,wavelet-LLL,4136,0,0,0.0,0.0,-6.9961161613464355,20.603391647338867
IMG-1D155C70C1,R1,A,log-sigma-1-0-mm-3D,4136,0,0,0.0,0.0,-2.021881103515625,3.0911831855773926
IMG-1D155C70C1,R1,A,log-sigma-2-0-mm-3D,4136,0,0,0.0,0.0,-4.1803669929504395,2.0851311683654785
IMG-1D155C70C1,R1,A,log-sigma-3-0-mm-3D,4136,0,0,0.0,0.0,-4.097546577453613,2.1610107421875
IMG-8208486B8D,R1,B,wavelet-LLH,9013,0,0,0.0,0.0,-5.771888256072998,4.681863307952881
IMG-8208486B8D,R1,B,wavelet-LHL,9013,0,0,0.0,0.0,-5.026584625244141,6.543547630310059
IMG-8208486B8D,R1,B,wavelet-LHH,9013,0,0,0.0,0.0,-1.8082808256149292,1.8721482753753662
IMG-8208486B8D,R1,B,wavelet-HLL,9013,0,0,0.0,0.0,-4.090312480926514,8.064109802246094
IMG-8208486B8D,R1,B,wavelet-HLH,9013,0,0,0.0,0.0,-2.3345043659210205,2.706556797027588
IMG-8208486B8D,R1,B,wavelet-HHL,9013,0,0,0.0,0.0,-5.915380954742432,4.324016094207764
IMG-8208486B8D,R1,B,wavelet-HHH,9013,0,0,0.0,0.0,-1.7999975681304932,1.9347633123397827
IMG-8208486B8D,R1,B,wavelet-LLL,9013,0,0,0.0,0.0,-9.481075286865234,12.8310546875
IMG-8208486B8D,R1,B,log-sigma-1-0-mm-3D,9013,0,0,0.0,0.0,-2.482459783554077,3.0434048175811768
IMG-8208486B8D,R1,B,log-sigma-2-0-mm-3D,9013,0,0,0.0,0.0,-1.789196252822876,3.285590648651123
IMG-8208486B8D,R1,B,log-sigma-3-0-mm-3D,9013,0,0,0.0,0.0,-1.541487455368042,3.2122600078582764
IMG-F6EA1B7C4B,R1,A,wavelet-LLH,14709,0,0,0.0,0.0,-8.194929122924805,5.959693908691406
IMG-F6EA1B7C4B,R1,A,wavelet-LHL,14709,0,0,0.0,0.0,-10.493361473083496,7.552994728088379
IMG-F6EA1B7C4B,R1,A,wavelet-LHH,14709,0,0,0.0,0.0,-4.49686861038208,4.900228023529053
IMG-F6EA1B7C4B,R1,A,wavelet-HLL,14709,0,0,0.0,0.0,-7.391361236572266,6.249481678009033
IMG-F6EA1B7C4B,R1,A,wavelet-HLH,14709,0,0,0.0,0.0,-4.237487316131592,3.282959222793579
IMG-F6EA1B7C4B,R1,A,wavelet-HHL,14709,0,0,0.0,0.0,-6.817665100097656,6.577638626098633
IMG-F6EA1B7C4B,R1,A,wavelet-HHH,14709,0,0,0.0,0.0,-3.1711843013763428,2.8721535205841064
IMG-F6EA1B7C4B,R1,A,wavelet-LLL,14709,0,0,0.0,0.0,-9.265811920166016,17.352506637573242
IMG-F6EA1B7C4B,R1,A,log-sigma-1-0-mm-3D,14709,0,0,0.0,0.0,-2.724374771118164,3.453892230987549
IMG-F6EA1B7C4B,R1,A,log-sigma-2-0-mm-3D,14709,0,0,0.0,0.0,-3.363377094268799,3.418384075164795
IMG-F6EA1B7C4B,R1,A,log-sigma-3-0-mm-3D,14709,0,0,0.0,0.0,-3.6489124298095703,3.2876009941101074
IMG-AFA7764774,R1,B,wavelet-LLH,28492,0,0,0.0,0.0,-12.227439880371094,14.352028846740723
IMG-AFA7764774,R1,B,wavelet-LHL,28492,0,0,0.0,0.0,-7.424699783325195,6.195708751678467
IMG-AFA7764774,R1,B,wavelet-LHH,28492,0,0,0.0,0.0,-2.0089666843414307,3.7110323905944824
IMG-AFA7764774,R1,B,wavelet-HLL,28492,0,0,0.0,0.0,-4.949513912200928,6.855399131774902
IMG-AFA7764774,R1,B,wavelet-HLH,28492,0,0,0.0,0.0,-1.971659541130066,2.411663055419922
IMG-AFA7764774,R1,B,wavelet-HHL,28492,0,0,0.0,0.0,-5.067520618438721,2.852092981338501
IMG-AFA7764774,R1,B,wavelet-HHH,28492,0,0,0.0,0.0,-1.5013288259506226,1.4328616857528687
IMG-AFA7764774,R1,B,wavelet-LLL,28492,0,0,0.0,0.0,-10.067940711975098,15.508638381958008
IMG-AFA7764774,R1,B,log-sigma-1-0-mm-3D,28492,0,0,0.0,0.0,-2.8401331901550293,2.4084086418151855
IMG-AFA7764774,R1,B,log-sigma-2-0-mm-3D,28492,0,0,0.0,0.0,-3.012075185775757,2.8597817420959473
IMG-AFA7764774,R1,B,log-sigma-3-0-mm-3D,28492,0,0,0.0,0.0,-2.9156334400177,1.9676262140274048
IMG-65B601FAFB,R1,A,wavelet-LLH,14756,0,0,0.0,0.0,-7.519123077392578,17.326818466186523
IMG-65B601FAFB,R1,A,wavelet-LHL,14756,0,0,0.0,0.0,-7.922363758087158,6.517244338989258
IMG-65B601FAFB,R1,A,wavelet-LHH,14756,0,0,0.0,0.0,-5.222896099090576,5.472801685333252
IMG-65B601FAFB,R1,A,wavelet-HLL,14756,0,0,0.0,0.0,-8.298114776611328,7.342161178588867
IMG-65B601FAFB,R1,A,wavelet-HLH,14756,0,0,0.0,0.0,-3.390758752822876,4.150572299957275
IMG-65B601FAFB,R1,A,wavelet-HHL,14756,0,0,0.0,0.0,-7.085526943206787,5.63589334487915
IMG-65B601FAFB,R1,A,wavelet-HHH,14756,0,0,0.0,0.0,-3.682962417602539,2.429856777191162
IMG-65B601FAFB,R1,A,wavelet-LLL,14756,0,0,0.0,0.0,-6.807450771331787,18.675779342651367
IMG-65B601FAFB,R1,A,log-sigma-1-0-mm-3D,14756,0,0,0.0,0.0,-3.190993309020996,2.965338945388794
IMG-65B601FAFB,R1,A,log-sigma-2-0-mm-3D,14756,0,0,0.0,0.0,-2.9938998222351074,2.7629854679107666
IMG-65B601FAFB,R1,A,log-sigma-3-0-mm-3D,14756,0,0,0.0,0.0,-3.476001739501953,2.6996898651123047
IMG-4BF8F12041,R1,B,wavelet-LLH,15605,0,0,0.0,0.0,-4.695225238800049,5.700623989105225
IMG-4BF8F12041,R1,B,wavelet-LHL,15605,0,0,0.0,0.0,-4.4966654777526855,5.971465587615967
IMG-4BF8F12041,R1,B,wavelet-LHH,15605,0,0,0.0,0.0,-2.745149850845337,1.9502346515655518
IMG-4BF8F12041,R1,B,wavelet-HLL,15605,0,0,0.0,0.0,-3.4035210609436035,4.600872039794922
IMG-4BF8F12041,R1,B,wavelet-HLH,15605,0,0,0.0,0.0,-2.286748170852661,2.244767427444458
IMG-4BF8F12041,R1,B,wavelet-HHL,15605,0,0,0.0,0.0,-3.506340265274048,3.4235637187957764
IMG-4BF8F12041,R1,B,wavelet-HHH,15605,0,0,0.0,0.0,-1.5942139625549316,1.6615495681762695
IMG-4BF8F12041,R1,B,wavelet-LLL,15605,9,0,0.0005767382249279077,0.0,-14.38412094116211,9.262048721313477
IMG-4BF8F12041,R1,B,log-sigma-1-0-mm-3D,15605,0,0,0.0,0.0,-2.8487234115600586,2.38324236869812
IMG-4BF8F12041,R1,B,log-sigma-2-0-mm-3D,15605,0,0,0.0,0.0,-3.3811755180358887,3.344705820083618
IMG-4BF8F12041,R1,B,log-sigma-3-0-mm-3D,15605,0,0,0.0,0.0,-3.617847442626953,3.408254623413086
