影像号,reader,input_status,pipeline_status,structural_state,habitat_present,extractable,status,failure_class,failure_reason,R_high__original_firstorder_10Percentile,R_high__original_firstorder_90Percentile,R_high__original_firstorder_Energy,R_high__original_firstorder_Entropy,R_high__original_firstorder_InterquartileRange,R_high__original_firstorder_Kurtosis,R_high__original_firstorder_Maximum,R_high__original_firstorder_Mean,R_high__original_firstorder_MeanAbsoluteDeviation,R_high__original_firstorder_Median,R_high__original_firstorder_Minimum,R_high__original_firstorder_Range,R_high__original_firstorder_RobustMeanAbsoluteDeviation,R_high__original_firstorder_RootMeanSquared,R_high__original_firstorder_Skewness,R_high__original_firstorder_TotalEnergy,R_high__original_firstorder_Uniformity,R_high__original_firstorder_Variance,R_high__original_glcm_Autocorrelation,R_high__original_glcm_ClusterProminence,R_high__original_glcm_ClusterShade,R_high__original_glcm_ClusterTendency,R_high__original_glcm_Contrast,R_high__original_glcm_Correlation,R_high__original_glcm_DifferenceAverage,R_high__original_glcm_DifferenceEntropy,R_high__original_glcm_DifferenceVariance,R_high__original_glcm_Id,R_high__original_glcm_Idm,R_high__original_glcm_Idmn,R_high__original_glcm_Idn,R_high__original_glcm_Imc1,R_high__original_glcm_Imc2,R_high__original_glcm_InverseVariance,R_high__original_glcm_JointAverage,R_high__original_glcm_JointEnergy,R_high__original_glcm_JointEntropy,R_high__original_glcm_MCC,R_high__original_glcm_MaximumProbability,R_high__original_glcm_SumAverage,R_high__original_glcm_SumEntropy,R_high__original_glcm_SumSquares,R_high__original_gldm_DependenceEntropy,R_high__original_gldm_DependenceNonUniformity,R_high__original_gldm_DependenceNonUniformityNormalized,R_high__original_gldm_DependenceVariance,R_high__original_gldm_GrayLevelNonUniformity,R_high__original_gldm_GrayLevelVariance,R_high__original_gldm_HighGrayLevelEmphasis,R_high__original_gldm_LargeDependenceEmphasis,R_high__original_gldm_LargeDependenceHighGrayLevelEmphasis,R_high__original_gldm_LargeDependenceLowGrayLevelEmphasis,R_high__original_gldm_LowGrayLevelEmphasis,R_high__original_gldm_SmallDependenceEmphasis,R_high__original_gldm_SmallDependenceHighGrayLevelEmphasis,R_high__original_gldm_SmallDependenceLowGrayLevelEmphasis,R_high__original_glrlm_GrayLevelNonUniformity,R_high__original_glrlm_GrayLevelNonUniformityNormalized,R_high__original_glrlm_GrayLevelVariance,R_high__original_glrlm_HighGrayLevelRunEmphasis,R_high__original_glrlm_LongRunEmphasis,R_high__original_glrlm_LongRunHighGrayLevelEmphasis,R_high__original_glrlm_LongRunLowGrayLevelEmphasis,R_high__original_glrlm_LowGrayLevelRunEmphasis,R_high__original_glrlm_RunEntropy,R_high__original_glrlm_RunLengthNonUniformity,R_high__original_glrlm_RunLengthNonUniformityNormalized,R_high__original_glrlm_RunPercentage,R_high__original_glrlm_RunVariance,R_high__original_glrlm_ShortRunEmphasis,R_high__original_glrlm_ShortRunHighGrayLevelEmphasis,R_high__original_glrlm_ShortRunLowGrayLevelEmphasis,R_high__original_glszm_GrayLevelNonUniformity,R_high__original_glszm_GrayLevelNonUniformityNormalized,R_high__original_glszm_GrayLevelVariance,R_high__original_glszm_HighGrayLevelZoneEmphasis,R_high__original_glszm_LargeAreaEmphasis,R_high__original_glszm_LargeAreaHighGrayLevelEmphasis,R_high__original_glszm_LargeAreaLowGrayLevelEmphasis,R_high__original_glszm_LowGrayLevelZoneEmphasis,R_high__original_glszm_SizeZoneNonUniformity,R_high__original_glszm_SizeZoneNonUniformityNormalized,R_high__original_glszm_SmallAreaEmphasis,R_high__original_glszm_SmallAreaHighGrayLevelEmphasis,R_high__original_glszm_SmallAreaLowGrayLevelEmphasis,R_high__original_glszm_ZoneEntropy,R_high__original_glszm_ZonePercentage,R_high__original_glszm_ZoneVariance,R_high__original_ngtdm_Busyness,R_high__original_ngtdm_Coarseness,R_high__original_ngtdm_Complexity,R_high__original_ngtdm_Contrast,R_high__original_ngtdm_Strength,R_high__original_shape_Elongation,R_high__original_shape_Flatness,R_high__original_shape_LeastAxisLength,R_high__original_shape_MajorAxisLength,R_high__original_shape_Maximum2DDiameterColumn,R_high__original_shape_Maximum2DDiameterRow,R_high__original_shape_Maximum2DDiameterSlice,R_high__original_shape_Maximum3DDiameter,R_high__original_shape_MeshVolume,R_high__original_shape_MinorAxisLength,R_high__original_shape_Sphericity,R_high__original_shape_SurfaceArea,R_high__original_shape_SurfaceVolumeRatio,R_high__original_shape_VoxelVolume
IMG-5B9E750116,R2,not_available,not_available,not_available,,0,not_available,reader_input_unavailable,reader_input_missing,,,,,,,,,,,,,,,,,,,,,,,,,,,,,,,,,,,,,,,,,,,,,,,,,,,,,,,,,,,,,,,,,,,,,,,,,,,,,,,,,,,,,,,,,,,,,,,,,,,,,,,,,,,
IMG-81E9925726,R2,not_available,not_available,not_available,,0,not_available,reader_input_unavailable,reader_input_missing,,,,,,,,,,,,,,,,,,,,,,,,,,,,,,,,,,,,,,,,,,,,,,,,,,,,,,,,,,,,,,,,,,,,,,,,,,,,,,,,,,,,,,,,,,,,,,,,,,,,,,,,,,,
IMG-FE253BFCC1,R2,not_available,not_available,not_available,,0,not_available,reader_input_unavailable,reader_input_missing,,,,,,,,,,,,,,,,,,,,,,,,,,,,,,,,,,,,,,,,,,,,,,,,,,,,,,,,,,,,,,,,,,,,,,,,,,,,,,,,,,,,,,,,,,,,,,,,,,,,,,,,,,,
IMG-7F272E52C4,R2,not_available,not_available,not_available,,0,not_available,reader_input_unavailable,reader_input_missing,,,,,,,,,,,,,,,,,,,,,,,,,,,,,,,,,,,,,,,,,,,,,,,,,,,,,,,,,,,,,,,,,,,,,,,,,,,,,,,,,,,,,,,,,,,,,,,,,,,,,,,,,,,
IMG-8EEA8E66A1,R2,not_available,not_available,not_available,,0,not_available,reader_input_unavailable,reader_input_missing,,,,,,,,,,,,,,,,,,,,,,,,,,,,,,,,,,,,,,,,,,,,,,,,,,,,,,,,,,,,,,,,,,,,,,,,,,,,,,,,,,,,,,,,,,,,,,,,,,,,,,,,,,,
IMG-2586B3625A,R2,not_available,not_available,not_available,,0,not_available,reader_input_unavailable,reader_input_missing,,,,,,,,,,,,,,,,,,,,,,,,,,,,,,,,,,,,,,,,,,,,,,,,,,,,,,,,,,,,,,,,,,,,,,,,,,,,,,,,,,,,,,,,,,,,,,,,,,,,,,,,,,,
IMG-9E2C4ABE0B,R2,available,success,dual-habitat,1.0,1,extractable,none,,2.365779399871826,4.061884641647339,12922.398260128617,3.4686474798089058,0.8160597681999207,4.054757880202298,6.279998779296875,3.1319840256670477,0.5317287100112885,3.0389926433563232,0.7372918725013733,5.542706906795502,0.35117917732169457,3.2075744179362724,0.5969892578455047,25844.796520257227,0.11202406791350562,0.47920970956565173,124.25525275226002,1227.1882169821047,49.25649018547286,17.17074298041809,10.733431697188506,0.2282514058133979,2.4533170573317733,2.8259858322475804,4.619460334411614,0.4191157291544133,0.3412027217057535,0.9826467423802517,0.9128240085932209,-0.08861679350584252,0.6672309767018376,0.3505454076325633,11.07409037587392,0.01737658872615538,6.41273081162843,0.46194081060095715,0.04459573019126358,22.148180751747848,3.9709779131198983,6.976043669401649,5.573922880532035,303.359872611465,0.2415285609963893,2.073367580834922,140.70222929936307,7.885902445332469,130.4498407643312,7.8471337579617835,919.0055732484077,0.07734722590092845,0.010899863297259869,0.42982166327252774,61.43993332683391,0.005361923733309618,130.37216760024154,0.1096868046437911,8.108481509890767,131.21186496228557,1.1860230862975827,152.977450325634,0.012779313596969776,0.010968120734698173,3.7835681873165776,1071.517175332307,0.900314070764654,0.9460436060754535,0.06546203008925758,0.9595789610388342,126.45528856696623,0.01057567187227645,57.068006182380216,0.08820402810259693,10.931169659515202,140.4404945904173,7.9629057187017,937.9304482225657,0.07915849012638779,0.012032443586193282,285.7078825347759,0.4415886901619411,0.6905724971035052,101.48312388200931,0.009015242796609103,5.356666381776427,0.5151273885350318,4.194386647205388,0.6271055414575922,0.005420645591755011,376.0289939466977,0.061660609462549934,1.0120103067929764,0.54308626033404,0.4736398078431723,28.539908955350793,60.25656729596659,65.79513659838392,50.28916384272063,46.872166581031856,70.00714249274854,2112.666666666637,32.72451379333291,0.2132426075976012,3733.912415180479,1.7673930649324068,2511.9999999999995
IMG-56F78D7F71,R2,not_available,not_available,not_available,,0,not_available,reader_input_unavailable,reader_input_missing,,,,,,,,,,,,,,,,,,,,,,,,,,,,,,,,,,,,,,,,,,,,,,,,,,,,,,,,,,,,,,,,,,,,,,,,,,,,,,,,,,,,,,,,,,,,,,,,,,,,,,,,,,,
IMG-03F1BA49E0,R2,not_available,not_available,not_available,,0,not_available,reader_input_unavailable,reader_input_missing,,,,,,,,,,,,,,,,,,,,,,,,,,,,,,,,,,,,,,,,,,,,,,,,,,,,,,,,,,,,,,,,,,,,,,,,,,,,,,,,,,,,,,,,,,,,,,,,,,,,,,,,,,,
IMG-2F73457616,R2,not_available,not_available,not_available,,0,not_available,reader_input_unavailable,reader_input_missing,,,,,,,,,,,,,,,,,,,,,,,,,,,,,,,,,,,,,,,,,,,,,,,,,,,,,,,,,,,,,,,,,,,,,,,,,,,,,,,,,,,,,,,,,,,,,,,,,,,,,,,,,,,
IMG-AD2B6907E7,R2,not_available,not_available,not_available,,0,not_available,reader_input_unavailable,reader_input_missing,,,,,,,,,,,,,,,,,,,,,,,,,,,,,,,,,,,,,,,,,,,,,,,,,,,,,,,,,,,,,,,,,,,,,,,,,,,,,,,,,,,,,,,,,,,,,,,,,,,,,,,,,,,
IMG-FF74DF2CB0,R2,not_available,not_available,not_available,,0,not_available,reader_input_unavailable,reader_input_missing,,,,,,,,,,,,,,,,,,,,,,,,,,,,,,,,,,,,,,,,,,,,,,,,,,,,,,,,,,,,,,,,,,,,,,,,,,,,,,,,,,,,,,,,,,,,,,,,,,,,,,,,,,,
IMG-CA8DB0E356,R2,not_available,not_available,not_available,,0,not_available,reader_input_unavailable,reader_input_missing,,,,,,,,,,,,,,,,,,,,,,,,,,,,,,,,,,,,,,,,,,,,,,,,,,,,,,,,,,,,,,,,,,,,,,,,,,,,,,,,,,,,,,,,,,,,,,,,,,,,,,,,,,,
IMG-D0FB6C7AE7,R2,available,success,dual-habitat,1.0,1,extractable,none,,2.356971001625061,4.088603973388672,6795.638078502065,3.4485752764239246,0.8759481310844421,2.9354683430539863,4.967684745788574,3.2325154193318806,0.5244355531504903,3.2603179216384888,1.304618000984192,3.6630667448043823,0.3588658928288577,3.300067520313047,-0.11015408803428209,13591.27615700413,0.10702765450361604,0.4412897024067381,79.55524304722302,959.8150921870804,-14.84909285092376,17.269175126074945,8.880822808342371,0.3142119326391962,2.2967348484996872,2.6997420929834792,3.521724818101148,0.42259544069632365,0.342583765980785,0.9651833027500024,0.8766731194504855,-0.0917041232574914,0.6711284695633266,0.35173009392792987,8.800466218952273,0.015639039140039303,6.4329414770789715,0.4501010861252443,0.04209501967046963,17.60093243790455,4.033484796627988,6.537499483604331,5.84487882668614,109.76923076923077,0.17591222879684418,3.1355091222879685,66.78525641025641,7.25,79.5,13.387820512820513,1140.5064102564102,0.23064693713230808,0.02747615988699091,0.267594549616499,20.247018475718875,0.009980147824321153,59.74452543108578,0.1045944634940983,7.474783667592953,79.0754453471989,1.3006183966296023,104.29405738918392,0.033871081007676655,0.028285652806423017,3.884478780861485,483.3039365711475,0.8443781316852885,0.9153106508875741,0.10252194730658244,0.9349403996927313,73.60254157113957,0.027035259457352193,17.42718446601942,0.08459798284475445,10.688872655292673,75.85922330097087,29.941747572815533,2510.378640776699,0.47341070098844285,0.03903444603014148,63.8252427184466,0.30983127533226507,0.5697632218034376,42.8509782146618,0.023281678676605286,5.568914886057011,0.3301282051282051,20.766141954943915,0.6900989597060567,0.01195107247216444,133.53879410540455,0.1128095926252928,0.7699947138033958,0.5988995286918379,0.43284612397282896,13.659762100160616,31.558009517992314,37.20215047547655,33.06055050963308,39.408120990476064,44.553338819890925,1156.8333333333333,18.90007702677813,0.49988680372381256,1066.0878201927212,0.9215569689030871,1248.0
IMG-37A61CD40F,R2,not_available,not_available,not_available,,0,not_available,reader_input_unavailable,reader_input_missing,,,,,,,,,,,,,,,,,,,,,,,,,,,,,,,,,,,,,,,,,,,,,,,,,,,,,,,,,,,,,,,,,,,,,,,,,,,,,,,,,,,,,,,,,,,,,,,,,,,,,,,,,,,
IMG-F9D06E12D1,R2,not_available,not_available,not_available,,0,not_available,reader_input_unavailable,reader_input_missing,,,,,,,,,,,,,,,,,,,,,,,,,,,,,,,,,,,,,,,,,,,,,,,,,,,,,,,,,,,,,,,,,,,,,,,,,,,,,,,,,,,,,,,,,,,,,,,,,,,,,,,,,,,
IMG-924E797A9E,R2,not_available,not_available,not_available,,0,not_available,reader_input_unavailable,reader_input_missing,,,,,,,,,,,,,,,,,,,,,,,,,,,,,,,,,,,,,,,,,,,,,,,,,,,,,,,,,,,,,,,,,,,,,,,,,,,,,,,,,,,,,,,,,,,,,,,,,,,,,,,,,,,
IMG-A6F90B5698,R2,not_available,not_available,not_available,,0,not_available,reader_input_unavailable,reader_input_missing,,,,,,,,,,,,,,,,,,,,,,,,,,,,,,,,,,,,,,,,,,,,,,,,,,,,,,,,,,,,,,,,,,,,,,,,,,,,,,,,,,,,,,,,,,,,,,,,,,,,,,,,,,,
IMG-38CE1E9C5E,R2,not_available,not_available,not_available,,0,not_available,reader_input_unavailable,reader_input_missing,,,,,,,,,,,,,,,,,,,,,,,,,,,,,,,,,,,,,,,,,,,,,,,,,,,,,,,,,,,,,,,,,,,,,,,,,,,,,,,,,,,,,,,,,,,,,,,,,,,,,,,,,,,
IMG-7692AF5B6E,R2,not_available,not_available,not_available,,0,not_available,reader_input_unavailable,reader_input_missing,,,,,,,,,,,,,,,,,,,,,,,,,,,,,,,,,,,,,,,,,,,,,,,,,,,,,,,,,,,,,,,,,,,,,,,,,,,,,,,,,,,,,,,,,,,,,,,,,,,,,,,,,,,
IMG-185ACED11B,R2,not_available,not_available,not_available,,0,not_available,reader_input_unavailable,reader_input_missing,,,,,,,,,,,,,,,,,,,,,,,,,,,,,,,,,,,,,,,,,,,,,,,,,,,,,,,,,,,,,,,,,,,,,,,,,,,,,,,,,,,,,,,,,,,,,,,,,,,,,,,,,,,
IMG-731AEA47FE,R2,not_available,not_available,not_available,,0,not_available,reader_input_unavailable,reader_input_missing,,,,,,,,,,,,,,,,,,,,,,,,,,,,,,,,,,,,,,,,,,,,,,,,,,,,,,,,,,,,,,,,,,,,,,,,,,,,,,,,,,,,,,,,,,,,,,,,,,,,,,,,,,,
IMG-E26D72CC96,R2,not_available,not_available,not_available,,0,not_available,reader_input_unavailable,reader_input_missing,,,,,,,,,,,,,,,,,,,,,,,,,,,,,,,,,,,,,,,,,,,,,,,,,,,,,,,,,,,,,,,,,,,,,,,,,,,,,,,,,,,,,,,,,,,,,,,,,,,,,,,,,,,
IMG-A3393E0C00,R2,not_available,not_available,not_available,,0,not_available,reader_input_unavailable,reader_input_missing,,,,,,,,,,,,,,,,,,,,,,,,,,,,,,,,,,,,,,,,,,,,,,,,,,,,,,,,,,,,,,,,,,,,,,,,,,,,,,,,,,,,,,,,,,,,,,,,,,,,,,,,,,,
IMG-D06C7EE47C,R2,not_available,not_available,not_available,,0,not_available,reader_input_unavailable,reader_input_missing,,,,,,,,,,,,,,,,,,,,,,,,,,,,,,,,,,,,,,,,,,,,,,,,,,,,,,,,,,,,,,,,,,,,,,,,,,,,,,,,,,,,,,,,,,,,,,,,,,,,,,,,,,,
IMG-2760B2A8FA,R2,not_available,not_available,not_available,,0,not_available,reader_input_unavailable,reader_input_missing,,,,,,,,,,,,,,,,,,,,,,,,,,,,,,,,,,,,,,,,,,,,,,,,,,,,,,,,,,,,,,,,,,,,,,,,,,,,,,,,,,,,,,,,,,,,,,,,,,,,,,,,,,,
IMG-02B7360D27,R2,not_available,not_available,not_available,,0,not_available,reader_input_unavailable,reader_input_missing,,,,,,,,,,,,,,,,,,,,,,,,,,,,,,,,,,,,,,,,,,,,,,,,,,,,,,,,,,,,,,,,,,,,,,,,,,,,,,,,,,,,,,,,,,,,,,,,,,,,,,,,,,,
IMG-C518AF9324,R2,not_available,not_available,not_available,,0,not_available,reader_input_unavailable,reader_input_missing,,,,,,,,,,,,,,,,,,,,,,,,,,,,,,,,,,,,,,,,,,,,,,,,,,,,,,,,,,,,,,,,,,,,,,,,,,,,,,,,,,,,,,,,,,,,,,,,,,,,,,,,,,,
IMG-577B8F64F1,R2,not_available,not_available,not_available,,0,not_available,reader_input_unavailable,reader_input_missing,,,,,,,,,,,,,,,,,,,,,,,,,,,,,,,,,,,,,,,,,,,,,,,,,,,,,,,,,,,,,,,,,,,,,,,,,,,,,,,,,,,,,,,,,,,,,,,,,,,,,,,,,,,
IMG-6C8346139A,R2,not_available,not_available,not_available,,0,not_available,reader_input_unavailable,reader_input_missing,,,,,,,,,,,,,,,,,,,,,,,,,,,,,,,,,,,,,,,,,,,,,,,,,,,,,,,,,,,,,,,,,,,,,,,,,,,,,,,,,,,,,,,,,,,,,,,,,,,,,,,,,,,
IMG-61AAFD85E8,R2,not_available,not_available,not_available,,0,not_available,reader_input_unavailable,reader_input_missing,,,,,,,,,,,,,,,,,,,,,,,,,,,,,,,,,,,,,,,,,,,,,,,,,,,,,,,,,,,,,,,,,,,,,,,,,,,,,,,,,,,,,,,,,,,,,,,,,,,,,,,,,,,
IMG-56DFF2D2FE,R2,not_available,not_available,not_available,,0,not_available,reader_input_unavailable,reader_input_missing,,,,,,,,,,,,,,,,,,,,,,,,,,,,,,,,,,,,,,,,,,,,,,,,,,,,,,,,,,,,,,,,,,,,,,,,,,,,,,,,,,,,,,,,,,,,,,,,,,,,,,,,,,,
IMG-38B5B96114,R2,not_available,not_available,not_available,,0,not_available,reader_input_unavailable,reader_input_missing,,,,,,,,,,,,,,,,,,,,,,,,,,,,,,,,,,,,,,,,,,,,,,,,,,,,,,,,,,,,,,,,,,,,,,,,,,,,,,,,,,,,,,,,,,,,,,,,,,,,,,,,,,,
IMG-1815129EC4,R2,available,success,dual-habitat,1.0,1,extractable,none,,2.424986720085144,3.7927884101867684,48780.198309973464,3.1887364520664745,0.6277296543121338,8.185442034010086,7.521697998046875,3.065853472815513,0.44388940514884334,2.979578733444214,1.3600906133651733,6.161607384681702,0.27161446778094606,3.129103433872751,1.609949949765494,97560.39661994693,0.14129565754258486,0.3918307830992957,68.36747932228708,3039.0637754320333,145.45327536021034,19.119996682882856,7.960448353681442,0.41470450360174155,2.0078644238102155,2.63336007000148,3.872802405670617,0.4735125223542686,0.4070564674261279,0.9889501332227852,0.9324623693253713,-0.06036164019153708,0.5502923421868501,0.3903474228035479,8.09742189338963,0.023430825746432554,6.203535019096102,0.4677743127687951,0.05412907425799226,16.19484378677927,3.924533073984983,6.770111259141074,6.14485155038882,634.8968285828985,0.12743814303149306,6.373393191805232,703.9349658771578,6.394805966271834,67.67523083099157,23.53713368125251,1381.1926936973102,0.46897331968579115,0.021942514717965673,0.2125444460259193,17.648873974742294,0.005518363417630452,591.3778193365756,0.1349837870185026,6.8673289978849175,68.77710323947912,1.4660995018019412,96.50940045022023,0.031573629836037044,0.022178841243080356,3.8236951921655487,3458.007601555177,0.7875216492321927,0.8791186733780071,0.16607900155662134,0.9078194473723623,63.23973136678202,0.020302026883717253,106.65761316872428,0.0877840437602669,13.50683263052719,83.76296296296296,295.2213991769547,17327.9670781893,5.332332664383072,0.02638501255614587,411.91687242798355,0.33902623245101526,0.6020182688951214,53.566614689632125,0.01687666898899963,5.971680408191936,0.24387796065837014,278.40802452200717,2.774417092583248,0.00140797990274711,403.05461730355313,0.031743687300609544,0.5555483273133801,0.5551412605056621,0.43964802106640466,35.542647705271484,80.84341564658858,84.38601779915912,78.81624198095213,70.68238818828917,88.9719056781409,9428.25,44.87951566563036,0.27067878629929726,7973.529962441552,0.8457062511538782,9964.0
IMG-85B5930876,R2,not_available,not_available,not_available,,0,not_available,reader_input_unavailable,reader_input_missing,,,,,,,,,,,,,,,,,,,,,,,,,,,,,,,,,,,,,,,,,,,,,,,,,,,,,,,,,,,,,,,,,,,,,,,,,,,,,,,,,,,,,,,,,,,,,,,,,,,,,,,,,,,
IMG-F07AE3A14A,R2,not_available,not_available,not_available,,0,not_available,reader_input_unavailable,reader_input_missing,,,,,,,,,,,,,,,,,,,,,,,,,,,,,,,,,,,,,,,,,,,,,,,,,,,,,,,,,,,,,,,,,,,,,,,,,,,,,,,,,,,,,,,,,,,,,,,,,,,,,,,,,,,
IMG-0CCEB31762,R2,not_available,not_available,not_available,,0,not_available,reader_input_unavailable,reader_input_missing,,,,,,,,,,,,,,,,,,,,,,,,,,,,,,,,,,,,,,,,,,,,,,,,,,,,,,,,,,,,,,,,,,,,,,,,,,,,,,,,,,,,,,,,,,,,,,,,,,,,,,,,,,,
IMG-8605D71E24,R2,not_available,not_available,not_available,,0,not_available,reader_input_unavailable,reader_input_missing,,,,,,,,,,,,,,,,,,,,,,,,,,,,,,,,,,,,,,,,,,,,,,,,,,,,,,,,,,,,,,,,,,,,,,,,,,,,,,,,,,,,,,,,,,,,,,,,,,,,,,,,,,,
IMG-76EDC743AD,R2,not_available,not_available,not_available,,0,not_available,reader_input_unavailable,reader_input_missing,,,,,,,,,,,,,,,,,,,,,,,,,,,,,,,,,,,,,,,,,,,,,,,,,,,,,,,,,,,,,,,,,,,,,,,,,,,,,,,,,,,,,,,,,,,,,,,,,,,,,,,,,,,
IMG-13AB453ACC,R2,not_available,not_available,not_available,,0,not_available,reader_input_unavailable,reader_input_missing,,,,,,,,,,,,,,,,,,,,,,,,,,,,,,,,,,,,,,,,,,,,,,,,,,,,,,,,,,,,,,,,,,,,,,,,,,,,,,,,,,,,,,,,,,,,,,,,,,,,,,,,,,,
IMG-F990629A43,R2,not_available,not_available,not_available,,0,not_available,reader_input_unavailable,reader_input_missing,,,,,,,,,,,,,,,,,,,,,,,,,,,,,,,,,,,,,,,,,,,,,,,,,,,,,,,,,,,,,,,,,,,,,,,,,,,,,,,,,,,,,,,,,,,,,,,,,,,,,,,,,,,
IMG-EE31B11EBE,R2,not_available,not_available,not_available,,0,not_available,reader_input_unavailable,reader_input_missing,,,,,,,,,,,,,,,,,,,,,,,,,,,,,,,,,,,,,,,,,,,,,,,,,,,,,,,,,,,,,,,,,,,,,,,,,,,,,,,,,,,,,,,,,,,,,,,,,,,,,,,,,,,
IMG-94E4BDAA75,R2,not_available,not_available,not_available,,0,not_available,reader_input_unavailable,reader_input_missing,,,,,,,,,,,,,,,,,,,,,,,,,,,,,,,,,,,,,,,,,,,,,,,,,,,,,,,,,,,,,,,,,,,,,,,,,,,,,,,,,,,,,,,,,,,,,,,,,,,,,,,,,,,
IMG-38EF930E76,R2,not_available,not_available,not_available,,0,not_available,reader_input_unavailable,reader_input_missing,,,,,,,,,,,,,,,,,,,,,,,,,,,,,,,,,,,,,,,,,,,,,,,,,,,,,,,,,,,,,,,,,,,,,,,,,,,,,,,,,,,,,,,,,,,,,,,,,,,,,,,,,,,
IMG-41EAFCF85F,R2,not_available,not_available,not_available,,0,not_available,reader_input_unavailable,reader_input_missing,,,,,,,,,,,,,,,,,,,,,,,,,,,,,,,,,,,,,,,,,,,,,,,,,,,,,,,,,,,,,,,,,,,,,,,,,,,,,,,,,,,,,,,,,,,,,,,,,,,,,,,,,,,
IMG-ABFF501689,R2,not_available,not_available,not_available,,0,not_available,reader_input_unavailable,reader_input_missing,,,,,,,,,,,,,,,,,,,,,,,,,,,,,,,,,,,,,,,,,,,,,,,,,,,,,,,,,,,,,,,,,,,,,,,,,,,,,,,,,,,,,,,,,,,,,,,,,,,,,,,,,,,
IMG-7CBC99386C,R2,not_available,not_available,not_available,,0,not_available,reader_input_unavailable,reader_input_missing,,,,,,,,,,,,,,,,,,,,,,,,,,,,,,,,,,,,,,,,,,,,,,,,,,,,,,,,,,,,,,,,,,,,,,,,,,,,,,,,,,,,,,,,,,,,,,,,,,,,,,,,,,,
IMG-0E260E9467,R2,not_available,not_available,not_available,,0,not_available,reader_input_unavailable,reader_input_missing,,,,,,,,,,,,,,,,,,,,,,,,,,,,,,,,,,,,,,,,,,,,,,,,,,,,,,,,,,,,,,,,,,,,,,,,,,,,,,,,,,,,,,,,,,,,,,,,,,,,,,,,,,,
IMG-2D81B46B15,R2,not_available,not_available,not_available,,0,not_available,reader_input_unavailable,reader_input_missing,,,,,,,,,,,,,,,,,,,,,,,,,,,,,,,,,,,,,,,,,,,,,,,,,,,,,,,,,,,,,,,,,,,,,,,,,,,,,,,,,,,,,,,,,,,,,,,,,,,,,,,,,,,
IMG-9E4E3CF0DC,R2,not_available,not_available,not_available,,0,not_available,reader_input_unavailable,reader_input_missing,,,,,,,,,,,,,,,,,,,,,,,,,,,,,,,,,,,,,,,,,,,,,,,,,,,,,,,,,,,,,,,,,,,,,,,,,,,,,,,,,,,,,,,,,,,,,,,,,,,,,,,,,,,
IMG-D9B504042D,R2,not_available,not_available,not_available,,0,not_available,reader_input_unavailable,reader_input_missing,,,,,,,,,,,,,,,,,,,,,,,,,,,,,,,,,,,,,,,,,,,,,,,,,,,,,,,,,,,,,,,,,,,,,,,,,,,,,,,,,,,,,,,,,,,,,,,,,,,,,,,,,,,
IMG-6827311D79,R2,not_available,not_available,not_available,,0,not_available,reader_input_unavailable,reader_input_missing,,,,,,,,,,,,,,,,,,,,,,,,,,,,,,,,,,,,,,,,,,,,,,,,,,,,,,,,,,,,,,,,,,,,,,,,,,,,,,,,,,,,,,,,,,,,,,,,,,,,,,,,,,,
IMG-BDD045A536,R2,not_available,not_available,not_available,,0,not_available,reader_input_unavailable,reader_input_missing,,,,,,,,,,,,,,,,,,,,,,,,,,,,,,,,,,,,,,,,,,,,,,,,,,,,,,,,,,,,,,,,,,,,,,,,,,,,,,,,,,,,,,,,,,,,,,,,,,,,,,,,,,,
IMG-C67D2F1ADF,R2,not_available,not_available,not_available,,0,not_available,reader_input_unavailable,reader_input_missing,,,,,,,,,,,,,,,,,,,,,,,,,,,,,,,,,,,,,,,,,,,,,,,,,,,,,,,,,,,,,,,,,,,,,,,,,,,,,,,,,,,,,,,,,,,,,,,,,,,,,,,,,,,
IMG-E025660C70,R2,not_available,not_available,not_available,,0,not_available,reader_input_unavailable,reader_input_missing,,,,,,,,,,,,,,,,,,,,,,,,,,,,,,,,,,,,,,,,,,,,,,,,,,,,,,,,,,,,,,,,,,,,,,,,,,,,,,,,,,,,,,,,,,,,,,,,,,,,,,,,,,,
IMG-ECA2952C4C,R2,not_available,not_available,not_available,,0,not_available,reader_input_unavailable,reader_input_missing,,,,,,,,,,,,,,,,,,,,,,,,,,,,,,,,,,,,,,,,,,,,,,,,,,,,,,,,,,,,,,,,,,,,,,,,,,,,,,,,,,,,,,,,,,,,,,,,,,,,,,,,,,,
IMG-4285B9C1CD,R2,not_available,not_available,not_available,,0,not_available,reader_input_unavailable,reader_input_missing,,,,,,,,,,,,,,,,,,,,,,,,,,,,,,,,,,,,,,,,,,,,,,,,,,,,,,,,,,,,,,,,,,,,,,,,,,,,,,,,,,,,,,,,,,,,,,,,,,,,,,,,,,,
IMG-AD73EFA971,R2,available,success,dual-habitat,1.0,1,extractable,none,,2.2251813411712646,4.202655792236328,4034.164492017405,3.628085255314401,0.8797526359558105,8.71283583891919,7.920568466186523,3.1743065916748874,0.6508306386055613,3.0180153846740723,1.5017198324203491,6.418848633766174,0.40126212013483525,3.306462626481384,1.8238188877802943,8068.328984034808,0.1014020167301944,0.8564727623675308,67.1389932814267,13264.051352594366,465.0105006490894,47.990993962677265,28.19970491644561,0.2811540016310334,3.70111038602578,3.259904842040635,13.775010816831575,0.35549264203660663,0.26847011907191093,0.965898625420729,0.887172381741297,-0.2232498339274382,0.8981739461289558,0.26504727480983914,7.878460731221732,0.012301489420547653,6.70832789123829,0.6323897414566824,0.03222375941701343,15.756921462443469,4.419223639981772,19.04767471978072,5.519317506702423,94.15447154471545,0.2551611694978738,1.502030684263482,37.417344173441734,13.807756993559094,66.36043360433604,6.696476964769648,360.8319783197832,0.24149187689464444,0.04695434859898857,0.4333724781692261,35.23639566395664,0.024915461331113213,35.16771147243174,0.10024673560467329,14.11129538224006,67.04514310967642,1.1640052711007542,75.82452744486605,0.05331327576594461,0.047539166447579426,3.8965809837657166,318.7836971649883,0.9075271161756354,0.9508025849489266,0.05565802525611993,0.9627309200061239,65.07022102534364,0.0461752184633825,16.53846153846154,0.08481262327416174,18.216857330703487,77.23076923076923,6.661538461538462,367.33846153846156,0.23846321143833382,0.05572805549337272,83.43076923076923,0.4278500986193294,0.677936998901736,58.85477335341298,0.0413113810877615,5.2509085780845375,0.5284552845528455,3.0807100591715977,0.40357955682542995,0.01527886548054367,558.583997884432,0.1323379406368417,5.005874793240815,0.6692868735790143,0.4637135084046358,18.61085937385042,40.134391249199076,37.215588131856784,44.40720662234903,38.288379438153285,45.48626166217663,637.7500000000008,26.8614212421734,0.3763308994962308,952.0970601583541,1.4929001335293657,737.9999999999999
IMG-2348AD09B4,R2,not_available,not_available,not_available,,0,not_available,reader_input_unavailable,reader_input_missing,,,,,,,,,,,,,,,,,,,,,,,,,,,,,,,,,,,,,,,,,,,,,,,,,,,,,,,,,,,,,,,,,,,,,,,,,,,,,,,,,,,,,,,,,,,,,,,,,,,,,,,,,,,
IMG-FF80C5A277,R2,not_available,not_available,not_available,,0,not_available,reader_input_unavailable,reader_input_missing,,,,,,,,,,,,,,,,,,,,,,,,,,,,,,,,,,,,,,,,,,,,,,,,,,,,,,,,,,,,,,,,,,,,,,,,,,,,,,,,,,,,,,,,,,,,,,,,,,,,,,,,,,,
IMG-922C9D652E,R2,not_available,not_available,not_available,,0,not_available,reader_input_unavailable,reader_input_missing,,,,,,,,,,,,,,,,,,,,,,,,,,,,,,,,,,,,,,,,,,,,,,,,,,,,,,,,,,,,,,,,,,,,,,,,,,,,,,,,,,,,,,,,,,,,,,,,,,,,,,,,,,,
IMG-4C76CFDF5A,R2,not_available,not_available,not_available,,0,not_available,reader_input_unavailable,reader_input_missing,,,,,,,,,,,,,,,,,,,,,,,,,,,,,,,,,,,,,,,,,,,,,,,,,,,,,,,,,,,,,,,,,,,,,,,,,,,,,,,,,,,,,,,,,,,,,,,,,,,,,,,,,,,
IMG-3AA422094F,R2,not_available,not_available,not_available,,0,not_available,reader_input_unavailable,reader_input_missing,,,,,,,,,,,,,,,,,,,,,,,,,,,,,,,,,,,,,,,,,,,,,,,,,,,,,,,,,,,,,,,,,,,,,,,,,,,,,,,,,,,,,,,,,,,,,,,,,,,,,,,,,,,
IMG-3277CEE26B,R2,not_available,not_available,not_available,,0,not_available,reader_input_unavailable,reader_input_missing,,,,,,,,,,,,,,,,,,,,,,,,,,,,,,,,,,,,,,,,,,,,,,,,,,,,,,,,,,,,,,,,,,,,,,,,,,,,,,,,,,,,,,,,,,,,,,,,,,,,,,,,,,,
IMG-FCB482DFC1,R2,not_available,not_available,not_available,,0,not_available,reader_input_unavailable,reader_input_missing,,,,,,,,,,,,,,,,,,,,,,,,,,,,,,,,,,,,,,,,,,,,,,,,,,,,,,,,,,,,,,,,,,,,,,,,,,,,,,,,,,,,,,,,,,,,,,,,,,,,,,,,,,,
IMG-0CBFC07908,R2,not_available,not_available,not_available,,0,not_available,reader_input_unavailable,reader_input_missing,,,,,,,,,,,,,,,,,,,,,,,,,,,,,,,,,,,,,,,,,,,,,,,,,,,,,,,,,,,,,,,,,,,,,,,,,,,,,,,,,,,,,,,,,,,,,,,,,,,,,,,,,,,
IMG-B98B3A15DF,R2,not_available,not_available,not_available,,0,not_available,reader_input_unavailable,reader_input_missing,,,,,,,,,,,,,,,,,,,,,,,,,,,,,,,,,,,,,,,,,,,,,,,,,,,,,,,,,,,,,,,,,,,,,,,,,,,,,,,,,,,,,,,,,,,,,,,,,,,,,,,,,,,
IMG-1EA2F09A23,R2,not_available,not_available,not_available,,0,not_available,reader_input_unavailable,reader_input_missing,,,,,,,,,,,,,,,,,,,,,,,,,,,,,,,,,,,,,,,,,,,,,,,,,,,,,,,,,,,,,,,,,,,,,,,,,,,,,,,,,,,,,,,,,,,,,,,,,,,,,,,,,,,
IMG-0E703C00C4,R2,not_available,not_available,not_available,,0,not_available,reader_input_unavailable,reader_input_missing,,,,,,,,,,,,,,,,,,,,,,,,,,,,,,,,,,,,,,,,,,,,,,,,,,,,,,,,,,,,,,,,,,,,,,,,,,,,,,,,,,,,,,,,,,,,,,,,,,,,,,,,,,,
IMG-2038F1FF32,R2,not_available,not_available,not_available,,0,not_available,reader_input_unavailable,reader_input_missing,,,,,,,,,,,,,,,,,,,,,,,,,,,,,,,,,,,,,,,,,,,,,,,,,,,,,,,,,,,,,,,,,,,,,,,,,,,,,,,,,,,,,,,,,,,,,,,,,,,,,,,,,,,
IMG-D122DA15EE,R2,not_available,not_available,not_available,,0,not_available,reader_input_unavailable,reader_input_missing,,,,,,,,,,,,,,,,,,,,,,,,,,,,,,,,,,,,,,,,,,,,,,,,,,,,,,,,,,,,,,,,,,,,,,,,,,,,,,,,,,,,,,,,,,,,,,,,,,,,,,,,,,,
IMG-79A4F0ADA9,R2,not_available,not_available,not_available,,0,not_available,reader_input_unavailable,reader_input_missing,,,,,,,,,,,,,,,,,,,,,,,,,,,,,,,,,,,,,,,,,,,,,,,,,,,,,,,,,,,,,,,,,,,,,,,,,,,,,,,,,,,,,,,,,,,,,,,,,,,,,,,,,,,
IMG-455A5A01E4,R2,not_available,not_available,not_available,,0,not_available,reader_input_unavailable,reader_input_missing,,,,,,,,,,,,,,,,,,,,,,,,,,,,,,,,,,,,,,,,,,,,,,,,,,,,,,,,,,,,,,,,,,,,,,,,,,,,,,,,,,,,,,,,,,,,,,,,,,,,,,,,,,,
IMG-24923A3FA1,R2,not_available,not_available,not_available,,0,not_available,reader_input_unavailable,reader_input_missing,,,,,,,,,,,,,,,,,,,,,,,,,,,,,,,,,,,,,,,,,,,,,,,,,,,,,,,,,,,,,,,,,,,,,,,,,,,,,,,,,,,,,,,,,,,,,,,,,,,,,,,,,,,
IMG-76AA075229,R2,not_available,not_available,not_available,,0,not_available,reader_input_unavailable,reader_input_missing,,,,,,,,,,,,,,,,,,,,,,,,,,,,,,,,,,,,,,,,,,,,,,,,,,,,,,,,,,,,,,,,,,,,,,,,,,,,,,,,,,,,,,,,,,,,,,,,,,,,,,,,,,,
IMG-94B3FD2C28,R2,not_available,not_available,not_available,,0,not_available,reader_input_unavailable,reader_input_missing,,,,,,,,,,,,,,,,,,,,,,,,,,,,,,,,,,,,,,,,,,,,,,,,,,,,,,,,,,,,,,,,,,,,,,,,,,,,,,,,,,,,,,,,,,,,,,,,,,,,,,,,,,,
IMG-FC78791CB1,R2,not_available,not_available,not_available,,0,not_available,reader_input_unavailable,reader_input_missing,,,,,,,,,,,,,,,,,,,,,,,,,,,,,,,,,,,,,,,,,,,,,,,,,,,,,,,,,,,,,,,,,,,,,,,,,,,,,,,,,,,,,,,,,,,,,,,,,,,,,,,,,,,
IMG-833E2B96C5,R2,not_available,not_available,not_available,,0,not_available,reader_input_unavailable,reader_input_missing,,,,,,,,,,,,,,,,,,,,,,,,,,,,,,,,,,,,,,,,,,,,,,,,,,,,,,,,,,,,,,,,,,,,,,,,,,,,,,,,,,,,,,,,,,,,,,,,,,,,,,,,,,,
IMG-23C5F88703,R2,not_available,not_available,not_available,,0,not_available,reader_input_unavailable,reader_input_missing,,,,,,,,,,,,,,,,,,,,,,,,,,,,,,,,,,,,,,,,,,,,,,,,,,,,,,,,,,,,,,,,,,,,,,,,,,,,,,,,,,,,,,,,,,,,,,,,,,,,,,,,,,,
IMG-BE4E03A7EC,R2,not_available,not_available,not_available,,0,not_available,reader_input_unavailable,reader_input_missing,,,,,,,,,,,,,,,,,,,,,,,,,,,,,,,,,,,,,,,,,,,,,,,,,,,,,,,,,,,,,,,,,,,,,,,,,,,,,,,,,,,,,,,,,,,,,,,,,,,,,,,,,,,
IMG-CF55BF6E7E,R2,not_available,not_available,not_available,,0,not_available,reader_input_unavailable,reader_input_missing,,,,,,,,,,,,,,,,,,,,,,,,,,,,,,,,,,,,,,,,,,,,,,,,,,,,,,,,,,,,,,,,,,,,,,,,,,,,,,,,,,,,,,,,,,,,,,,,,,,,,,,,,,,
IMG-2993B54556,R2,not_available,not_available,not_available,,0,not_available,reader_input_unavailable,reader_input_missing,,,,,,,,,,,,,,,,,,,,,,,,,,,,,,,,,,,,,,,,,,,,,,,,,,,,,,,,,,,,,,,,,,,,,,,,,,,,,,,,,,,,,,,,,,,,,,,,,,,,,,,,,,,
IMG-4C2D1F3E83,R2,not_available,not_available,not_available,,0,not_available,reader_input_unavailable,reader_input_missing,,,,,,,,,,,,,,,,,,,,,,,,,,,,,,,,,,,,,,,,,,,,,,,,,,,,,,,,,,,,,,,,,,,,,,,,,,,,,,,,,,,,,,,,,,,,,,,,,,,,,,,,,,,
IMG-64F9D9EAFD,R2,not_available,not_available,not_available,,0,not_available,reader_input_unavailable,reader_input_missing,,,,,,,,,,,,,,,,,,,,,,,,,,,,,,,,,,,,,,,,,,,,,,,,,,,,,,,,,,,,,,,,,,,,,,,,,,,,,,,,,,,,,,,,,,,,,,,,,,,,,,,,,,,
IMG-99018A3BBF,R2,not_available,not_available,not_available,,0,not_available,reader_input_unavailable,reader_input_missing,,,,,,,,,,,,,,,,,,,,,,,,,,,,,,,,,,,,,,,,,,,,,,,,,,,,,,,,,,,,,,,,,,,,,,,,,,,,,,,,,,,,,,,,,,,,,,,,,,,,,,,,,,,
IMG-50E116010A,R2,not_available,not_available,not_available,,0,not_available,reader_input_unavailable,reader_input_missing,,,,,,,,,,,,,,,,,,,,,,,,,,,,,,,,,,,,,,,,,,,,,,,,,,,,,,,,,,,,,,,,,,,,,,,,,,,,,,,,,,,,,,,,,,,,,,,,,,,,,,,,,,,
IMG-B58B195A92,R2,not_available,not_available,not_available,,0,not_available,reader_input_unavailable,reader_input_missing,,,,,,,,,,,,,,,,,,,,,,,,,,,,,,,,,,,,,,,,,,,,,,,,,,,,,,,,,,,,,,,,,,,,,,,,,,,,,,,,,,,,,,,,,,,,,,,,,,,,,,,,,,,
IMG-1B12ABD1BD,R2,not_available,not_available,not_available,,0,not_available,reader_input_unavailable,reader_input_missing,,,,,,,,,,,,,,,,,,,,,,,,,,,,,,,,,,,,,,,,,,,,,,,,,,,,,,,,,,,,,,,,,,,,,,,,,,,,,,,,,,,,,,,,,,,,,,,,,,,,,,,,,,,
IMG-E32C034F3E,R2,not_available,not_available,not_available,,0,not_available,reader_input_unavailable,reader_input_missing,,,,,,,,,,,,,,,,,,,,,,,,,,,,,,,,,,,,,,,,,,,,,,,,,,,,,,,,,,,,,,,,,,,,,,,,,,,,,,,,,,,,,,,,,,,,,,,,,,,,,,,,,,,
IMG-3764EDD622,R2,not_available,not_available,not_available,,0,not_available,reader_input_unavailable,reader_input_missing,,,,,,,,,,,,,,,,,,,,,,,,,,,,,,,,,,,,,,,,,,,,,,,,,,,,,,,,,,,,,,,,,,,,,,,,,,,,,,,,,,,,,,,,,,,,,,,,,,,,,,,,,,,
IMG-64AB7DEE94,R2,not_available,not_available,not_available,,0,not_available,reader_input_unavailable,reader_input_missing,,,,,,,,,,,,,,,,,,,,,,,,,,,,,,,,,,,,,,,,,,,,,,,,,,,,,,,,,,,,,,,,,,,,,,,,,,,,,,,,,,,,,,,,,,,,,,,,,,,,,,,,,,,
IMG-D41184EA72,R2,not_available,not_available,not_available,,0,not_available,reader_input_unavailable,reader_input_missing,,,,,,,,,,,,,,,,,,,,,,,,,,,,,,,,,,,,,,,,,,,,,,,,,,,,,,,,,,,,,,,,,,,,,,,,,,,,,,,,,,,,,,,,,,,,,,,,,,,,,,,,,,,
IMG-7A55781B9B,R2,not_available,not_available,not_available,,0,not_available,reader_input_unavailable,reader_input_missing,,,,,,,,,,,,,,,,,,,,,,,,,,,,,,,,,,,,,,,,,,,,,,,,,,,,,,,,,,,,,,,,,,,,,,,,,,,,,,,,,,,,,,,,,,,,,,,,,,,,,,,,,,,
IMG-1956F93A94,R2,not_available,not_available,not_available,,0,not_available,reader_input_unavailable,reader_input_missing,,,,,,,,,,,,,,,,,,,,,,,,,,,,,,,,,,,,,,,,,,,,,,,,,,,,,,,,,,,,,,,,,,,,,,,,,,,,,,,,,,,,,,,,,,,,,,,,,,,,,,,,,,,
IMG-A22BE3ED59,R2,not_available,not_available,not_available,,0,not_available,reader_input_unavailable,reader_input_missing,,,,,,,,,,,,,,,,,,,,,,,,,,,,,,,,,,,,,,,,,,,,,,,,,,,,,,,,,,,,,,,,,,,,,,,,,,,,,,,,,,,,,,,,,,,,,,,,,,,,,,,,,,,
IMG-18C4D92767,R2,not_available,not_available,not_available,,0,not_available,reader_input_unavailable,reader_input_missing,,,,,,,,,,,,,,,,,,,,,,,,,,,,,,,,,,,,,,,,,,,,,,,,,,,,,,,,,,,,,,,,,,,,,,,,,,,,,,,,,,,,,,,,,,,,,,,,,,,,,,,,,,,
IMG-6816D8B955,R2,not_available,not_available,not_available,,0,not_available,reader_input_unavailable,reader_input_missing,,,,,,,,,,,,,,,,,,,,,,,,,,,,,,,,,,,,,,,,,,,,,,,,,,,,,,,,,,,,,,,,,,,,,,,,,,,,,,,,,,,,,,,,,,,,,,,,,,,,,,,,,,,
IMG-492B7B6733,R2,not_available,not_available,not_available,,0,not_available,reader_input_unavailable,reader_input_missing,,,,,,,,,,,,,,,,,,,,,,,,,,,,,,,,,,,,,,,,,,,,,,,,,,,,,,,,,,,,,,,,,,,,,,,,,,,,,,,,,,,,,,,,,,,,,,,,,,,,,,,,,,,
IMG-1C08E2D087,R2,not_available,not_available,not_available,,0,not_available,reader_input_unavailable,reader_input_missing,,,,,,,,,,,,,,,,,,,,,,,,,,,,,,,,,,,,,,,,,,,,,,,,,,,,,,,,,,,,,,,,,,,,,,,,,,,,,,,,,,,,,,,,,,,,,,,,,,,,,,,,,,,
IMG-DE81D2274C,R2,not_available,not_available,not_available,,0,not_available,reader_input_unavailable,reader_input_missing,,,,,,,,,,,,,,,,,,,,,,,,,,,,,,,,,,,,,,,,,,,,,,,,,,,,,,,,,,,,,,,,,,,,,,,,,,,,,,,,,,,,,,,,,,,,,,,,,,,,,,,,,,,
IMG-E93A5C05AD,R2,not_available,not_available,not_available,,0,not_available,reader_input_unavailable,reader_input_missing,,,,,,,,,,,,,,,,,,,,,,,,,,,,,,,,,,,,,,,,,,,,,,,,,,,,,,,,,,,,,,,,,,,,,,,,,,,,,,,,,,,,,,,,,,,,,,,,,,,,,,,,,,,
IMG-5162797D54,R2,not_available,not_available,not_available,,0,not_available,reader_input_unavailable,reader_input_missing,,,,,,,,,,,,,,,,,,,,,,,,,,,,,,,,,,,,,,,,,,,,,,,,,,,,,,,,,,,,,,,,,,,,,,,,,,,,,,,,,,,,,,,,,,,,,,,,,,,,,,,,,,,
IMG-91927D1621,R2,not_available,not_available,not_available,,0,not_available,reader_input_unavailable,reader_input_missing,,,,,,,,,,,,,,,,,,,,,,,,,,,,,,,,,,,,,,,,,,,,,,,,,,,,,,,,,,,,,,,,,,,,,,,,,,,,,,,,,,,,,,,,,,,,,,,,,,,,,,,,,,,
IMG-114C90DEA1,R2,not_available,not_available,not_available,,0,not_available,reader_input_unavailable,reader_input_missing,,,,,,,,,,,,,,,,,,,,,,,,,,,,,,,,,,,,,,,,,,,,,,,,,,,,,,,,,,,,,,,,,,,,,,,,,,,,,,,,,,,,,,,,,,,,,,,,,,,,,,,,,,,
IMG-FD6A3F9B5F,R2,not_available,not_available,not_available,,0,not_available,reader_input_unavailable,reader_input_missing,,,,,,,,,,,,,,,,,,,,,,,,,,,,,,,,,,,,,,,,,,,,,,,,,,,,,,,,,,,,,,,,,,,,,,,,,,,,,,,,,,,,,,,,,,,,,,,,,,,,,,,,,,,
IMG-54236152F7,R2,not_available,not_available,not_available,,0,not_available,reader_input_unavailable,reader_input_missing,,,,,,,,,,,,,,,,,,,,,,,,,,,,,,,,,,,,,,,,,,,,,,,,,,,,,,,,,,,,,,,,,,,,,,,,,,,,,,,,,,,,,,,,,,,,,,,,,,,,,,,,,,,
IMG-CFAF88B4CD,R2,not_available,not_available,not_available,,0,not_available,reader_input_unavailable,reader_input_missing,,,,,,,,,,,,,,,,,,,,,,,,,,,,,,,,,,,,,,,,,,,,,,,,,,,,,,,,,,,,,,,,,,,,,,,,,,,,,,,,,,,,,,,,,,,,,,,,,,,,,,,,,,,
IMG-2598452A2C,R2,not_available,not_available,not_available,,0,not_available,reader_input_unavailable,reader_input_missing,,,,,,,,,,,,,,,,,,,,,,,,,,,,,,,,,,,,,,,,,,,,,,,,,,,,,,,,,,,,,,,,,,,,,,,,,,,,,,,,,,,,,,,,,,,,,,,,,,,,,,,,,,,
IMG-A7D59529BB,R2,not_available,not_available,not_available,,0,not_available,reader_input_unavailable,reader_input_missing,,,,,,,,,,,,,,,,,,,,,,,,,,,,,,,,,,,,,,,,,,,,,,,,,,,,,,,,,,,,,,,,,,,,,,,,,,,,,,,,,,,,,,,,,,,,,,,,,,,,,,,,,,,
IMG-70906056DC,R2,not_available,not_available,not_available,,0,not_available,reader_input_unavailable,reader_input_missing,,,,,,,,,,,,,,,,,,,,,,,,,,,,,,,,,,,,,,,,,,,,,,,,,,,,,,,,,,,,,,,,,,,,,,,,,,,,,,,,,,,,,,,,,,,,,,,,,,,,,,,,,,,
IMG-D085D2AAE2,R2,not_available,not_available,not_available,,0,not_available,reader_input_unavailable,reader_input_missing,,,,,,,,,,,,,,,,,,,,,,,,,,,,,,,,,,,,,,,,,,,,,,,,,,,,,,,,,,,,,,,,,,,,,,,,,,,,,,,,,,,,,,,,,,,,,,,,,,,,,,,,,,,
IMG-EC1E7A94F3,R2,not_available,not_available,not_available,,0,not_available,reader_input_unavailable,reader_input_missing,,,,,,,,,,,,,,,,,,,,,,,,,,,,,,,,,,,,,,,,,,,,,,,,,,,,,,,,,,,,,,,,,,,,,,,,,,,,,,,,,,,,,,,,,,,,,,,,,,,,,,,,,,,
IMG-63FD509047,R2,not_available,not_available,not_available,,0,not_available,reader_input_unavailable,reader_input_missing,,,,,,,,,,,,,,,,,,,,,,,,,,,,,,,,,,,,,,,,,,,,,,,,,,,,,,,,,,,,,,,,,,,,,,,,,,,,,,,,,,,,,,,,,,,,,,,,,,,,,,,,,,,
IMG-83994CA207,R2,not_available,not_available,not_available,,0,not_available,reader_input_unavailable,reader_input_missing,,,,,,,,,,,,,,,,,,,,,,,,,,,,,,,,,,,,,,,,,,,,,,,,,,,,,,,,,,,,,,,,,,,,,,,,,,,,,,,,,,,,,,,,,,,,,,,,,,,,,,,,,,,
IMG-BB361E6F33,R2,not_available,not_available,not_available,,0,not_available,reader_input_unavailable,reader_input_missing,,,,,,,,,,,,,,,,,,,,,,,,,,,,,,,,,,,,,,,,,,,,,,,,,,,,,,,,,,,,,,,,,,,,,,,,,,,,,,,,,,,,,,,,,,,,,,,,,,,,,,,,,,,
IMG-29CE8C38A1,R2,not_available,not_available,not_available,,0,not_available,reader_input_unavailable,reader_input_missing,,,,,,,,,,,,,,,,,,,,,,,,,,,,,,,,,,,,,,,,,,,,,,,,,,,,,,,,,,,,,,,,,,,,,,,,,,,,,,,,,,,,,,,,,,,,,,,,,,,,,,,,,,,
IMG-36EEC399FC,R2,not_available,not_available,not_available,,0,not_available,reader_input_unavailable,reader_input_missing,,,,,,,,,,,,,,,,,,,,,,,,,,,,,,,,,,,,,,,,,,,,,,,,,,,,,,,,,,,,,,,,,,,,,,,,,,,,,,,,,,,,,,,,,,,,,,,,,,,,,,,,,,,
IMG-E740D52D51,R2,not_available,not_available,not_available,,0,not_available,reader_input_unavailable,reader_input_missing,,,,,,,,,,,,,,,,,,,,,,,,,,,,,,,,,,,,,,,,,,,,,,,,,,,,,,,,,,,,,,,,,,,,,,,,,,,,,,,,,,,,,,,,,,,,,,,,,,,,,,,,,,,
IMG-D032350B9E,R2,not_available,not_available,not_available,,0,not_available,reader_input_unavailable,reader_input_missing,,,,,,,,,,,,,,,,,,,,,,,,,,,,,,,,,,,,,,,,,,,,,,,,,,,,,,,,,,,,,,,,,,,,,,,,,,,,,,,,,,,,,,,,,,,,,,,,,,,,,,,,,,,
IMG-1D343A7BA2,R2,not_available,not_available,not_available,,0,not_available,reader_input_unavailable,reader_input_missing,,,,,,,,,,,,,,,,,,,,,,,,,,,,,,,,,,,,,,,,,,,,,,,,,,,,,,,,,,,,,,,,,,,,,,,,,,,,,,,,,,,,,,,,,,,,,,,,,,,,,,,,,,,
IMG-A83F2A8C19,R2,not_available,not_available,not_available,,0,not_available,reader_input_unavailable,reader_input_missing,,,,,,,,,,,,,,,,,,,,,,,,,,,,,,,,,,,,,,,,,,,,,,,,,,,,,,,,,,,,,,,,,,,,,,,,,,,,,,,,,,,,,,,,,,,,,,,,,,,,,,,,,,,
IMG-AD61D63F8E,R2,not_available,not_available,not_available,,0,not_available,reader_input_unavailable,reader_input_missing,,,,,,,,,,,,,,,,,,,,,,,,,,,,,,,,,,,,,,,,,,,,,,,,,,,,,,,,,,,,,,,,,,,,,,,,,,,,,,,,,,,,,,,,,,,,,,,,,,,,,,,,,,,
IMG-1DA75142BB,R2,not_available,not_available,not_available,,0,not_available,reader_input_unavailable,reader_input_missing,,,,,,,,,,,,,,,,,,,,,,,,,,,,,,,,,,,,,,,,,,,,,,,,,,,,,,,,,,,,,,,,,,,,,,,,,,,,,,,,,,,,,,,,,,,,,,,,,,,,,,,,,,,
IMG-AC72589A50,R2,not_available,not_available,not_available,,0,not_available,reader_input_unavailable,reader_input_missing,,,,,,,,,,,,,,,,,,,,,,,,,,,,,,,,,,,,,,,,,,,,,,,,,,,,,,,,,,,,,,,,,,,,,,,,,,,,,,,,,,,,,,,,,,,,,,,,,,,,,,,,,,,
IMG-B1528A6D99,R2,not_available,not_available,not_available,,0,not_available,reader_input_unavailable,reader_input_missing,,,,,,,,,,,,,,,,,,,,,,,,,,,,,,,,,,,,,,,,,,,,,,,,,,,,,,,,,,,,,,,,,,,,,,,,,,,,,,,,,,,,,,,,,,,,,,,,,,,,,,,,,,,
IMG-ECE007F92E,R2,not_available,not_available,not_available,,0,not_available,reader_input_unavailable,reader_input_missing,,,,,,,,,,,,,,,,,,,,,,,,,,,,,,,,,,,,,,,,,,,,,,,,,,,,,,,,,,,,,,,,,,,,,,,,,,,,,,,,,,,,,,,,,,,,,,,,,,,,,,,,,,,
IMG-E4848F18F3,R2,not_available,not_available,not_available,,0,not_available,reader_input_unavailable,reader_input_missing,,,,,,,,,,,,,,,,,,,,,,,,,,,,,,,,,,,,,,,,,,,,,,,,,,,,,,,,,,,,,,,,,,,,,,,,,,,,,,,,,,,,,,,,,,,,,,,,,,,,,,,,,,,
IMG-3308024D3D,R2,not_available,not_available,not_available,,0,not_available,reader_input_unavailable,reader_input_missing,,,,,,,,,,,,,,,,,,,,,,,,,,,,,,,,,,,,,,,,,,,,,,,,,,,,,,,,,,,,,,,,,,,,,,,,,,,,,,,,,,,,,,,,,,,,,,,,,,,,,,,,,,,
IMG-A8EB341591,R2,not_available,not_available,not_available,,0,not_available,reader_input_unavailable,reader_input_missing,,,,,,,,,,,,,,,,,,,,,,,,,,,,,,,,,,,,,,,,,,,,,,,,,,,,,,,,,,,,,,,,,,,,,,,,,,,,,,,,,,,,,,,,,,,,,,,,,,,,,,,,,,,
IMG-5510E43A20,R2,not_available,not_available,not_available,,0,not_available,reader_input_unavailable,reader_input_missing,,,,,,,,,,,,,,,,,,,,,,,,,,,,,,,,,,,,,,,,,,,,,,,,,,,,,,,,,,,,,,,,,,,,,,,,,,,,,,,,,,,,,,,,,,,,,,,,,,,,,,,,,,,
IMG-467A11749B,R2,not_available,not_available,not_available,,0,not_available,reader_input_unavailable,reader_input_missing,,,,,,,,,,,,,,,,,,,,,,,,,,,,,,,,,,,,,,,,,,,,,,,,,,,,,,,,,,,,,,,,,,,,,,,,,,,,,,,,,,,,,,,,,,,,,,,,,,,,,,,,,,,
IMG-528C6CF610,R2,not_available,not_available,not_available,,0,not_available,reader_input_unavailable,reader_input_missing,,,,,,,,,,,,,,,,,,,,,,,,,,,,,,,,,,,,,,,,,,,,,,,,,,,,,,,,,,,,,,,,,,,,,,,,,,,,,,,,,,,,,,,,,,,,,,,,,,,,,,,,,,,
IMG-316818AB3A,R2,not_available,not_available,not_available,,0,not_available,reader_input_unavailable,reader_input_missing,,,,,,,,,,,,,,,,,,,,,,,,,,,,,,,,,,,,,,,,,,,,,,,,,,,,,,,,,,,,,,,,,,,,,,,,,,,,,,,,,,,,,,,,,,,,,,,,,,,,,,,,,,,
IMG-455B78B730,R2,not_available,not_available,not_available,,0,not_available,reader_input_unavailable,reader_input_missing,,,,,,,,,,,,,,,,,,,,,,,,,,,,,,,,,,,,,,,,,,,,,,,,,,,,,,,,,,,,,,,,,,,,,,,,,,,,,,,,,,,,,,,,,,,,,,,,,,,,,,,,,,,
IMG-E968058CF3,R2,not_available,not_available,not_available,,0,not_available,reader_input_unavailable,reader_input_missing,,,,,,,,,,,,,,,,,,,,,,,,,,,,,,,,,,,,,,,,,,,,,,,,,,,,,,,,,,,,,,,,,,,,,,,,,,,,,,,,,,,,,,,,,,,,,,,,,,,,,,,,,,,
IMG-0A611FB1F6,R2,not_available,not_available,not_available,,0,not_available,reader_input_unavailable,reader_input_missing,,,,,,,,,,,,,,,,,,,,,,,,,,,,,,,,,,,,,,,,,,,,,,,,,,,,,,,,,,,,,,,,,,,,,,,,,,,,,,,,,,,,,,,,,,,,,,,,,,,,,,,,,,,
IMG-6EF7AC9635,R2,not_available,not_available,not_available,,0,not_available,reader_input_unavailable,reader_input_missing,,,,,,,,,,,,,,,,,,,,,,,,,,,,,,,,,,,,,,,,,,,,,,,,,,,,,,,,,,,,,,,,,,,,,,,,,,,,,,,,,,,,,,,,,,,,,,,,,,,,,,,,,,,
IMG-D40E6756F5,R2,not_available,not_available,not_available,,0,not_available,reader_input_unavailable,reader_input_missing,,,,,,,,,,,,,,,,,,,,,,,,,,,,,,,,,,,,,,,,,,,,,,,,,,,,,,,,,,,,,,,,,,,,,,,,,,,,,,,,,,,,,,,,,,,,,,,,,,,,,,,,,,,
IMG-D1AAD39E93,R2,not_available,not_available,not_available,,0,not_available,reader_input_unavailable,reader_input_missing,,,,,,,,,,,,,,,,,,,,,,,,,,,,,,,,,,,,,,,,,,,,,,,,,,,,,,,,,,,,,,,,,,,,,,,,,,,,,,,,,,,,,,,,,,,,,,,,,,,,,,,,,,,
IMG-C43C8E321C,R2,not_available,not_available,not_available,,0,not_available,reader_input_unavailable,reader_input_missing,,,,,,,,,,,,,,,,,,,,,,,,,,,,,,,,,,,,,,,,,,,,,,,,,,,,,,,,,,,,,,,,,,,,,,,,,,,,,,,,,,,,,,,,,,,,,,,,,,,,,,,,,,,
IMG-0030A52322,R2,not_available,not_available,not_available,,0,not_available,reader_input_unavailable,reader_input_missing,,,,,,,,,,,,,,,,,,,,,,,,,,,,,,,,,,,,,,,,,,,,,,,,,,,,,,,,,,,,,,,,,,,,,,,,,,,,,,,,,,,,,,,,,,,,,,,,,,,,,,,,,,,
IMG-D7D236D533,R2,not_available,not_available,not_available,,0,not_available,reader_input_unavailable,reader_input_missing,,,,,,,,,,,,,,,,,,,,,,,,,,,,,,,,,,,,,,,,,,,,,,,,,,,,,,,,,,,,,,,,,,,,,,,,,,,,,,,,,,,,,,,,,,,,,,,,,,,,,,,,,,,
IMG-7CA9BEBE72,R2,not_available,not_available,not_available,,0,not_available,reader_input_unavailable,reader_input_missing,,,,,,,,,,,,,,,,,,,,,,,,,,,,,,,,,,,,,,,,,,,,,,,,,,,,,,,,,,,,,,,,,,,,,,,,,,,,,,,,,,,,,,,,,,,,,,,,,,,,,,,,,,,
IMG-ABBB6E83CB,R2,not_available,not_available,not_available,,0,not_available,reader_input_unavailable,reader_input_missing,,,,,,,,,,,,,,,,,,,,,,,,,,,,,,,,,,,,,,,,,,,,,,,,,,,,,,,,,,,,,,,,,,,,,,,,,,,,,,,,,,,,,,,,,,,,,,,,,,,,,,,,,,,
IMG-DCBE1524E9,R2,not_available,not_available,not_available,,0,not_available,reader_input_unavailable,reader_input_missing,,,,,,,,,,,,,,,,,,,,,,,,,,,,,,,,,,,,,,,,,,,,,,,,,,,,,,,,,,,,,,,,,,,,,,,,,,,,,,,,,,,,,,,,,,,,,,,,,,,,,,,,,,,
IMG-6427C96710,R2,not_available,not_available,not_available,,0,not_available,reader_input_unavailable,reader_input_missing,,,,,,,,,,,,,,,,,,,,,,,,,,,,,,,,,,,,,,,,,,,,,,,,,,,,,,,,,,,,,,,,,,,,,,,,,,,,,,,,,,,,,,,,,,,,,,,,,,,,,,,,,,,
IMG-D5E58F8859,R2,not_available,not_available,not_available,,0,not_available,reader_input_unavailable,reader_input_missing,,,,,,,,,,,,,,,,,,,,,,,,,,,,,,,,,,,,,,,,,,,,,,,,,,,,,,,,,,,,,,,,,,,,,,,,,,,,,,,,,,,,,,,,,,,,,,,,,,,,,,,,,,,
IMG-B4DE82A20A,R2,not_available,not_available,not_available,,0,not_available,reader_input_unavailable,reader_input_missing,,,,,,,,,,,,,,,,,,,,,,,,,,,,,,,,,,,,,,,,,,,,,,,,,,,,,,,,,,,,,,,,,,,,,,,,,,,,,,,,,,,,,,,,,,,,,,,,,,,,,,,,,,,
IMG-83E16F4943,R2,not_available,not_available,not_available,,0,not_available,reader_input_unavailable,reader_input_missing,,,,,,,,,,,,,,,,,,,,,,,,,,,,,,,,,,,,,,,,,,,,,,,,,,,,,,,,,,,,,,,,,,,,,,,,,,,,,,,,,,,,,,,,,,,,,,,,,,,,,,,,,,,
IMG-7328CD0240,R2,not_available,not_available,not_available,,0,not_available,reader_input_unavailable,reader_input_missing,,,,,,,,,,,,,,,,,,,,,,,,,,,,,,,,,,,,,,,,,,,,,,,,,,,,,,,,,,,,,,,,,,,,,,,,,,,,,,,,,,,,,,,,,,,,,,,,,,,,,,,,,,,
IMG-CEA9165C97,R2,not_available,not_available,not_available,,0,not_available,reader_input_unavailable,reader_input_missing,,,,,,,,,,,,,,,,,,,,,,,,,,,,,,,,,,,,,,,,,,,,,,,,,,,,,,,,,,,,,,,,,,,,,,,,,,,,,,,,,,,,,,,,,,,,,,,,,,,,,,,,,,,
IMG-289CB955B6,R2,not_available,not_available,not_available,,0,not_available,reader_input_unavailable,reader_input_missing,,,,,,,,,,,,,,,,,,,,,,,,,,,,,,,,,,,,,,,,,,,,,,,,,,,,,,,,,,,,,,,,,,,,,,,,,,,,,,,,,,,,,,,,,,,,,,,,,,,,,,,,,,,
IMG-B586C22379,R2,not_available,not_available,not_available,,0,not_available,reader_input_unavailable,reader_input_missing,,,,,,,,,,,,,,,,,,,,,,,,,,,,,,,,,,,,,,,,,,,,,,,,,,,,,,,,,,,,,,,,,,,,,,,,,,,,,,,,,,,,,,,,,,,,,,,,,,,,,,,,,,,
IMG-564DB6E048,R2,not_available,not_available,not_available,,0,not_available,reader_input_unavailable,reader_input_missing,,,,,,,,,,,,,,,,,,,,,,,,,,,,,,,,,,,,,,,,,,,,,,,,,,,,,,,,,,,,,,,,,,,,,,,,,,,,,,,,,,,,,,,,,,,,,,,,,,,,,,,,,,,
IMG-FC390CC9D2,R2,not_available,not_available,not_available,,0,not_available,reader_input_unavailable,reader_input_missing,,,,,,,,,,,,,,,,,,,,,,,,,,,,,,,,,,,,,,,,,,,,,,,,,,,,,,,,,,,,,,,,,,,,,,,,,,,,,,,,,,,,,,,,,,,,,,,,,,,,,,,,,,,
IMG-8E0304AACB,R2,not_available,not_available,not_available,,0,not_available,reader_input_unavailable,reader_input_missing,,,,,,,,,,,,,,,,,,,,,,,,,,,,,,,,,,,,,,,,,,,,,,,,,,,,,,,,,,,,,,,,,,,,,,,,,,,,,,,,,,,,,,,,,,,,,,,,,,,,,,,,,,,
IMG-ADAF997FAE,R2,not_available,not_available,not_available,,0,not_available,reader_input_unavailable,reader_input_missing,,,,,,,,,,,,,,,,,,,,,,,,,,,,,,,,,,,,,,,,,,,,,,,,,,,,,,,,,,,,,,,,,,,,,,,,,,,,,,,,,,,,,,,,,,,,,,,,,,,,,,,,,,,
IMG-9118ABC68F,R2,not_available,not_available,not_available,,0,not_available,reader_input_unavailable,reader_input_missing,,,,,,,,,,,,,,,,,,,,,,,,,,,,,,,,,,,,,,,,,,,,,,,,,,,,,,,,,,,,,,,,,,,,,,,,,,,,,,,,,,,,,,,,,,,,,,,,,,,,,,,,,,,
IMG-9ECB620A02,R2,not_available,not_available,not_available,,0,not_available,reader_input_unavailable,reader_input_missing,,,,,,,,,,,,,,,,,,,,,,,,,,,,,,,,,,,,,,,,,,,,,,,,,,,,,,,,,,,,,,,,,,,,,,,,,,,,,,,,,,,,,,,,,,,,,,,,,,,,,,,,,,,
IMG-8DA78E815D,R2,not_available,not_available,not_available,,0,not_available,reader_input_unavailable,reader_input_missing,,,,,,,,,,,,,,,,,,,,,,,,,,,,,,,,,,,,,,,,,,,,,,,,,,,,,,,,,,,,,,,,,,,,,,,,,,,,,,,,,,,,,,,,,,,,,,,,,,,,,,,,,,,
IMG-39AC997E19,R2,not_available,not_available,not_available,,0,not_available,reader_input_unavailable,reader_input_missing,,,,,,,,,,,,,,,,,,,,,,,,,,,,,,,,,,,,,,,,,,,,,,,,,,,,,,,,,,,,,,,,,,,,,,,,,,,,,,,,,,,,,,,,,,,,,,,,,,,,,,,,,,,
IMG-9C5230ED53,R2,not_available,not_available,not_available,,0,not_available,reader_input_unavailable,reader_input_missing,,,,,,,,,,,,,,,,,,,,,,,,,,,,,,,,,,,,,,,,,,,,,,,,,,,,,,,,,,,,,,,,,,,,,,,,,,,,,,,,,,,,,,,,,,,,,,,,,,,,,,,,,,,
IMG-9FBE24A0F3,R2,not_available,not_available,not_available,,0,not_available,reader_input_unavailable,reader_input_missing,,,,,,,,,,,,,,,,,,,,,,,,,,,,,,,,,,,,,,,,,,,,,,,,,,,,,,,,,,,,,,,,,,,,,,,,,,,,,,,,,,,,,,,,,,,,,,,,,,,,,,,,,,,
IMG-AC10C242FF,R2,not_available,not_available,not_available,,0,not_available,reader_input_unavailable,reader_input_missing,,,,,,,,,,,,,,,,,,,,,,,,,,,,,,,,,,,,,,,,,,,,,,,,,,,,,,,,,,,,,,,,,,,,,,,,,,,,,,,,,,,,,,,,,,,,,,,,,,,,,,,,,,,
IMG-4AAC0B5985,R2,not_available,not_available,not_available,,0,not_available,reader_input_unavailable,reader_input_missing,,,,,,,,,,,,,,,,,,,,,,,,,,,,,,,,,,,,,,,,,,,,,,,,,,,,,,,,,,,,,,,,,,,,,,,,,,,,,,,,,,,,,,,,,,,,,,,,,,,,,,,,,,,
IMG-396B60587F,R2,not_available,not_available,not_available,,0,not_available,reader_input_unavailable,reader_input_missing,,,,,,,,,,,,,,,,,,,,,,,,,,,,,,,,,,,,,,,,,,,,,,,,,,,,,,,,,,,,,,,,,,,,,,,,,,,,,,,,,,,,,,,,,,,,,,,,,,,,,,,,,,,
IMG-E29DB0EB56,R2,not_available,not_available,not_available,,0,not_available,reader_input_unavailable,reader_input_missing,,,,,,,,,,,,,,,,,,,,,,,,,,,,,,,,,,,,,,,,,,,,,,,,,,,,,,,,,,,,,,,,,,,,,,,,,,,,,,,,,,,,,,,,,,,,,,,,,,,,,,,,,,,
IMG-A941D4B36D,R2,not_available,not_available,not_available,,0,not_available,reader_input_unavailable,reader_input_missing,,,,,,,,,,,,,,,,,,,,,,,,,,,,,,,,,,,,,,,,,,,,,,,,,,,,,,,,,,,,,,,,,,,,,,,,,,,,,,,,,,,,,,,,,,,,,,,,,,,,,,,,,,,
IMG-3CB7278E69,R2,not_available,not_available,not_available,,0,not_available,reader_input_unavailable,reader_input_missing,,,,,,,,,,,,,,,,,,,,,,,,,,,,,,,,,,,,,,,,,,,,,,,,,,,,,,,,,,,,,,,,,,,,,,,,,,,,,,,,,,,,,,,,,,,,,,,,,,,,,,,,,,,
IMG-33B5BB86C8,R2,not_available,not_available,not_available,,0,not_available,reader_input_unavailable,reader_input_missing,,,,,,,,,,,,,,,,,,,,,,,,,,,,,,,,,,,,,,,,,,,,,,,,,,,,,,,,,,,,,,,,,,,,,,,,,,,,,,,,,,,,,,,,,,,,,,,,,,,,,,,,,,,
IMG-3913DEC6AF,R2,not_available,not_available,not_available,,0,not_available,reader_input_unavailable,reader_input_missing,,,,,,,,,,,,,,,,,,,,,,,,,,,,,,,,,,,,,,,,,,,,,,,,,,,,,,,,,,,,,,,,,,,,,,,,,,,,,,,,,,,,,,,,,,,,,,,,,,,,,,,,,,,
IMG-A135E42BD6,R2,not_available,not_available,not_available,,0,not_available,reader_input_unavailable,reader_input_missing,,,,,,,,,,,,,,,,,,,,,,,,,,,,,,,,,,,,,,,,,,,,,,,,,,,,,,,,,,,,,,,,,,,,,,,,,,,,,,,,,,,,,,,,,,,,,,,,,,,,,,,,,,,
IMG-5CB53C5107,R2,not_available,not_available,not_available,,0,not_available,reader_input_unavailable,reader_input_missing,,,,,,,,,,,,,,,,,,,,,,,,,,,,,,,,,,,,,,,,,,,,,,,,,,,,,,,,,,,,,,,,,,,,,,,,,,,,,,,,,,,,,,,,,,,,,,,,,,,,,,,,,,,
IMG-130301C807,R2,not_available,not_available,not_available,,0,not_available,reader_input_unavailable,reader_input_missing,,,,,,,,,,,,,,,,,,,,,,,,,,,,,,,,,,,,,,,,,,,,,,,,,,,,,,,,,,,,,,,,,,,,,,,,,,,,,,,,,,,,,,,,,,,,,,,,,,,,,,,,,,,
IMG-343B9B81CF,R2,not_available,not_available,not_available,,0,not_available,reader_input_unavailable,reader_input_missing,,,,,,,,,,,,,,,,,,,,,,,,,,,,,,,,,,,,,,,,,,,,,,,,,,,,,,,,,,,,,,,,,,,,,,,,,,,,,,,,,,,,,,,,,,,,,,,,,,,,,,,,,,,
IMG-096EE47041,R2,not_available,not_available,not_available,,0,not_available,reader_input_unavailable,reader_input_missing,,,,,,,,,,,,,,,,,,,,,,,,,,,,,,,,,,,,,,,,,,,,,,,,,,,,,,,,,,,,,,,,,,,,,,,,,,,,,,,,,,,,,,,,,,,,,,,,,,,,,,,,,,,
IMG-CCB5481F08,R2,not_available,not_available,not_available,,0,not_available,reader_input_unavailable,reader_input_missing,,,,,,,,,,,,,,,,,,,,,,,,,,,,,,,,,,,,,,,,,,,,,,,,,,,,,,,,,,,,,,,,,,,,,,,,,,,,,,,,,,,,,,,,,,,,,,,,,,,,,,,,,,,
IMG-F4172CA658,R2,not_available,not_available,not_available,,0,not_available,reader_input_unavailable,reader_input_missing,,,,,,,,,,,,,,,,,,,,,,,,,,,,,,,,,,,,,,,,,,,,,,,,,,,,,,,,,,,,,,,,,,,,,,,,,,,,,,,,,,,,,,,,,,,,,,,,,,,,,,,,,,,
IMG-CB92CEEA29,R2,not_available,not_available,not_available,,0,not_available,reader_input_unavailable,reader_input_missing,,,,,,,,,,,,,,,,,,,,,,,,,,,,,,,,,,,,,,,,,,,,,,,,,,,,,,,,,,,,,,,,,,,,,,,,,,,,,,,,,,,,,,,,,,,,,,,,,,,,,,,,,,,
IMG-CF16F87B5B,R2,not_available,not_available,not_available,,0,not_available,reader_input_unavailable,reader_input_missing,,,,,,,,,,,,,,,,,,,,,,,,,,,,,,,,,,,,,,,,,,,,,,,,,,,,,,,,,,,,,,,,,,,,,,,,,,,,,,,,,,,,,,,,,,,,,,,,,,,,,,,,,,,
IMG-2AEC2AD4B0,R2,not_available,not_available,not_available,,0,not_available,reader_input_unavailable,reader_input_missing,,,,,,,,,,,,,,,,,,,,,,,,,,,,,,,,,,,,,,,,,,,,,,,,,,,,,,,,,,,,,,,,,,,,,,,,,,,,,,,,,,,,,,,,,,,,,,,,,,,,,,,,,,,
IMG-FC5D879142,R2,not_available,not_available,not_available,,0,not_available,reader_input_unavailable,reader_input_missing,,,,,,,,,,,,,,,,,,,,,,,,,,,,,,,,,,,,,,,,,,,,,,,,,,,,,,,,,,,,,,,,,,,,,,,,,,,,,,,,,,,,,,,,,,,,,,,,,,,,,,,,,,,
IMG-DB2D19C43A,R2,not_available,not_available,not_available,,0,not_available,reader_input_unavailable,reader_input_missing,,,,,,,,,,,,,,,,,,,,,,,,,,,,,,,,,,,,,,,,,,,,,,,,,,,,,,,,,,,,,,,,,,,,,,,,,,,,,,,,,,,,,,,,,,,,,,,,,,,,,,,,,,,
IMG-0C0EF7B130,R2,not_available,not_available,not_available,,0,not_available,reader_input_unavailable,reader_input_missing,,,,,,,,,,,,,,,,,,,,,,,,,,,,,,,,,,,,,,,,,,,,,,,,,,,,,,,,,,,,,,,,,,,,,,,,,,,,,,,,,,,,,,,,,,,,,,,,,,,,,,,,,,,
IMG-2E35DB7124,R2,not_available,not_available,not_available,,0,not_available,reader_input_unavailable,reader_input_missing,,,,,,,,,,,,,,,,,,,,,,,,,,,,,,,,,,,,,,,,,,,,,,,,,,,,,,,,,,,,,,,,,,,,,,,,,,,,,,,,,,,,,,,,,,,,,,,,,,,,,,,,,,,
IMG-037489B4CD,R2,not_available,not_available,not_available,,0,not_available,reader_input_unavailable,reader_input_missing,,,,,,,,,,,,,,,,,,,,,,,,,,,,,,,,,,,,,,,,,,,,,,,,,,,,,,,,,,,,,,,,,,,,,,,,,,,,,,,,,,,,,,,,,,,,,,,,,,,,,,,,,,,
IMG-E350B9069A,R2,not_available,not_available,not_available,,0,not_available,reader_input_unavailable,reader_input_missing,,,,,,,,,,,,,,,,,,,,,,,,,,,,,,,,,,,,,,,,,,,,,,,,,,,,,,,,,,,,,,,,,,,,,,,,,,,,,,,,,,,,,,,,,,,,,,,,,,,,,,,,,,,
IMG-DDFA8F1560,R2,not_available,not_available,not_available,,0,not_available,reader_input_unavailable,reader_input_missing,,,,,,,,,,,,,,,,,,,,,,,,,,,,,,,,,,,,,,,,,,,,,,,,,,,,,,,,,,,,,,,,,,,,,,,,,,,,,,,,,,,,,,,,,,,,,,,,,,,,,,,,,,,
IMG-5E300BF54E,R2,not_available,not_available,not_available,,0,not_available,reader_input_unavailable,reader_input_missing,,,,,,,,,,,,,,,,,,,,,,,,,,,,,,,,,,,,,,,,,,,,,,,,,,,,,,,,,,,,,,,,,,,,,,,,,,,,,,,,,,,,,,,,,,,,,,,,,,,,,,,,,,,
IMG-C5085CA1DF,R2,not_available,not_available,not_available,,0,not_available,reader_input_unavailable,reader_input_missing,,,,,,,,,,,,,,,,,,,,,,,,,,,,,,,,,,,,,,,,,,,,,,,,,,,,,,,,,,,,,,,,,,,,,,,,,,,,,,,,,,,,,,,,,,,,,,,,,,,,,,,,,,,
IMG-0B34BD3AA7,R2,not_available,not_available,not_available,,0,not_available,reader_input_unavailable,reader_input_missing,,,,,,,,,,,,,,,,,,,,,,,,,,,,,,,,,,,,,,,,,,,,,,,,,,,,,,,,,,,,,,,,,,,,,,,,,,,,,,,,,,,,,,,,,,,,,,,,,,,,,,,,,,,
IMG-4DA2D1C308,R2,not_available,not_available,not_available,,0,not_available,reader_input_unavailable,reader_input_missing,,,,,,,,,,,,,,,,,,,,,,,,,,,,,,,,,,,,,,,,,,,,,,,,,,,,,,,,,,,,,,,,,,,,,,,,,,,,,,,,,,,,,,,,,,,,,,,,,,,,,,,,,,,
IMG-8E80801B31,R2,not_available,not_available,not_available,,0,not_available,reader_input_unavailable,reader_input_missing,,,,,,,,,,,,,,,,,,,,,,,,,,,,,,,,,,,,,,,,,,,,,,,,,,,,,,,,,,,,,,,,,,,,,,,,,,,,,,,,,,,,,,,,,,,,,,,,,,,,,,,,,,,
IMG-218FC1F5F4,R2,not_available,not_available,not_available,,0,not_available,reader_input_unavailable,reader_input_missing,,,,,,,,,,,,,,,,,,,,,,,,,,,,,,,,,,,,,,,,,,,,,,,,,,,,,,,,,,,,,,,,,,,,,,,,,,,,,,,,,,,,,,,,,,,,,,,,,,,,,,,,,,,
IMG-6503C91771,R2,not_available,not_available,not_available,,0,not_available,reader_input_unavailable,reader_input_missing,,,,,,,,,,,,,,,,,,,,,,,,,,,,,,,,,,,,,,,,,,,,,,,,,,,,,,,,,,,,,,,,,,,,,,,,,,,,,,,,,,,,,,,,,,,,,,,,,,,,,,,,,,,
IMG-D53B868EF7,R2,not_available,not_available,not_available,,0,not_available,reader_input_unavailable,reader_input_missing,,,,,,,,,,,,,,,,,,,,,,,,,,,,,,,,,,,,,,,,,,,,,,,,,,,,,,,,,,,,,,,,,,,,,,,,,,,,,,,,,,,,,,,,,,,,,,,,,,,,,,,,,,,
IMG-C9A32358E2,R2,not_available,not_available,not_available,,0,not_available,reader_input_unavailable,reader_input_missing,,,,,,,,,,,,,,,,,,,,,,,,,,,,,,,,,,,,,,,,,,,,,,,,,,,,,,,,,,,,,,,,,,,,,,,,,,,,,,,,,,,,,,,,,,,,,,,,,,,,,,,,,,,
IMG-73EC16A018,R2,not_available,not_available,not_available,,0,not_available,reader_input_unavailable,reader_input_missing,,,,,,,,,,,,,,,,,,,,,,,,,,,,,,,,,,,,,,,,,,,,,,,,,,,,,,,,,,,,,,,,,,,,,,,,,,,,,,,,,,,,,,,,,,,,,,,,,,,,,,,,,,,
IMG-ABE2BDFA58,R2,not_available,not_available,not_available,,0,not_available,reader_input_unavailable,reader_input_missing,,,,,,,,,,,,,,,,,,,,,,,,,,,,,,,,,,,,,,,,,,,,,,,,,,,,,,,,,,,,,,,,,,,,,,,,,,,,,,,,,,,,,,,,,,,,,,,,,,,,,,,,,,,
IMG-70A9D26F9D,R2,not_available,not_available,not_available,,0,not_available,reader_input_unavailable,reader_input_missing,,,,,,,,,,,,,,,,,,,,,,,,,,,,,,,,,,,,,,,,,,,,,,,,,,,,,,,,,,,,,,,,,,,,,,,,,,,,,,,,,,,,,,,,,,,,,,,,,,,,,,,,,,,
IMG-6E71728D0A,R2,not_available,not_available,not_available,,0,not_available,reader_input_unavailable,reader_input_missing,,,,,,,,,,,,,,,,,,,,,,,,,,,,,,,,,,,,,,,,,,,,,,,,,,,,,,,,,,,,,,,,,,,,,,,,,,,,,,,,,,,,,,,,,,,,,,,,,,,,,,,,,,,
IMG-23A7063684,R2,not_available,not_available,not_available,,0,not_available,reader_input_unavailable,reader_input_missing,,,,,,,,,,,,,,,,,,,,,,,,,,,,,,,,,,,,,,,,,,,,,,,,,,,,,,,,,,,,,,,,,,,,,,,,,,,,,,,,,,,,,,,,,,,,,,,,,,,,,,,,,,,
IMG-35F9CC61BB,R2,not_available,not_available,not_available,,0,not_available,reader_input_unavailable,reader_input_missing,,,,,,,,,,,,,,,,,,,,,,,,,,,,,,,,,,,,,,,,,,,,,,,,,,,,,,,,,,,,,,,,,,,,,,,,,,,,,,,,,,,,,,,,,,,,,,,,,,,,,,,,,,,
IMG-40F7945830,R2,not_available,not_available,not_available,,0,not_available,reader_input_unavailable,reader_input_missing,,,,,,,,,,,,,,,,,,,,,,,,,,,,,,,,,,,,,,,,,,,,,,,,,,,,,,,,,,,,,,,,,,,,,,,,,,,,,,,,,,,,,,,,,,,,,,,,,,,,,,,,,,,
IMG-86B97F5EA4,R2,not_available,not_available,not_available,,0,not_available,reader_input_unavailable,reader_input_missing,,,,,,,,,,,,,,,,,,,,,,,,,,,,,,,,,,,,,,,,,,,,,,,,,,,,,,,,,,,,,,,,,,,,,,,,,,,,,,,,,,,,,,,,,,,,,,,,,,,,,,,,,,,
IMG-C96DEADDCC,R2,not_available,not_available,not_available,,0,not_available,reader_input_unavailable,reader_input_missing,,,,,,,,,,,,,,,,,,,,,,,,,,,,,,,,,,,,,,,,,,,,,,,,,,,,,,,,,,,,,,,,,,,,,,,,,,,,,,,,,,,,,,,,,,,,,,,,,,,,,,,,,,,
IMG-2B3A14E938,R2,not_available,not_available,not_available,,0,not_available,reader_input_unavailable,reader_input_missing,,,,,,,,,,,,,,,,,,,,,,,,,,,,,,,,,,,,,,,,,,,,,,,,,,,,,,,,,,,,,,,,,,,,,,,,,,,,,,,,,,,,,,,,,,,,,,,,,,,,,,,,,,,
IMG-4A7EB02AA5,R2,not_available,not_available,not_available,,0,not_available,reader_input_unavailable,reader_input_missing,,,,,,,,,,,,,,,,,,,,,,,,,,,,,,,,,,,,,,,,,,,,,,,,,,,,,,,,,,,,,,,,,,,,,,,,,,,,,,,,,,,,,,,,,,,,,,,,,,,,,,,,,,,
IMG-75AAF241EB,R2,not_available,not_available,not_available,,0,not_available,reader_input_unavailable,reader_input_missing,,,,,,,,,,,,,,,,,,,,,,,,,,,,,,,,,,,,,,,,,,,,,,,,,,,,,,,,,,,,,,,,,,,,,,,,,,,,,,,,,,,,,,,,,,,,,,,,,,,,,,,,,,,
IMG-F3334A786F,R2,not_available,not_available,not_available,,0,not_available,reader_input_unavailable,reader_input_missing,,,,,,,,,,,,,,,,,,,,,,,,,,,,,,,,,,,,,,,,,,,,,,,,,,,,,,,,,,,,,,,,,,,,,,,,,,,,,,,,,,,,,,,,,,,,,,,,,,,,,,,,,,,
IMG-221E334705,R2,not_available,not_available,not_available,,0,not_available,reader_input_unavailable,reader_input_missing,,,,,,,,,,,,,,,,,,,,,,,,,,,,,,,,,,,,,,,,,,,,,,,,,,,,,,,,,,,,,,,,,,,,,,,,,,,,,,,,,,,,,,,,,,,,,,,,,,,,,,,,,,,
IMG-F23C8BACCE,R2,not_available,not_available,not_available,,0,not_available,reader_input_unavailable,reader_input_missing,,,,,,,,,,,,,,,,,,,,,,,,,,,,,,,,,,,,,,,,,,,,,,,,,,,,,,,,,,,,,,,,,,,,,,,,,,,,,,,,,,,,,,,,,,,,,,,,,,,,,,,,,,,
IMG-EB5661F755,R2,not_available,not_available,not_available,,0,not_available,reader_input_unavailable,reader_input_missing,,,,,,,,,,,,,,,,,,,,,,,,,,,,,,,,,,,,,,,,,,,,,,,,,,,,,,,,,,,,,,,,,,,,,,,,,,,,,,,,,,,,,,,,,,,,,,,,,,,,,,,,,,,
IMG-4058D9DB94,R2,not_available,not_available,not_available,,0,not_available,reader_input_unavailable,reader_input_missing,,,,,,,,,,,,,,,,,,,,,,,,,,,,,,,,,,,,,,,,,,,,,,,,,,,,,,,,,,,,,,,,,,,,,,,,,,,,,,,,,,,,,,,,,,,,,,,,,,,,,,,,,,,
IMG-541979D707,R2,not_available,not_available,not_available,,0,not_available,reader_input_unavailable,reader_input_missing,,,,,,,,,,,,,,,,,,,,,,,,,,,,,,,,,,,,,,,,,,,,,,,,,,,,,,,,,,,,,,,,,,,,,,,,,,,,,,,,,,,,,,,,,,,,,,,,,,,,,,,,,,,
IMG-101973A652,R2,not_available,not_available,not_available,,0,not_available,reader_input_unavailable,reader_input_missing,,,,,,,,,,,,,,,,,,,,,,,,,,,,,,,,,,,,,,,,,,,,,,,,,,,,,,,,,,,,,,,,,,,,,,,,,,,,,,,,,,,,,,,,,,,,,,,,,,,,,,,,,,,
IMG-08DAD293D8,R2,not_available,not_available,not_available,,0,not_available,reader_input_unavailable,reader_input_missing,,,,,,,,,,,,,,,,,,,,,,,,,,,,,,,,,,,,,,,,,,,,,,,,,,,,,,,,,,,,,,,,,,,,,,,,,,,,,,,,,,,,,,,,,,,,,,,,,,,,,,,,,,,
IMG-AF33632FA3,R2,not_available,not_available,not_available,,0,not_available,reader_input_unavailable,reader_input_missing,,,,,,,,,,,,,,,,,,,,,,,,,,,,,,,,,,,,,,,,,,,,,,,,,,,,,,,,,,,,,,,,,,,,,,,,,,,,,,,,,,,,,,,,,,,,,,,,,,,,,,,,,,,
IMG-C0A4DCF961,R2,not_available,not_available,not_available,,0,not_available,reader_input_unavailable,reader_input_missing,,,,,,,,,,,,,,,,,,,,,,,,,,,,,,,,,,,,,,,,,,,,,,,,,,,,,,,,,,,,,,,,,,,,,,,,,,,,,,,,,,,,,,,,,,,,,,,,,,,,,,,,,,,
IMG-E1FBDC8477,R2,not_available,not_available,not_available,,0,not_available,reader_input_unavailable,reader_input_missing,,,,,,,,,,,,,,,,,,,,,,,,,,,,,,,,,,,,,,,,,,,,,,,,,,,,,,,,,,,,,,,,,,,,,,,,,,,,,,,,,,,,,,,,,,,,,,,,,,,,,,,,,,,
IMG-1C3C176B7E,R2,not_available,not_available,not_available,,0,not_available,reader_input_unavailable,reader_input_missing,,,,,,,,,,,,,,,,,,,,,,,,,,,,,,,,,,,,,,,,,,,,,,,,,,,,,,,,,,,,,,,,,,,,,,,,,,,,,,,,,,,,,,,,,,,,,,,,,,,,,,,,,,,
IMG-964D61E27E,R2,not_available,not_available,not_available,,0,not_available,reader_input_unavailable,reader_input_missing,,,,,,,,,,,,,,,,,,,,,,,,,,,,,,,,,,,,,,,,,,,,,,,,,,,,,,,,,,,,,,,,,,,,,,,,,,,,,,,,,,,,,,,,,,,,,,,,,,,,,,,,,,,
IMG-570F46402F,R2,not_available,not_available,not_available,,0,not_available,reader_input_unavailable,reader_input_missing,,,,,,,,,,,,,,,,,,,,,,,,,,,,,,,,,,,,,,,,,,,,,,,,,,,,,,,,,,,,,,,,,,,,,,,,,,,,,,,,,,,,,,,,,,,,,,,,,,,,,,,,,,,
IMG-94107097DD,R2,not_available,not_available,not_available,,0,not_available,reader_input_unavailable,reader_input_missing,,,,,,,,,,,,,,,,,,,,,,,,,,,,,,,,,,,,,,,,,,,,,,,,,,,,,,,,,,,,,,,,,,,,,,,,,,,,,,,,,,,,,,,,,,,,,,,,,,,,,,,,,,,
IMG-CE3932CEDA,R2,not_available,not_available,not_available,,0,not_available,reader_input_unavailable,reader_input_missing,,,,,,,,,,,,,,,,,,,,,,,,,,,,,,,,,,,,,,,,,,,,,,,,,,,,,,,,,,,,,,,,,,,,,,,,,,,,,,,,,,,,,,,,,,,,,,,,,,,,,,,,,,,
IMG-0BB0F6A309,R2,not_available,not_available,not_available,,0,not_available,reader_input_unavailable,reader_input_missing,,,,,,,,,,,,,,,,,,,,,,,,,,,,,,,,,,,,,,,,,,,,,,,,,,,,,,,,,,,,,,,,,,,,,,,,,,,,,,,,,,,,,,,,,,,,,,,,,,,,,,,,,,,
IMG-59B11B70B9,R2,not_available,not_available,not_available,,0,not_available,reader_input_unavailable,reader_input_missing,,,,,,,,,,,,,,,,,,,,,,,,,,,,,,,,,,,,,,,,,,,,,,,,,,,,,,,,,,,,,,,,,,,,,,,,,,,,,,,,,,,,,,,,,,,,,,,,,,,,,,,,,,,
IMG-66019C89DD,R2,not_available,not_available,not_available,,0,not_available,reader_input_unavailable,reader_input_missing,,,,,,,,,,,,,,,,,,,,,,,,,,,,,,,,,,,,,,,,,,,,,,,,,,,,,,,,,,,,,,,,,,,,,,,,,,,,,,,,,,,,,,,,,,,,,,,,,,,,,,,,,,,
IMG-C645016C68,R2,not_available,not_available,not_available,,0,not_available,reader_input_unavailable,reader_input_missing,,,,,,,,,,,,,,,,,,,,,,,,,,,,,,,,,,,,,,,,,,,,,,,,,,,,,,,,,,,,,,,,,,,,,,,,,,,,,,,,,,,,,,,,,,,,,,,,,,,,,,,,,,,
IMG-9100D2E107,R2,not_available,not_available,not_available,,0,not_available,reader_input_unavailable,reader_input_missing,,,,,,,,,,,,,,,,,,,,,,,,,,,,,,,,,,,,,,,,,,,,,,,,,,,,,,,,,,,,,,,,,,,,,,,,,,,,,,,,,,,,,,,,,,,,,,,,,,,,,,,,,,,
IMG-983E2BC02B,R2,not_available,not_available,not_available,,0,not_available,reader_input_unavailable,reader_input_missing,,,,,,,,,,,,,,,,,,,,,,,,,,,,,,,,,,,,,,,,,,,,,,,,,,,,,,,,,,,,,,,,,,,,,,,,,,,,,,,,,,,,,,,,,,,,,,,,,,,,,,,,,,,
IMG-59057F2048,R2,not_available,not_available,not_available,,0,not_available,reader_input_unavailable,reader_input_missing,,,,,,,,,,,,,,,,,,,,,,,,,,,,,,,,,,,,,,,,,,,,,,,,,,,,,,,,,,,,,,,,,,,,,,,,,,,,,,,,,,,,,,,,,,,,,,,,,,,,,,,,,,,
IMG-B5F9077483,R2,not_available,not_available,not_available,,0,not_available,reader_input_unavailable,reader_input_missing,,,,,,,,,,,,,,,,,,,,,,,,,,,,,,,,,,,,,,,,,,,,,,,,,,,,,,,,,,,,,,,,,,,,,,,,,,,,,,,,,,,,,,,,,,,,,,,,,,,,,,,,,,,
IMG-BC8AB8F6A4,R2,not_available,not_available,not_available,,0,not_available,reader_input_unavailable,reader_input_missing,,,,,,,,,,,,,,,,,,,,,,,,,,,,,,,,,,,,,,,,,,,,,,,,,,,,,,,,,,,,,,,,,,,,,,,,,,,,,,,,,,,,,,,,,,,,,,,,,,,,,,,,,,,
IMG-BA39BCD54C,R2,not_available,not_available,not_available,,0,not_available,reader_input_unavailable,reader_input_missing,,,,,,,,,,,,,,,,,,,,,,,,,,,,,,,,,,,,,,,,,,,,,,,,,,,,,,,,,,,,,,,,,,,,,,,,,,,,,,,,,,,,,,,,,,,,,,,,,,,,,,,,,,,
IMG-D79FE4D26B,R2,not_available,not_available,not_available,,0,not_available,reader_input_unavailable,reader_input_missing,,,,,,,,,,,,,,,,,,,,,,,,,,,,,,,,,,,,,,,,,,,,,,,,,,,,,,,,,,,,,,,,,,,,,,,,,,,,,,,,,,,,,,,,,,,,,,,,,,,,,,,,,,,
IMG-18C718D733,R2,not_available,not_available,not_available,,0,not_available,reader_input_unavailable,reader_input_missing,,,,,,,,,,,,,,,,,,,,,,,,,,,,,,,,,,,,,,,,,,,,,,,,,,,,,,,,,,,,,,,,,,,,,,,,,,,,,,,,,,,,,,,,,,,,,,,,,,,,,,,,,,,
IMG-CEF96B0BDF,R2,not_available,not_available,not_available,,0,not_available,reader_input_unavailable,reader_input_missing,,,,,,,,,,,,,,,,,,,,,,,,,,,,,,,,,,,,,,,,,,,,,,,,,,,,,,,,,,,,,,,,,,,,,,,,,,,,,,,,,,,,,,,,,,,,,,,,,,,,,,,,,,,
IMG-F48A5C5E70,R2,not_available,not_available,not_available,,0,not_available,reader_input_unavailable,reader_input_missing,,,,,,,,,,,,,,,,,,,,,,,,,,,,,,,,,,,,,,,,,,,,,,,,,,,,,,,,,,,,,,,,,,,,,,,,,,,,,,,,,,,,,,,,,,,,,,,,,,,,,,,,,,,
IMG-45C8FC8645,R2,not_available,not_available,not_available,,0,not_available,reader_input_unavailable,reader_input_missing,,,,,,,,,,,,,,,,,,,,,,,,,,,,,,,,,,,,,,,,,,,,,,,,,,,,,,,,,,,,,,,,,,,,,,,,,,,,,,,,,,,,,,,,,,,,,,,,,,,,,,,,,,,
IMG-056BB79AE2,R2,not_available,not_available,not_available,,0,not_available,reader_input_unavailable,reader_input_missing,,,,,,,,,,,,,,,,,,,,,,,,,,,,,,,,,,,,,,,,,,,,,,,,,,,,,,,,,,,,,,,,,,,,,,,,,,,,,,,,,,,,,,,,,,,,,,,,,,,,,,,,,,,
IMG-048378B0B0,R2,not_available,not_available,not_available,,0,not_available,reader_input_unavailable,reader_input_missing,,,,,,,,,,,,,,,,,,,,,,,,,,,,,,,,,,,,,,,,,,,,,,,,,,,,,,,,,,,,,,,,,,,,,,,,,,,,,,,,,,,,,,,,,,,,,,,,,,,,,,,,,,,
IMG-5B62E67F31,R2,not_available,not_available,not_available,,0,not_available,reader_input_unavailable,reader_input_missing,,,,,,,,,,,,,,,,,,,,,,,,,,,,,,,,,,,,,,,,,,,,,,,,,,,,,,,,,,,,,,,,,,,,,,,,,,,,,,,,,,,,,,,,,,,,,,,,,,,,,,,,,,,
IMG-ADCAE30DC9,R2,not_available,not_available,not_available,,0,not_available,reader_input_unavailable,reader_input_missing,,,,,,,,,,,,,,,,,,,,,,,,,,,,,,,,,,,,,,,,,,,,,,,,,,,,,,,,,,,,,,,,,,,,,,,,,,,,,,,,,,,,,,,,,,,,,,,,,,,,,,,,,,,
IMG-25FD3B5DE5,R2,not_available,not_available,not_available,,0,not_available,reader_input_unavailable,reader_input_missing,,,,,,,,,,,,,,,,,,,,,,,,,,,,,,,,,,,,,,,,,,,,,,,,,,,,,,,,,,,,,,,,,,,,,,,,,,,,,,,,,,,,,,,,,,,,,,,,,,,,,,,,,,,
IMG-52C0E1D917,R2,not_available,not_available,not_available,,0,not_available,reader_input_unavailable,reader_input_missing,,,,,,,,,,,,,,,,,,,,,,,,,,,,,,,,,,,,,,,,,,,,,,,,,,,,,,,,,,,,,,,,,,,,,,,,,,,,,,,,,,,,,,,,,,,,,,,,,,,,,,,,,,,
IMG-D898F4BC7F,R2,not_available,not_available,not_available,,0,not_available,reader_input_unavailable,reader_input_missing,,,,,,,,,,,,,,,,,,,,,,,,,,,,,,,,,,,,,,,,,,,,,,,,,,,,,,,,,,,,,,,,,,,,,,,,,,,,,,,,,,,,,,,,,,,,,,,,,,,,,,,,,,,
IMG-99E65D7E1C,R2,not_available,not_available,not_available,,0,not_available,reader_input_unavailable,reader_input_missing,,,,,,,,,,,,,,,,,,,,,,,,,,,,,,,,,,,,,,,,,,,,,,,,,,,,,,,,,,,,,,,,,,,,,,,,,,,,,,,,,,,,,,,,,,,,,,,,,,,,,,,,,,,
IMG-D31CF4ABF7,R2,available,success,dual-habitat,1.0,1,extractable,none,,2.7055880784988404,4.651095914840698,80584.76866768743,3.6226563560276235,1.1154369115829468,2.5717120574643557,6.087264060974121,3.7056203818185907,0.620284217772711,3.7309921979904175,1.2043697834014893,4.882894277572632,0.45830466176481716,3.780627995878769,-0.14728655700998478,161169.53733537483,0.09138245129053206,0.5615256290729596,144.38443236712598,1749.863376036826,-23.71431425807375,26.522802449087745,6.774330245783004,0.5920086783072406,1.9876688258976776,2.5715974939799575,2.779027068103649,0.4584702970824964,0.38626502057469847,0.9854268291170972,0.9180851080040406,-0.10339713444206135,0.707825550890182,0.3812983508179549,11.80849805354549,0.012607897485929772,6.729803222509939,0.6096791860134516,0.027353538510954917,23.616996107090984,4.3758459994655805,8.324283173717681,6.647141366898701,675.4913089748138,0.1198104485588531,6.191111951145883,515.2142603760199,9.1643935183152,138.92550549840368,27.297623270663355,4299.919120255409,0.21323193384074834,0.01070450481141792,0.15614281389966211,17.77131741490351,0.0028381345921508804,435.64606607420956,0.08966191618167671,9.445541101984208,136.67554821652703,1.5448673245915263,220.23106970911314,0.015551620849357736,0.011103349786493667,4.297971120917636,3701.371777805827,0.7608686598479474,0.8617622179168828,0.1952530824156805,0.8949012442433243,120.67650395027201,0.010228990280566053,68.36320754716981,0.08061699003203987,13.968494126023494,105.29716981132076,1348.0566037735848,236057.554245283,8.312864622274791,0.02003182980418494,286.35377358490564,0.3376813367746529,0.6027907083575841,62.051148422676846,0.013987915357037934,6.054847132392703,0.15040794608017027,1303.8529225258098,2.1745645474728295,0.0016988230637078603,246.32445136661323,0.0582803252342541,0.25650444683637236,0.8299337545088896,0.5476178570040315,21.333322811917185,38.95658722421853,43.86342439892261,40.70626487409524,40.1621712560464,46.08687448721165,11153.083333333334,32.33138669784872,0.4761337859370173,5070.122154994785,0.4545937659984714,11275.999999999998
IMG-D3F91516C3,R2,not_available,not_available,not_available,,0,not_available,reader_input_unavailable,reader_input_missing,,,,,,,,,,,,,,,,,,,,,,,,,,,,,,,,,,,,,,,,,,,,,,,,,,,,,,,,,,,,,,,,,,,,,,,,,,,,,,,,,,,,,,,,,,,,,,,,,,,,,,,,,,,
IMG-31AB090078,R2,not_available,not_available,not_available,,0,not_available,reader_input_unavailable,reader_input_missing,,,,,,,,,,,,,,,,,,,,,,,,,,,,,,,,,,,,,,,,,,,,,,,,,,,,,,,,,,,,,,,,,,,,,,,,,,,,,,,,,,,,,,,,,,,,,,,,,,,,,,,,,,,
IMG-65C0968A2E,R2,not_available,not_available,not_available,,0,not_available,reader_input_unavailable,reader_input_missing,,,,,,,,,,,,,,,,,,,,,,,,,,,,,,,,,,,,,,,,,,,,,,,,,,,,,,,,,,,,,,,,,,,,,,,,,,,,,,,,,,,,,,,,,,,,,,,,,,,,,,,,,,,
IMG-200CA22DBE,R2,not_available,not_available,not_available,,0,not_available,reader_input_unavailable,reader_input_missing,,,,,,,,,,,,,,,,,,,,,,,,,,,,,,,,,,,,,,,,,,,,,,,,,,,,,,,,,,,,,,,,,,,,,,,,,,,,,,,,,,,,,,,,,,,,,,,,,,,,,,,,,,,
IMG-CEDD7846C8,R2,not_available,not_available,not_available,,0,not_available,reader_input_unavailable,reader_input_missing,,,,,,,,,,,,,,,,,,,,,,,,,,,,,,,,,,,,,,,,,,,,,,,,,,,,,,,,,,,,,,,,,,,,,,,,,,,,,,,,,,,,,,,,,,,,,,,,,,,,,,,,,,,
IMG-70D081DD25,R2,not_available,not_available,not_available,,0,not_available,reader_input_unavailable,reader_input_missing,,,,,,,,,,,,,,,,,,,,,,,,,,,,,,,,,,,,,,,,,,,,,,,,,,,,,,,,,,,,,,,,,,,,,,,,,,,,,,,,,,,,,,,,,,,,,,,,,,,,,,,,,,,
IMG-6685A85474,R2,not_available,not_available,not_available,,0,not_available,reader_input_unavailable,reader_input_missing,,,,,,,,,,,,,,,,,,,,,,,,,,,,,,,,,,,,,,,,,,,,,,,,,,,,,,,,,,,,,,,,,,,,,,,,,,,,,,,,,,,,,,,,,,,,,,,,,,,,,,,,,,,
IMG-55BC476FD3,R2,not_available,not_available,not_available,,0,not_available,reader_input_unavailable,reader_input_missing,,,,,,,,,,,,,,,,,,,,,,,,,,,,,,,,,,,,,,,,,,,,,,,,,,,,,,,,,,,,,,,,,,,,,,,,,,,,,,,,,,,,,,,,,,,,,,,,,,,,,,,,,,,
IMG-F1FDCA2F9F,R2,not_available,not_available,not_available,,0,not_available,reader_input_unavailable,reader_input_missing,,,,,,,,,,,,,,,,,,,,,,,,,,,,,,,,,,,,,,,,,,,,,,,,,,,,,,,,,,,,,,,,,,,,,,,,,,,,,,,,,,,,,,,,,,,,,,,,,,,,,,,,,,,
IMG-94DF99FE42,R2,not_available,not_available,not_available,,0,not_available,reader_input_unavailable,reader_input_missing,,,,,,,,,,,,,,,,,,,,,,,,,,,,,,,,,,,,,,,,,,,,,,,,,,,,,,,,,,,,,,,,,,,,,,,,,,,,,,,,,,,,,,,,,,,,,,,,,,,,,,,,,,,
IMG-0471D6CDD7,R2,not_available,not_available,not_available,,0,not_available,reader_input_unavailable,reader_input_missing,,,,,,,,,,,,,,,,,,,,,,,,,,,,,,,,,,,,,,,,,,,,,,,,,,,,,,,,,,,,,,,,,,,,,,,,,,,,,,,,,,,,,,,,,,,,,,,,,,,,,,,,,,,
IMG-16B74920F6,R2,not_available,not_available,not_available,,0,not_available,reader_input_unavailable,reader_input_missing,,,,,,,,,,,,,,,,,,,,,,,,,,,,,,,,,,,,,,,,,,,,,,,,,,,,,,,,,,,,,,,,,,,,,,,,,,,,,,,,,,,,,,,,,,,,,,,,,,,,,,,,,,,
IMG-182FA24923,R2,available,success,single-H-low,0.0,0,structurally_undefined,structural_absence,structural_absence,,,,,,,,,,,,,,,,,,,,,,,,,,,,,,,,,,,,,,,,,,,,,,,,,,,,,,,,,,,,,,,,,,,,,,,,,,,,,,,,,,,,,,,,,,,,,,,,,,,,,,,,,,,
IMG-84841D4C1F,R2,not_available,not_available,not_available,,0,not_available,reader_input_unavailable,reader_input_missing,,,,,,,,,,,,,,,,,,,,,,,,,,,,,,,,,,,,,,,,,,,,,,,,,,,,,,,,,,,,,,,,,,,,,,,,,,,,,,,,,,,,,,,,,,,,,,,,,,,,,,,,,,,
IMG-3BC56FB663,R2,not_available,not_available,not_available,,0,not_available,reader_input_unavailable,reader_input_missing,,,,,,,,,,,,,,,,,,,,,,,,,,,,,,,,,,,,,,,,,,,,,,,,,,,,,,,,,,,,,,,,,,,,,,,,,,,,,,,,,,,,,,,,,,,,,,,,,,,,,,,,,,,
IMG-CE5F36D2D1,R2,not_available,not_available,not_available,,0,not_available,reader_input_unavailable,reader_input_missing,,,,,,,,,,,,,,,,,,,,,,,,,,,,,,,,,,,,,,,,,,,,,,,,,,,,,,,,,,,,,,,,,,,,,,,,,,,,,,,,,,,,,,,,,,,,,,,,,,,,,,,,,,,
IMG-B1DBEB52F4,R2,available,success,dual-habitat,1.0,1,extractable,none,,2.833039426803589,6.363249588012697,997112.168761138,4.4490274025574195,1.8681821823120117,2.8365600884828925,10.74460220336914,4.498936528767827,1.084638889450564,4.388523578643799,-0.02978656068444252,10.774388764053583,0.7723981567791257,4.695301829108011,0.40537587012898296,1994224.3375222755,0.052294980274313986,1.805429376543529,412.3150378618563,24397.383073503992,395.3365155510432,91.47340683654444,22.401223429503524,0.6060687441335414,3.5842635534666014,3.3493361068100787,9.334248835781239,0.3449911001156711,0.2558311653813685,0.9893875317728509,0.929711321101906,-0.08482927026486425,0.707182949175716,0.2610375621432103,19.875677974524606,0.0038484985771383064,8.480365872874746,0.6162191048373924,0.008054967127496501,39.7513559490492,5.263683689091181,28.46865756651198,7.192192579415718,7578.32503482279,0.167554556475332,3.471962910228746,2365.2496628269473,29.240094989845886,412.75173008468016,14.68259302659798,5850.336156006102,0.048006680837462366,0.003368117473632548,0.2512013219954575,105.09483296899846,0.0009338080919545147,2134.778807712324,0.051886152828459625,29.62200744161276,413.74707356588266,1.323264212564148,543.6630447900702,0.00443174840055911,0.0033793205236032978,4.935208030506813,34448.45084031665,0.8367340586888316,0.9096835420433114,0.1135031840216769,0.9318648882001137,386.234384818251,0.00315748255913855,566.4423845293271,0.04526469430472488,37.364037654205745,424.30318043790953,282.79119386287357,110149.2354163337,0.7956342316872685,0.003712605969238902,4323.752916733259,0.3455132584891529,0.6093348981594596,254.83075390412395,0.002408684308299885,6.955954546058142,0.27668089057905326,269.72823166198333,5.354456753413271,0.00021324656107038993,1647.7003270327334,0.08612727931428031,0.13576024890752747,0.8666424493331558,0.8060974727068757,49.26156657756882,61.11117854289811,70.0,74.33034373659251,68.60029154456998,75.55792479945434,90354.83333333336,52.96154145405301,0.4638607337580457,20992.497329426245,0.2323339721294331,90457.99999999999
IMG-825C59B3C8,R2,available,success,dual-habitat,1.0,1,extractable,none,,2.5273313522338867,4.651900768280029,177467.91433848883,3.76187226707842,1.1573774814605713,2.8679222770439323,6.873132705688477,3.546980592606002,0.6665241798040663,3.483947277069092,1.0185270309448242,5.854605674743652,0.47504262317494844,3.641796190918403,0.32631140349585724,354935.8286769776,0.08480127643517486,0.6816081718641661,128.40026463642695,3287.9927941534906,76.23126007159317,33.83510377782921,9.196074627169477,0.5719610416496648,2.2918685466177835,2.7650664610217857,3.878334299533769,0.4318618709536595,0.35475598124253005,0.9849453413286351,0.9176297671833932,-0.08969862385975007,0.6840084432147026,0.3534434073508717,11.055977585916622,0.00971747381153678,7.145583349056128,0.593394485183746,0.019767281053089635,22.11195517183325,4.552942150989495,10.757794601249667,6.827832918897668,1740.7789402884687,0.1300933368424235,5.6230317545944315,1134.7258799790748,11.083549399604284,126.7541289888648,23.453628278902922,3023.958373813616,0.24968161987701637,0.012884560003211703,0.18169511883324535,22.608327941362287,0.0031503916618312367,981.8441661923977,0.08375595522244596,11.349583867227885,126.50646551662999,1.4806328463745377,188.2213883113181,0.01839368346075953,0.013156072945382114,4.385717002175884,9211.772319960644,0.7847375982279944,0.8760527268859981,0.17429148920400667,0.9067767345411688,114.51206652478633,0.012124219564627593,168.76223210675292,0.06824190542125068,17.135352138722958,123.81843914274161,1053.5410432672868,135385.80792559645,10.08167178208586,0.018968258808838637,841.923574605742,0.3404462493351161,0.604237205040102,75.01753679074982,0.01207142368881086,6.3031095887996225,0.1848142889171213,1024.2638857935005,5.2432350242201675,0.0006697989100256414,386.7266074368211,0.06221651637016818,0.14365627529829075,0.7297475364320346,0.5651359817411717,30.268573744512413,53.55980635183694,58.79625838435639,52.83937925449162,56.0802995712398,62.593929418115295,26484.333333333296,39.08513673702984,0.36189152713643835,11873.125894968482,0.44830752375499344,26761.999999999993
IMG-5A2D81D110,R2,not_available,not_available,not_available,,0,not_available,reader_input_unavailable,reader_input_missing,,,,,,,,,,,,,,,,,,,,,,,,,,,,,,,,,,,,,,,,,,,,,,,,,,,,,,,,,,,,,,,,,,,,,,,,,,,,,,,,,,,,,,,,,,,,,,,,,,,,,,,,,,,
IMG-43B8CB3C00,R2,not_available,not_available,not_available,,0,not_available,reader_input_unavailable,reader_input_missing,,,,,,,,,,,,,,,,,,,,,,,,,,,,,,,,,,,,,,,,,,,,,,,,,,,,,,,,,,,,,,,,,,,,,,,,,,,,,,,,,,,,,,,,,,,,,,,,,,,,,,,,,,,
IMG-84EC128C44,R2,not_available,not_available,not_available,,0,not_available,reader_input_unavailable,reader_input_missing,,,,,,,,,,,,,,,,,,,,,,,,,,,,,,,,,,,,,,,,,,,,,,,,,,,,,,,,,,,,,,,,,,,,,,,,,,,,,,,,,,,,,,,,,,,,,,,,,,,,,,,,,,,
IMG-F279B634FE,R2,not_available,not_available,not_available,,0,not_available,reader_input_unavailable,reader_input_missing,,,,,,,,,,,,,,,,,,,,,,,,,,,,,,,,,,,,,,,,,,,,,,,,,,,,,,,,,,,,,,,,,,,,,,,,,,,,,,,,,,,,,,,,,,,,,,,,,,,,,,,,,,,
IMG-51BE456A2B,R2,not_available,not_available,not_available,,0,not_available,reader_input_unavailable,reader_input_missing,,,,,,,,,,,,,,,,,,,,,,,,,,,,,,,,,,,,,,,,,,,,,,,,,,,,,,,,,,,,,,,,,,,,,,,,,,,,,,,,,,,,,,,,,,,,,,,,,,,,,,,,,,,
IMG-347471A6EE,R2,not_available,not_available,not_available,,0,not_available,reader_input_unavailable,reader_input_missing,,,,,,,,,,,,,,,,,,,,,,,,,,,,,,,,,,,,,,,,,,,,,,,,,,,,,,,,,,,,,,,,,,,,,,,,,,,,,,,,,,,,,,,,,,,,,,,,,,,,,,,,,,,
IMG-752909BDF6,R2,not_available,not_available,not_available,,0,not_available,reader_input_unavailable,reader_input_missing,,,,,,,,,,,,,,,,,,,,,,,,,,,,,,,,,,,,,,,,,,,,,,,,,,,,,,,,,,,,,,,,,,,,,,,,,,,,,,,,,,,,,,,,,,,,,,,,,,,,,,,,,,,
IMG-31A6F1A42B,R2,not_available,not_available,not_available,,0,not_available,reader_input_unavailable,reader_input_missing,,,,,,,,,,,,,,,,,,,,,,,,,,,,,,,,,,,,,,,,,,,,,,,,,,,,,,,,,,,,,,,,,,,,,,,,,,,,,,,,,,,,,,,,,,,,,,,,,,,,,,,,,,,
IMG-1252F541E2,R2,not_available,not_available,not_available,,0,not_available,reader_input_unavailable,reader_input_missing,,,,,,,,,,,,,,,,,,,,,,,,,,,,,,,,,,,,,,,,,,,,,,,,,,,,,,,,,,,,,,,,,,,,,,,,,,,,,,,,,,,,,,,,,,,,,,,,,,,,,,,,,,,
IMG-14459C284D,R2,not_available,not_available,not_available,,0,not_available,reader_input_unavailable,reader_input_missing,,,,,,,,,,,,,,,,,,,,,,,,,,,,,,,,,,,,,,,,,,,,,,,,,,,,,,,,,,,,,,,,,,,,,,,,,,,,,,,,,,,,,,,,,,,,,,,,,,,,,,,,,,,
IMG-E0E0FAFD6E,R2,not_available,not_available,not_available,,0,not_available,reader_input_unavailable,reader_input_missing,,,,,,,,,,,,,,,,,,,,,,,,,,,,,,,,,,,,,,,,,,,,,,,,,,,,,,,,,,,,,,,,,,,,,,,,,,,,,,,,,,,,,,,,,,,,,,,,,,,,,,,,,,,
IMG-BA54202DCF,R2,not_available,not_available,not_available,,0,not_available,reader_input_unavailable,reader_input_missing,,,,,,,,,,,,,,,,,,,,,,,,,,,,,,,,,,,,,,,,,,,,,,,,,,,,,,,,,,,,,,,,,,,,,,,,,,,,,,,,,,,,,,,,,,,,,,,,,,,,,,,,,,,
IMG-6FB428CEA6,R2,not_available,not_available,not_available,,0,not_available,reader_input_unavailable,reader_input_missing,,,,,,,,,,,,,,,,,,,,,,,,,,,,,,,,,,,,,,,,,,,,,,,,,,,,,,,,,,,,,,,,,,,,,,,,,,,,,,,,,,,,,,,,,,,,,,,,,,,,,,,,,,,
IMG-5D365168EC,R2,not_available,not_available,not_available,,0,not_available,reader_input_unavailable,reader_input_missing,,,,,,,,,,,,,,,,,,,,,,,,,,,,,,,,,,,,,,,,,,,,,,,,,,,,,,,,,,,,,,,,,,,,,,,,,,,,,,,,,,,,,,,,,,,,,,,,,,,,,,,,,,,
IMG-1D973558E3,R2,not_available,not_available,not_available,,0,not_available,reader_input_unavailable,reader_input_missing,,,,,,,,,,,,,,,,,,,,,,,,,,,,,,,,,,,,,,,,,,,,,,,,,,,,,,,,,,,,,,,,,,,,,,,,,,,,,,,,,,,,,,,,,,,,,,,,,,,,,,,,,,,
IMG-B43CAB599F,R2,not_available,not_available,not_available,,0,not_available,reader_input_unavailable,reader_input_missing,,,,,,,,,,,,,,,,,,,,,,,,,,,,,,,,,,,,,,,,,,,,,,,,,,,,,,,,,,,,,,,,,,,,,,,,,,,,,,,,,,,,,,,,,,,,,,,,,,,,,,,,,,,
IMG-ED52B7F24B,R2,not_available,not_available,not_available,,0,not_available,reader_input_unavailable,reader_input_missing,,,,,,,,,,,,,,,,,,,,,,,,,,,,,,,,,,,,,,,,,,,,,,,,,,,,,,,,,,,,,,,,,,,,,,,,,,,,,,,,,,,,,,,,,,,,,,,,,,,,,,,,,,,
IMG-0A000C0269,R2,not_available,not_available,not_available,,0,not_available,reader_input_unavailable,reader_input_missing,,,,,,,,,,,,,,,,,,,,,,,,,,,,,,,,,,,,,,,,,,,,,,,,,,,,,,,,,,,,,,,,,,,,,,,,,,,,,,,,,,,,,,,,,,,,,,,,,,,,,,,,,,,
IMG-08E659F23A,R2,not_available,not_available,not_available,,0,not_available,reader_input_unavailable,reader_input_missing,,,,,,,,,,,,,,,,,,,,,,,,,,,,,,,,,,,,,,,,,,,,,,,,,,,,,,,,,,,,,,,,,,,,,,,,,,,,,,,,,,,,,,,,,,,,,,,,,,,,,,,,,,,
IMG-1A71CBBE7D,R2,not_available,not_available,not_available,,0,not_available,reader_input_unavailable,reader_input_missing,,,,,,,,,,,,,,,,,,,,,,,,,,,,,,,,,,,,,,,,,,,,,,,,,,,,,,,,,,,,,,,,,,,,,,,,,,,,,,,,,,,,,,,,,,,,,,,,,,,,,,,,,,,
IMG-EDE71F65A0,R2,not_available,not_available,not_available,,0,not_available,reader_input_unavailable,reader_input_missing,,,,,,,,,,,,,,,,,,,,,,,,,,,,,,,,,,,,,,,,,,,,,,,,,,,,,,,,,,,,,,,,,,,,,,,,,,,,,,,,,,,,,,,,,,,,,,,,,,,,,,,,,,,
IMG-2E8214BE2B,R2,not_available,not_available,not_available,,0,not_available,reader_input_unavailable,reader_input_missing,,,,,,,,,,,,,,,,,,,,,,,,,,,,,,,,,,,,,,,,,,,,,,,,,,,,,,,,,,,,,,,,,,,,,,,,,,,,,,,,,,,,,,,,,,,,,,,,,,,,,,,,,,,
IMG-90A2CAF22A,R2,not_available,not_available,not_available,,0,not_available,reader_input_unavailable,reader_input_missing,,,,,,,,,,,,,,,,,,,,,,,,,,,,,,,,,,,,,,,,,,,,,,,,,,,,,,,,,,,,,,,,,,,,,,,,,,,,,,,,,,,,,,,,,,,,,,,,,,,,,,,,,,,
IMG-1AEFA3EFE6,R2,not_available,not_available,not_available,,0,not_available,reader_input_unavailable,reader_input_missing,,,,,,,,,,,,,,,,,,,,,,,,,,,,,,,,,,,,,,,,,,,,,,,,,,,,,,,,,,,,,,,,,,,,,,,,,,,,,,,,,,,,,,,,,,,,,,,,,,,,,,,,,,,
IMG-DA4569F340,R2,available,success,single-H-low,0.0,0,structurally_undefined,structural_absence,structural_absence,,,,,,,,,,,,,,,,,,,,,,,,,,,,,,,,,,,,,,,,,,,,,,,,,,,,,,,,,,,,,,,,,,,,,,,,,,,,,,,,,,,,,,,,,,,,,,,,,,,,,,,,,,,
IMG-72D76DF319,R2,not_available,not_available,not_available,,0,not_available,reader_input_unavailable,reader_input_missing,,,,,,,,,,,,,,,,,,,,,,,,,,,,,,,,,,,,,,,,,,,,,,,,,,,,,,,,,,,,,,,,,,,,,,,,,,,,,,,,,,,,,,,,,,,,,,,,,,,,,,,,,,,
IMG-49ADFFE3F2,R2,not_available,not_available,not_available,,0,not_available,reader_input_unavailable,reader_input_missing,,,,,,,,,,,,,,,,,,,,,,,,,,,,,,,,,,,,,,,,,,,,,,,,,,,,,,,,,,,,,,,,,,,,,,,,,,,,,,,,,,,,,,,,,,,,,,,,,,,,,,,,,,,
IMG-F86458F022,R2,not_available,not_available,not_available,,0,not_available,reader_input_unavailable,reader_input_missing,,,,,,,,,,,,,,,,,,,,,,,,,,,,,,,,,,,,,,,,,,,,,,,,,,,,,,,,,,,,,,,,,,,,,,,,,,,,,,,,,,,,,,,,,,,,,,,,,,,,,,,,,,,
IMG-5499170604,R2,not_available,not_available,not_available,,0,not_available,reader_input_unavailable,reader_input_missing,,,,,,,,,,,,,,,,,,,,,,,,,,,,,,,,,,,,,,,,,,,,,,,,,,,,,,,,,,,,,,,,,,,,,,,,,,,,,,,,,,,,,,,,,,,,,,,,,,,,,,,,,,,
IMG-E9EDC2335C,R2,not_available,not_available,not_available,,0,not_available,reader_input_unavailable,reader_input_missing,,,,,,,,,,,,,,,,,,,,,,,,,,,,,,,,,,,,,,,,,,,,,,,,,,,,,,,,,,,,,,,,,,,,,,,,,,,,,,,,,,,,,,,,,,,,,,,,,,,,,,,,,,,
IMG-4D0EB0D8B3,R2,not_available,not_available,not_available,,0,not_available,reader_input_unavailable,reader_input_missing,,,,,,,,,,,,,,,,,,,,,,,,,,,,,,,,,,,,,,,,,,,,,,,,,,,,,,,,,,,,,,,,,,,,,,,,,,,,,,,,,,,,,,,,,,,,,,,,,,,,,,,,,,,
IMG-B0E51AD8F2,R2,not_available,not_available,not_available,,0,not_available,reader_input_unavailable,reader_input_missing,,,,,,,,,,,,,,,,,,,,,,,,,,,,,,,,,,,,,,,,,,,,,,,,,,,,,,,,,,,,,,,,,,,,,,,,,,,,,,,,,,,,,,,,,,,,,,,,,,,,,,,,,,,
IMG-9739F308BF,R2,not_available,not_available,not_available,,0,not_available,reader_input_unavailable,reader_input_missing,,,,,,,,,,,,,,,,,,,,,,,,,,,,,,,,,,,,,,,,,,,,,,,,,,,,,,,,,,,,,,,,,,,,,,,,,,,,,,,,,,,,,,,,,,,,,,,,,,,,,,,,,,,
IMG-E518F85E8B,R2,not_available,not_available,not_available,,0,not_available,reader_input_unavailable,reader_input_missing,,,,,,,,,,,,,,,,,,,,,,,,,,,,,,,,,,,,,,,,,,,,,,,,,,,,,,,,,,,,,,,,,,,,,,,,,,,,,,,,,,,,,,,,,,,,,,,,,,,,,,,,,,,
IMG-6DD5C1D207,R2,not_available,not_available,not_available,,0,not_available,reader_input_unavailable,reader_input_missing,,,,,,,,,,,,,,,,,,,,,,,,,,,,,,,,,,,,,,,,,,,,,,,,,,,,,,,,,,,,,,,,,,,,,,,,,,,,,,,,,,,,,,,,,,,,,,,,,,,,,,,,,,,
IMG-FF9305570E,R2,not_available,not_available,not_available,,0,not_available,reader_input_unavailable,reader_input_missing,,,,,,,,,,,,,,,,,,,,,,,,,,,,,,,,,,,,,,,,,,,,,,,,,,,,,,,,,,,,,,,,,,,,,,,,,,,,,,,,,,,,,,,,,,,,,,,,,,,,,,,,,,,
IMG-A94AF0E2B7,R2,not_available,not_available,not_available,,0,not_available,reader_input_unavailable,reader_input_missing,,,,,,,,,,,,,,,,,,,,,,,,,,,,,,,,,,,,,,,,,,,,,,,,,,,,,,,,,,,,,,,,,,,,,,,,,,,,,,,,,,,,,,,,,,,,,,,,,,,,,,,,,,,
IMG-8BF8DD5DE4,R2,not_available,not_available,not_available,,0,not_available,reader_input_unavailable,reader_input_missing,,,,,,,,,,,,,,,,,,,,,,,,,,,,,,,,,,,,,,,,,,,,,,,,,,,,,,,,,,,,,,,,,,,,,,,,,,,,,,,,,,,,,,,,,,,,,,,,,,,,,,,,,,,
IMG-16B3264BD9,R2,available,success,dual-habitat,1.0,1,extractable,none,,2.3453432083129884,4.245535850524902,787.6128849345043,3.4422745649244257,0.8816907405853271,3.3824457143827096,5.302191257476807,3.147035214106242,0.6068281937493217,2.9156007766723633,1.3808939456939697,3.921297311782837,0.40045374407572354,3.2406025878623343,0.6402203799891639,1575.2257698690082,0.11324444444444445,0.5976744936353379,52.180640682846565,1087.5318117344975,57.406593280346286,13.124381431329718,13.948450569038803,0.019206905566769236,2.496325243384067,1.8271246915717256,6.064496650329853,0.45566197604871245,0.38535267386703276,0.961272150270076,0.886508660100729,-0.628734228413452,0.96285182628353,0.3360618266389184,7.189550767859592,0.1286559778591594,3.52395379280716,0.9159846622029245,0.16422768408062524,14.379101535719183,2.3416083954661717,6.76820800009213,4.355438777642301,36.25333333333333,0.4833777777777778,0.6997333333333333,8.493333333333334,9.828622222222222,75.54666666666667,3.1333333333333333,167.65333333333334,0.09240028239902248,0.03690391891535741,0.7115740740740741,62.994537037037034,0.029397030343742213,8.18326626641695,0.1114774971142636,9.95870037011903,76.26676853505622,1.0693534344219275,79.28753940000516,0.038937841617225424,0.03714853712061654,3.556088808631635,70.40833106175572,0.9588285458301583,0.9784615384615384,0.023694047336098263,0.9838826426155195,75.57140487864804,0.03672612938872965,5.385964912280702,0.09449061249615266,11.429978454909202,85.63157894736842,2.3684210526315788,145.19298245614036,0.07564322651040749,0.04037467594528215,42.824561403508774,0.7513080947983996,0.8735380116959064,80.10099902534112,0.03707236182419657,4.087557672842559,0.76,0.6371191135734071,0.14507658693483558,0.05972369732030197,261.38992331949066,0.21421239451303153,5.547648516604122,0.7133489851557558,0.5645897703279881,28.282512358210496,50.09391569702068,46.52956049652736,34.23448553724738,44.18144406874904,46.626172907499054,91.91666666666664,35.73444392494769,0.3487454529224865,282.42626431011456,3.0726338818870134,149.99999999999994
IMG-A3C8C2DD06,R2,not_available,not_available,not_available,,0,not_available,reader_input_unavailable,reader_input_missing,,,,,,,,,,,,,,,,,,,,,,,,,,,,,,,,,,,,,,,,,,,,,,,,,,,,,,,,,,,,,,,,,,,,,,,,,,,,,,,,,,,,,,,,,,,,,,,,,,,,,,,,,,,
IMG-9CAFFB700F,R2,not_available,not_available,not_available,,0,not_available,reader_input_unavailable,reader_input_missing,,,,,,,,,,,,,,,,,,,,,,,,,,,,,,,,,,,,,,,,,,,,,,,,,,,,,,,,,,,,,,,,,,,,,,,,,,,,,,,,,,,,,,,,,,,,,,,,,,,,,,,,,,,
IMG-34B5A93F0D,R2,available,success,dual-habitat,1.0,1,extractable,none,,2.4720638751983643,4.015335893630982,27512.885910189092,3.343775413157912,0.7737067937850952,4.877422962002592,7.038501262664795,3.2004500613446942,0.4834016159872294,3.134523868560791,0.8670386672019958,6.171462595462799,0.31971484015099033,3.263035652276854,0.6974200461488506,55025.77182037818,0.12142087770418582,0.4045210728685753,110.26871597208836,1153.3255836715434,40.716578564550254,16.016965982769225,7.924625084226909,0.331567805561051,2.1051341796729015,2.6508922824780177,3.436159160410519,0.450260969754899,0.3770677112287459,0.9888566128722485,0.9288514768490802,-0.06346031937804769,0.5652641010023339,0.3737960160263153,10.403822413584916,0.018117316160831363,6.362774959067821,0.5127577297895314,0.04390468963490584,20.807644827169835,3.9745983817939243,5.985397766749035,6.013230690144178,414.70820433436535,0.16049079115107018,4.148153317869433,313.7515479876161,6.57258752959388,113.90828173374614,15.510061919504643,1651.142801857585,0.166098660771279,0.011879283281717987,0.27758881016395265,34.58525636018602,0.003959130392189762,277.51532905264224,0.11814141798778223,6.868810243781217,114.6138873766125,1.33518197937273,150.32223638840534,0.015602439602648207,0.011992939528492848,3.836526653401852,1970.1715037321471,0.8365849497596843,0.9088175756132413,0.11833155136461052,0.9309421437460303,107.19801350422946,0.01124779969137797,71.65776699029126,0.08696330945423697,11.177831027900838,124.84344660194175,103.55097087378641,10713.554611650485,1.054060782991361,0.014051745963804537,313.3543689320388,0.3802844283155811,0.638063874165316,81.94032768090283,0.009846005564023173,5.672268899644123,0.3188854489164087,93.71696201338484,1.0827579895679715,0.002776463628864607,401.77299775132735,0.03525027675771094,0.8130889316944284,0.6439913143816203,0.4473591419490405,28.11309481812824,62.84233892180224,79.19595949289332,59.13543776789007,53.75872022286245,79.22120928135344,4780.91666666666,40.46992044106668,0.28101573920766454,4883.834394112041,1.0215267771059346,5167.999999999999
IMG-D1AF77C161,R2,not_available,not_available,not_available,,0,not_available,reader_input_unavailable,reader_input_missing,,,,,,,,,,,,,,,,,,,,,,,,,,,,,,,,,,,,,,,,,,,,,,,,,,,,,,,,,,,,,,,,,,,,,,,,,,,,,,,,,,,,,,,,,,,,,,,,,,,,,,,,,,,
IMG-9F1071F4E8,R2,not_available,not_available,not_available,,0,not_available,reader_input_unavailable,reader_input_missing,,,,,,,,,,,,,,,,,,,,,,,,,,,,,,,,,,,,,,,,,,,,,,,,,,,,,,,,,,,,,,,,,,,,,,,,,,,,,,,,,,,,,,,,,,,,,,,,,,,,,,,,,,,
IMG-C870A6AC1C,R2,not_available,not_available,not_available,,0,not_available,reader_input_unavailable,reader_input_missing,,,,,,,,,,,,,,,,,,,,,,,,,,,,,,,,,,,,,,,,,,,,,,,,,,,,,,,,,,,,,,,,,,,,,,,,,,,,,,,,,,,,,,,,,,,,,,,,,,,,,,,,,,,
IMG-30F089654C,R2,not_available,not_available,not_available,,0,not_available,reader_input_unavailable,reader_input_missing,,,,,,,,,,,,,,,,,,,,,,,,,,,,,,,,,,,,,,,,,,,,,,,,,,,,,,,,,,,,,,,,,,,,,,,,,,,,,,,,,,,,,,,,,,,,,,,,,,,,,,,,,,,
IMG-7D9C529BB1,R2,not_available,not_available,not_available,,0,not_available,reader_input_unavailable,reader_input_missing,,,,,,,,,,,,,,,,,,,,,,,,,,,,,,,,,,,,,,,,,,,,,,,,,,,,,,,,,,,,,,,,,,,,,,,,,,,,,,,,,,,,,,,,,,,,,,,,,,,,,,,,,,,
IMG-2D53CE5376,R2,not_available,not_available,not_available,,0,not_available,reader_input_unavailable,reader_input_missing,,,,,,,,,,,,,,,,,,,,,,,,,,,,,,,,,,,,,,,,,,,,,,,,,,,,,,,,,,,,,,,,,,,,,,,,,,,,,,,,,,,,,,,,,,,,,,,,,,,,,,,,,,,
IMG-E90D2F9CF7,R2,not_available,not_available,not_available,,0,not_available,reader_input_unavailable,reader_input_missing,,,,,,,,,,,,,,,,,,,,,,,,,,,,,,,,,,,,,,,,,,,,,,,,,,,,,,,,,,,,,,,,,,,,,,,,,,,,,,,,,,,,,,,,,,,,,,,,,,,,,,,,,,,
IMG-5257F0B748,R2,not_available,not_available,not_available,,0,not_available,reader_input_unavailable,reader_input_missing,,,,,,,,,,,,,,,,,,,,,,,,,,,,,,,,,,,,,,,,,,,,,,,,,,,,,,,,,,,,,,,,,,,,,,,,,,,,,,,,,,,,,,,,,,,,,,,,,,,,,,,,,,,
IMG-9C7F306FC4,R2,not_available,not_available,not_available,,0,not_available,reader_input_unavailable,reader_input_missing,,,,,,,,,,,,,,,,,,,,,,,,,,,,,,,,,,,,,,,,,,,,,,,,,,,,,,,,,,,,,,,,,,,,,,,,,,,,,,,,,,,,,,,,,,,,,,,,,,,,,,,,,,,
IMG-D6AD15F9D9,R2,not_available,not_available,not_available,,0,not_available,reader_input_unavailable,reader_input_missing,,,,,,,,,,,,,,,,,,,,,,,,,,,,,,,,,,,,,,,,,,,,,,,,,,,,,,,,,,,,,,,,,,,,,,,,,,,,,,,,,,,,,,,,,,,,,,,,,,,,,,,,,,,
IMG-893073F906,R2,available,success,dual-habitat,1.0,1,extractable,none,,2.627147722244263,4.204956912994385,119281.8345183166,3.356319830289851,0.8526585698127747,3.0328570524263085,5.94134521484375,3.451825352089921,0.4956435532543026,3.494254469871521,0.9238390326499939,5.017506182193756,0.3496102603215149,3.50672159460863,-0.20197716316737702,238563.6690366332,0.11382612392390265,0.38199808076378516,138.42606793474448,793.2118176446792,-14.30359964700252,16.08044929867913,6.610578868438419,0.41431733454274217,1.9665031593719584,2.5446372013371166,2.6640714303410893,0.4599545231773464,0.38833545457259777,0.9857516387529106,0.9188198955807855,-0.05775793729005545,0.5177923540018621,0.3858969918800389,11.66409431268736,0.0169666825591279,6.379580851271805,0.4227107924079498,0.03759666090206246,23.32818862537472,4.0306310363796065,5.672757041779388,6.415244659335727,1157.6303092783505,0.11934333085343819,6.403113572111808,1104.1134020618556,6.23166511850356,135.71494845360826,26.571546391752577,3908.7384536082473,0.2043268761773606,0.009494433361625507,0.1722657483928437,21.291746675993497,0.0022781961709611516,928.1124991502596,0.11050329056317429,6.524956703853011,134.42854534749333,1.5386656463448594,212.06990215363572,0.014018203485471392,0.009727353267538456,4.027370218668711,6486.392802103462,0.7699823142998472,0.8657335448057099,0.19634159428164127,0.8987889638040383,119.89298014969684,0.008910205650693826,143.0082498526812,0.08427121382008321,11.819717210412218,120.44843842074249,2790.1602828520918,426513.39363582793,18.77551601548817,0.014023160522400817,588.7430760164997,0.34693168887242176,0.6100080274287978,72.99921936989989,0.009365007381962932,5.935677897288935,0.17494845360824743,2757.4879771540404,4.142259577493953,0.0008492131243641586,232.8814458002787,0.04378140418261416,0.12506465633329839,0.8629834393221325,0.3608387966993437,19.21028936246107,53.23787114407038,52.392747589718944,63.06346010171025,65.52098900352466,70.73895673530957,19201.166666666668,45.943401142098374,0.396054713352485,8755.494575114832,0.4559876348719174,19400.0
IMG-3C4E938C01,R2,not_available,not_available,not_available,,0,not_available,reader_input_unavailable,reader_input_missing,,,,,,,,,,,,,,,,,,,,,,,,,,,,,,,,,,,,,,,,,,,,,,,,,,,,,,,,,,,,,,,,,,,,,,,,,,,,,,,,,,,,,,,,,,,,,,,,,,,,,,,,,,,
IMG-674546F2D1,R2,not_available,not_available,not_available,,0,not_available,reader_input_unavailable,reader_input_missing,,,,,,,,,,,,,,,,,,,,,,,,,,,,,,,,,,,,,,,,,,,,,,,,,,,,,,,,,,,,,,,,,,,,,,,,,,,,,,,,,,,,,,,,,,,,,,,,,,,,,,,,,,,
IMG-27DA8AE9DB,R2,not_available,not_available,not_available,,0,not_available,reader_input_unavailable,reader_input_missing,,,,,,,,,,,,,,,,,,,,,,,,,,,,,,,,,,,,,,,,,,,,,,,,,,,,,,,,,,,,,,,,,,,,,,,,,,,,,,,,,,,,,,,,,,,,,,,,,,,,,,,,,,,
IMG-BE686C84B9,R2,not_available,not_available,not_available,,0,not_available,reader_input_unavailable,reader_input_missing,,,,,,,,,,,,,,,,,,,,,,,,,,,,,,,,,,,,,,,,,,,,,,,,,,,,,,,,,,,,,,,,,,,,,,,,,,,,,,,,,,,,,,,,,,,,,,,,,,,,,,,,,,,
IMG-EE9195B25E,R2,available,success,dual-habitat,1.0,1,extractable,none,,2.434328556060791,4.173265171051026,46262.92595843892,3.468426330953307,0.8509635925292969,3.892186788826006,6.675679683685303,3.2320806610823523,0.5379118472944255,3.1388299465179443,1.4371955394744873,5.238484144210815,0.362293915499021,3.3051398546656676,0.7108953005564584,92525.85191687783,0.10912252285655741,0.47760405915685733,72.63683313831962,1201.7570100414866,49.34682403591837,16.83136488606678,9.353350014130625,0.2765957978172174,2.2938935441493933,2.7658278118340127,4.002340299843111,0.43471566698438396,0.35851741877282917,0.9820287732606695,0.911306492675619,-0.04843377818894545,0.5001315803858576,0.35355977077748396,8.412274179775029,0.01689005118086396,6.511214847264014,0.47425348432150477,0.04253829891501342,16.824548359550054,4.000662401881683,6.546178725049351,6.0979585482997525,729.4892561983471,0.17225248080244324,5.095781848290167,462.13388429752064,7.798018480392634,79.94970484061393,15.635655253837072,1035.1275088547816,0.2877241708336984,0.02080340567135728,0.31636288235507964,29.540099296284023,0.007811566249967929,407.42810107899976,0.10527242796543838,8.150282348148048,81.06291290216156,1.3235693897418341,103.03382730309674,0.027009661789852535,0.021018543143278997,3.940254826811324,3291.9525136671855,0.8487226621842084,0.9135954954136772,0.11956303114828784,0.9365161307105291,76.68538553160687,0.019835015828281507,127.5911708253359,0.08163222701556999,11.971208803713843,92.95969289827255,92.59820857325656,5520.536788227767,1.678112469813658,0.02429864513811085,622.5777351247601,0.3983222873478951,0.6545310145921344,63.97487239171864,0.01727466861064616,5.680620808520397,0.3690672963400236,85.25663976906789,2.669416872375021,0.0016874488773635336,370.82022349136287,0.056872045324259546,0.3520283812599505,0.7232407429338512,0.4068915024556743,26.72860700225412,65.68976457100099,68.24221567329127,67.91170738539859,50.803543183522144,70.57619995437555,7802.749999999953,47.50951413148054,0.21363244762153086,8905.303047352481,1.141303136375321,8469.999999999998
IMG-1719460986,R2,not_available,not_available,not_available,,0,not_available,reader_input_unavailable,reader_input_missing,,,,,,,,,,,,,,,,,,,,,,,,,,,,,,,,,,,,,,,,,,,,,,,,,,,,,,,,,,,,,,,,,,,,,,,,,,,,,,,,,,,,,,,,,,,,,,,,,,,,,,,,,,,
IMG-A58F224B6A,R2,not_available,not_available,not_available,,0,not_available,reader_input_unavailable,reader_input_missing,,,,,,,,,,,,,,,,,,,,,,,,,,,,,,,,,,,,,,,,,,,,,,,,,,,,,,,,,,,,,,,,,,,,,,,,,,,,,,,,,,,,,,,,,,,,,,,,,,,,,,,,,,,
IMG-41987B3798,R2,not_available,not_available,not_available,,0,not_available,reader_input_unavailable,reader_input_missing,,,,,,,,,,,,,,,,,,,,,,,,,,,,,,,,,,,,,,,,,,,,,,,,,,,,,,,,,,,,,,,,,,,,,,,,,,,,,,,,,,,,,,,,,,,,,,,,,,,,,,,,,,,
IMG-96B898FDD0,R2,not_available,not_available,not_available,,0,not_available,reader_input_unavailable,reader_input_missing,,,,,,,,,,,,,,,,,,,,,,,,,,,,,,,,,,,,,,,,,,,,,,,,,,,,,,,,,,,,,,,,,,,,,,,,,,,,,,,,,,,,,,,,,,,,,,,,,,,,,,,,,,,
IMG-5CBD2CD4FB,R2,not_available,not_available,not_available,,0,not_available,reader_input_unavailable,reader_input_missing,,,,,,,,,,,,,,,,,,,,,,,,,,,,,,,,,,,,,,,,,,,,,,,,,,,,,,,,,,,,,,,,,,,,,,,,,,,,,,,,,,,,,,,,,,,,,,,,,,,,,,,,,,,
IMG-3F82CE680D,R2,not_available,not_available,not_available,,0,not_available,reader_input_unavailable,reader_input_missing,,,,,,,,,,,,,,,,,,,,,,,,,,,,,,,,,,,,,,,,,,,,,,,,,,,,,,,,,,,,,,,,,,,,,,,,,,,,,,,,,,,,,,,,,,,,,,,,,,,,,,,,,,,
IMG-49DD8ACE53,R2,not_available,not_available,not_available,,0,not_available,reader_input_unavailable,reader_input_missing,,,,,,,,,,,,,,,,,,,,,,,,,,,,,,,,,,,,,,,,,,,,,,,,,,,,,,,,,,,,,,,,,,,,,,,,,,,,,,,,,,,,,,,,,,,,,,,,,,,,,,,,,,,
IMG-73F9CFC758,R2,not_available,not_available,not_available,,0,not_available,reader_input_unavailable,reader_input_missing,,,,,,,,,,,,,,,,,,,,,,,,,,,,,,,,,,,,,,,,,,,,,,,,,,,,,,,,,,,,,,,,,,,,,,,,,,,,,,,,,,,,,,,,,,,,,,,,,,,,,,,,,,,
IMG-91F93A3B3A,R2,not_available,not_available,not_available,,0,not_available,reader_input_unavailable,reader_input_missing,,,,,,,,,,,,,,,,,,,,,,,,,,,,,,,,,,,,,,,,,,,,,,,,,,,,,,,,,,,,,,,,,,,,,,,,,,,,,,,,,,,,,,,,,,,,,,,,,,,,,,,,,,,
IMG-D2B5AD3D4B,R2,not_available,not_available,not_available,,0,not_available,reader_input_unavailable,reader_input_missing,,,,,,,,,,,,,,,,,,,,,,,,,,,,,,,,,,,,,,,,,,,,,,,,,,,,,,,,,,,,,,,,,,,,,,,,,,,,,,,,,,,,,,,,,,,,,,,,,,,,,,,,,,,
IMG-A24EA009DC,R2,not_available,not_available,not_available,,0,not_available,reader_input_unavailable,reader_input_missing,,,,,,,,,,,,,,,,,,,,,,,,,,,,,,,,,,,,,,,,,,,,,,,,,,,,,,,,,,,,,,,,,,,,,,,,,,,,,,,,,,,,,,,,,,,,,,,,,,,,,,,,,,,
IMG-859B16287A,R2,not_available,not_available,not_available,,0,not_available,reader_input_unavailable,reader_input_missing,,,,,,,,,,,,,,,,,,,,,,,,,,,,,,,,,,,,,,,,,,,,,,,,,,,,,,,,,,,,,,,,,,,,,,,,,,,,,,,,,,,,,,,,,,,,,,,,,,,,,,,,,,,
IMG-42499E799F,R2,not_available,not_available,not_available,,0,not_available,reader_input_unavailable,reader_input_missing,,,,,,,,,,,,,,,,,,,,,,,,,,,,,,,,,,,,,,,,,,,,,,,,,,,,,,,,,,,,,,,,,,,,,,,,,,,,,,,,,,,,,,,,,,,,,,,,,,,,,,,,,,,
IMG-D488A0943C,R2,not_available,not_available,not_available,,0,not_available,reader_input_unavailable,reader_input_missing,,,,,,,,,,,,,,,,,,,,,,,,,,,,,,,,,,,,,,,,,,,,,,,,,,,,,,,,,,,,,,,,,,,,,,,,,,,,,,,,,,,,,,,,,,,,,,,,,,,,,,,,,,,
IMG-7D01A47448,R2,not_available,not_available,not_available,,0,not_available,reader_input_unavailable,reader_input_missing,,,,,,,,,,,,,,,,,,,,,,,,,,,,,,,,,,,,,,,,,,,,,,,,,,,,,,,,,,,,,,,,,,,,,,,,,,,,,,,,,,,,,,,,,,,,,,,,,,,,,,,,,,,
IMG-60A9582A2E,R2,not_available,not_available,not_available,,0,not_available,reader_input_unavailable,reader_input_missing,,,,,,,,,,,,,,,,,,,,,,,,,,,,,,,,,,,,,,,,,,,,,,,,,,,,,,,,,,,,,,,,,,,,,,,,,,,,,,,,,,,,,,,,,,,,,,,,,,,,,,,,,,,
IMG-4143CC5E40,R2,not_available,not_available,not_available,,0,not_available,reader_input_unavailable,reader_input_missing,,,,,,,,,,,,,,,,,,,,,,,,,,,,,,,,,,,,,,,,,,,,,,,,,,,,,,,,,,,,,,,,,,,,,,,,,,,,,,,,,,,,,,,,,,,,,,,,,,,,,,,,,,,
IMG-32C3789F8C,R2,not_available,not_available,not_available,,0,not_available,reader_input_unavailable,reader_input_missing,,,,,,,,,,,,,,,,,,,,,,,,,,,,,,,,,,,,,,,,,,,,,,,,,,,,,,,,,,,,,,,,,,,,,,,,,,,,,,,,,,,,,,,,,,,,,,,,,,,,,,,,,,,
IMG-EF83CC90EA,R2,not_available,not_available,not_available,,0,not_available,reader_input_unavailable,reader_input_missing,,,,,,,,,,,,,,,,,,,,,,,,,,,,,,,,,,,,,,,,,,,,,,,,,,,,,,,,,,,,,,,,,,,,,,,,,,,,,,,,,,,,,,,,,,,,,,,,,,,,,,,,,,,
IMG-EC52437D3C,R2,not_available,not_available,not_available,,0,not_available,reader_input_unavailable,reader_input_missing,,,,,,,,,,,,,,,,,,,,,,,,,,,,,,,,,,,,,,,,,,,,,,,,,,,,,,,,,,,,,,,,,,,,,,,,,,,,,,,,,,,,,,,,,,,,,,,,,,,,,,,,,,,
IMG-35E5834CF7,R2,not_available,not_available,not_available,,0,not_available,reader_input_unavailable,reader_input_missing,,,,,,,,,,,,,,,,,,,,,,,,,,,,,,,,,,,,,,,,,,,,,,,,,,,,,,,,,,,,,,,,,,,,,,,,,,,,,,,,,,,,,,,,,,,,,,,,,,,,,,,,,,,
IMG-7A14B18C9E,R2,not_available,not_available,not_available,,0,not_available,reader_input_unavailable,reader_input_missing,,,,,,,,,,,,,,,,,,,,,,,,,,,,,,,,,,,,,,,,,,,,,,,,,,,,,,,,,,,,,,,,,,,,,,,,,,,,,,,,,,,,,,,,,,,,,,,,,,,,,,,,,,,
IMG-ACAA7C268F,R2,not_available,not_available,not_available,,0,not_available,reader_input_unavailable,reader_input_missing,,,,,,,,,,,,,,,,,,,,,,,,,,,,,,,,,,,,,,,,,,,,,,,,,,,,,,,,,,,,,,,,,,,,,,,,,,,,,,,,,,,,,,,,,,,,,,,,,,,,,,,,,,,
IMG-D487331940,R2,not_available,not_available,not_available,,0,not_available,reader_input_unavailable,reader_input_missing,,,,,,,,,,,,,,,,,,,,,,,,,,,,,,,,,,,,,,,,,,,,,,,,,,,,,,,,,,,,,,,,,,,,,,,,,,,,,,,,,,,,,,,,,,,,,,,,,,,,,,,,,,,
IMG-EE852B744D,R2,not_available,not_available,not_available,,0,not_available,reader_input_unavailable,reader_input_missing,,,,,,,,,,,,,,,,,,,,,,,,,,,,,,,,,,,,,,,,,,,,,,,,,,,,,,,,,,,,,,,,,,,,,,,,,,,,,,,,,,,,,,,,,,,,,,,,,,,,,,,,,,,
IMG-040E40FBD4,R2,not_available,not_available,not_available,,0,not_available,reader_input_unavailable,reader_input_missing,,,,,,,,,,,,,,,,,,,,,,,,,,,,,,,,,,,,,,,,,,,,,,,,,,,,,,,,,,,,,,,,,,,,,,,,,,,,,,,,,,,,,,,,,,,,,,,,,,,,,,,,,,,
IMG-5DD43F3C7F,R2,not_available,not_available,not_available,,0,not_available,reader_input_unavailable,reader_input_missing,,,,,,,,,,,,,,,,,,,,,,,,,,,,,,,,,,,,,,,,,,,,,,,,,,,,,,,,,,,,,,,,,,,,,,,,,,,,,,,,,,,,,,,,,,,,,,,,,,,,,,,,,,,
IMG-51E5F6AA41,R2,not_available,not_available,not_available,,0,not_available,reader_input_unavailable,reader_input_missing,,,,,,,,,,,,,,,,,,,,,,,,,,,,,,,,,,,,,,,,,,,,,,,,,,,,,,,,,,,,,,,,,,,,,,,,,,,,,,,,,,,,,,,,,,,,,,,,,,,,,,,,,,,
IMG-44D24E8682,R2,not_available,not_available,not_available,,0,not_available,reader_input_unavailable,reader_input_missing,,,,,,,,,,,,,,,,,,,,,,,,,,,,,,,,,,,,,,,,,,,,,,,,,,,,,,,,,,,,,,,,,,,,,,,,,,,,,,,,,,,,,,,,,,,,,,,,,,,,,,,,,,,
IMG-829951450E,R2,not_available,not_available,not_available,,0,not_available,reader_input_unavailable,reader_input_missing,,,,,,,,,,,,,,,,,,,,,,,,,,,,,,,,,,,,,,,,,,,,,,,,,,,,,,,,,,,,,,,,,,,,,,,,,,,,,,,,,,,,,,,,,,,,,,,,,,,,,,,,,,,
IMG-1420B80C94,R2,not_available,not_available,not_available,,0,not_available,reader_input_unavailable,reader_input_missing,,,,,,,,,,,,,,,,,,,,,,,,,,,,,,,,,,,,,,,,,,,,,,,,,,,,,,,,,,,,,,,,,,,,,,,,,,,,,,,,,,,,,,,,,,,,,,,,,,,,,,,,,,,
IMG-A531957523,R2,not_available,not_available,not_available,,0,not_available,reader_input_unavailable,reader_input_missing,,,,,,,,,,,,,,,,,,,,,,,,,,,,,,,,,,,,,,,,,,,,,,,,,,,,,,,,,,,,,,,,,,,,,,,,,,,,,,,,,,,,,,,,,,,,,,,,,,,,,,,,,,,
IMG-5B8FDFFA35,R2,not_available,not_available,not_available,,0,not_available,reader_input_unavailable,reader_input_missing,,,,,,,,,,,,,,,,,,,,,,,,,,,,,,,,,,,,,,,,,,,,,,,,,,,,,,,,,,,,,,,,,,,,,,,,,,,,,,,,,,,,,,,,,,,,,,,,,,,,,,,,,,,
IMG-3731863B90,R2,not_available,not_available,not_available,,0,not_available,reader_input_unavailable,reader_input_missing,,,,,,,,,,,,,,,,,,,,,,,,,,,,,,,,,,,,,,,,,,,,,,,,,,,,,,,,,,,,,,,,,,,,,,,,,,,,,,,,,,,,,,,,,,,,,,,,,,,,,,,,,,,
IMG-8F0C09D99C,R2,available,success,dual-habitat,1.0,1,extractable,none,,2.413136053085327,3.9353711128234865,15678.643902596314,3.3074149986072965,0.7531442642211914,4.161954962326634,5.921860694885254,3.1333102434582734,0.4728416421493072,3.0798532962799072,1.5703078508377075,4.351552844047546,0.3125175118876562,3.1938705837162304,0.7348770033331694,31357.28780519262,0.12311836127209592,0.3831762237673121,52.319339047408256,911.2572187542119,41.928392215725495,15.223299127582852,8.45691446706145,0.28650420780885566,2.2039039385142307,2.7042944036710193,3.5291974181842534,0.44038407937283586,0.3643727782984556,0.9761234601988746,0.8980956971436544,-0.0586064102144396,0.5480243552219293,0.3566701365210989,7.114903098226037,0.01772609004406441,6.348556506408832,0.3901661748446842,0.04363524041919501,14.229806196452074,3.9282718904702594,5.920053398661078,5.83390011209687,256.9687703318152,0.16718852981900795,3.492495033587047,189.23292127521145,6.252801319353582,56.61938841899805,14.003253090435914,691.622641509434,0.37873042437332466,0.03419518223626782,0.2858024132260518,18.994468422076498,0.014577264525648148,168.28830329658018,0.11980153708786609,6.516885829764937,57.21909798858819,1.3048401174268702,72.46521401388307,0.04303430411131338,0.03490900614645401,3.7774624477961734,1182.7219436558792,0.8408440948427494,0.9137680796756918,0.10396602093117326,0.9335739111756983,53.84989286627782,0.03313125774908423,45.60687022900763,0.08703601188741915,10.756730377017655,65.98091603053435,34.097328244274806,1644.3625954198474,0.8574690582035297,0.048225688406531915,186.20992366412213,0.3553624497406911,0.6184917813517173,43.58048114179805,0.03658348207730383,5.681772681236178,0.3409238776837996,25.493630178894,1.5143576831614354,0.004590547828894549,219.34900131302578,0.06329293254500873,0.5889777677840309,0.6173311719468939,0.43063664718325273,18.39963915423788,42.72659857118039,46.86149805543992,33.241540277189316,34.36568055487916,47.38143096192852,2835.4999999999986,26.376461169251275,0.27656955003206424,3502.9413217519013,1.2353875231006535,3073.999999999999
IMG-7F8152B0FE,R2,not_available,not_available,not_available,,0,not_available,reader_input_unavailable,reader_input_missing,,,,,,,,,,,,,,,,,,,,,,,,,,,,,,,,,,,,,,,,,,,,,,,,,,,,,,,,,,,,,,,,,,,,,,,,,,,,,,,,,,,,,,,,,,,,,,,,,,,,,,,,,,,
IMG-A7BAC44F4F,R2,not_available,not_available,not_available,,0,not_available,reader_input_unavailable,reader_input_missing,,,,,,,,,,,,,,,,,,,,,,,,,,,,,,,,,,,,,,,,,,,,,,,,,,,,,,,,,,,,,,,,,,,,,,,,,,,,,,,,,,,,,,,,,,,,,,,,,,,,,,,,,,,
IMG-A770337F54,R2,not_available,not_available,not_available,,0,not_available,reader_input_unavailable,reader_input_missing,,,,,,,,,,,,,,,,,,,,,,,,,,,,,,,,,,,,,,,,,,,,,,,,,,,,,,,,,,,,,,,,,,,,,,,,,,,,,,,,,,,,,,,,,,,,,,,,,,,,,,,,,,,
IMG-EDA063D47C,R2,available,success,dual-habitat,1.0,1,extractable,none,,2.3470077991485594,4.105270004272461,23628.716606515027,3.512220101841094,0.8863869905471802,3.2676606772555497,5.8368916511535645,3.1852403842164114,0.5449453777808877,3.1329293251037598,1.22342050075531,4.613471150398254,0.36856387142801156,3.2602457349321865,0.38500786485882177,47257.43321303005,0.10484002663844984,0.4834459469003989,96.79035666755227,1981.8459209893651,52.32961520661468,24.892207422508438,10.191735630957123,0.42267986845364114,2.421356659289827,2.8032726895583764,4.1771374127817955,0.4196254499308606,0.3400224431745196,0.9767250769229183,0.898984478966869,-0.0865018098693683,0.6676914241704652,0.3403032168798027,9.64820411528295,0.012073836512998136,6.857585373428206,0.514418439010772,0.029673105259011703,19.296408230565895,4.301347856201804,8.77098576336639,5.940938560078611,450.7067026540711,0.20274705472517818,2.7483307967717368,233.05937921727394,7.907765885179054,94.61628430049483,10.384615384615385,1005.2262708052182,0.15058950649535513,0.016892280864113325,0.35763756104679434,34.77410407165139,0.0069388526457257885,215.40884406942905,0.10392957433942532,7.996427645584474,94.56060905255084,1.2373903399993555,117.26893247850079,0.020537961000505558,0.017049948115935153,3.883315280566599,1818.8716564155548,0.8754376328582685,0.9321775839994463,0.08139797350790083,0.9484378184372534,89.66147495705005,0.016283180326306834,89.5320910973085,0.09268332411729657,9.521114368872944,95.49585921325051,15.77536231884058,1624.231884057971,0.20573208169593007,0.019183397319844038,378.8074534161491,0.3921402209276905,0.6502136704378219,64.31523491684403,0.01321121808650512,5.54304112722715,0.43454790823211875,10.479646489975952,1.42783317963751,0.003363894509831684,270.3088621844453,0.06726075058378589,0.47397984239620744,0.45997544726169426,0.41770876717523286,34.0683430869877,81.56003839080472,70.71067811865476,67.17886572427373,50.96076922496363,80.8084154033477,3872.0,37.51561513749135,0.2154234310121284,5535.388218184897,1.4295940646138678,4446.0
IMG-F2DB83A884,R2,not_available,not_available,not_available,,0,not_available,reader_input_unavailable,reader_input_missing,,,,,,,,,,,,,,,,,,,,,,,,,,,,,,,,,,,,,,,,,,,,,,,,,,,,,,,,,,,,,,,,,,,,,,,,,,,,,,,,,,,,,,,,,,,,,,,,,,,,,,,,,,,
IMG-D316ED2AE7,R2,not_available,not_available,not_available,,0,not_available,reader_input_unavailable,reader_input_missing,,,,,,,,,,,,,,,,,,,,,,,,,,,,,,,,,,,,,,,,,,,,,,,,,,,,,,,,,,,,,,,,,,,,,,,,,,,,,,,,,,,,,,,,,,,,,,,,,,,,,,,,,,,
IMG-5B04889B9C,R2,not_available,not_available,not_available,,0,not_available,reader_input_unavailable,reader_input_missing,,,,,,,,,,,,,,,,,,,,,,,,,,,,,,,,,,,,,,,,,,,,,,,,,,,,,,,,,,,,,,,,,,,,,,,,,,,,,,,,,,,,,,,,,,,,,,,,,,,,,,,,,,,
IMG-999D48C03B,R2,not_available,not_available,not_available,,0,not_available,reader_input_unavailable,reader_input_missing,,,,,,,,,,,,,,,,,,,,,,,,,,,,,,,,,,,,,,,,,,,,,,,,,,,,,,,,,,,,,,,,,,,,,,,,,,,,,,,,,,,,,,,,,,,,,,,,,,,,,,,,,,,
IMG-B02B210E10,R2,not_available,not_available,not_available,,0,not_available,reader_input_unavailable,reader_input_missing,,,,,,,,,,,,,,,,,,,,,,,,,,,,,,,,,,,,,,,,,,,,,,,,,,,,,,,,,,,,,,,,,,,,,,,,,,,,,,,,,,,,,,,,,,,,,,,,,,,,,,,,,,,
IMG-DC114FA4AE,R2,not_available,not_available,not_available,,0,not_available,reader_input_unavailable,reader_input_missing,,,,,,,,,,,,,,,,,,,,,,,,,,,,,,,,,,,,,,,,,,,,,,,,,,,,,,,,,,,,,,,,,,,,,,,,,,,,,,,,,,,,,,,,,,,,,,,,,,,,,,,,,,,
IMG-1559B21C16,R2,not_available,not_available,not_available,,0,not_available,reader_input_unavailable,reader_input_missing,,,,,,,,,,,,,,,,,,,,,,,,,,,,,,,,,,,,,,,,,,,,,,,,,,,,,,,,,,,,,,,,,,,,,,,,,,,,,,,,,,,,,,,,,,,,,,,,,,,,,,,,,,,
IMG-0BBC1DBA30,R2,not_available,not_available,not_available,,0,not_available,reader_input_unavailable,reader_input_missing,,,,,,,,,,,,,,,,,,,,,,,,,,,,,,,,,,,,,,,,,,,,,,,,,,,,,,,,,,,,,,,,,,,,,,,,,,,,,,,,,,,,,,,,,,,,,,,,,,,,,,,,,,,
IMG-16345F7C92,R2,not_available,not_available,not_available,,0,not_available,reader_input_unavailable,reader_input_missing,,,,,,,,,,,,,,,,,,,,,,,,,,,,,,,,,,,,,,,,,,,,,,,,,,,,,,,,,,,,,,,,,,,,,,,,,,,,,,,,,,,,,,,,,,,,,,,,,,,,,,,,,,,
IMG-7350051976,R2,available,success,dual-habitat,1.0,1,extractable,none,,2.335473418235779,4.084288692474366,29879.253069207523,3.5310177916189476,0.9171576499938965,3.5325147609856087,6.437621116638184,3.1819576499897617,0.5515959721203981,3.1384689807891846,0.7363545894622803,5.701266527175903,0.3777772417144776,3.258538238714628,0.334457113696161,59758.50613841504,0.10346632155498273,0.4932169668370636,139.3957180288632,1726.392403205928,44.466198169081096,22.571491651817023,9.063380666729474,0.4264010577163405,2.292277460934106,2.7514298405256024,3.7349318353309773,0.42951470939069597,0.3515076331137468,0.985126784839411,0.9174718772762548,-0.07204980989207492,0.6157900954170826,0.3513744446857218,11.662099379078866,0.012722090963284756,6.7908713654615696,0.48212046810201,0.02799430757655419,23.32419875815774,4.25487404658816,7.908718079636624,6.245224436485994,441.92892679459845,0.15704652693482532,4.201073018499744,291.1542288557214,8.051720784846204,135.5955934612651,15.844349680170575,2194.2459132906893,0.13376030970623592,0.010331036051732372,0.27582397559127575,36.44229609532772,0.003829606963080812,259.4631049786912,0.10162488158016789,8.327593893840252,135.30753011179834,1.3344646571346412,181.6006944473211,0.013360356629933307,0.0105181689679404,4.025344352009213,2125.8324225396873,0.8312753316044659,0.9072221311027282,0.11584468697061635,0.9290107548256885,125.48349453744014,0.009911532180577907,75.44542447629549,0.08318128387684176,12.180553310099448,131.6813671444322,56.36824696802646,7958.407938257993,0.45030462312368796,0.013541461212715955,332.7221609702315,0.36683810470808326,0.6285762235051355,82.41098969763495,0.00971814458209577,5.855333467948298,0.322316986496091,46.74251837661019,1.091748977699014,0.0026876108722582196,406.1393821525772,0.04681045403666297,0.6104456316288481,0.7596255481920218,0.663593127032139,30.491953941356712,45.949773587513256,57.97413216254298,62.76941930590086,45.65084884205331,68.27151675479314,5227.083333333315,34.90462195071404,0.29457001134697924,4944.646047697877,0.9459665615364645,5627.999999999999
IMG-C3D88A4552,R2,not_available,not_available,not_available,,0,not_available,reader_input_unavailable,reader_input_missing,,,,,,,,,,,,,,,,,,,,,,,,,,,,,,,,,,,,,,,,,,,,,,,,,,,,,,,,,,,,,,,,,,,,,,,,,,,,,,,,,,,,,,,,,,,,,,,,,,,,,,,,,,,
IMG-4950E13031,R2,available,success,dual-habitat,1.0,1,extractable,none,,2.187307834625244,4.078637361526489,2420.3915561228932,3.5906557866077042,1.0417665839195251,2.857348065986745,5.241312026977539,3.113328443240311,0.6007613738706076,3.028385877609253,1.1593749523162842,4.081937074661255,0.4168642126850112,3.2024828530765856,0.12075786007504222,4840.783112245786,0.09727808101120368,0.5630824287604073,78.86699402469816,1301.1119134592996,-3.0547303782956194,19.53051436078978,21.01455378008381,-0.04327841286998986,3.4784341026190733,3.0433431231589743,8.4569548155082,0.35599380773636585,0.26750386926478265,0.9465570862739674,0.8524502795758326,-0.37899852107526255,0.9566724819538309,0.2531520511904408,8.897505692424918,0.02154847843471632,5.784332948670292,0.8677343297277894,0.04554972865737468,17.79501138484984,3.738719523947262,10.136267035218399,4.936216264859624,98.71186440677967,0.41827061189313414,1.1781097385808676,22.95762711864407,9.033898305084746,90.03389830508475,4.0508474576271185,321.6101694915254,0.08245904965208281,0.023978766306232472,0.6602806843076213,59.948310969868174,0.017928317814528187,22.209315355579523,0.09669088861879861,9.111590144256896,90.28014580765769,1.084159492036007,97.15652130203699,0.025703756582998817,0.024119308310640138,3.7422904600234643,217.71223262453034,0.947211860219989,0.9732724902216427,0.027370825042027973,0.9793504013538753,88.61725144231718,0.02372590648118155,16.12,0.09211428571428572,9.87970612244898,91.18857142857142,2.662857142857143,220.68571428571428,0.05705479530689824,0.02607165701877327,111.72,0.6384,0.8266880070546737,74.75093139329806,0.02316746865223122,4.529100916271528,0.7415254237288136,0.844212244897959,0.23572100421788897,0.025991266478041303,269.55212889200925,0.12821575812817487,2.543010821137791,0.6095386208197373,0.45781361598325265,31.699998883801307,69.2421495933859,41.77319714841084,57.584720195551874,65.19202405202648,66.15889962809237,299.9999999999988,42.205764365746376,0.26513176930016225,817.4035589785797,2.72467852992861,471.99999999999994
IMG-7EDF670349,R2,not_available,not_available,not_available,,0,not_available,reader_input_unavailable,reader_input_missing,,,,,,,,,,,,,,,,,,,,,,,,,,,,,,,,,,,,,,,,,,,,,,,,,,,,,,,,,,,,,,,,,,,,,,,,,,,,,,,,,,,,,,,,,,,,,,,,,,,,,,,,,,,
IMG-9F88F07485,R2,not_available,not_available,not_available,,0,not_available,reader_input_unavailable,reader_input_missing,,,,,,,,,,,,,,,,,,,,,,,,,,,,,,,,,,,,,,,,,,,,,,,,,,,,,,,,,,,,,,,,,,,,,,,,,,,,,,,,,,,,,,,,,,,,,,,,,,,,,,,,,,,
IMG-6D0390E7BE,R2,not_available,not_available,not_available,,0,not_available,reader_input_unavailable,reader_input_missing,,,,,,,,,,,,,,,,,,,,,,,,,,,,,,,,,,,,,,,,,,,,,,,,,,,,,,,,,,,,,,,,,,,,,,,,,,,,,,,,,,,,,,,,,,,,,,,,,,,,,,,,,,,
IMG-4BA22B0636,R2,not_available,not_available,not_available,,0,not_available,reader_input_unavailable,reader_input_missing,,,,,,,,,,,,,,,,,,,,,,,,,,,,,,,,,,,,,,,,,,,,,,,,,,,,,,,,,,,,,,,,,,,,,,,,,,,,,,,,,,,,,,,,,,,,,,,,,,,,,,,,,,,
IMG-967D2C803A,R2,not_available,not_available,not_available,,0,not_available,reader_input_unavailable,reader_input_missing,,,,,,,,,,,,,,,,,,,,,,,,,,,,,,,,,,,,,,,,,,,,,,,,,,,,,,,,,,,,,,,,,,,,,,,,,,,,,,,,,,,,,,,,,,,,,,,,,,,,,,,,,,,
IMG-B6580644D8,R2,not_available,not_available,not_available,,0,not_available,reader_input_unavailable,reader_input_missing,,,,,,,,,,,,,,,,,,,,,,,,,,,,,,,,,,,,,,,,,,,,,,,,,,,,,,,,,,,,,,,,,,,,,,,,,,,,,,,,,,,,,,,,,,,,,,,,,,,,,,,,,,,
IMG-14A74D9822,R2,not_available,not_available,not_available,,0,not_available,reader_input_unavailable,reader_input_missing,,,,,,,,,,,,,,,,,,,,,,,,,,,,,,,,,,,,,,,,,,,,,,,,,,,,,,,,,,,,,,,,,,,,,,,,,,,,,,,,,,,,,,,,,,,,,,,,,,,,,,,,,,,
IMG-ACD9E21F63,R2,not_available,not_available,not_available,,0,not_available,reader_input_unavailable,reader_input_missing,,,,,,,,,,,,,,,,,,,,,,,,,,,,,,,,,,,,,,,,,,,,,,,,,,,,,,,,,,,,,,,,,,,,,,,,,,,,,,,,,,,,,,,,,,,,,,,,,,,,,,,,,,,
IMG-C0071AA076,R2,not_available,not_available,not_available,,0,not_available,reader_input_unavailable,reader_input_missing,,,,,,,,,,,,,,,,,,,,,,,,,,,,,,,,,,,,,,,,,,,,,,,,,,,,,,,,,,,,,,,,,,,,,,,,,,,,,,,,,,,,,,,,,,,,,,,,,,,,,,,,,,,
IMG-5F765AF8DE,R2,not_available,not_available,not_available,,0,not_available,reader_input_unavailable,reader_input_missing,,,,,,,,,,,,,,,,,,,,,,,,,,,,,,,,,,,,,,,,,,,,,,,,,,,,,,,,,,,,,,,,,,,,,,,,,,,,,,,,,,,,,,,,,,,,,,,,,,,,,,,,,,,
IMG-C9086F502A,R2,not_available,not_available,not_available,,0,not_available,reader_input_unavailable,reader_input_missing,,,,,,,,,,,,,,,,,,,,,,,,,,,,,,,,,,,,,,,,,,,,,,,,,,,,,,,,,,,,,,,,,,,,,,,,,,,,,,,,,,,,,,,,,,,,,,,,,,,,,,,,,,,
IMG-9B6A580D17,R2,not_available,not_available,not_available,,0,not_available,reader_input_unavailable,reader_input_missing,,,,,,,,,,,,,,,,,,,,,,,,,,,,,,,,,,,,,,,,,,,,,,,,,,,,,,,,,,,,,,,,,,,,,,,,,,,,,,,,,,,,,,,,,,,,,,,,,,,,,,,,,,,
IMG-8B207B3A13,R2,not_available,not_available,not_available,,0,not_available,reader_input_unavailable,reader_input_missing,,,,,,,,,,,,,,,,,,,,,,,,,,,,,,,,,,,,,,,,,,,,,,,,,,,,,,,,,,,,,,,,,,,,,,,,,,,,,,,,,,,,,,,,,,,,,,,,,,,,,,,,,,,
IMG-0B6CEA5D07,R2,not_available,not_available,not_available,,0,not_available,reader_input_unavailable,reader_input_missing,,,,,,,,,,,,,,,,,,,,,,,,,,,,,,,,,,,,,,,,,,,,,,,,,,,,,,,,,,,,,,,,,,,,,,,,,,,,,,,,,,,,,,,,,,,,,,,,,,,,,,,,,,,
IMG-65B601FAFB,R2,not_available,not_available,not_available,,0,not_available,reader_input_unavailable,reader_input_missing,,,,,,,,,,,,,,,,,,,,,,,,,,,,,,,,,,,,,,,,,,,,,,,,,,,,,,,,,,,,,,,,,,,,,,,,,,,,,,,,,,,,,,,,,,,,,,,,,,,,,,,,,,,
IMG-1D155C70C1,R2,not_available,not_available,not_available,,0,not_available,reader_input_unavailable,reader_input_missing,,,,,,,,,,,,,,,,,,,,,,,,,,,,,,,,,,,,,,,,,,,,,,,,,,,,,,,,,,,,,,,,,,,,,,,,,,,,,,,,,,,,,,,,,,,,,,,,,,,,,,,,,,,
IMG-F6EA1B7C4B,R2,not_available,not_available,not_available,,0,not_available,reader_input_unavailable,reader_input_missing,,,,,,,,,,,,,,,,,,,,,,,,,,,,,,,,,,,,,,,,,,,,,,,,,,,,,,,,,,,,,,,,,,,,,,,,,,,,,,,,,,,,,,,,,,,,,,,,,,,,,,,,,,,
